time_s,ue,serving_cell,rsrp_serving_dbm,neighbor_cell,rsrp_neighbor_dbm,dl_throughput_mbps,ho_count,seconds_since_ho,is_pingpong,dl_sinr_db,dl_mcs
1.5,ue_n042_0001,gNB_5G,-71,gNB_4G_2,-82,0.172032,1,0.0399284,0,38.1916,28
2.5,ue_n042_0001,gNB_5G,-72,gNB_4G_2,-82,0.4096,1,1.03993,0,37.4894,28
3.5,ue_n042_0001,gNB_5G,-73,gNB_4G_2,-82,0.4096,1,2.03993,0,35.4761,28
3.5,car_north_peak_001,gNB_4G_1,-62,gNB_4G_2,-91,0.172032,0,-1,0,38.6945,28
4.5,ue_n042_0001,gNB_5G,-75,gNB_4G_2,-86,0.4096,1,3.03993,0,31.6055,28
4.5,car_north_peak_001,gNB_4G_1,-64,gNB_4G_2,-93,0.4096,0,-1,0,43.1391,28
4.5,car_north_peak_002_rider,gNB_4G_1,-66,gNB_4G_2,-85,0.188416,0,-1,0,34.8059,0
4.5,car_north_peak_003_rider,gNB_4G_1,-64,gNB_4G_2,-87,0.188416,0,-1,0,40.3809,28
4.5,ue_n042_0002,gNB_5G,-71,gNB_4G_2,-86,0.188416,1,0.0399284,0,37.6454,28
5.5,ue_n042_0001,gNB_5G,-79,gNB_4G_2,-91,0.4096,1,4.03993,0,30.5277,28
5.5,car_north_peak_001,gNB_4G_1,-66,gNB_4G_2,-96,0.4096,0,-1,0,45.8051,28
5.5,car_north_peak_002_rider,gNB_4G_1,-67,gNB_4G_2,-87,0.4096,0,-1,0,38.9543,28
5.5,car_north_peak_003_rider,gNB_4G_1,-64,gNB_4G_2,-85,0.4096,0,-1,0,37.6972,28
5.5,ue_n042_0002,gNB_5G,-72,gNB_4G_2,-85,0.4096,1,1.03993,0,31.6197,28
6.5,ue_n042_0001,gNB_5G,-75,gNB_4G_2,-85,0.4096,1,5.03993,0,31.7163,28
6.5,car_north_peak_001,gNB_4G_1,-68,gNB_5G,-92,0.4096,0,-1,0,37.5177,28
6.5,car_north_peak_002_rider,gNB_4G_1,-65,gNB_4G_2,-90,0.4096,0,-1,0,38.6945,28
6.5,car_north_peak_003_rider,gNB_4G_1,-63,gNB_4G_2,-84,0.4096,0,-1,0,37.6972,28
6.5,ue_n042_0002,gNB_5G,-72,gNB_4G_2,-86,0.4096,1,2.03993,0,35.5044,28
7.5,ue_n042_0001,gNB_5G,-73,gNB_4G_2,-91,0.4096,1,6.03993,0,27.6047,28
7.5,car_north_peak_001,gNB_4G_1,-74,gNB_5G,-85,0.4096,0,-1,0,16.5968,15
7.5,car_north_peak_002_rider,gNB_4G_1,-64,gNB_4G_2,-93,0.4096,0,-1,0,34.2144,28
7.5,car_north_peak_003_rider,gNB_4G_1,-63,gNB_4G_2,-85,0.4096,0,-1,0,37.6972,28
7.5,ue_n042_0002,gNB_5G,-75,gNB_4G_2,-84,0.4096,1,3.03993,0,31.4397,28
7.5,ue_ujeongwon_0001,gNB_5G,-74,gNB_4G_1,-81,0.172032,1,0.0399284,0,35.9158,28
8.5,ue_n042_0001,gNB_5G,-75,gNB_4G_2,-83,0.4096,1,7.03993,0,38.0158,28
8.5,car_north_peak_001,gNB_4G_1,-73,gNB_5G,-79,0.4096,0,-1,0,14.1199,12
8.5,car_north_peak_002_rider,gNB_4G_1,-66,gNB_4G_2,-96,0.4096,0,-1,0,32.6043,28
8.5,car_north_peak_003_rider,gNB_4G_1,-63,gNB_4G_2,-86,0.4096,0,-1,0,37.6972,19
8.5,ue_n042_0002,gNB_5G,-79,gNB_4G_2,-90,0.4096,1,4.03993,0,31.5749,28
8.5,ue_ujeongwon_0001,gNB_5G,-74,gNB_4G_1,-80,0.4096,1,1.03993,0,16.0028,19
9.5,ue_n042_0001,gNB_5G,-69,gNB_4G_2,-83,0.4096,1,8.03993,0,29.6678,20
9.5,car_north_peak_001,gNB_4G_1,-69,gNB_5G,-80,0.4096,0,-1,0,39.6116,28
9.5,car_north_peak_002_rider,gNB_4G_1,-68,gNB_5G,-92,0.4096,0,-1,0,20.2362,22
9.5,car_north_peak_003_rider,gNB_4G_1,-63,gNB_4G_2,-88,0.4096,0,-1,0,38.6945,28
9.5,ue_n042_0002,gNB_5G,-79,gNB_4G_2,-86,0.4096,1,5.03993,0,30.9885,22
9.5,ue_ujeongwon_0001,gNB_5G,-73,gNB_4G_1,-76,0.4096,1,2.03993,0,36.276,28
10.5,ue_n042_0001,gNB_5G,-75,gNB_4G_2,-85,0.4096,1,9.03993,0,32.3558,24
10.5,car_north_peak_001,gNB_4G_1,-60,gNB_5G,-79,0.4096,0,-1,0,25.6624,24
10.5,car_north_peak_002_rider,gNB_4G_1,-68,gNB_5G,-85,0.4096,0,-1,0,24.6158,23
10.5,car_north_peak_003_rider,gNB_4G_1,-64,gNB_4G_2,-93,0.4096,0,-1,0,34.2195,22
10.5,ue_n042_0002,gNB_5G,-76,gNB_4G_2,-84,0.4096,1,6.03993,0,26.9007,23
10.5,ue_ujeongwon_0001,gNB_5G,-74,gNB_4G_1,-75,0.4096,1,3.03993,0,16.5472,28
11.5,ue_n042_0001,gNB_5G,-74,gNB_4G_2,-75,0.4096,1,10.0399,0,28.8171,28
11.5,car_north_peak_001,gNB_4G_1,-55,gNB_5G,-80,0.4096,0,-1,0,46.3726,28
11.5,car_north_peak_002_rider,gNB_4G_1,-63,gNB_5G,-82,0.4096,0,-1,0,42.1803,28
11.5,car_north_peak_003_rider,gNB_4G_1,-66,gNB_4G_2,-96,0.4096,0,-1,0,29.427,28
11.5,ue_n042_0002,gNB_5G,-75,gNB_4G_2,-82,0.4096,1,7.03993,0,34.5268,28
11.5,ue_ujeongwon_0001,gNB_4G_1,-76,gNB_5G,-92,0.4096,2,0.839928,1,25.6523,27
12.5,ue_n042_0001,gNB_5G,-77,gNB_4G_2,-76,0.4096,1,11.0399,0,33.7857,28
12.5,car_north_peak_001,gNB_4G_1,-65,gNB_4G_2,-75,0.4096,0,-1,0,39.7569,28
12.5,car_north_peak_002_rider,gNB_4G_1,-62,gNB_5G,-81,0.4096,0,-1,0,46.009,28
12.5,car_north_peak_003_rider,gNB_4G_1,-67,gNB_5G,-89,0.4096,0,-1,0,38.448,28
12.5,ue_n042_0002,gNB_5G,-69,gNB_4G_2,-83,0.4096,1,8.03993,0,34.591,28
12.5,ue_ujeongwon_0001,gNB_4G_1,-79,gNB_5G,-104,0.4096,2,1.83993,1,39.0492,28
12.5,car_north_peak_004,gNB_4G_1,-62,gNB_4G_2,-91,0.188416,0,-1,0,38.696,28
13.5,ue_n042_0001,gNB_5G,-74,gNB_4G_2,-73,0.4096,1,12.0399,0,22.0702,28
13.5,car_north_peak_001,gNB_4G_1,-71,gNB_4G_2,-75,0.4096,0,-1,0,40.605,28
13.5,car_north_peak_002_rider,gNB_4G_1,-62,gNB_5G,-77,0.4096,0,-1,0,43.4389,28
13.5,car_north_peak_003_rider,gNB_4G_1,-69,gNB_5G,-86,0.4096,0,-1,0,40.7728,28
13.5,ue_n042_0002,gNB_5G,-72,gNB_4G_2,-85,0.4096,1,9.03993,0,24.7473,28
13.5,ue_ujeongwon_0001,gNB_4G_1,-73,gNB_5G,-90,0.4096,2,2.83993,1,45.284,28
13.5,car_north_peak_004,gNB_4G_1,-64,gNB_4G_2,-92,0.4096,0,-1,0,34.1067,28
14.5,ue_n042_0001,gNB_4G_2,-75,gNB_5G,-84,0.4096,2,0.839928,0,38.269,15
14.5,car_north_peak_001,gNB_4G_1,-66,gNB_4G_2,-77,0.4096,0,-1,0,42.1313,28
14.5,car_north_peak_002_rider,gNB_4G_1,-65,gNB_5G,-79,0.4096,0,-1,0,42.8669,28
14.5,car_north_peak_003_rider,gNB_4G_1,-70,gNB_5G,-81,0.4096,0,-1,0,39.9243,28
14.5,ue_n042_0002,gNB_4G_2,-72,gNB_5G,-76,0.4096,2,0.0399284,0,34.052,28
14.5,ue_ujeongwon_0001,gNB_4G_1,-68,gNB_5G,-70,0.4096,2,3.83993,1,29.8519,28
14.5,car_north_peak_004,gNB_4G_1,-66,gNB_4G_2,-95,0.4096,0,-1,0,35.7396,28
15.5,ue_n042_0001,gNB_4G_2,-69,gNB_5G,-84,0.4096,2,1.83993,0,30.2273,28
15.5,car_north_peak_001,gNB_4G_1,-55,gNB_4G_2,-76,0.4096,0,-1,0,51.2652,28
15.5,car_north_peak_002_rider,gNB_4G_1,-69,gNB_4G_2,-77,0.4096,0,-1,0,37.6447,28
15.5,car_north_peak_003_rider,gNB_4G_1,-66,gNB_5G,-79,0.4096,0,-1,0,46.9987,28
15.5,ue_n042_0002,gNB_4G_2,-71,gNB_5G,-76,0.4096,2,1.03993,0,36.8197,28
15.5,ue_ujeongwon_0001,gNB_4G_1,-71,gNB_5G,-71,0.4096,2,4.83993,1,36.2942,28
15.5,car_north_peak_004,gNB_4G_1,-69,gNB_5G,-89,0.4096,0,-1,0,34.9699,28
15.5,car_north_peak_005,gNB_4G_1,-64,gNB_4G_2,-92,0.172032,0,-1,0,35.3105,28
16.5,ue_n042_0001,gNB_4G_2,-75,gNB_5G,-79,0.4096,2,2.83993,0,34.2945,28
16.5,car_north_peak_001,gNB_4G_1,-55,gNB_4G_2,-76,0.4096,0,-1,0,51.6423,28
16.5,car_north_peak_002_rider,gNB_4G_1,-75,gNB_4G_2,-77,0.4096,0,-1,0,31.9212,28
16.5,car_north_peak_003_rider,gNB_4G_1,-64,gNB_5G,-80,0.4096,0,-1,0,47.8099,28
16.5,ue_n042_0002,gNB_4G_2,-73,gNB_5G,-74,0.4096,2,2.03993,0,34.0864,28
16.5,ue_ujeongwon_0001,gNB_4G_1,-78,gNB_5G,-84,0.4096,2,5.83993,1,40.2551,28
16.5,car_north_peak_004,gNB_4G_1,-72,gNB_5G,-80,0.4096,0,-1,0,29.3066,27
16.5,car_north_peak_005,gNB_4G_1,-62,gNB_4G_2,-94,0.4096,0,-1,0,33.9685,28
17.5,ue_n042_0001,gNB_4G_2,-71,gNB_5G,-75,0.4096,2,3.83993,0,30.4804,28
17.5,car_north_peak_001,gNB_4G_1,-57,gNB_5G,-86,0.4096,0,-1,0,51.9146,28
17.5,car_north_peak_002_rider,gNB_4G_1,-75,gNB_4G_2,-77,0.4096,0,-1,0,51.2056,28
17.5,car_north_peak_003_rider,gNB_4G_1,-64,gNB_5G,-80,0.4096,0,-1,0,45.0937,28
17.5,ue_n042_0002,gNB_4G_2,-74,gNB_5G,-76,0.4096,2,3.03993,0,31.1664,27
17.5,ue_ujeongwon_0001,gNB_4G_1,-69,gNB_5G,-83,0.4096,2,6.83993,1,42.9036,28
17.5,car_north_peak_004,gNB_4G_1,-71,gNB_5G,-81,0.4096,0,-1,0,34.9013,28
17.5,car_north_peak_005,gNB_4G_1,-64,gNB_5G,-97,0.4096,0,-1,0,32.5315,28
18.5,ue_n042_0001,gNB_4G_2,-69,gNB_5G,-83,0.4096,2,4.83993,0,25.3685,28
18.5,car_north_peak_001,gNB_4G_1,-57,gNB_5G,-82,0.4096,0,-1,0,50.6077,28
18.5,car_north_peak_002_rider,gNB_4G_1,-63,gNB_4G_2,-76,0.4096,0,-1,0,48.4461,28
18.5,car_north_peak_003_rider,gNB_4G_1,-64,gNB_5G,-83,0.4096,0,-1,0,42.3137,28
18.5,ue_n042_0002,gNB_4G_2,-73,gNB_5G,-79,0.4096,2,4.03993,0,30.8646,28
18.5,ue_ujeongwon_0001,gNB_4G_1,-68,gNB_5G,-82,0.4096,2,7.83993,1,33.0377,28
18.5,car_north_peak_004,gNB_4G_1,-66,gNB_5G,-83,0.4096,0,-1,0,29.3234,27
18.5,car_north_peak_005,gNB_4G_1,-69,gNB_5G,-90,0.4096,0,-1,0,27.9524,27
19.5,ue_n042_0001,gNB_5G,-73,gNB_4G_2,-80,0.4096,3,0.639928,1,35.8513,28
19.5,car_north_peak_001,gNB_4G_1,-60,gNB_5G,-83,0.4096,0,-1,0,49.1004,28
19.5,car_north_peak_002_rider,gNB_4G_1,-61,gNB_4G_2,-75,0.4096,0,-1,0,51.4798,28
19.5,car_north_peak_003_rider,gNB_4G_1,-67,gNB_4G_2,-78,0.4096,0,-1,0,39.7605,28
19.5,ue_n042_0002,gNB_4G_2,-75,gNB_5G,-73,0.4096,2,5.03993,0,32.3185,28
19.5,ue_ujeongwon_0001,gNB_4G_1,-75,gNB_5G,-83,0.4096,2,8.83993,1,42.2128,28
19.5,car_north_peak_004,gNB_4G_1,-65,gNB_5G,-81,0.4096,0,-1,0,40.4308,28
19.5,car_north_peak_005,gNB_4G_1,-69,gNB_5G,-80,0.4096,0,-1,0,30.9273,28
20.5,ue_n042_0001,gNB_5G,-75,gNB_4G_2,-74,0.4096,3,1.63993,1,35.0115,28
20.5,car_north_peak_001,gNB_4G_1,-55,gNB_5G,-94,0.4096,0,-1,0,49.8806,28
20.5,car_north_peak_002_rider,gNB_4G_1,-57,gNB_5G,-83,0.4096,0,-1,0,33.8686,28
20.5,car_north_peak_003_rider,gNB_4G_1,-71,gNB_4G_2,-75,0.4096,0,-1,0,49.0724,28
20.5,ue_n042_0002,gNB_4G_2,-71,gNB_5G,-79,0.4096,2,6.03993,0,10.032,28
20.5,ue_ujeongwon_0001,gNB_4G_1,-73,gNB_5G,-71,0.4096,2,9.83993,1,31.0313,28
20.5,car_north_peak_004,gNB_4G_1,-67,gNB_5G,-81,0.4096,0,-1,0,42.8619,28
20.5,car_north_peak_005,gNB_4G_1,-67,gNB_5G,-79,0.4096,0,-1,0,19.8904,22
21.5,ue_n042_0001,gNB_4G_2,-70,gNB_5G,-76,0.344064,4,0.839928,1,25.4406,11
21.5,car_north_peak_001,gNB_4G_1,-52,gNB_4G_2,-98,0.4096,0,-1,0,72.2693,28
21.5,car_north_peak_002_rider,gNB_4G_1,-57,gNB_5G,-87,0.4096,0,-1,0,43.8511,28
21.5,car_north_peak_003_rider,gNB_4G_1,-62,gNB_4G_2,-74,0.4096,0,-1,0,29.9016,27
21.5,ue_n042_0002,gNB_4G_2,-72,gNB_5G,-81,0.4096,2,7.03993,0,30.6763,28
21.5,ue_ujeongwon_0001,gNB_5G,-72,gNB_4G_1,-76,0.401408,3,0.839928,1,9.28507,16
21.5,car_north_peak_004,gNB_4G_1,-69,gNB_4G_2,-77,0.4096,0,-1,0,17.1732,28
21.5,car_north_peak_005,gNB_4G_1,-64,gNB_5G,-80,0.4096,0,-1,0,21.8205,24
21.5,ue_n043_0001,gNB_5G,-76,gNB_4G_2,-76,0.172032,0,-1,0,32.6248,28
22.5,ue_n042_0001,gNB_4G_2,-72,gNB_5G,-74,0.4096,4,1.83993,1,27.7935,27
22.5,car_north_peak_001,gNB_4G_1,-56,gNB_4G_2,-97,0.4096,0,-1,0,83.1451,28
22.5,car_north_peak_002_rider,gNB_4G_1,-58,gNB_5G,-81,0.4096,0,-1,0,49.005,28
22.5,car_north_peak_003_rider,gNB_4G_1,-60,gNB_4G_2,-78,0.4096,0,-1,0,30.7031,28
22.5,ue_n042_0002,gNB_5G,-73,gNB_4G_2,-81,0.303104,3,0.839928,1,30.6157,11
22.5,ue_ujeongwon_0001,gNB_4G_1,-77,gNB_5G,-98,0.401408,4,0.839928,1,40.3537,28
22.5,car_north_peak_004,gNB_4G_1,-75,gNB_4G_2,-77,0.4096,0,-1,0,25.1663,28
22.5,car_north_peak_005,gNB_4G_1,-66,gNB_5G,-82,0.401408,0,-1,0,19.3076,22
22.5,ue_n043_0001,gNB_5G,-73,gNB_4G_2,-82,0.4096,0,-1,0,35.6544,4
22.5,ue_n042_0003,gNB_5G,-71,gNB_4G_2,-82,0.090112,1,0.0399284,0,38.1916,28
23.5,ue_n042_0001,gNB_4G_2,-65,gNB_5G,-81,0.4096,4,2.83993,1,16.6461,20
23.5,car_north_peak_001,gNB_4G_1,-43,gNB_5G,-79,0.4096,0,-1,0,86.1655,28
23.5,car_north_peak_002_rider,gNB_4G_1,-58,gNB_5G,-81,0.4096,0,-1,0,51.2262,28
23.5,car_north_peak_003_rider,gNB_4G_1,-57,gNB_4G_2,-77,0.4096,0,-1,0,51.474,28
23.5,ue_n042_0002,gNB_4G_2,-66,gNB_5G,-76,0.45056,4,0.839928,1,43.6934,22
23.5,ue_ujeongwon_0001,gNB_4G_1,-68,gNB_4G_2,-105,0.4096,4,1.83993,1,39.2533,28
23.5,car_north_peak_004,gNB_4G_1,-62,gNB_4G_2,-74,0.4096,0,-1,0,55.4582,28
23.5,car_north_peak_005,gNB_4G_1,-64,gNB_4G_2,-77,0.4096,0,-1,0,50.3752,28
23.5,ue_n043_0001,gNB_5G,-74,gNB_4G_2,-77,0.4096,0,-1,0,34.4652,28
23.5,ue_n042_0003,gNB_5G,-72,gNB_4G_2,-82,0.4096,1,1.03993,0,17.579,28
24.5,ue_n042_0001,gNB_4G_2,-72,gNB_5G,-87,0.4096,4,3.83993,1,11.4031,13
24.5,car_north_peak_001,gNB_4G_1,-42,gNB_5G,-75,0.4096,0,-1,0,53.8131,28
24.5,car_north_peak_002_rider,gNB_4G_1,-55,gNB_4G_2,-99,0.4096,0,-1,0,59.5181,28
24.5,car_north_peak_003_rider,gNB_4G_1,-55,gNB_5G,-84,0.4096,0,-1,0,49.754,28
24.5,ue_n042_0002,gNB_4G_2,-71,gNB_5G,-76,0.344064,4,1.83993,1,34.8967,8
24.5,ue_ujeongwon_0001,gNB_4G_1,-64,gNB_5G,-105,0.4096,4,2.83993,1,30.8032,16
24.5,car_north_peak_004,gNB_4G_1,-57,gNB_4G_2,-74,0.4096,0,-1,0,24.8422,21
24.5,car_north_peak_005,gNB_4G_1,-56,gNB_4G_2,-77,0.4096,0,-1,0,37.5611,28
24.5,ue_n043_0001,gNB_5G,-76,gNB_4G_2,-75,0.344064,0,-1,0,35.097,28
24.5,ue_n042_0003,gNB_5G,-72,gNB_4G_2,-85,0.4096,1,2.03993,0,12.2678,28
25.5,ue_n042_0001,gNB_4G_2,-72,gNB_5G,-78,0.4096,4,4.83993,1,27.3595,28
25.5,car_north_peak_001,gNB_4G_1,-41,gNB_5G,-79,0.4096,0,-1,0,75.851,28
25.5,car_north_peak_002_rider,gNB_4G_1,-50,gNB_4G_2,-98,0.4096,0,-1,0,74.6065,28
25.5,car_north_peak_003_rider,gNB_4G_1,-57,gNB_5G,-89,0.4096,0,-1,0,52.2074,28
25.5,ue_n042_0002,gNB_4G_2,-70,gNB_5G,-74,0.393216,4,2.83993,1,38.8725,20
25.5,ue_ujeongwon_0001,gNB_4G_1,-65,gNB_5G,-102,0.4096,4,3.83993,1,29.9154,28
25.5,car_north_peak_004,gNB_4G_1,-57,gNB_4G_2,-74,0.4096,0,-1,0,47.9282,28
25.5,car_north_peak_005,gNB_4G_1,-64,gNB_4G_2,-77,0.4096,0,-1,0,40.6891,28
25.5,ue_n043_0001,gNB_4G_1,-69,gNB_5G,-76,0.393216,1,0.0399284,0,43.1332,28
25.5,ue_n042_0003,gNB_5G,-75,gNB_4G_2,-86,0.4096,1,3.03993,0,15.0176,26
25.5,ue_n001_0001,gNB_4G_1,-64,gNB_5G,-85,0.172032,0,-1,0,51.1122,28
26.5,ue_n042_0001,gNB_4G_2,-78,gNB_5G,-79,0.4096,4,5.83993,1,30.6737,28
26.5,car_north_peak_001,gNB_4G_1,-45,gNB_5G,-72,0.4096,0,-1,0,55.1845,28
26.5,car_north_peak_002_rider,gNB_4G_1,-55,gNB_4G_2,-97,0.4096,0,-1,0,82.0597,28
26.5,car_north_peak_003_rider,gNB_4G_1,-58,gNB_5G,-81,0.4096,0,-1,0,59.6252,28
26.5,ue_n042_0002,gNB_4G_2,-71,gNB_5G,-76,0.4096,4,3.83993,1,19.9671,21
26.5,ue_ujeongwon_0001,gNB_4G_1,-66,gNB_5G,-94,0.4096,4,4.83993,1,39.9628,28
26.5,car_north_peak_004,gNB_4G_1,-63,gNB_4G_2,-77,0.4096,0,-1,0,51.6872,28
26.5,car_north_peak_005,gNB_4G_1,-63,gNB_4G_2,-76,0.4096,0,-1,0,48.7139,28
26.5,ue_n043_0001,gNB_4G_1,-69,gNB_5G,-76,0.4096,1,1.03993,0,39.8102,28
26.5,ue_n042_0003,gNB_5G,-80,gNB_4G_2,-90,0.4096,1,4.03993,0,11.3302,28
26.5,ue_n001_0001,gNB_4G_1,-65,gNB_5G,-83,0.4096,0,-1,0,47.4954,28
27.5,ue_n042_0001,gNB_4G_2,-71,gNB_5G,-78,0.4096,4,6.83993,1,33.3996,28
27.5,car_north_peak_001,gNB_4G_1,-43,gNB_5G,-73,0.4096,0,-1,0,57.9635,28
27.5,car_north_peak_002_rider,gNB_4G_1,-42,gNB_5G,-79,0.4096,0,-1,0,86.107,28
27.5,car_north_peak_003_rider,gNB_4G_1,-53,gNB_5G,-83,0.4096,0,-1,0,48.7648,28
27.5,ue_n042_0002,gNB_4G_2,-71,gNB_5G,-86,0.4096,4,4.83993,1,39.0265,28
27.5,ue_ujeongwon_0001,gNB_4G_1,-61,gNB_5G,-104,0.4096,4,5.83993,1,39.6223,28
27.5,car_north_peak_004,gNB_4G_1,-61,gNB_5G,-85,0.4096,0,-1,0,40.6929,28
27.5,car_north_peak_005,gNB_4G_1,-61,gNB_4G_2,-78,0.4096,0,-1,0,44.1069,28
27.5,ue_n043_0001,gNB_4G_1,-70,gNB_5G,-76,0.4096,1,2.03993,0,39.8487,28
27.5,ue_n042_0003,gNB_5G,-76,gNB_4G_2,-83,0.4096,1,5.03993,0,23.5557,28
27.5,ue_n001_0001,gNB_4G_1,-64,gNB_5G,-82,0.4096,0,-1,0,48.5633,28
28.5,ue_n042_0001,gNB_4G_2,-73,gNB_5G,-80,0.4096,4,7.83993,1,42.3756,28
28.5,car_north_peak_001,gNB_4G_1,-41,gNB_5G,-72,0.4096,0,-1,0,57.6576,28
28.5,car_north_peak_002_rider,gNB_4G_1,-38,gNB_5G,-75,0.4096,0,-1,0,84.6526,28
28.5,car_north_peak_003_rider,gNB_4G_1,-50,gNB_5G,-98,0.4096,0,-1,0,49.9462,28
28.5,ue_n042_0002,gNB_4G_2,-74,gNB_5G,-79,0.4096,4,5.83993,1,9.22163,28
28.5,ue_ujeongwon_0001,gNB_4G_1,-61,gNB_5G,-105,0.4096,4,6.83993,1,35.0927,11
28.5,car_north_peak_004,gNB_4G_1,-62,gNB_5G,-84,0.4096,0,-1,0,46.5489,28
28.5,car_north_peak_005,gNB_4G_1,-61,gNB_4G_2,-78,0.4096,0,-1,0,45.9302,28
28.5,ue_n043_0001,gNB_4G_1,-71,gNB_4G_2,-76,0.401408,1,3.03993,0,28.4617,28
28.5,ue_n042_0003,gNB_5G,-73,gNB_4G_2,-90,0.4096,1,6.03993,0,9.68094,28
28.5,ue_n001_0001,gNB_4G_1,-62,gNB_5G,-83,0.4096,0,-1,0,49.8173,28
29.5,ue_n042_0001,gNB_4G_2,-68,gNB_5G,-71,0.4096,4,8.83993,1,36.2417,28
29.5,car_north_peak_001,gNB_4G_1,-51,gNB_5G,-78,0.4096,0,-1,0,49.4376,28
29.5,car_north_peak_002_rider,gNB_4G_1,-39,gNB_5G,-75,0.4096,0,-1,0,78.044,28
29.5,car_north_peak_003_rider,gNB_4G_1,-55,gNB_4G_2,-99,0.4096,0,-1,0,68.3577,28
29.5,ue_n042_0002,gNB_4G_2,-78,gNB_5G,-82,0.4096,4,6.83993,1,34.9207,28
29.5,ue_ujeongwon_0001,gNB_4G_1,-65,gNB_5G,-101,0.4096,4,7.83993,1,40.0434,28
29.5,car_north_peak_004,gNB_4G_1,-65,gNB_5G,-84,0.4096,0,-1,0,45.7615,28
29.5,car_north_peak_005,gNB_4G_1,-60,gNB_5G,-80,0.4096,0,-1,0,52.6796,28
29.5,ue_n043_0001,gNB_4G_2,-72,gNB_5G,-81,0.4096,2,0.839928,0,15.0974,28
29.5,ue_n042_0003,gNB_5G,-75,gNB_4G_2,-83,0.4096,1,7.03993,0,42.2868,28
29.5,ue_n001_0001,gNB_4G_1,-61,gNB_5G,-84,0.4096,0,-1,0,25.06,24
30.5,ue_n042_0001,gNB_4G_2,-69,gNB_5G,-75,0.4096,4,9.83993,1,35.5581,28
30.5,car_north_peak_001,gNB_4G_1,-59,gNB_5G,-81,0.4096,0,-1,0,57.9498,28
30.5,car_north_peak_002_rider,gNB_4G_1,-43,gNB_5G,-84,0.4096,0,-1,0,63.2548,28
30.5,car_north_peak_003_rider,gNB_4G_1,-56,gNB_4G_2,-100,0.4096,0,-1,0,79.514,28
30.5,ue_n042_0002,gNB_4G_2,-71,gNB_5G,-78,0.4096,4,7.83993,1,34.2578,28
30.5,ue_ujeongwon_0001,gNB_4G_1,-59,gNB_4G_2,-98,0.4096,4,8.83993,1,36.5122,28
30.5,car_north_peak_004,gNB_4G_1,-61,gNB_4G_2,-101,0.4096,0,-1,0,44.8819,28
30.5,car_north_peak_005,gNB_4G_1,-59,gNB_5G,-80,0.4096,0,-1,0,46.1006,28
30.5,ue_n043_0001,gNB_4G_2,-74,gNB_5G,-81,0.4096,2,1.83993,0,37.6614,28
30.5,ue_n042_0003,gNB_5G,-69,gNB_4G_2,-83,0.4096,1,8.03993,0,18.321,28
30.5,ue_n001_0001,gNB_4G_1,-63,gNB_5G,-82,0.4096,0,-1,0,32.5984,28
31.5,ue_n042_0001,gNB_4G_2,-72,gNB_5G,-75,0.4096,4,10.8399,1,38.7899,28
31.5,car_north_peak_001,gNB_4G_1,-54,gNB_5G,-89,0.4096,0,-1,0,52.8191,28
31.5,car_north_peak_002_rider,gNB_4G_1,-50,gNB_5G,-77,0.4096,0,-1,0,50.9001,28
31.5,car_north_peak_003_rider,gNB_4G_1,-40,gNB_5G,-82,0.4096,0,-1,0,76.5573,28
31.5,ue_n042_0002,gNB_4G_2,-76,gNB_5G,-77,0.4096,4,8.83993,1,40.5385,28
31.5,ue_ujeongwon_0001,gNB_4G_1,-52,gNB_4G_2,-99,0.4096,4,9.83993,1,46.3149,28
31.5,car_north_peak_004,gNB_4G_1,-49,gNB_4G_2,-100,0.4096,0,-1,0,58.0222,28
31.5,car_north_peak_005,gNB_4G_1,-63,gNB_5G,-84,0.4096,0,-1,0,48.808,28
31.5,ue_n043_0001,gNB_4G_2,-72,gNB_5G,-80,0.4096,2,2.83993,0,26.8404,28
31.5,ue_n042_0003,gNB_5G,-74,gNB_4G_2,-87,0.4096,1,9.03993,0,32.5699,28
31.5,ue_n001_0001,gNB_4G_1,-64,gNB_5G,-80,0.4096,0,-1,0,47.4915,28
32.5,ue_n042_0001,gNB_4G_2,-67,gNB_5G,-79,0.4096,4,11.8399,1,37.5521,28
32.5,car_north_peak_001,gNB_4G_1,-55,gNB_5G,-90,0.4096,0,-1,0,36.7536,28
32.5,car_north_peak_002_rider,gNB_4G_1,-51,gNB_5G,-89,0.4096,0,-1,0,20.7867,22
32.5,car_north_peak_003_rider,gNB_4G_1,-47,gNB_5G,-81,0.4096,0,-1,0,58.3719,28
32.5,ue_n042_0002,gNB_4G_2,-65,gNB_5G,-75,0.4096,4,9.83993,1,38.9092,28
32.5,ue_ujeongwon_0001,gNB_4G_1,-56,gNB_4G_2,-103,0.4096,4,10.8399,1,48.3777,28
32.5,car_north_peak_004,gNB_4G_1,-48,gNB_4G_2,-99,0.4096,0,-1,0,77.1193,28
32.5,car_north_peak_005,gNB_4G_1,-60,gNB_5G,-83,0.4096,0,-1,0,44.456,28
32.5,ue_n043_0001,gNB_4G_2,-73,gNB_5G,-83,0.4096,2,3.83993,0,37.1909,28
32.5,ue_n042_0003,gNB_5G,-74,gNB_4G_2,-76,0.401408,1,10.0399,0,30.9106,11
32.5,ue_n001_0001,gNB_4G_1,-65,gNB_5G,-82,0.4096,0,-1,0,43.7278,28
32.5,ue_n001_0002,gNB_4G_1,-63,gNB_5G,-80,0.188416,0,-1,0,29.0075,28
32.5,ue_ujeongwon_0002,gNB_5G,-72,gNB_4G_1,-81,0.180224,1,0.0399284,0,36.0654,28
33.5,ue_n042_0001,gNB_4G_2,-71,gNB_5G,-83,0.4096,4,12.8399,1,35.0515,28
33.5,car_north_peak_001,gNB_4G_1,-54,gNB_5G,-94,0.4096,0,-1,0,49.1461,28
33.5,car_north_peak_002_rider,gNB_4G_1,-65,gNB_5G,-82,0.4096,0,-1,0,50.9353,28
33.5,car_north_peak_003_rider,gNB_4G_1,-42,gNB_5G,-73,0.4096,0,-1,0,82.1527,28
33.5,ue_n042_0002,gNB_4G_2,-67,gNB_5G,-77,0.385024,4,10.8399,1,14.911,16
33.5,ue_ujeongwon_0001,gNB_4G_1,-61,gNB_4G_2,-102,0.4096,4,11.8399,1,42.5719,28
33.5,car_north_peak_004,gNB_4G_1,-48,gNB_4G_2,-99,0.4096,0,-1,0,81.6614,28
33.5,car_north_peak_005,gNB_4G_1,-56,gNB_5G,-100,0.4096,0,-1,0,57.0411,28
33.5,ue_n043_0001,gNB_4G_2,-71,gNB_5G,-81,0.4096,2,4.83993,0,40.3552,6
33.5,ue_n042_0003,gNB_5G,-77,gNB_4G_2,-76,0.385024,1,11.0399,0,39.1389,28
33.5,ue_n001_0001,gNB_4G_1,-65,gNB_5G,-83,0.4096,0,-1,0,26.8501,28
33.5,ue_n001_0002,gNB_4G_1,-62,gNB_5G,-83,0.4096,0,-1,0,44.9763,28
33.5,ue_ujeongwon_0002,gNB_5G,-71,gNB_4G_1,-80,0.4096,1,1.03993,0,46.8695,28
34.5,ue_n042_0001,gNB_4G_2,-73,gNB_5G,-75,0.4096,4,13.8399,1,37.4735,28
34.5,car_north_peak_001,gNB_4G_1,-52,gNB_5G,-92,0.4096,0,-1,0,39.1621,28
34.5,car_north_peak_002_rider,gNB_4G_1,-57,gNB_5G,-82,0.4096,0,-1,0,40.7155,28
34.5,car_north_peak_003_rider,gNB_4G_1,-46,gNB_5G,-75,0.4096,0,-1,0,47.6523,28
34.5,ue_n042_0002,gNB_4G_2,-72,gNB_5G,-75,0.4096,4,11.8399,1,12.721,28
34.5,ue_ujeongwon_0001,gNB_4G_1,-56,gNB_5G,-101,0.4096,4,12.8399,1,40.2457,28
34.5,car_north_peak_004,gNB_4G_1,-43,gNB_5G,-81,0.4096,0,-1,0,55.6438,28
34.5,car_north_peak_005,gNB_4G_1,-52,gNB_4G_2,-98,0.4096,0,-1,0,65.5685,28
34.5,ue_n043_0001,gNB_4G_2,-70,gNB_4G_1,-72,0.4096,2,5.83993,0,36.812,28
34.5,ue_n042_0003,gNB_5G,-74,gNB_4G_2,-74,0.4096,1,12.0399,0,24.9877,28
34.5,ue_n001_0001,gNB_4G_1,-63,gNB_5G,-80,0.4096,0,-1,0,31.9972,28
34.5,ue_n001_0002,gNB_4G_1,-65,gNB_5G,-82,0.4096,0,-1,0,27.045,28
34.5,ue_ujeongwon_0002,gNB_5G,-65,gNB_4G_1,-76,0.4096,1,2.03993,0,29.8299,28
34.5,ue_ujeongwon_0003,gNB_4G_1,-66,gNB_5G,-86,0.188416,0,-1,0,25.7824,23
35.5,ue_n042_0001,gNB_4G_2,-77,gNB_5G,-80,0.4096,4,14.8399,1,31.9255,28
35.5,car_north_peak_001,gNB_4G_1,-50,gNB_4G_2,-92,0.4096,0,-1,0,56.0462,28
35.5,car_north_peak_002_rider,gNB_4G_1,-59,gNB_5G,-95,0.4096,0,-1,0,52.6944,28
35.5,car_north_peak_003_rider,gNB_4G_1,-46,gNB_5G,-72,0.4096,0,-1,0,54.66,28
35.5,ue_n042_0002,gNB_4G_2,-68,gNB_5G,-79,0.4096,4,12.8399,1,35.7404,28
35.5,ue_ujeongwon_0001,gNB_4G_1,-60,gNB_4G_2,-99,0.4096,4,13.8399,1,45.6813,28
35.5,car_north_peak_004,gNB_4G_1,-42,gNB_5G,-76,0.4096,0,-1,0,84.8638,28
35.5,car_north_peak_005,gNB_4G_1,-55,gNB_4G_2,-99,0.4096,0,-1,0,81.3706,28
35.5,ue_n043_0001,gNB_4G_2,-72,gNB_4G_1,-72,0.4096,2,6.83993,0,33.3301,4
35.5,ue_n042_0003,gNB_4G_2,-75,gNB_5G,-84,0.4096,2,0.839928,0,17.4095,28
35.5,ue_n001_0001,gNB_4G_1,-62,gNB_5G,-81,0.4096,0,-1,0,46.7715,28
35.5,ue_n001_0002,gNB_4G_1,-70,gNB_5G,-84,0.4096,0,-1,0,17.8689,19
35.5,ue_ujeongwon_0002,gNB_5G,-72,gNB_4G_1,-75,0.4096,1,3.03993,0,14.8035,28
35.5,ue_ujeongwon_0003,gNB_4G_1,-68,gNB_5G,-80,0.4096,0,-1,0,34.0957,28
35.5,ue_n001_0003,gNB_4G_1,-63,gNB_5G,-78,0.172032,0,-1,0,41.214,28
36.5,ue_n042_0001,gNB_4G_2,-74,gNB_5G,-76,0.4096,4,15.8399,1,36.6283,28
36.5,car_north_peak_001,gNB_4G_1,-51,gNB_4G_2,-94,0.4096,0,-1,0,52.7956,28
36.5,car_north_peak_002_rider,gNB_4G_1,-57,gNB_5G,-91,0.4096,0,-1,0,52.1878,28
36.5,car_north_peak_003_rider,gNB_4G_1,-49,gNB_5G,-73,0.4096,0,-1,0,55.51,28
36.5,ue_n042_0002,gNB_4G_2,-70,gNB_5G,-74,0.4096,4,13.8399,1,34.8957,28
36.5,ue_ujeongwon_0001,gNB_4G_1,-67,gNB_5G,-103,0.4096,4,14.8399,1,51.9405,28
36.5,car_north_peak_004,gNB_4G_1,-40,gNB_5G,-75,0.4096,0,-1,0,79.4776,28
36.5,car_north_peak_005,gNB_4G_1,-51,gNB_5G,-84,0.4096,0,-1,0,85.0584,28
36.5,ue_n043_0001,gNB_4G_2,-74,gNB_4G_1,-74,0.4096,2,7.83993,0,37.6716,28
36.5,ue_n042_0003,gNB_4G_2,-72,gNB_5G,-84,0.4096,2,1.83993,0,31.9304,28
36.5,ue_n001_0001,gNB_4G_1,-63,gNB_5G,-92,0.4096,0,-1,0,46.7986,28
36.5,ue_n001_0002,gNB_4G_1,-71,gNB_5G,-86,0.4096,0,-1,0,47.938,28
36.5,ue_ujeongwon_0002,gNB_4G_1,-79,gNB_5G,-92,0.4096,2,0.839928,1,31.2301,28
36.5,ue_ujeongwon_0003,gNB_4G_1,-69,gNB_5G,-78,0.4096,0,-1,0,36.9833,28
36.5,ue_n001_0003,gNB_4G_1,-67,gNB_5G,-76,0.4096,0,-1,0,46.4127,28
36.5,car_north_base_001_rider,gNB_4G_1,-66,gNB_4G_2,-87,0.188416,0,-1,0,29.6233,28
37.5,ue_n042_0001,gNB_4G_2,-69,gNB_5G,-76,0.4096,4,16.8399,1,34.5347,28
37.5,car_north_peak_001,gNB_4G_1,-51,gNB_5G,-101,0.4096,0,-1,0,58.5062,28
37.5,car_north_peak_002_rider,gNB_4G_1,-57,gNB_5G,-94,0.4096,0,-1,0,51.2956,28
37.5,car_north_peak_003_rider,gNB_4G_1,-58,gNB_5G,-81,0.4096,0,-1,0,44.6448,28
37.5,ue_n042_0002,gNB_4G_2,-73,gNB_5G,-74,0.4096,4,14.8399,1,34.9087,28
37.5,ue_ujeongwon_0001,gNB_4G_1,-61,gNB_5G,-101,0.4096,4,15.8399,1,41.9121,28
37.5,car_north_peak_004,gNB_4G_1,-44,gNB_5G,-79,0.4096,0,-1,0,70.4202,28
37.5,car_north_peak_005,gNB_4G_1,-48,gNB_5G,-80,0.4096,0,-1,0,85.4555,28
37.5,ue_n043_0001,gNB_4G_2,-70,gNB_5G,-75,0.4096,2,8.83993,0,43.1795,28
37.5,ue_n042_0003,gNB_4G_2,-73,gNB_5G,-79,0.4096,2,2.83993,0,35.6868,28
37.5,ue_n001_0001,gNB_4G_1,-63,gNB_5G,-100,0.4096,0,-1,0,49.2745,28
37.5,ue_n001_0002,gNB_4G_1,-68,gNB_5G,-82,0.4096,0,-1,0,42.8619,28
37.5,ue_ujeongwon_0002,gNB_4G_1,-77,gNB_5G,-105,0.4096,2,1.83993,1,39.0408,28
37.5,ue_ujeongwon_0003,gNB_4G_1,-68,gNB_5G,-78,0.4096,0,-1,0,37.6666,28
37.5,ue_n001_0003,gNB_4G_1,-70,gNB_5G,-78,0.4096,0,-1,0,36.9798,28
37.5,car_north_base_001_rider,gNB_4G_1,-65,gNB_4G_2,-89,0.4096,0,-1,0,48.9588,28
38.5,ue_n042_0001,gNB_4G_2,-72,gNB_5G,-80,0.4096,4,17.8399,1,30.6052,28
38.5,car_north_peak_001,gNB_4G_1,-55,gNB_5G,-78,0.4096,0,-1,0,49.8137,28
38.5,car_north_peak_002_rider,gNB_4G_1,-53,gNB_5G,-94,0.4096,0,-1,0,51.0072,28
38.5,car_north_peak_003_rider,gNB_4G_1,-66,gNB_5G,-81,0.4096,0,-1,0,51.1649,28
38.5,ue_n042_0002,gNB_4G_2,-77,gNB_5G,-81,0.4096,4,15.8399,1,32.2028,28
38.5,ue_ujeongwon_0001,gNB_4G_1,-69,gNB_5G,-104,0.4096,4,16.8399,1,44.5954,28
38.5,car_north_peak_004,gNB_4G_1,-48,gNB_5G,-78,0.4096,0,-1,0,54.6112,28
38.5,car_north_peak_005,gNB_4G_1,-43,gNB_5G,-73,0.4096,0,-1,0,81.8062,28
38.5,ue_n043_0001,gNB_4G_2,-68,gNB_5G,-77,0.4096,2,9.83993,0,34.8529,28
38.5,ue_n042_0003,gNB_4G_2,-71,gNB_5G,-75,0.4096,2,3.83993,0,28.5475,28
38.5,ue_n001_0001,gNB_4G_1,-63,gNB_5G,-100,0.4096,0,-1,0,48.9298,28
38.5,ue_n001_0002,gNB_4G_1,-68,gNB_5G,-83,0.4096,0,-1,0,41.1276,28
38.5,ue_ujeongwon_0002,gNB_4G_1,-72,gNB_5G,-91,0.4096,2,2.83993,1,40.3063,28
38.5,ue_ujeongwon_0003,gNB_4G_1,-69,gNB_5G,-99,0.4096,0,-1,0,33.3111,28
38.5,ue_n001_0003,gNB_4G_1,-71,gNB_5G,-78,0.4096,0,-1,0,41.2976,28
38.5,car_north_base_001_rider,gNB_4G_1,-64,gNB_4G_2,-92,0.4096,0,-1,0,44.3383,28
38.5,car_north_base_002_rider,gNB_4G_1,-66,gNB_4G_2,-87,0.188416,0,-1,0,46.8087,28
39.5,ue_n042_0001,gNB_4G_2,-74,gNB_5G,-76,0.4096,4,18.8399,1,32.3381,28
39.5,car_north_peak_001,gNB_4G_1,-55,gNB_5G,-77,0.4096,0,-1,0,47.9848,28
39.5,car_north_peak_002_rider,gNB_4G_1,-52,gNB_4G_2,-96,0.4096,0,-1,0,49.4741,28
39.5,car_north_peak_003_rider,gNB_4G_1,-57,gNB_5G,-82,0.4096,0,-1,0,59.0343,28
39.5,ue_n042_0002,gNB_4G_2,-73,gNB_5G,-80,0.4096,4,16.8399,1,34.1081,28
39.5,ue_ujeongwon_0001,gNB_4G_1,-64,gNB_5G,-79,0.4096,4,17.8399,1,43.1763,28
39.5,car_north_peak_004,gNB_4G_1,-53,gNB_5G,-76,0.4096,0,-1,0,54.7959,28
39.5,car_north_peak_005,gNB_4G_1,-46,gNB_5G,-75,0.4096,0,-1,0,75.2701,28
39.5,ue_n043_0001,gNB_4G_2,-68,gNB_5G,-74,0.4096,2,10.8399,0,37.2099,28
39.5,ue_n042_0003,gNB_4G_2,-69,gNB_5G,-83,0.4096,2,4.83993,0,24.4954,28
39.5,ue_n001_0001,gNB_4G_1,-62,gNB_5G,-99,0.4096,0,-1,0,42.351,28
39.5,ue_n001_0002,gNB_4G_1,-65,gNB_5G,-84,0.4096,0,-1,0,42.6352,28
39.5,ue_ujeongwon_0002,gNB_4G_1,-70,gNB_5G,-70,0.4096,2,3.83993,1,39.0784,28
39.5,ue_ujeongwon_0003,gNB_4G_1,-72,gNB_4G_2,-101,0.4096,0,-1,0,39.9651,28
39.5,ue_n001_0003,gNB_4G_1,-69,gNB_5G,-75,0.4096,0,-1,0,47.6845,28
39.5,car_north_base_001_rider,gNB_4G_1,-66,gNB_4G_2,-94,0.4096,0,-1,0,46.2703,28
39.5,car_north_base_002_rider,gNB_4G_1,-67,gNB_4G_2,-88,0.4096,0,-1,0,46.8087,28
40.5,ue_n042_0001,gNB_4G_2,-72,gNB_5G,-73,0.4096,4,19.8399,1,39.9068,28
40.5,car_north_peak_001,gNB_4G_1,-55,gNB_5G,-73,0.4096,0,-1,0,47.9527,28
40.5,car_north_peak_002_rider,gNB_4G_1,-53,gNB_5G,-99,0.4096,0,-1,0,30.661,28
40.5,car_north_peak_003_rider,gNB_4G_1,-58,gNB_5G,-97,0.4096,0,-1,0,48.6617,28
40.5,ue_n042_0002,gNB_4G_2,-70,gNB_5G,-76,0.4096,4,17.8399,1,32.9365,28
40.5,ue_ujeongwon_0001,gNB_4G_1,-60,gNB_5G,-79,0.4096,4,18.8399,1,39.7378,28
40.5,car_north_peak_004,gNB_4G_1,-59,gNB_5G,-75,0.4096,0,-1,0,57.8115,28
40.5,car_north_peak_005,gNB_4G_1,-46,gNB_5G,-73,0.4096,0,-1,0,54.2791,28
40.5,ue_n043_0001,gNB_4G_2,-73,gNB_5G,-74,0.335872,2,11.8399,0,8.43704,3
40.5,ue_n042_0003,gNB_5G,-73,gNB_4G_2,-80,0.335872,3,0.639928,1,5.30474,28
40.5,ue_n001_0001,gNB_4G_1,-65,gNB_5G,-92,0.4096,0,-1,0,35.3648,28
40.5,ue_n001_0002,gNB_4G_1,-61,gNB_5G,-79,0.4096,0,-1,0,40.3724,28
40.5,ue_ujeongwon_0002,gNB_4G_1,-71,gNB_5G,-71,0.4096,2,4.83993,1,36.282,28
40.5,ue_ujeongwon_0003,gNB_4G_1,-74,gNB_5G,-90,0.393216,0,-1,0,31.6881,28
40.5,ue_n001_0003,gNB_4G_1,-73,gNB_5G,-79,0.4096,0,-1,0,34.4432,28
40.5,car_north_base_001_rider,gNB_4G_1,-68,gNB_5G,-95,0.4096,0,-1,0,40.4697,28
40.5,car_north_base_002_rider,gNB_4G_1,-65,gNB_4G_2,-89,0.4096,0,-1,0,30.9248,28
41.5,ue_n042_0001,gNB_4G_2,-73,gNB_5G,-75,0.4096,4,20.8399,1,34.8318,28
41.5,car_north_peak_001,gNB_4G_1,-58,gNB_5G,-78,0.4096,0,-1,0,48.1975,28
41.5,car_north_peak_002_rider,gNB_4G_1,-51,gNB_4G_2,-80,0.4096,0,-1,0,54.9179,28
41.5,car_north_peak_003_rider,gNB_4G_1,-59,gNB_5G,-92,0.4096,0,-1,0,37.7175,28
41.5,ue_n042_0002,gNB_4G_2,-75,gNB_5G,-79,0.4096,4,18.8399,1,34.4218,28
41.5,ue_ujeongwon_0001,gNB_4G_1,-58,gNB_5G,-80,0.4096,4,19.8399,1,51.9453,28
41.5,car_north_peak_004,gNB_4G_1,-53,gNB_5G,-79,0.4096,0,-1,0,34.6127,28
41.5,car_north_peak_005,gNB_4G_1,-50,gNB_5G,-73,0.4096,0,-1,0,37.2139,28
41.5,ue_n043_0001,gNB_4G_2,-75,gNB_5G,-73,0.360448,2,12.8399,0,35.9388,28
41.5,ue_n042_0003,gNB_5G,-75,gNB_4G_2,-74,0.270336,3,1.63993,1,34.2134,28
41.5,ue_n001_0001,gNB_4G_1,-67,gNB_5G,-83,0.4096,0,-1,0,50.3804,28
41.5,ue_n001_0002,gNB_4G_1,-66,gNB_5G,-78,0.401408,0,-1,0,25.4625,25
41.5,ue_ujeongwon_0002,gNB_4G_1,-77,gNB_5G,-81,0.4096,2,5.83993,1,41.0821,28
41.5,ue_ujeongwon_0003,gNB_4G_1,-74,gNB_5G,-75,0.36864,0,-1,0,9.00114,14
41.5,ue_n001_0003,gNB_4G_1,-73,gNB_5G,-80,0.4096,0,-1,0,41.3616,28
41.5,car_north_base_001_rider,gNB_4G_1,-69,gNB_5G,-90,0.4096,0,-1,0,46.1655,28
41.5,car_north_base_002_rider,gNB_4G_1,-64,gNB_4G_2,-92,0.4096,0,-1,0,32.3158,28
42.5,ue_n042_0001,gNB_4G_2,-72,gNB_5G,-76,0.4096,4,21.8399,1,33.6175,28
42.5,car_north_peak_001,gNB_4G_1,-59,gNB_5G,-72,0.4096,0,-1,0,49.9827,28
42.5,car_north_peak_002_rider,gNB_4G_1,-52,gNB_4G_2,-106,0.4096,0,-1,0,51.714,28
42.5,car_north_peak_003_rider,gNB_4G_1,-56,gNB_5G,-90,0.4096,0,-1,0,43.0741,28
42.5,ue_n042_0002,gNB_4G_2,-73,gNB_5G,-79,0.4096,4,19.8399,1,35.4839,28
42.5,ue_ujeongwon_0001,gNB_4G_1,-61,gNB_5G,-82,0.4096,4,20.8399,1,56.7267,28
42.5,car_north_peak_004,gNB_4G_1,-56,gNB_5G,-85,0.4096,0,-1,0,54.252,28
42.5,car_north_peak_005,gNB_4G_1,-59,gNB_5G,-82,0.4096,0,-1,0,34.144,28
42.5,ue_n043_0001,gNB_4G_2,-74,gNB_4G_1,-75,0.401408,2,13.8399,0,38.2875,28
42.5,ue_n042_0003,gNB_4G_2,-70,gNB_5G,-76,0.303104,4,0.839928,1,33.1564,28
42.5,ue_n001_0001,gNB_4G_1,-63,gNB_5G,-80,0.4096,0,-1,0,48.2821,28
42.5,ue_n001_0002,gNB_4G_1,-70,gNB_5G,-82,0.4096,0,-1,0,40.6925,28
42.5,ue_ujeongwon_0002,gNB_4G_1,-69,gNB_5G,-89,0.4096,2,6.83993,1,42.8908,28
42.5,ue_ujeongwon_0003,gNB_4G_1,-70,gNB_5G,-78,0.417792,0,-1,0,40.8841,28
42.5,ue_n001_0003,gNB_4G_1,-70,gNB_5G,-85,0.4096,0,-1,0,40.4697,28
42.5,car_north_base_001_rider,gNB_4G_1,-67,gNB_5G,-80,0.4096,0,-1,0,30.8993,28
42.5,car_north_base_002_rider,gNB_4G_1,-66,gNB_4G_2,-93,0.4096,0,-1,0,30.7887,28
42.5,ue_n043_0002,gNB_5G,-74,gNB_4G_2,-72,0.114688,0,-1,0,2.58231,27
43.5,ue_n042_0001,gNB_4G_2,-74,gNB_5G,-83,0.4096,4,22.8399,1,38.5791,28
43.5,car_north_peak_001,gNB_4G_1,-67,gNB_5G,-66,0.4096,0,-1,0,43.4352,28
43.5,car_north_peak_002_rider,gNB_4G_1,-51,gNB_5G,-79,0.4096,0,-1,0,49.8138,28
43.5,car_north_peak_003_rider,gNB_4G_1,-53,gNB_5G,-93,0.4096,0,-1,0,53.9869,28
43.5,ue_n042_0002,gNB_4G_2,-72,gNB_5G,-74,0.4096,4,20.8399,1,34.5288,28
43.5,ue_ujeongwon_0001,gNB_4G_1,-65,gNB_5G,-81,0.4096,4,21.8399,1,41.748,28
43.5,car_north_peak_004,gNB_4G_1,-56,gNB_5G,-90,0.4096,0,-1,0,49.5177,28
43.5,car_north_peak_005,gNB_4G_1,-66,gNB_5G,-81,0.4096,0,-1,0,50.8819,28
43.5,ue_n043_0001,gNB_4G_2,-70,gNB_4G_1,-69,0.4096,2,14.8399,0,16.3844,17
43.5,ue_n042_0003,gNB_4G_2,-72,gNB_5G,-74,0.385024,4,1.83993,1,24.8795,26
43.5,ue_n001_0001,gNB_4G_1,-63,gNB_5G,-79,0.4096,0,-1,0,30.3916,26
43.5,ue_n001_0002,gNB_4G_1,-71,gNB_5G,-82,0.4096,0,-1,0,39.3472,28
43.5,ue_ujeongwon_0002,gNB_4G_1,-68,gNB_5G,-83,0.4096,2,7.83993,1,33.0406,28
43.5,ue_ujeongwon_0003,gNB_4G_1,-68,gNB_5G,-97,0.4096,0,-1,0,43.4135,28
43.5,ue_n001_0003,gNB_4G_1,-72,gNB_5G,-91,0.4096,0,-1,0,35.6739,28
43.5,car_north_base_001_rider,gNB_4G_1,-66,gNB_5G,-77,0.4096,0,-1,0,47.7275,28
43.5,car_north_base_002_rider,gNB_4G_1,-68,gNB_5G,-93,0.4096,0,-1,0,35.0153,28
43.5,ue_n043_0002,gNB_5G,-75,gNB_4G_2,-73,0.385024,0,-1,0,35.0608,12
44.5,ue_n042_0001,gNB_4G_2,-70,gNB_5G,-81,0.4096,4,23.8399,1,34.0863,28
44.5,car_north_peak_001,gNB_4G_1,-62,gNB_5G,-64,0.4096,0,-1,0,39.8826,28
44.5,car_north_peak_002_rider,gNB_4G_1,-55,gNB_5G,-71,0.4096,0,-1,0,51.3546,28
44.5,car_north_peak_003_rider,gNB_4G_1,-49,gNB_5G,-91,0.4096,0,-1,0,55.5241,28
44.5,ue_n042_0002,gNB_4G_2,-72,gNB_5G,-77,0.4096,4,21.8399,1,31.1652,28
44.5,ue_ujeongwon_0001,gNB_4G_1,-64,gNB_5G,-80,0.4096,4,22.8399,1,43.2495,28
44.5,car_north_peak_004,gNB_4G_1,-56,gNB_4G_2,-88,0.4096,0,-1,0,49.1286,28
44.5,car_north_peak_005,gNB_4G_1,-57,gNB_5G,-83,0.4096,0,-1,0,55.6241,28
44.5,ue_n043_0001,gNB_4G_2,-67,gNB_5G,-74,0.4096,2,15.8399,0,36.6554,28
44.5,ue_n042_0003,gNB_4G_2,-66,gNB_5G,-81,0.4096,4,2.83993,1,35.4899,28
44.5,ue_n001_0001,gNB_4G_1,-60,gNB_4G_2,-76,0.4096,0,-1,0,42.4165,28
44.5,ue_n001_0002,gNB_4G_1,-71,gNB_5G,-77,0.4096,0,-1,0,33.0545,28
44.5,ue_ujeongwon_0002,gNB_4G_1,-74,gNB_5G,-84,0.4096,2,8.83993,1,42.2094,28
44.5,ue_ujeongwon_0003,gNB_4G_1,-72,gNB_4G_2,-100,0.4096,0,-1,0,44.4913,28
44.5,ue_n001_0003,gNB_4G_1,-73,gNB_5G,-84,0.4096,0,-1,0,42.8985,28
44.5,car_north_base_001_rider,gNB_4G_1,-64,gNB_5G,-79,0.4096,0,-1,0,49.4825,28
44.5,car_north_base_002_rider,gNB_4G_1,-69,gNB_5G,-83,0.4096,0,-1,0,46.2354,28
44.5,ue_n043_0002,gNB_5G,-74,gNB_4G_2,-77,0.4096,0,-1,0,9.46179,28
45.5,ue_n042_0001,gNB_4G_2,-71,gNB_5G,-80,0.4096,4,24.8399,1,39.2193,28
45.5,car_north_peak_001,gNB_4G_2,-61,gNB_5G,-67,0.335872,1,0.839928,0,1.24551,0
45.5,car_north_peak_002_rider,gNB_4G_1,-58,gNB_5G,-72,0.401408,0,-1,0,33.2006,28
45.5,car_north_peak_003_rider,gNB_4G_1,-48,gNB_4G_2,-93,0.401408,0,-1,0,40.7905,28
45.5,ue_n042_0002,gNB_4G_2,-70,gNB_5G,-73,0.4096,4,22.8399,1,39.4149,28
45.5,ue_ujeongwon_0001,gNB_4G_1,-60,gNB_5G,-82,0.4096,4,23.8399,1,31.8413,28
45.5,car_north_peak_004,gNB_4G_1,-53,gNB_5G,-95,0.4096,0,-1,0,38.3504,28
45.5,car_north_peak_005,gNB_4G_1,-56,gNB_5G,-86,0.4096,0,-1,0,49.2884,26
45.5,ue_n043_0001,gNB_4G_2,-71,gNB_5G,-70,0.32768,2,16.8399,0,36.184,6
45.5,ue_n042_0003,gNB_4G_2,-70,gNB_5G,-87,0.4096,4,3.83993,1,35.8862,28
45.5,ue_n001_0001,gNB_4G_1,-64,gNB_5G,-80,0.4096,0,-1,0,52.0036,28
45.5,ue_n001_0002,gNB_4G_1,-71,gNB_5G,-77,0.401408,0,-1,0,43.1355,28
45.5,ue_ujeongwon_0002,gNB_4G_1,-73,gNB_5G,-74,0.401408,2,9.83993,1,31.0036,28
45.5,ue_ujeongwon_0003,gNB_4G_1,-73,gNB_4G_2,-97,0.4096,0,-1,0,23.3901,25
45.5,ue_n001_0003,gNB_4G_1,-72,gNB_5G,-85,0.401408,0,-1,0,42.1169,28
45.5,car_north_base_001_rider,gNB_4G_1,-67,gNB_4G_2,-81,0.4096,0,-1,0,19.8214,21
45.5,car_north_base_002_rider,gNB_4G_1,-67,gNB_5G,-81,0.4096,0,-1,0,43.5924,28
45.5,ue_n043_0002,gNB_5G,-76,gNB_4G_2,-79,0.303104,0,-1,0,32.7385,28
46.5,ue_n042_0001,gNB_4G_2,-73,gNB_5G,-80,0.4096,4,25.8399,1,35.5388,28
46.5,car_north_peak_001,gNB_4G_2,-65,gNB_5G,-68,0.4096,1,1.83993,0,14.6332,28
46.5,car_north_peak_002_rider,gNB_4G_1,-58,gNB_5G,-77,0.4096,0,-1,0,49.5786,28
46.5,car_north_peak_003_rider,gNB_4G_1,-49,gNB_5G,-93,0.417792,0,-1,0,53.1807,28
46.5,ue_n042_0002,gNB_4G_2,-70,gNB_5G,-70,0.4096,4,23.8399,1,38.9627,28
46.5,ue_ujeongwon_0001,gNB_4G_1,-63,gNB_5G,-81,0.4096,4,24.8399,1,31.6809,28
46.5,car_north_peak_004,gNB_4G_1,-53,gNB_5G,-94,0.4096,0,-1,0,39.3658,28
46.5,car_north_peak_005,gNB_4G_1,-54,gNB_5G,-85,0.4096,0,-1,0,24.9168,28
46.5,ue_n043_0001,gNB_5G,-68,gNB_4G_2,-73,0.376832,3,0.839928,0,38.9337,28
46.5,ue_n042_0003,gNB_4G_2,-73,gNB_5G,-78,0.4096,4,4.83993,1,32.4981,28
46.5,ue_n001_0001,gNB_4G_1,-60,gNB_5G,-82,0.4096,0,-1,0,25.3711,25
46.5,ue_n001_0002,gNB_4G_1,-65,gNB_5G,-74,0.360448,0,-1,0,41.9269,0
46.5,ue_ujeongwon_0002,gNB_5G,-74,gNB_4G_1,-76,0.4096,3,0.439928,0,6.90324,27
46.5,ue_ujeongwon_0003,gNB_4G_1,-71,gNB_5G,-96,0.4096,0,-1,0,27.2745,13
46.5,ue_n001_0003,gNB_4G_1,-65,gNB_5G,-82,0.417792,0,-1,0,42.3076,28
46.5,car_north_base_001_rider,gNB_4G_1,-71,gNB_4G_2,-75,0.4096,0,-1,0,39.7557,28
46.5,car_north_base_002_rider,gNB_4G_1,-66,gNB_5G,-83,0.4096,0,-1,0,21.6329,20
46.5,ue_n043_0002,gNB_4G_2,-71,gNB_4G_1,-73,0.401408,1,0.639928,0,18.6139,28
47.5,ue_n042_0001,gNB_4G_2,-73,gNB_5G,-72,0.4096,4,26.8399,1,34.5818,28
47.5,car_north_peak_001,gNB_4G_2,-70,gNB_5G,-76,0.4096,1,2.83993,0,51.8066,28
47.5,car_north_peak_002_rider,gNB_4G_1,-62,gNB_5G,-70,0.4096,0,-1,0,44.4599,28
47.5,car_north_peak_003_rider,gNB_4G_1,-53,gNB_4G_2,-81,0.4096,0,-1,0,53.923,28
47.5,ue_n042_0002,gNB_4G_2,-72,gNB_5G,-81,0.4096,4,24.8399,1,33.4482,28
47.5,ue_ujeongwon_0001,gNB_4G_1,-60,gNB_5G,-79,0.4096,4,25.8399,1,49.6147,28
47.5,car_north_peak_004,gNB_4G_1,-52,gNB_4G_2,-98,0.4096,0,-1,0,49.393,28
47.5,car_north_peak_005,gNB_4G_1,-53,gNB_5G,-90,0.4096,0,-1,0,49.373,28
47.5,ue_n043_0001,gNB_5G,-67,gNB_4G_2,-67,0.4096,3,1.83993,0,7.16174,12
47.5,ue_n042_0003,gNB_4G_2,-78,gNB_5G,-79,0.4096,4,5.83993,1,30.9616,28
47.5,ue_n001_0001,gNB_4G_1,-62,gNB_5G,-82,0.4096,0,-1,0,48.7725,28
47.5,ue_n001_0002,gNB_4G_1,-62,gNB_5G,-77,0.417792,0,-1,0,24.9847,28
47.5,ue_ujeongwon_0002,gNB_4G_1,-77,gNB_5G,-99,0.4096,4,0.839928,1,45.0273,28
47.5,ue_ujeongwon_0003,gNB_4G_1,-71,gNB_5G,-96,0.4096,0,-1,0,45.5249,13
47.5,ue_n001_0003,gNB_4G_1,-69,gNB_5G,-82,0.4096,0,-1,0,37.794,28
47.5,car_north_base_001_rider,gNB_4G_1,-71,gNB_4G_2,-75,0.4096,0,-1,0,40.6604,28
47.5,car_north_base_002_rider,gNB_4G_1,-65,gNB_5G,-79,0.4096,0,-1,0,37.4833,28
47.5,ue_n043_0002,gNB_4G_2,-70,gNB_4G_1,-71,0.4096,1,1.63993,0,35.0277,28
48.5,ue_n042_0001,gNB_5G,-70,gNB_4G_2,-73,0.4096,5,0.239928,0,6.93004,28
48.5,car_north_peak_001,gNB_4G_2,-57,gNB_5G,-69,0.4096,1,3.83993,0,10.0331,28
48.5,car_north_peak_002_rider,gNB_4G_1,-63,gNB_5G,-70,0.4096,0,-1,0,33.5387,28
48.5,car_north_peak_003_rider,gNB_4G_1,-52,gNB_5G,-77,0.4096,0,-1,0,51.7066,28
48.5,ue_n042_0002,gNB_4G_2,-71,gNB_5G,-77,0.4096,4,25.8399,1,39.1481,28
48.5,ue_ujeongwon_0001,gNB_4G_1,-63,gNB_5G,-77,0.4096,4,26.8399,1,45.928,28
48.5,car_north_peak_004,gNB_4G_1,-53,gNB_5G,-99,0.4096,0,-1,0,56.0236,28
48.5,car_north_peak_005,gNB_4G_1,-54,gNB_5G,-94,0.4096,0,-1,0,49.1787,28
48.5,ue_n043_0001,gNB_5G,-66,gNB_4G_2,-72,0.4096,3,2.83993,0,13.6787,15
48.5,ue_n042_0003,gNB_4G_2,-71,gNB_5G,-78,0.4096,4,6.83993,1,9.04203,12
48.5,ue_n001_0001,gNB_4G_1,-62,gNB_5G,-84,0.4096,0,-1,0,46.3832,28
48.5,ue_n001_0002,gNB_4G_1,-66,gNB_5G,-80,0.4096,0,-1,0,45.634,28
48.5,ue_ujeongwon_0002,gNB_4G_1,-68,gNB_5G,-102,0.4096,4,1.83993,1,42.4674,28
48.5,ue_ujeongwon_0003,gNB_4G_1,-71,gNB_5G,-91,0.4096,0,-1,0,36.9308,28
48.5,ue_n001_0003,gNB_4G_1,-69,gNB_5G,-82,0.4096,0,-1,0,37.7869,28
48.5,car_north_base_001_rider,gNB_4G_1,-64,gNB_4G_2,-76,0.4096,0,-1,0,48.5685,28
48.5,car_north_base_002_rider,gNB_4G_1,-64,gNB_5G,-81,0.4096,0,-1,0,46.9773,28
48.5,ue_n043_0002,gNB_4G_1,-68,gNB_4G_2,-72,0.4096,2,0.839928,0,35.8544,28
48.5,ue_n001_0004,gNB_4G_1,-63,gNB_5G,-80,0.188416,0,-1,0,36.7173,28
49.5,ue_n042_0001,gNB_5G,-70,gNB_4G_2,-74,0.4096,5,1.23993,0,33.1509,28
49.5,car_north_peak_001,gNB_4G_2,-54,gNB_5G,-65,0.4096,1,4.83993,0,54.084,28
49.5,car_north_peak_002_rider,gNB_4G_1,-64,gNB_5G,-69,0.401408,0,-1,0,50.4257,28
49.5,car_north_peak_003_rider,gNB_4G_1,-52,gNB_5G,-75,0.4096,0,-1,0,40.2598,28
49.5,ue_n042_0002,gNB_4G_2,-74,gNB_5G,-73,0.4096,4,26.8399,1,33.2035,28
49.5,ue_ujeongwon_0001,gNB_4G_1,-62,gNB_5G,-77,0.4096,4,27.8399,1,46.7996,28
49.5,car_north_peak_004,gNB_4G_1,-52,gNB_4G_2,-95,0.4096,0,-1,0,52.7578,28
49.5,car_north_peak_005,gNB_4G_1,-52,gNB_5G,-92,0.4096,0,-1,0,49.9722,28
49.5,ue_n043_0001,gNB_5G,-66,gNB_4G_2,-71,0.4096,3,3.83993,0,37.192,28
49.5,ue_n042_0003,gNB_4G_2,-73,gNB_5G,-78,0.4096,4,7.83993,1,44.5869,28
49.5,ue_n001_0001,gNB_4G_1,-65,gNB_5G,-83,0.4096,0,-1,0,40.1321,28
49.5,ue_n001_0002,gNB_4G_1,-71,gNB_5G,-77,0.4096,0,-1,0,47.7099,28
49.5,ue_ujeongwon_0002,gNB_4G_1,-67,gNB_4G_2,-102,0.4096,4,2.83993,1,39.3543,28
49.5,ue_ujeongwon_0003,gNB_4G_1,-71,gNB_5G,-92,0.4096,0,-1,0,45.9846,28
49.5,ue_n001_0003,gNB_4G_1,-73,gNB_5G,-83,0.4096,0,-1,0,39.2615,28
49.5,car_north_base_001_rider,gNB_4G_1,-64,gNB_4G_2,-76,0.4096,0,-1,0,48.1504,28
49.5,car_north_base_002_rider,gNB_4G_1,-62,gNB_4G_2,-76,0.4096,0,-1,0,44.8839,28
49.5,ue_n043_0002,gNB_4G_1,-74,gNB_5G,-74,0.4096,2,1.83993,0,27.032,28
49.5,ue_n001_0004,gNB_4G_1,-62,gNB_5G,-81,0.4096,0,-1,0,44.9587,28
49.5,ue_n043_0003,gNB_5G,-76,gNB_4G_2,-75,0.16384,0,-1,0,8.53924,13
50.5,ue_n042_0001,gNB_5G,-71,gNB_4G_2,-71,0.4096,5,2.23993,0,33.088,28
50.5,car_north_peak_001,gNB_4G_2,-54,gNB_4G_1,-66,0.4096,1,5.83993,0,18.2159,28
50.5,car_north_peak_002_rider,gNB_4G_1,-63,gNB_4G_2,-61,0.385024,0,-1,0,10.0622,12
50.5,car_north_peak_003_rider,gNB_4G_1,-56,gNB_5G,-71,0.4096,0,-1,0,51.3862,28
50.5,ue_n042_0002,gNB_5G,-71,gNB_4G_2,-75,0.4096,5,0.439928,0,41.4716,28
50.5,ue_ujeongwon_0001,gNB_4G_1,-58,gNB_5G,-84,0.4096,4,28.8399,1,46.9031,28
50.5,car_north_peak_004,gNB_4G_1,-51,gNB_5G,-101,0.4096,0,-1,0,51.8221,28
50.5,car_north_peak_005,gNB_4G_1,-52,gNB_5G,-92,0.4096,0,-1,0,54.6756,28
50.5,ue_n043_0001,gNB_5G,-65,gNB_4G_2,-69,0.4096,3,4.83993,0,32.9094,28
50.5,ue_n042_0003,gNB_4G_2,-65,gNB_5G,-76,0.4096,4,8.83993,1,14.0999,14
50.5,ue_n001_0001,gNB_4G_1,-62,gNB_4G_2,-84,0.4096,0,-1,0,42.7648,28
50.5,ue_n001_0002,gNB_4G_1,-66,gNB_5G,-77,0.4096,0,-1,0,40.6104,13
50.5,ue_ujeongwon_0002,gNB_4G_1,-65,gNB_5G,-102,0.4096,4,3.83993,1,38.8556,28
50.5,ue_ujeongwon_0003,gNB_4G_1,-67,gNB_5G,-90,0.4096,0,-1,0,45.3171,28
50.5,ue_n001_0003,gNB_4G_1,-73,gNB_5G,-86,0.4096,0,-1,0,39.5188,28
50.5,car_north_base_001_rider,gNB_4G_1,-61,gNB_4G_2,-74,0.4096,0,-1,0,48.732,28
50.5,car_north_base_002_rider,gNB_4G_1,-65,gNB_4G_2,-73,0.4096,0,-1,0,42.6939,28
50.5,ue_n043_0002,gNB_5G,-78,gNB_4G_2,-80,0.401408,3,0.839928,0,23.6263,27
50.5,ue_n001_0004,gNB_4G_1,-65,gNB_5G,-81,0.4096,0,-1,0,22.3113,24
50.5,ue_n043_0003,gNB_5G,-73,gNB_4G_2,-78,0.4096,0,-1,0,35.6553,28
51.5,ue_n042_0001,gNB_4G_2,-67,gNB_5G,-72,0.401408,6,0.0399284,1,2.87555,7
51.5,car_north_peak_001,gNB_4G_2,-56,gNB_4G_1,-67,0.360448,1,6.83993,0,49.5057,28
51.5,car_north_peak_002_rider,gNB_4G_2,-60,gNB_4G_1,-64,0.36864,1,0.839928,0,1.50702,6
51.5,car_north_peak_003_rider,gNB_4G_1,-58,gNB_5G,-73,0.401408,0,-1,0,4.6986,10
51.5,ue_n042_0002,gNB_5G,-69,gNB_4G_2,-72,0.4096,5,1.43993,0,39.9533,28
51.5,ue_ujeongwon_0001,gNB_4G_1,-55,gNB_5G,-84,0.4096,4,29.8399,1,60.7562,28
51.5,car_north_peak_004,gNB_4G_1,-52,gNB_5G,-71,0.4096,0,-1,0,53.2474,28
51.5,car_north_peak_005,gNB_4G_1,-52,gNB_5G,-83,0.4096,0,-1,0,50.3567,28
51.5,ue_n043_0001,gNB_5G,-64,gNB_4G_2,-69,0.4096,3,5.83993,0,37.897,28
51.5,ue_n042_0003,gNB_4G_2,-69,gNB_5G,-75,0.4096,4,9.83993,1,35.0395,28
51.5,ue_n001_0001,gNB_4G_1,-62,gNB_4G_2,-73,0.4096,0,-1,0,49.0768,28
51.5,ue_n001_0002,gNB_4G_1,-69,gNB_5G,-79,0.4096,0,-1,0,48.272,18
51.5,ue_ujeongwon_0002,gNB_4G_1,-68,gNB_5G,-90,0.4096,4,4.83993,1,46.8442,28
51.5,ue_ujeongwon_0003,gNB_4G_1,-65,gNB_5G,-91,0.4096,0,-1,0,45.5069,28
51.5,ue_n001_0003,gNB_4G_1,-71,gNB_5G,-87,0.4096,0,-1,0,11.1235,28
51.5,car_north_base_001_rider,gNB_4G_1,-60,gNB_5G,-81,0.4096,0,-1,0,54.3409,2
51.5,car_north_base_002_rider,gNB_4G_1,-65,gNB_4G_2,-73,0.4096,0,-1,0,49.1415,18
51.5,ue_n043_0002,gNB_5G,-80,gNB_4G_2,-78,0.335872,3,1.83993,0,34.5007,28
51.5,ue_n001_0004,gNB_4G_1,-69,gNB_5G,-81,0.4096,0,-1,0,21.1329,24
51.5,ue_n043_0003,gNB_5G,-74,gNB_4G_2,-75,0.393216,0,-1,0,4.9397,6
52.5,ue_n042_0001,gNB_4G_2,-67,gNB_5G,-72,0.253952,6,1.03993,1,37.699,28
52.5,car_north_peak_001,gNB_4G_2,-56,gNB_5G,-67,0.434176,1,7.83993,0,10.9627,24
52.5,car_north_peak_002_rider,gNB_4G_2,-64,gNB_5G,-70,0.344064,1,1.83993,0,20.3956,21
52.5,car_north_peak_003_rider,gNB_4G_1,-58,gNB_5G,-74,0.393216,0,-1,0,45.664,28
52.5,ue_n042_0002,gNB_5G,-71,gNB_4G_2,-73,0.360448,5,2.43993,0,32.3141,28
52.5,ue_ujeongwon_0001,gNB_4G_1,-55,gNB_5G,-84,0.4096,4,30.8399,1,30.8523,28
52.5,car_north_peak_004,gNB_4G_1,-55,gNB_5G,-74,0.4096,0,-1,0,51.9077,28
52.5,car_north_peak_005,gNB_4G_1,-49,gNB_5G,-105,0.4096,0,-1,0,49.8602,28
52.5,ue_n043_0001,gNB_5G,-71,gNB_4G_2,-72,0.376832,3,6.83993,0,10.3228,16
52.5,ue_n042_0003,gNB_4G_2,-69,gNB_5G,-75,0.4096,4,10.8399,1,37.381,28
52.5,ue_n001_0001,gNB_4G_1,-61,gNB_4G_2,-74,0.4096,0,-1,0,51.0582,28
52.5,ue_n001_0002,gNB_4G_1,-64,gNB_5G,-75,0.401408,0,-1,0,24.4713,10
52.5,ue_ujeongwon_0002,gNB_4G_1,-63,gNB_5G,-104,0.4096,4,5.83993,1,44.5583,28
52.5,ue_ujeongwon_0003,gNB_4G_1,-67,gNB_5G,-100,0.4096,0,-1,0,46.1451,28
52.5,ue_n001_0003,gNB_4G_1,-69,gNB_5G,-86,0.4096,0,-1,0,36.938,21
52.5,car_north_base_001_rider,gNB_4G_1,-59,gNB_5G,-83,0.4096,0,-1,0,25.0996,28
52.5,car_north_base_002_rider,gNB_4G_1,-62,gNB_4G_2,-76,0.4096,0,-1,0,34.1311,26
52.5,ue_n043_0002,gNB_4G_2,-72,gNB_5G,-78,0.335872,4,0.0399284,0,35.817,28
52.5,ue_n001_0004,gNB_4G_1,-68,gNB_5G,-84,0.4096,0,-1,0,19.5729,24
52.5,ue_n043_0003,gNB_5G,-77,gNB_4G_2,-75,0.303104,0,-1,0,31.076,28
53.5,ue_n042_0001,gNB_4G_2,-67,gNB_5G,-72,0.311296,6,2.03993,1,9.22856,5
53.5,car_north_peak_001,gNB_4G_2,-56,gNB_5G,-66,0.4096,1,8.83993,0,52.2535,23
53.5,car_north_peak_002_rider,gNB_4G_2,-59,gNB_5G,-70,0.425984,1,2.83993,0,53.1613,28
53.5,car_north_peak_003_rider,gNB_4G_1,-58,gNB_5G,-69,0.36864,0,-1,0,14.3433,19
53.5,ue_n042_0002,gNB_5G,-71,gNB_4G_2,-70,0.303104,5,3.43993,0,0.52561,3
53.5,ue_ujeongwon_0001,gNB_4G_1,-58,gNB_5G,-80,0.4096,4,31.8399,1,56.5209,28
53.5,car_north_peak_004,gNB_4G_1,-53,gNB_5G,-71,0.401408,0,-1,0,43.441,28
53.5,car_north_peak_005,gNB_4G_1,-53,gNB_5G,-70,0.4096,0,-1,0,56.1292,28
53.5,ue_n043_0001,gNB_5G,-68,gNB_4G_2,-68,0.36864,3,7.83993,0,12.5309,14
53.5,ue_n042_0003,gNB_4G_2,-69,gNB_5G,-79,0.4096,4,11.8399,1,37.6806,28
53.5,ue_n001_0001,gNB_4G_1,-56,gNB_5G,-74,0.385024,0,-1,0,47.6677,28
53.5,ue_n001_0002,gNB_4G_1,-60,gNB_5G,-75,0.4096,0,-1,0,17.0969,28
53.5,ue_ujeongwon_0002,gNB_4G_1,-60,gNB_4G_2,-102,0.4096,4,6.83993,1,46.8339,28
53.5,ue_ujeongwon_0003,gNB_4G_1,-66,gNB_5G,-102,0.4096,0,-1,0,46.2903,10
53.5,ue_n001_0003,gNB_4G_1,-73,gNB_5G,-84,0.4096,0,-1,0,42.431,5
53.5,car_north_base_001_rider,gNB_4G_1,-62,gNB_5G,-86,0.4096,0,-1,0,46.1885,28
53.5,car_north_base_002_rider,gNB_4G_1,-58,gNB_4G_2,-77,0.4096,0,-1,0,51.469,28
53.5,ue_n043_0002,gNB_4G_2,-72,gNB_5G,-79,0.4096,4,1.03993,0,14.0773,28
53.5,ue_n001_0004,gNB_4G_1,-63,gNB_5G,-83,0.4096,0,-1,0,41.4925,28
53.5,ue_n043_0003,gNB_4G_1,-70,gNB_5G,-75,0.393216,1,0.638928,0,43.1299,28
54.5,ue_n042_0001,gNB_4G_2,-69,gNB_5G,-69,0.425984,6,3.03993,1,41.3857,28
54.5,car_north_peak_001,gNB_4G_2,-56,gNB_4G_1,-67,0.4096,1,9.83993,0,50.5256,28
54.5,car_north_peak_002_rider,gNB_4G_2,-55,gNB_4G_1,-66,0.4096,1,3.83993,0,53.032,28
54.5,car_north_peak_003_rider,gNB_4G_1,-60,gNB_5G,-71,0.4096,0,-1,0,35.9004,28
54.5,ue_n042_0002,gNB_4G_2,-68,gNB_5G,-72,0.344064,6,0.639928,1,8.54736,28
54.5,ue_ujeongwon_0001,gNB_4G_1,-55,gNB_5G,-83,0.4096,4,32.8399,1,29.1954,27
54.5,car_north_peak_004,gNB_4G_1,-53,gNB_5G,-69,0.401408,0,-1,0,38.8497,28
54.5,car_north_peak_005,gNB_4G_1,-54,gNB_5G,-75,0.4096,0,-1,0,51.7611,28
54.5,ue_n043_0001,gNB_5G,-68,gNB_4G_1,-71,0.344064,3,8.83993,0,-4.92872,0
54.5,ue_n042_0003,gNB_4G_2,-71,gNB_5G,-83,0.4096,4,12.8399,1,35.8465,28
54.5,ue_n001_0001,gNB_4G_1,-55,gNB_5G,-69,0.417792,0,-1,0,53.7839,28
54.5,ue_n001_0002,gNB_4G_1,-69,gNB_5G,-79,0.4096,0,-1,0,42.6618,28
54.5,ue_ujeongwon_0002,gNB_4G_1,-65,gNB_4G_2,-105,0.4096,4,7.83993,1,41.5476,28
54.5,ue_ujeongwon_0003,gNB_4G_1,-59,gNB_5G,-104,0.4096,0,-1,0,40.7573,28
54.5,ue_n001_0003,gNB_4G_1,-69,gNB_5G,-77,0.4096,0,-1,0,42.7594,15
54.5,car_north_base_001_rider,gNB_4G_1,-60,gNB_5G,-101,0.4096,0,-1,0,46.0487,28
54.5,car_north_base_002_rider,gNB_4G_1,-56,gNB_5G,-83,0.401408,0,-1,0,49.85,3
54.5,ue_n043_0002,gNB_4G_2,-71,gNB_5G,-80,0.4096,4,2.03993,0,31.5166,28
54.5,ue_n001_0004,gNB_4G_1,-64,gNB_5G,-81,0.4096,0,-1,0,41.1561,28
54.5,ue_n043_0003,gNB_4G_1,-68,gNB_5G,-74,0.385024,1,1.63893,0,39.8103,28
55.5,ue_n042_0001,gNB_4G_2,-67,gNB_5G,-68,0.4096,6,4.03993,1,34.4609,26
55.5,car_north_peak_001,gNB_4G_2,-57,gNB_4G_1,-64,0.4096,1,10.8399,0,53.4403,28
55.5,car_north_peak_002_rider,gNB_4G_2,-55,gNB_5G,-66,0.4096,1,4.83993,0,54.2245,28
55.5,car_north_peak_003_rider,gNB_4G_1,-66,gNB_5G,-67,0.4096,0,-1,0,44.6794,28
55.5,ue_n042_0002,gNB_4G_2,-70,gNB_5G,-72,0.425984,6,1.63993,1,37.033,28
55.5,ue_ujeongwon_0001,gNB_4G_1,-56,gNB_5G,-81,0.4096,4,33.8399,1,58.0168,28
55.5,car_north_peak_004,gNB_4G_1,-59,gNB_5G,-69,0.417792,0,-1,0,50.3942,28
55.5,car_north_peak_005,gNB_4G_1,-55,gNB_5G,-81,0.4096,0,-1,0,47.9658,28
55.5,ue_n043_0001,gNB_4G_1,-68,gNB_4G_2,-72,0.360448,4,0.639928,0,41.5926,28
55.5,ue_n042_0003,gNB_4G_2,-73,gNB_5G,-77,0.4096,4,13.8399,1,36.6877,28
55.5,ue_n001_0001,gNB_4G_1,-56,gNB_4G_2,-73,0.4096,0,-1,0,46.9357,28
55.5,ue_n001_0002,gNB_4G_1,-70,gNB_5G,-79,0.417792,0,-1,0,46.1327,28
55.5,ue_ujeongwon_0002,gNB_4G_1,-59,gNB_4G_2,-98,0.4096,4,8.83993,1,50.6283,28
55.5,ue_ujeongwon_0003,gNB_4G_1,-65,gNB_5G,-103,0.4096,0,-1,0,43.816,28
55.5,ue_n001_0003,gNB_4G_1,-69,gNB_5G,-78,0.4096,0,-1,0,25.8866,28
55.5,car_north_base_001_rider,gNB_4G_1,-54,gNB_5G,-99,0.4096,0,-1,0,67.9408,28
55.5,car_north_base_002_rider,gNB_4G_1,-57,gNB_5G,-86,0.417792,0,-1,0,46.1109,28
55.5,ue_n043_0002,gNB_4G_2,-75,gNB_5G,-79,0.4096,4,3.03993,0,30.0551,28
55.5,ue_n001_0004,gNB_4G_1,-65,gNB_5G,-85,0.4096,0,-1,0,42.5506,28
55.5,ue_n043_0003,gNB_4G_1,-71,gNB_5G,-76,0.4096,1,2.63893,0,39.8531,28
55.5,car_north_base_003,gNB_4G_1,-62,gNB_4G_2,-91,0.172032,0,-1,0,48.954,28
56.5,ue_n042_0001,gNB_4G_2,-68,gNB_5G,-68,0.4096,6,5.03993,1,38.2836,23
56.5,car_north_peak_001,gNB_4G_2,-54,gNB_5G,-64,0.4096,1,11.8399,0,19.1938,28
56.5,car_north_peak_002_rider,gNB_4G_2,-54,gNB_5G,-68,0.4096,1,5.83993,0,24.6881,22
56.5,car_north_peak_003_rider,gNB_4G_2,-62,gNB_4G_1,-67,0.401408,1,0.439928,0,13.8918,13
56.5,ue_n042_0002,gNB_4G_2,-69,gNB_5G,-72,0.4096,6,2.63993,1,38.1793,28
56.5,ue_ujeongwon_0001,gNB_4G_1,-55,gNB_5G,-80,0.4096,4,34.8399,1,49.7125,28
56.5,car_north_peak_004,gNB_4G_1,-61,gNB_5G,-72,0.4096,0,-1,0,44.6194,28
56.5,car_north_peak_005,gNB_4G_1,-55,gNB_5G,-73,0.4096,0,-1,0,29.3073,28
56.5,ue_n043_0001,gNB_5G,-59,gNB_4G_2,-72,0.4096,5,0.0399284,1,25.0657,14
56.5,ue_n042_0003,gNB_4G_2,-77,gNB_5G,-81,0.4096,4,14.8399,1,33.9063,28
56.5,ue_n001_0001,gNB_4G_1,-58,gNB_5G,-75,0.4096,0,-1,0,45.2172,28
56.5,ue_n001_0002,gNB_4G_1,-70,gNB_5G,-77,0.4096,0,-1,0,36.8805,20
56.5,ue_ujeongwon_0002,gNB_4G_1,-53,gNB_5G,-100,0.4096,4,9.83993,1,48.4242,28
56.5,ue_ujeongwon_0003,gNB_4G_1,-66,gNB_5G,-107,0.4096,0,-1,0,54.0109,28
56.5,ue_n001_0003,gNB_4G_1,-70,gNB_5G,-79,0.4096,0,-1,0,22.6809,26
56.5,car_north_base_001_rider,gNB_4G_1,-53,gNB_4G_2,-98,0.4096,0,-1,0,76.5971,28
56.5,car_north_base_002_rider,gNB_4G_1,-64,gNB_5G,-86,0.4096,0,-1,0,49.1401,28
56.5,ue_n043_0002,gNB_4G_2,-74,gNB_5G,-80,0.4096,4,4.03993,0,26.2503,27
56.5,ue_n001_0004,gNB_4G_1,-62,gNB_5G,-79,0.4096,0,-1,0,36.1421,28
56.5,ue_n043_0003,gNB_4G_1,-71,gNB_4G_2,-72,0.4096,1,3.63893,0,28.4379,28
56.5,car_north_base_003,gNB_4G_1,-64,gNB_4G_2,-92,0.4096,0,-1,0,43.0752,28
56.5,ue_n042_0004,gNB_5G,-70,gNB_4G_2,-82,0.188416,1,0.0399283,0,14.3758,28
57.5,ue_n042_0001,gNB_4G_2,-65,gNB_5G,-69,0.4096,6,6.03993,1,33.7894,25
57.5,car_north_peak_001,gNB_4G_2,-53,gNB_4G_1,-75,0.4096,1,12.8399,0,55.8344,28
57.5,car_north_peak_002_rider,gNB_4G_2,-55,gNB_4G_1,-69,0.4096,1,6.83993,0,21.1143,28
57.5,car_north_peak_003_rider,gNB_4G_2,-62,gNB_4G_1,-70,0.4096,1,1.43993,0,52.1421,28
57.5,ue_n042_0002,gNB_4G_2,-70,gNB_5G,-68,0.4096,6,3.63993,1,39.8074,28
57.5,ue_ujeongwon_0001,gNB_4G_1,-60,gNB_5G,-82,0.4096,4,35.8399,1,56.3635,28
57.5,car_north_peak_004,gNB_4G_1,-63,gNB_5G,-65,0.401408,0,-1,0,1.64567,4
57.5,car_north_peak_005,gNB_4G_1,-58,gNB_5G,-78,0.4096,0,-1,0,49.623,28
57.5,ue_n043_0001,gNB_5G,-55,gNB_4G_2,-72,0.4096,5,1.03993,1,23.6051,13
57.5,ue_n042_0003,gNB_4G_2,-71,gNB_5G,-73,0.4096,4,15.8399,1,38.7523,28
57.5,ue_n001_0001,gNB_4G_1,-61,gNB_5G,-70,0.4096,0,-1,0,51.3062,28
57.5,ue_n001_0002,gNB_4G_1,-73,gNB_5G,-82,0.4096,0,-1,0,47.2249,28
57.5,ue_ujeongwon_0002,gNB_4G_1,-56,gNB_5G,-100,0.4096,4,10.8399,1,51.5641,28
57.5,ue_ujeongwon_0003,gNB_4G_1,-54,gNB_5G,-103,0.4096,0,-1,0,45.6296,28
57.5,ue_n001_0003,gNB_4G_1,-70,gNB_5G,-83,0.4096,0,-1,0,24.0403,28
57.5,car_north_base_001_rider,gNB_4G_1,-51,gNB_5G,-85,0.4096,0,-1,0,74.6781,28
57.5,car_north_base_002_rider,gNB_4G_1,-59,gNB_5G,-80,0.4096,0,-1,0,51.2476,28
57.5,ue_n043_0002,gNB_4G_2,-73,gNB_5G,-81,0.4096,4,5.03993,0,36.0256,28
57.5,ue_n001_0004,gNB_4G_1,-68,gNB_5G,-86,0.4096,0,-1,0,34.4377,28
57.5,ue_n043_0003,gNB_4G_2,-72,gNB_5G,-81,0.401408,2,0.839928,0,23.826,24
57.5,car_north_base_003,gNB_4G_1,-68,gNB_4G_2,-94,0.4096,0,-1,0,26.4812,25
57.5,ue_n042_0004,gNB_5G,-71,gNB_4G_2,-82,0.4096,1,1.03993,0,15.152,18
58.5,ue_n042_0001,gNB_4G_2,-66,gNB_5G,-67,0.4096,6,7.03993,1,58.1989,28
58.5,car_north_peak_001,gNB_4G_2,-52,gNB_5G,-63,0.4096,1,13.8399,0,24.6147,28
58.5,car_north_peak_002_rider,gNB_4G_2,-53,gNB_5G,-70,0.4096,1,7.83993,0,18.5077,28
58.5,car_north_peak_003_rider,gNB_4G_2,-58,gNB_5G,-67,0.4096,1,2.43993,0,48.6591,28
58.5,ue_n042_0002,gNB_4G_2,-66,gNB_5G,-67,0.4096,6,4.63993,1,37.7286,28
58.5,ue_ujeongwon_0001,gNB_4G_1,-58,gNB_5G,-82,0.4096,4,36.8399,1,42.464,28
58.5,car_north_peak_004,gNB_4G_1,-60,gNB_4G_2,-61,0.4096,0,-1,0,41.4303,28
58.5,car_north_peak_005,gNB_4G_1,-63,gNB_5G,-69,0.4096,0,-1,0,42.7406,28
58.5,ue_n043_0001,gNB_5G,-55,gNB_4G_2,-66,0.4096,5,2.03993,1,23.0288,28
58.5,ue_n042_0003,gNB_4G_2,-69,gNB_5G,-74,0.4096,4,16.8399,1,33.1351,28
58.5,ue_n001_0001,gNB_4G_1,-55,gNB_5G,-70,0.4096,0,-1,0,48.1441,28
58.5,ue_n001_0002,gNB_4G_1,-63,gNB_5G,-79,0.4096,0,-1,0,36.4793,28
58.5,ue_ujeongwon_0002,gNB_4G_1,-61,gNB_5G,-100,0.4096,4,11.8399,1,44.1671,28
58.5,ue_ujeongwon_0003,gNB_4G_1,-61,gNB_5G,-105,0.4096,0,-1,0,56.5698,28
58.5,ue_n001_0003,gNB_4G_1,-64,gNB_5G,-83,0.4096,0,-1,0,38.1545,28
58.5,car_north_base_001_rider,gNB_4G_1,-48,gNB_5G,-80,0.4096,0,-1,0,78.2981,28
58.5,car_north_base_002_rider,gNB_4G_1,-55,gNB_5G,-95,0.4096,0,-1,0,57.8513,28
58.5,ue_n043_0002,gNB_4G_2,-74,gNB_5G,-81,0.4096,4,6.03993,0,14.935,14
58.5,ue_n001_0004,gNB_4G_1,-70,gNB_5G,-84,0.4096,0,-1,0,32.4978,28
58.5,ue_n043_0003,gNB_4G_2,-74,gNB_5G,-81,0.4096,2,1.83993,0,15.6998,16
58.5,car_north_base_003,gNB_4G_1,-74,gNB_5G,-93,0.4096,0,-1,0,25.9026,26
58.5,ue_n042_0004,gNB_5G,-72,gNB_4G_2,-85,0.4096,1,2.03993,0,12.5164,20
59.5,ue_n042_0001,gNB_4G_2,-53,gNB_5G,-68,0.4096,6,8.03993,1,60.9058,21
59.5,car_north_peak_001,gNB_4G_2,-50,gNB_5G,-62,0.4096,1,14.8399,0,45.5139,28
59.5,car_north_peak_002_rider,gNB_4G_2,-58,gNB_4G_1,-69,0.4096,1,8.83993,0,53.0363,28
59.5,car_north_peak_003_rider,gNB_4G_2,-56,gNB_5G,-73,0.4096,1,3.43993,0,54.3989,28
59.5,ue_n042_0002,gNB_4G_2,-69,gNB_5G,-68,0.4096,6,5.63993,1,44.1319,28
59.5,ue_ujeongwon_0001,gNB_4G_1,-57,gNB_5G,-81,0.4096,4,37.8399,1,47.0442,28
59.5,car_north_peak_004,gNB_4G_2,-60,gNB_4G_1,-66,0.4096,1,0.839928,0,49.5398,14
59.5,car_north_peak_005,gNB_4G_1,-67,gNB_5G,-69,0.4096,0,-1,0,39.1544,28
59.5,ue_n043_0001,gNB_5G,-54,gNB_4G_2,-71,0.4096,5,3.03993,1,48.9914,28
59.5,ue_n042_0003,gNB_4G_2,-71,gNB_5G,-81,0.4096,4,17.8399,1,32.3178,28
59.5,ue_n001_0001,gNB_4G_1,-57,gNB_5G,-72,0.4096,0,-1,0,43.8444,28
59.5,ue_n001_0002,gNB_4G_1,-70,gNB_5G,-92,0.4096,0,-1,0,40.3062,28
59.5,ue_ujeongwon_0002,gNB_4G_1,-56,gNB_5G,-100,0.4096,4,12.8399,1,54.999,20
59.5,ue_ujeongwon_0003,gNB_4G_1,-53,gNB_5G,-106,0.4096,0,-1,0,51.7857,28
59.5,ue_n001_0003,gNB_4G_1,-68,gNB_5G,-78,0.4096,0,-1,0,18.5639,19
59.5,car_north_base_001_rider,gNB_4G_1,-41,gNB_5G,-87,0.4096,0,-1,0,77.6466,28
59.5,car_north_base_002_rider,gNB_4G_1,-52,gNB_4G_2,-98,0.4096,0,-1,0,73.5579,28
59.5,ue_n043_0002,gNB_4G_2,-74,gNB_5G,-82,0.4096,4,7.03993,0,27.8086,28
59.5,ue_n001_0004,gNB_4G_1,-64,gNB_5G,-80,0.4096,0,-1,0,28.8961,28
59.5,ue_n043_0003,gNB_4G_2,-72,gNB_5G,-80,0.4096,2,2.83993,0,34.7768,28
59.5,car_north_base_003,gNB_4G_1,-70,gNB_5G,-84,0.4096,0,-1,0,21.9826,24
59.5,ue_n042_0004,gNB_5G,-74,gNB_4G_2,-84,0.4096,1,3.03993,0,14.6412,20
60.5,ue_n042_0001,gNB_4G_2,-49,gNB_5G,-73,0.4096,6,9.03993,1,24.872,27
60.5,car_north_peak_001,gNB_4G_2,-49,gNB_5G,-70,0.4096,1,15.8399,0,54.7201,28
60.5,car_north_peak_002_rider,gNB_4G_2,-58,gNB_5G,-66,0.4096,1,9.83993,0,29.1857,28
60.5,car_north_peak_003_rider,gNB_4G_2,-56,gNB_5G,-68,0.4096,1,4.43993,0,18.1718,21
60.5,ue_n042_0002,gNB_4G_2,-67,gNB_5G,-67,0.4096,6,6.63993,1,41.1372,28
60.5,ue_ujeongwon_0001,gNB_4G_1,-55,gNB_5G,-81,0.4096,4,38.8399,1,56.7684,28
60.5,car_north_peak_004,gNB_4G_2,-61,gNB_5G,-68,0.4096,1,1.83993,0,45.5446,28
60.5,car_north_peak_005,gNB_4G_1,-72,gNB_5G,-74,0.4096,0,-1,0,35.2662,28
60.5,ue_n043_0001,gNB_5G,-53,gNB_4G_2,-73,0.4096,5,4.03993,1,18.7166,22
60.5,ue_n042_0003,gNB_4G_2,-73,gNB_5G,-80,0.4096,4,18.8399,1,33.2701,28
60.5,ue_n001_0001,gNB_4G_1,-58,gNB_5G,-76,0.4096,0,-1,0,54.3518,28
60.5,ue_n001_0002,gNB_4G_1,-63,gNB_5G,-79,0.4096,0,-1,0,42.7828,28
60.5,ue_ujeongwon_0002,gNB_4G_1,-43,gNB_4G_2,-99,0.4096,4,13.8399,1,41.047,21
60.5,ue_ujeongwon_0003,gNB_4G_1,-59,gNB_5G,-107,0.4096,0,-1,0,42.8895,28
60.5,ue_n001_0003,gNB_4G_1,-61,gNB_4G_2,-77,0.4096,0,-1,0,31.559,28
60.5,car_north_base_001_rider,gNB_4G_1,-49,gNB_5G,-87,0.4096,0,-1,0,65.8804,20
60.5,car_north_base_002_rider,gNB_4G_1,-44,gNB_4G_2,-97,0.4096,0,-1,0,81.8557,28
60.5,ue_n043_0002,gNB_4G_1,-68,gNB_4G_2,-82,0.4096,5,0.839928,0,40.0852,28
60.5,ue_n001_0004,gNB_4G_1,-61,gNB_5G,-81,0.4096,0,-1,0,23.7134,28
60.5,ue_n043_0003,gNB_4G_2,-73,gNB_5G,-84,0.4096,2,3.83993,0,17.9742,18
60.5,car_north_base_003,gNB_4G_1,-64,gNB_5G,-81,0.4096,0,-1,0,37.7232,28
60.5,ue_n042_0004,gNB_5G,-78,gNB_4G_2,-89,0.4096,1,4.03993,0,12.1402,27
61.5,ue_n042_0001,gNB_4G_2,-49,gNB_5G,-69,0.4096,6,10.0399,1,32.0008,28
61.5,car_north_peak_001,gNB_4G_2,-49,gNB_5G,-65,0.4096,1,16.8399,0,57.334,28
61.5,car_north_peak_002_rider,gNB_4G_2,-51,gNB_5G,-67,0.385024,1,10.8399,0,46.121,28
61.5,car_north_peak_003_rider,gNB_4G_2,-56,gNB_5G,-65,0.4096,1,5.43993,0,31.4089,28
61.5,ue_n042_0002,gNB_4G_2,-67,gNB_5G,-66,0.393216,6,7.63993,1,29.0031,28
61.5,ue_ujeongwon_0001,gNB_4G_1,-51,gNB_5G,-83,0.4096,4,39.8399,1,42.7088,28
61.5,car_north_peak_004,gNB_4G_2,-59,gNB_5G,-67,0.4096,1,2.83993,0,51.5288,28
61.5,car_north_peak_005,gNB_5G,-71,gNB_4G_2,-69,0.376832,1,0.639928,0,36.0968,28
61.5,ue_n043_0001,gNB_5G,-53,gNB_4G_2,-70,0.4096,5,5.03993,1,22.6438,27
61.5,ue_n042_0003,gNB_4G_2,-72,gNB_5G,-74,0.4096,4,19.8399,1,34.7529,28
61.5,ue_n001_0001,gNB_4G_1,-59,gNB_5G,-70,0.4096,0,-1,0,42.0336,28
61.5,ue_n001_0002,gNB_4G_1,-61,gNB_5G,-82,0.4096,0,-1,0,41.8668,28
61.5,ue_ujeongwon_0002,gNB_4G_1,-46,gNB_5G,-103,0.4096,4,14.8399,1,44.969,28
61.5,ue_ujeongwon_0003,gNB_4G_1,-61,gNB_5G,-108,0.4096,0,-1,0,47.7343,25
61.5,ue_n001_0003,gNB_4G_1,-61,gNB_5G,-77,0.4096,0,-1,0,44.0941,27
61.5,car_north_base_001_rider,gNB_4G_1,-54,gNB_5G,-76,0.4096,0,-1,0,47.0112,28
61.5,car_north_base_002_rider,gNB_4G_1,-40,gNB_5G,-80,0.4096,0,-1,0,86.137,28
61.5,ue_n043_0002,gNB_4G_1,-70,gNB_4G_2,-74,0.393216,5,1.83993,0,8.87192,12
61.5,ue_n001_0004,gNB_4G_1,-61,gNB_5G,-81,0.4096,0,-1,0,36.9995,28
61.5,ue_n043_0003,gNB_4G_2,-71,gNB_4G_1,-80,0.360448,2,4.83993,0,35.1563,28
61.5,car_north_base_003,gNB_4G_1,-63,gNB_5G,-79,0.4096,0,-1,0,31.4329,28
61.5,ue_n042_0004,gNB_5G,-75,gNB_4G_2,-83,0.4096,1,5.03993,0,23.714,16
62.5,ue_n042_0001,gNB_4G_2,-50,gNB_5G,-69,0.4096,6,11.0399,1,60.4944,28
62.5,car_north_peak_001,gNB_4G_2,-50,gNB_5G,-61,0.4096,1,17.8399,0,51.9396,28
62.5,car_north_peak_002_rider,gNB_4G_2,-64,gNB_5G,-66,0.4096,1,11.8399,0,53.6189,28
62.5,car_north_peak_003_rider,gNB_4G_2,-55,gNB_5G,-67,0.4096,1,6.43993,0,26.0698,27
62.5,ue_n042_0002,gNB_4G_2,-51,gNB_5G,-69,0.4096,6,8.63993,1,63.6766,28
62.5,ue_ujeongwon_0001,gNB_4G_1,-55,gNB_5G,-80,0.4096,4,40.8399,1,56.5988,28
62.5,car_north_peak_004,gNB_4G_2,-59,gNB_5G,-70,0.4096,1,3.83993,0,20.3207,28
62.5,car_north_peak_005,gNB_4G_2,-67,gNB_4G_1,-71,0.4096,2,0.838928,0,30.128,26
62.5,ue_n043_0001,gNB_5G,-54,gNB_4G_2,-69,0.4096,5,6.03993,1,20.7649,26
62.5,ue_n042_0003,gNB_4G_2,-74,gNB_5G,-79,0.4096,4,20.8399,1,32.0254,28
62.5,ue_n001_0001,gNB_4G_1,-60,gNB_5G,-76,0.4096,0,-1,0,52.4349,28
62.5,ue_n001_0002,gNB_4G_1,-62,gNB_5G,-86,0.4096,0,-1,0,45.8385,28
62.5,ue_ujeongwon_0002,gNB_4G_1,-60,gNB_5G,-101,0.4096,4,15.8399,1,48.377,28
62.5,ue_ujeongwon_0003,gNB_4G_1,-47,gNB_4G_2,-106,0.4096,0,-1,0,43.8953,28
62.5,ue_n001_0003,gNB_4G_1,-67,gNB_4G_2,-76,0.4096,0,-1,0,30.0911,28
62.5,car_north_base_001_rider,gNB_4G_1,-53,gNB_5G,-81,0.4096,0,-1,0,44.9272,28
62.5,car_north_base_002_rider,gNB_4G_1,-41,gNB_5G,-81,0.4096,0,-1,0,84.5465,28
62.5,ue_n043_0002,gNB_4G_1,-69,gNB_4G_2,-74,0.393216,5,2.83993,0,15.1668,21
62.5,ue_n001_0004,gNB_4G_1,-65,gNB_5G,-81,0.4096,0,-1,0,36.9016,28
62.5,ue_n043_0003,gNB_4G_2,-71,gNB_4G_1,-75,0.401408,2,5.83993,0,36.2328,28
62.5,car_north_base_003,gNB_4G_1,-64,gNB_5G,-80,0.4096,0,-1,0,20.3329,22
62.5,ue_n042_0004,gNB_5G,-73,gNB_4G_2,-90,0.4096,1,6.03993,0,25.7984,28
63.5,ue_n042_0001,gNB_4G_2,-48,gNB_5G,-70,0.4096,6,12.0399,1,57.3202,28
63.5,car_north_peak_001,gNB_4G_2,-51,gNB_5G,-60,0.4096,1,18.8399,0,11.3368,18
63.5,car_north_peak_002_rider,gNB_4G_2,-57,gNB_5G,-67,0.4096,1,12.8399,0,58.767,28
63.5,car_north_peak_003_rider,gNB_4G_2,-54,gNB_5G,-69,0.4096,1,7.43993,0,55.2962,28
63.5,ue_n042_0002,gNB_4G_2,-48,gNB_5G,-73,0.4096,6,9.63993,1,61.6197,28
63.5,ue_ujeongwon_0001,gNB_4G_1,-53,gNB_5G,-81,0.4096,4,41.8399,1,41.8825,28
63.5,car_north_peak_004,gNB_4G_2,-56,gNB_5G,-65,0.4096,1,4.83993,0,21.0584,28
63.5,car_north_peak_005,gNB_4G_2,-59,gNB_5G,-66,0.4096,2,1.83893,0,19.7013,21
63.5,ue_n043_0001,gNB_5G,-49,gNB_4G_2,-65,0.4096,5,7.03993,1,13.239,28
63.5,ue_n042_0003,gNB_4G_2,-71,gNB_5G,-81,0.4096,4,21.8399,1,36.4686,28
63.5,ue_n001_0001,gNB_4G_1,-55,gNB_5G,-71,0.4096,0,-1,0,43.5741,28
63.5,ue_n001_0002,gNB_4G_1,-62,gNB_5G,-80,0.4096,0,-1,0,44.633,28
63.5,ue_ujeongwon_0002,gNB_4G_1,-47,gNB_5G,-103,0.4096,4,16.8399,1,44.832,28
63.5,ue_ujeongwon_0003,gNB_4G_1,-46,gNB_4G_2,-110,0.4096,0,-1,0,49.6587,28
63.5,ue_n001_0003,gNB_4G_1,-61,gNB_4G_2,-76,0.4096,0,-1,0,42.5274,28
63.5,car_north_base_001_rider,gNB_4G_1,-42,gNB_5G,-76,0.4096,0,-1,0,50.3775,28
63.5,car_north_base_002_rider,gNB_4G_1,-41,gNB_5G,-76,0.4096,0,-1,0,79.2853,28
63.5,ue_n043_0002,gNB_4G_2,-75,gNB_5G,-79,0.352256,6,0.839928,1,27.3567,28
63.5,ue_n001_0004,gNB_4G_1,-62,gNB_5G,-77,0.4096,0,-1,0,24.9281,20
63.5,ue_n043_0003,gNB_4G_2,-72,gNB_4G_1,-73,0.401408,2,6.83993,0,41.447,28
63.5,car_north_base_003,gNB_4G_1,-58,gNB_4G_2,-76,0.4096,0,-1,0,14.4069,12
63.5,ue_n042_0004,gNB_5G,-75,gNB_4G_2,-84,0.4096,1,7.03993,0,33.0285,0
63.5,car_north_base_004,gNB_4G_1,-64,gNB_4G_2,-92,0.172032,0,-1,0,30.9109,27
64.5,ue_n042_0001,gNB_4G_2,-49,gNB_5G,-75,0.4096,6,13.0399,1,55.3223,24
64.5,car_north_peak_001,gNB_4G_2,-53,gNB_5G,-63,0.4096,1,19.8399,0,39.2179,28
64.5,car_north_peak_002_rider,gNB_4G_2,-52,gNB_5G,-61,0.4096,1,13.8399,0,19.5091,26
64.5,car_north_peak_003_rider,gNB_4G_2,-55,gNB_4G_1,-67,0.4096,1,8.43993,0,55.7117,28
64.5,ue_n042_0002,gNB_4G_2,-49,gNB_5G,-69,0.4096,6,10.6399,1,57.9003,28
64.5,ue_ujeongwon_0001,gNB_4G_1,-58,gNB_5G,-80,0.4096,4,42.8399,1,16.5754,20
64.5,car_north_peak_004,gNB_4G_2,-54,gNB_5G,-66,0.4096,1,5.83993,0,47.6222,28
64.5,car_north_peak_005,gNB_4G_2,-60,gNB_5G,-69,0.4096,2,2.83893,0,42.9437,28
64.5,ue_n043_0001,gNB_5G,-56,gNB_4G_2,-68,0.4096,5,8.03993,1,16.3895,28
64.5,ue_n042_0003,gNB_4G_2,-70,gNB_5G,-76,0.4096,4,22.8399,1,34.1216,28
64.5,ue_n001_0001,gNB_4G_1,-55,gNB_5G,-76,0.4096,0,-1,0,42.5588,28
64.5,ue_n001_0002,gNB_4G_1,-68,gNB_5G,-89,0.4096,0,-1,0,36.8198,28
64.5,ue_ujeongwon_0002,gNB_4G_1,-64,gNB_5G,-79,0.4096,4,17.8399,1,41.4927,28
64.5,ue_ujeongwon_0003,gNB_4G_1,-45,gNB_5G,-110,0.4096,0,-1,0,50.7568,28
64.5,ue_n001_0003,gNB_4G_1,-69,gNB_4G_2,-78,0.4096,0,-1,0,23.854,28
64.5,car_north_base_001_rider,gNB_4G_1,-54,gNB_5G,-79,0.4096,0,-1,0,42.955,28
64.5,car_north_base_002_rider,gNB_4G_1,-44,gNB_5G,-80,0.4096,0,-1,0,67.9822,28
64.5,ue_n043_0002,gNB_4G_2,-75,gNB_5G,-80,0.4096,6,1.83993,1,43.2891,28
64.5,ue_n001_0004,gNB_4G_1,-65,gNB_5G,-78,0.4096,0,-1,0,36.1537,28
64.5,ue_n043_0003,gNB_4G_2,-71,gNB_4G_1,-68,0.4096,2,7.83993,0,37.8269,28
64.5,car_north_base_003,gNB_4G_1,-62,gNB_4G_2,-75,0.4096,0,-1,0,21.6507,20
64.5,ue_n042_0004,gNB_5G,-74,gNB_4G_2,-83,0.4096,1,8.03993,0,33.5549,12
64.5,car_north_base_004,gNB_4G_1,-63,gNB_4G_2,-93,0.4096,0,-1,0,30.6117,28
65.5,ue_n042_0001,gNB_4G_2,-49,gNB_5G,-73,0.4096,6,14.0399,1,56.4555,28
65.5,car_north_peak_001,gNB_4G_2,-54,gNB_5G,-63,0.4096,1,20.8399,0,45.7948,28
65.5,car_north_peak_002_rider,gNB_4G_2,-50,gNB_5G,-59,0.4096,1,14.8399,0,61.7097,28
65.5,car_north_peak_003_rider,gNB_4G_2,-56,gNB_5G,-67,0.4096,1,9.43993,0,54.4584,28
65.5,ue_n042_0002,gNB_4G_2,-50,gNB_5G,-69,0.4096,6,11.6399,1,60.2425,28
65.5,ue_ujeongwon_0001,gNB_4G_1,-63,gNB_4G_2,-77,0.4096,4,43.8399,1,42.3229,28
65.5,car_north_peak_004,gNB_4G_2,-62,gNB_4G_1,-66,0.4096,1,6.83993,0,15.9643,11
65.5,car_north_peak_005,gNB_4G_2,-67,gNB_5G,-67,0.4096,2,3.83893,0,50.765,28
65.5,ue_n043_0001,gNB_5G,-57,gNB_4G_2,-69,0.4096,5,9.03993,1,17.5255,21
65.5,ue_n042_0003,gNB_4G_2,-72,gNB_5G,-80,0.4096,4,23.8399,1,32.9683,28
65.5,ue_n001_0001,gNB_4G_1,-66,gNB_5G,-72,0.4096,0,-1,0,42.821,28
65.5,ue_n001_0002,gNB_4G_1,-69,gNB_5G,-85,0.4096,0,-1,0,46.5339,28
65.5,ue_ujeongwon_0002,gNB_4G_1,-63,gNB_5G,-81,0.4096,4,18.8399,1,48.7968,28
65.5,ue_ujeongwon_0003,gNB_4G_1,-47,gNB_4G_2,-112,0.4096,0,-1,0,50.6177,20
65.5,ue_n001_0003,gNB_4G_1,-60,gNB_4G_2,-79,0.4096,0,-1,0,48.809,24
65.5,car_north_base_001_rider,gNB_4G_1,-59,gNB_5G,-81,0.4096,0,-1,0,48.1021,28
65.5,car_north_base_002_rider,gNB_4G_1,-49,gNB_5G,-78,0.4096,0,-1,0,47.2698,28
65.5,ue_n043_0002,gNB_4G_2,-68,gNB_5G,-76,0.4096,6,2.83993,1,11.4772,15
65.5,ue_n001_0004,gNB_4G_1,-71,gNB_5G,-78,0.4096,0,-1,0,35.8221,3
65.5,ue_n043_0003,gNB_4G_2,-72,gNB_5G,-75,0.4096,2,8.83993,0,37.6417,28
65.5,car_north_base_003,gNB_4G_1,-57,gNB_4G_2,-75,0.4096,0,-1,0,16.461,18
65.5,ue_n042_0004,gNB_5G,-77,gNB_4G_2,-89,0.4096,1,9.03993,0,31.1121,28
65.5,car_north_base_004,gNB_4G_1,-66,gNB_4G_2,-93,0.4096,0,-1,0,30.9779,27
65.5,car_north_base_005,gNB_4G_1,-62,gNB_4G_2,-91,0.172032,0,-1,0,33.8705,28
66.5,ue_n042_0001,gNB_4G_2,-49,gNB_5G,-67,0.4096,6,15.0399,1,54.7755,18
66.5,car_north_peak_001,gNB_4G_2,-54,gNB_5G,-66,0.4096,1,21.8399,0,39.839,28
66.5,car_north_peak_002_rider,gNB_4G_2,-49,gNB_5G,-68,0.4096,1,15.8399,0,53.1536,28
66.5,car_north_peak_003_rider,gNB_4G_2,-58,gNB_5G,-68,0.4096,1,10.4399,0,18.5782,22
66.5,ue_n042_0002,gNB_4G_2,-48,gNB_5G,-71,0.4096,6,12.6399,1,56.6092,28
66.5,ue_ujeongwon_0001,gNB_4G_1,-65,gNB_4G_2,-78,0.4096,4,44.8399,1,18.8255,20
66.5,car_north_peak_004,gNB_4G_2,-62,gNB_4G_1,-66,0.4096,1,7.83993,0,16.5141,28
66.5,car_north_peak_005,gNB_4G_2,-61,gNB_5G,-60,0.4096,2,4.83893,0,17.302,22
66.5,ue_n043_0001,gNB_5G,-50,gNB_4G_1,-70,0.4096,5,10.0399,1,16.65,22
66.5,ue_n042_0003,gNB_4G_2,-72,gNB_5G,-81,0.4096,4,24.8399,1,34.9313,28
66.5,ue_n001_0001,gNB_4G_1,-59,gNB_5G,-79,0.4096,0,-1,0,38.2941,28
66.5,ue_n001_0002,gNB_4G_1,-65,gNB_5G,-85,0.4096,0,-1,0,33.4313,28
66.5,ue_ujeongwon_0002,gNB_4G_1,-62,gNB_5G,-84,0.4096,4,19.8399,1,43.8526,28
66.5,ue_ujeongwon_0003,gNB_4G_1,-47,gNB_4G_2,-105,0.4096,0,-1,0,54.3023,28
66.5,ue_n001_0003,gNB_4G_1,-62,gNB_4G_2,-77,0.4096,0,-1,0,16.0842,20
66.5,car_north_base_001_rider,gNB_4G_1,-59,gNB_5G,-88,0.4096,0,-1,0,51.1732,28
66.5,car_north_base_002_rider,gNB_4G_1,-55,gNB_5G,-79,0.4096,0,-1,0,51.3761,28
66.5,ue_n043_0002,gNB_4G_2,-72,gNB_5G,-80,0.4096,6,3.83993,1,41.9543,28
66.5,ue_n001_0004,gNB_4G_1,-66,gNB_5G,-77,0.4096,0,-1,0,29.1203,28
66.5,ue_n043_0003,gNB_4G_2,-73,gNB_5G,-74,0.4096,2,9.83993,0,30.6027,28
66.5,car_north_base_003,gNB_4G_1,-59,gNB_4G_2,-76,0.4096,0,-1,0,25.8877,20
66.5,ue_n042_0004,gNB_5G,-74,gNB_4G_2,-76,0.4096,1,10.0399,0,33.3278,28
66.5,car_north_base_004,gNB_4G_1,-67,gNB_4G_2,-96,0.4096,0,-1,0,29.8609,27
66.5,car_north_base_005,gNB_4G_1,-63,gNB_4G_2,-92,0.4096,0,-1,0,30.5133,27
67.5,ue_n042_0001,gNB_4G_2,-51,gNB_5G,-73,0.4096,6,16.0399,1,51.7721,22
67.5,car_north_peak_001,gNB_4G_2,-56,gNB_5G,-66,0.4096,1,22.8399,0,53.4539,28
67.5,car_north_peak_002_rider,gNB_4G_2,-50,gNB_5G,-65,0.4096,1,16.8399,0,53.351,28
67.5,car_north_peak_003_rider,gNB_4G_2,-59,gNB_5G,-68,0.4096,1,11.4399,0,51.5493,28
67.5,ue_n042_0002,gNB_4G_2,-49,gNB_5G,-73,0.4096,6,13.6399,1,57.1184,28
67.5,ue_ujeongwon_0001,gNB_4G_1,-60,gNB_4G_2,-76,0.376832,4,45.8399,1,7.96751,8
67.5,car_north_peak_004,gNB_4G_2,-64,gNB_4G_1,-70,0.4096,1,8.83993,0,56.4406,28
67.5,car_north_peak_005,gNB_4G_2,-54,gNB_5G,-64,0.4096,2,5.83893,0,57.5023,28
67.5,ue_n043_0001,gNB_5G,-52,gNB_4G_2,-68,0.4096,5,11.0399,1,25.1176,15
67.5,ue_n042_0003,gNB_4G_2,-72,gNB_5G,-75,0.4096,4,25.8399,1,32.1074,28
67.5,ue_n001_0001,gNB_4G_1,-58,gNB_5G,-73,0.4096,0,-1,0,43.8152,28
67.5,ue_n001_0002,gNB_4G_1,-66,gNB_5G,-84,0.4096,0,-1,0,45.2452,18
67.5,ue_ujeongwon_0002,gNB_4G_1,-61,gNB_5G,-81,0.4096,4,20.8399,1,54.8903,28
67.5,ue_ujeongwon_0003,gNB_4G_1,-51,gNB_4G_2,-111,0.4096,0,-1,0,55.6602,28
67.5,ue_n001_0003,gNB_4G_1,-69,gNB_4G_2,-77,0.4096,0,-1,0,21.3586,18
67.5,car_north_base_001_rider,gNB_4G_1,-56,gNB_5G,-88,0.4096,0,-1,0,48.0874,28
67.5,car_north_base_002_rider,gNB_4G_1,-56,gNB_5G,-81,0.4096,0,-1,0,51.1847,28
67.5,ue_n043_0002,gNB_4G_2,-69,gNB_4G_1,-70,0.385024,6,4.83993,1,39.4813,28
67.5,ue_n001_0004,gNB_4G_1,-67,gNB_5G,-79,0.4096,0,-1,0,38.0204,3
67.5,ue_n043_0003,gNB_4G_2,-70,gNB_5G,-74,0.4096,2,10.8399,0,37.3467,28
67.5,car_north_base_003,gNB_4G_1,-60,gNB_5G,-84,0.4096,0,-1,0,44.3243,28
67.5,ue_n042_0004,gNB_5G,-76,gNB_4G_2,-76,0.4096,1,11.0399,0,37.1386,28
67.5,car_north_base_004,gNB_4G_1,-69,gNB_5G,-93,0.4096,0,-1,0,38.7687,28
67.5,car_north_base_005,gNB_4G_1,-62,gNB_4G_2,-93,0.4096,0,-1,0,35.1223,28
68.5,ue_n042_0001,gNB_4G_2,-53,gNB_5G,-75,0.4096,6,17.0399,1,52.7589,19
68.5,car_north_peak_001,gNB_4G_2,-58,gNB_5G,-63,0.4096,1,23.8399,0,49.255,28
68.5,car_north_peak_002_rider,gNB_4G_2,-51,gNB_5G,-65,0.4096,1,17.8399,0,33.341,28
68.5,car_north_peak_003_rider,gNB_4G_2,-58,gNB_5G,-68,0.4096,1,12.4399,0,23.6754,21
68.5,ue_n042_0002,gNB_4G_2,-47,gNB_5G,-68,0.4096,6,14.6399,1,47.3765,28
68.5,ue_ujeongwon_0001,gNB_4G_1,-70,gNB_4G_2,-77,0.360448,4,46.8399,1,24.6011,22
68.5,car_north_peak_004,gNB_4G_2,-55,gNB_4G_1,-66,0.4096,1,9.83993,0,52.9237,27
68.5,car_north_peak_005,gNB_4G_2,-53,gNB_4G_1,-67,0.4096,2,6.83893,0,21.4575,21
68.5,ue_n043_0001,gNB_5G,-55,gNB_4G_2,-61,0.4096,5,12.0399,1,30.6905,28
68.5,ue_n042_0003,gNB_4G_2,-73,gNB_5G,-71,0.4096,4,26.8399,1,34.7211,28
68.5,ue_n001_0001,gNB_4G_1,-57,gNB_5G,-72,0.4096,0,-1,0,42.404,28
68.5,ue_n001_0002,gNB_4G_1,-64,gNB_5G,-89,0.4096,0,-1,0,41.1812,28
68.5,ue_ujeongwon_0002,gNB_4G_1,-65,gNB_5G,-79,0.4096,4,21.8399,1,43.2819,28
68.5,ue_ujeongwon_0003,gNB_4G_1,-46,gNB_5G,-108,0.4096,0,-1,0,44.4349,28
68.5,ue_n001_0003,gNB_4G_1,-61,gNB_4G_2,-77,0.4096,0,-1,0,21.2819,28
68.5,car_north_base_001_rider,gNB_4G_1,-54,gNB_5G,-94,0.4096,0,-1,0,48.2107,28
68.5,car_north_base_002_rider,gNB_4G_1,-56,gNB_5G,-104,0.4096,0,-1,0,58.9627,28
68.5,ue_n043_0002,gNB_4G_2,-71,gNB_4G_1,-72,0.376832,6,5.83993,1,37.7483,28
68.5,ue_n001_0004,gNB_4G_1,-64,gNB_5G,-75,0.4096,0,-1,0,27.7364,14
68.5,ue_n043_0003,gNB_4G_2,-73,gNB_5G,-74,0.4096,2,11.8399,0,38.8745,28
68.5,car_north_base_003,gNB_4G_1,-60,gNB_5G,-84,0.4096,0,-1,0,41.1698,28
68.5,ue_n042_0004,gNB_5G,-74,gNB_4G_2,-74,0.4096,1,12.0399,0,21.4521,11
68.5,car_north_base_004,gNB_4G_1,-67,gNB_5G,-81,0.4096,0,-1,0,22.867,24
68.5,car_north_base_005,gNB_4G_1,-63,gNB_5G,-96,0.4096,0,-1,0,32.2951,28
69.5,ue_n042_0001,gNB_4G_2,-52,gNB_5G,-75,0.4096,6,18.0399,1,52.7222,16
69.5,car_north_peak_001,gNB_4G_2,-62,gNB_5G,-61,0.4096,1,24.8399,0,29.7014,27
69.5,car_north_peak_002_rider,gNB_4G_2,-65,gNB_5G,-65,0.4096,1,18.8399,0,31.1103,28
69.5,car_north_peak_003_rider,gNB_4G_2,-58,gNB_5G,-68,0.4096,1,13.4399,0,50.1344,28
69.5,ue_n042_0002,gNB_4G_2,-43,gNB_5G,-67,0.4096,6,15.6399,1,43.5541,28
69.5,ue_ujeongwon_0001,gNB_4G_1,-57,gNB_4G_2,-75,0.4096,4,47.8399,1,7.29187,12
69.5,car_north_peak_004,gNB_4G_2,-58,gNB_4G_1,-69,0.401408,1,10.8399,0,49.5778,28
69.5,car_north_peak_005,gNB_4G_2,-55,gNB_4G_1,-69,0.360448,2,7.83893,0,11.3163,21
69.5,ue_n043_0001,gNB_5G,-55,gNB_4G_2,-68,0.4096,5,13.0399,1,33.51,28
69.5,ue_n042_0003,gNB_5G,-68,gNB_4G_2,-72,0.4096,5,0.439928,0,36.9311,8
69.5,ue_n001_0001,gNB_4G_1,-57,gNB_5G,-75,0.4096,0,-1,0,39.4654,28
69.5,ue_n001_0002,gNB_4G_1,-63,gNB_5G,-80,0.4096,0,-1,0,43.5743,27
69.5,ue_ujeongwon_0002,gNB_4G_1,-64,gNB_5G,-83,0.4096,4,22.8399,1,55.8632,28
69.5,ue_ujeongwon_0003,gNB_4G_1,-49,gNB_4G_2,-117,0.4096,0,-1,0,59.1624,28
69.5,ue_n001_0003,gNB_4G_1,-61,gNB_4G_2,-76,0.4096,0,-1,0,13.7984,28
69.5,car_north_base_001_rider,gNB_4G_1,-52,gNB_5G,-92,0.4096,0,-1,0,40.2681,28
69.5,car_north_base_002_rider,gNB_4G_1,-58,gNB_5G,-99,0.4096,0,-1,0,53.4038,28
69.5,ue_n043_0002,gNB_4G_2,-73,gNB_4G_1,-74,0.4096,6,6.83993,1,9.90057,13
69.5,ue_n001_0004,gNB_4G_1,-68,gNB_5G,-74,0.4096,0,-1,0,35.2783,28
69.5,ue_n043_0003,gNB_4G_2,-68,gNB_4G_1,-71,0.401408,2,12.8399,0,36.8788,28
69.5,car_north_base_003,gNB_4G_1,-59,gNB_5G,-81,0.4096,0,-1,0,21.1942,28
69.5,ue_n042_0004,gNB_4G_2,-75,gNB_5G,-83,0.4096,2,0.839928,0,37.276,22
69.5,car_north_base_004,gNB_4G_1,-67,gNB_5G,-78,0.4096,0,-1,0,19.3614,20
69.5,car_north_base_005,gNB_4G_1,-69,gNB_5G,-96,0.4096,0,-1,0,40.8163,28
70.5,ue_n042_0001,gNB_4G_2,-53,gNB_5G,-74,0.4096,6,19.0399,1,53.4805,28
70.5,car_north_peak_001,gNB_5G,-61,gNB_4G_2,-67,0.376832,2,0.839928,0,46.1498,28
70.5,car_north_peak_002_rider,gNB_4G_2,-61,gNB_5G,-61,0.4096,1,19.8399,0,35.4363,28
70.5,car_north_peak_003_rider,gNB_4G_2,-59,gNB_5G,-65,0.393216,1,14.4399,0,1.66731,28
70.5,ue_n042_0002,gNB_4G_2,-43,gNB_5G,-67,0.4096,6,16.6399,1,54.4622,28
70.5,ue_ujeongwon_0001,gNB_4G_1,-65,gNB_4G_2,-72,0.4096,4,48.8399,1,18.9505,21
70.5,car_north_peak_004,gNB_4G_2,-61,gNB_4G_1,-70,0.376832,1,11.8399,0,13.2788,28
70.5,car_north_peak_005,gNB_4G_2,-53,gNB_5G,-70,0.425984,2,8.83893,0,44.0574,13
70.5,ue_n043_0001,gNB_5G,-54,gNB_4G_2,-61,0.4096,5,14.0399,1,28.5024,11
70.5,ue_n042_0003,gNB_5G,-71,gNB_4G_2,-73,0.360448,5,1.43993,0,11.8233,28
70.5,ue_n001_0001,gNB_4G_1,-54,gNB_5G,-72,0.4096,0,-1,0,42.5408,28
70.5,ue_n001_0002,gNB_4G_1,-63,gNB_5G,-80,0.401408,0,-1,0,44.6049,28
70.5,ue_ujeongwon_0002,gNB_4G_1,-60,gNB_5G,-81,0.4096,4,23.8399,1,35.9406,7
70.5,ue_ujeongwon_0003,gNB_4G_1,-43,gNB_5G,-117,0.4096,0,-1,0,50.0339,27
70.5,ue_n001_0003,gNB_4G_1,-70,gNB_4G_2,-75,0.4096,0,-1,0,9.41403,28
70.5,car_north_base_001_rider,gNB_4G_1,-52,gNB_5G,-92,0.4096,0,-1,0,48.0781,15
70.5,car_north_base_002_rider,gNB_4G_1,-59,gNB_5G,-92,0.4096,0,-1,0,44.9296,28
70.5,ue_n043_0002,gNB_4G_2,-75,gNB_5G,-80,0.4096,6,7.83993,1,32.2508,28
70.5,ue_n001_0004,gNB_4G_1,-64,gNB_5G,-75,0.4096,0,-1,0,33.1471,19
70.5,ue_n043_0003,gNB_4G_2,-74,gNB_4G_1,-75,0.303104,2,13.8399,0,5.14634,7
70.5,car_north_base_003,gNB_4G_1,-58,gNB_5G,-81,0.4096,0,-1,0,41.0525,28
70.5,ue_n042_0004,gNB_4G_2,-69,gNB_5G,-82,0.385024,2,1.83993,0,28.6008,28
70.5,car_north_base_004,gNB_4G_1,-61,gNB_5G,-80,0.401408,0,-1,0,41.4026,28
70.5,car_north_base_005,gNB_4G_1,-69,gNB_5G,-84,0.4096,0,-1,0,33.3773,28
71.5,ue_n042_0001,gNB_4G_2,-54,gNB_5G,-67,0.4096,6,20.0399,1,50.4655,28
71.5,car_north_peak_001,gNB_4G_2,-58,gNB_5G,-64,0.311296,3,0.639928,1,14.0407,16
71.5,car_north_peak_002_rider,gNB_4G_2,-55,gNB_5G,-63,0.4096,1,20.8399,0,59.6018,28
71.5,car_north_peak_003_rider,gNB_4G_2,-62,gNB_5G,-62,0.393216,1,15.4399,0,58.9152,13
71.5,ue_n042_0002,gNB_4G_2,-48,gNB_5G,-71,0.4096,6,17.6399,1,53.0318,28
71.5,ue_ujeongwon_0001,gNB_4G_1,-62,gNB_4G_2,-75,0.4096,4,49.8399,1,21.8748,23
71.5,car_north_peak_004,gNB_4G_2,-60,gNB_4G_1,-67,0.442368,1,12.8399,0,56.4505,28
71.5,car_north_peak_005,gNB_4G_2,-58,gNB_4G_1,-69,0.401408,2,9.83893,0,45.9548,11
71.5,ue_n043_0001,gNB_5G,-54,gNB_4G_2,-62,0.4096,5,15.0399,1,26.5157,26
71.5,ue_n042_0003,gNB_5G,-71,gNB_4G_2,-72,0.45056,5,2.43993,0,35.7018,28
71.5,ue_n001_0001,gNB_4G_1,-51,gNB_5G,-73,0.4096,0,-1,0,43.3865,28
71.5,ue_n001_0002,gNB_4G_1,-63,gNB_5G,-80,0.417792,0,-1,0,40.1907,28
71.5,ue_ujeongwon_0002,gNB_4G_1,-65,gNB_5G,-83,0.4096,4,24.8399,1,47.933,28
71.5,ue_ujeongwon_0003,gNB_4G_1,-44,gNB_5G,-110,0.4096,0,-1,0,48.2161,28
71.5,ue_n001_0003,gNB_4G_1,-70,gNB_4G_2,-74,0.4096,0,-1,0,43.5329,13
71.5,car_north_base_001_rider,gNB_4G_1,-53,gNB_5G,-83,0.4096,0,-1,0,49.5316,28
71.5,car_north_base_002_rider,gNB_4G_1,-54,gNB_5G,-95,0.4096,0,-1,0,49.2808,28
71.5,ue_n043_0002,gNB_4G_2,-76,gNB_5G,-78,0.4096,6,8.83993,1,31.8462,28
71.5,ue_n001_0004,gNB_4G_1,-67,gNB_5G,-75,0.4096,0,-1,0,33.1196,20
71.5,ue_n043_0003,gNB_4G_2,-76,gNB_4G_1,-73,0.393216,2,14.8399,0,39.4987,28
71.5,car_north_base_003,gNB_4G_1,-53,gNB_5G,-92,0.4096,0,-1,0,58.014,28
71.5,ue_n042_0004,gNB_4G_2,-75,gNB_5G,-73,0.417792,2,2.83993,0,37.792,28
71.5,car_north_base_004,gNB_4G_1,-58,gNB_5G,-82,0.417792,0,-1,0,15.3944,19
71.5,car_north_base_005,gNB_4G_1,-68,gNB_5G,-79,0.4096,0,-1,0,38.1685,28
72.5,ue_n042_0001,gNB_4G_2,-47,gNB_5G,-68,0.4096,6,21.0399,1,45.1207,28
72.5,car_north_peak_001,gNB_4G_2,-57,gNB_5G,-67,0.417792,3,1.63993,1,33.3393,28
72.5,car_north_peak_002_rider,gNB_4G_2,-52,gNB_5G,-66,0.4096,1,21.8399,0,16.7511,21
72.5,car_north_peak_003_rider,gNB_4G_2,-55,gNB_5G,-67,0.4096,1,16.4399,0,41.4343,28
72.5,ue_n042_0002,gNB_4G_2,-53,gNB_5G,-74,0.4096,6,18.6399,1,53.2966,28
72.5,ue_ujeongwon_0001,gNB_4G_1,-66,gNB_4G_2,-76,0.393216,4,50.8399,1,41.3303,28
72.5,car_north_peak_004,gNB_4G_2,-55,gNB_5G,-64,0.4096,1,13.8399,0,19.847,23
72.5,car_north_peak_005,gNB_4G_2,-63,gNB_4G_1,-69,0.417792,2,10.8389,0,48.2928,28
72.5,ue_n043_0001,gNB_5G,-52,gNB_4G_2,-61,0.4096,5,16.0399,1,33.9738,28
72.5,ue_n042_0003,gNB_4G_2,-69,gNB_5G,-71,0.4096,6,0.439928,1,38.0901,28
72.5,ue_n001_0001,gNB_4G_1,-51,gNB_5G,-71,0.4096,0,-1,0,53.1183,28
72.5,ue_n001_0002,gNB_4G_1,-64,gNB_5G,-93,0.4096,0,-1,0,42.8348,28
72.5,ue_ujeongwon_0002,gNB_4G_1,-65,gNB_5G,-84,0.4096,4,25.8399,1,44.6812,28
72.5,ue_ujeongwon_0003,gNB_4G_1,-48,gNB_4G_2,-105,0.4096,0,-1,0,23.3206,21
72.5,ue_n001_0003,gNB_4G_1,-65,gNB_4G_2,-75,0.4096,0,-1,0,26.5194,23
72.5,car_north_base_001_rider,gNB_4G_1,-52,gNB_5G,-102,0.4096,0,-1,0,48.3586,28
72.5,car_north_base_002_rider,gNB_4G_1,-54,gNB_5G,-95,0.4096,0,-1,0,48.1848,28
72.5,ue_n043_0002,gNB_4G_2,-73,gNB_5G,-79,0.4096,6,9.83993,1,34.6196,28
72.5,ue_n001_0004,gNB_4G_1,-65,gNB_5G,-78,0.4096,0,-1,0,29.2752,26
72.5,ue_n043_0003,gNB_4G_2,-71,gNB_5G,-74,0.4096,2,15.8399,0,9.8206,11
72.5,car_north_base_003,gNB_4G_1,-51,gNB_4G_2,-95,0.4096,0,-1,0,70.2498,28
72.5,ue_n042_0004,gNB_4G_2,-71,gNB_5G,-75,0.4096,2,3.83993,0,32.5546,28
72.5,car_north_base_004,gNB_4G_1,-69,gNB_4G_2,-77,0.401408,0,-1,0,14.438,12
72.5,car_north_base_005,gNB_4G_1,-64,gNB_5G,-79,0.4096,0,-1,0,38.5136,28
73.5,ue_n042_0001,gNB_4G_2,-56,gNB_5G,-68,0.4096,6,22.0399,1,51.3077,11
73.5,car_north_peak_001,gNB_4G_2,-63,gNB_5G,-66,0.4096,3,2.63993,1,32.9449,28
73.5,car_north_peak_002_rider,gNB_4G_2,-56,gNB_5G,-65,0.4096,1,22.8399,0,43.2,28
73.5,car_north_peak_003_rider,gNB_4G_2,-51,gNB_5G,-65,0.4096,1,17.4399,0,24.9411,28
73.5,ue_n042_0002,gNB_4G_2,-54,gNB_5G,-71,0.4096,6,19.6399,1,50.3957,28
73.5,ue_ujeongwon_0001,gNB_4G_1,-67,gNB_4G_2,-72,0.376832,4,51.8399,1,50.2256,28
73.5,car_north_peak_004,gNB_4G_2,-57,gNB_5G,-66,0.4096,1,14.8399,0,26.7816,26
73.5,car_north_peak_005,gNB_4G_2,-62,gNB_4G_1,-64,0.4096,2,11.8389,0,15.341,18
73.5,ue_n043_0001,gNB_5G,-55,gNB_4G_2,-67,0.4096,5,17.0399,1,27.4966,28
73.5,ue_n042_0003,gNB_4G_2,-70,gNB_5G,-68,0.4096,6,1.43993,1,36.7956,7
73.5,ue_n001_0001,gNB_4G_1,-50,gNB_5G,-75,0.4096,0,-1,0,41.0886,28
73.5,ue_n001_0002,gNB_4G_1,-65,gNB_4G_2,-91,0.4096,0,-1,0,33.1773,28
73.5,ue_ujeongwon_0002,gNB_4G_1,-61,gNB_5G,-80,0.4096,4,26.8399,1,43.6842,28
73.5,ue_ujeongwon_0003,gNB_4G_1,-53,gNB_4G_2,-114,0.237568,0,-1,0,21.8372,28
73.5,ue_n001_0003,gNB_4G_1,-57,gNB_4G_2,-77,0.36864,0,-1,0,9.27413,28
73.5,car_north_base_001_rider,gNB_4G_1,-52,gNB_5G,-71,0.4096,0,-1,0,41.8288,28
73.5,car_north_base_002_rider,gNB_4G_1,-52,gNB_5G,-92,0.4096,0,-1,0,40.263,28
73.5,ue_n043_0002,gNB_4G_2,-70,gNB_5G,-74,0.344064,6,10.8399,1,36.8671,28
73.5,ue_n001_0004,gNB_4G_1,-65,gNB_5G,-84,0.4096,0,-1,0,32.3204,28
73.5,ue_n043_0003,gNB_4G_2,-71,gNB_5G,-71,0.4096,2,16.8399,0,22.6304,22
73.5,car_north_base_003,gNB_4G_1,-49,gNB_4G_2,-97,0.4096,0,-1,0,74.9369,28
73.5,ue_n042_0004,gNB_4G_2,-72,gNB_5G,-80,0.4096,2,4.83993,0,24.2065,26
73.5,car_north_base_004,gNB_4G_1,-74,gNB_4G_2,-78,0.344064,0,-1,0,32.0654,28
73.5,car_north_base_005,gNB_4G_1,-65,gNB_5G,-80,0.4096,0,-1,0,6.79806,11
74.5,ue_n042_0001,gNB_4G_2,-58,gNB_5G,-64,0.4096,6,23.0399,1,42.2968,28
74.5,car_north_peak_001,gNB_4G_2,-62,gNB_5G,-61,0.385024,3,3.63993,1,33.2097,28
74.5,car_north_peak_002_rider,gNB_4G_2,-58,gNB_5G,-65,0.4096,1,23.8399,0,50.2119,0
74.5,car_north_peak_003_rider,gNB_4G_2,-49,gNB_5G,-68,0.4096,1,18.4399,0,19.5026,28
74.5,ue_n042_0002,gNB_4G_2,-54,gNB_5G,-68,0.4096,6,20.6399,1,47.3113,28
74.5,ue_ujeongwon_0001,gNB_4G_1,-62,gNB_4G_2,-74,0.401408,4,52.8399,1,21.5151,24
74.5,car_north_peak_004,gNB_4G_2,-52,gNB_5G,-63,0.4096,1,15.8399,0,17.6956,24
74.5,car_north_peak_005,gNB_4G_2,-61,gNB_4G_1,-66,0.4096,2,12.8389,0,24.7156,26
74.5,ue_n043_0001,gNB_5G,-51,gNB_4G_2,-58,0.4096,5,18.0399,1,30.6937,28
74.5,ue_n042_0003,gNB_4G_2,-69,gNB_5G,-69,0.385024,6,2.43993,1,33.4427,5
74.5,ue_n001_0001,gNB_4G_1,-49,gNB_5G,-74,0.4096,0,-1,0,58.8413,28
74.5,ue_n001_0002,gNB_4G_1,-59,gNB_4G_2,-90,0.4096,0,-1,0,25.4696,26
74.5,ue_ujeongwon_0002,gNB_4G_1,-60,gNB_5G,-78,0.401408,4,27.8399,1,22.8646,22
74.5,ue_ujeongwon_0003,gNB_4G_1,-53,gNB_4G_2,-114,0.090112,0,-1,0,-13.6149,0
74.5,ue_n001_0003,gNB_4G_1,-70,gNB_4G_2,-75,0.4096,0,-1,0,48.0035,28
74.5,car_north_base_001_rider,gNB_4G_1,-55,gNB_5G,-76,0.4096,0,-1,0,51.8179,28
74.5,car_north_base_002_rider,gNB_4G_1,-52,gNB_5G,-92,0.4096,0,-1,0,49.9306,28
74.5,ue_n043_0002,gNB_5G,-66,gNB_4G_2,-73,0.28672,7,0.839928,0,8.90653,26
74.5,ue_n001_0004,gNB_4G_1,-62,gNB_5G,-82,0.401408,0,-1,0,20.8322,26
74.5,ue_n043_0003,gNB_4G_2,-70,gNB_5G,-74,0.401408,2,17.8399,0,11.6674,16
74.5,car_north_base_003,gNB_4G_1,-41,gNB_5G,-83,0.4096,0,-1,0,52.3812,26
74.5,ue_n042_0004,gNB_5G,-73,gNB_4G_2,-81,0.393216,3,0.639928,1,28.0148,6
74.5,car_north_base_004,gNB_4G_1,-66,gNB_4G_2,-75,0.393216,0,-1,0,13.5405,28
74.5,car_north_base_005,gNB_4G_1,-66,gNB_4G_2,-76,0.401408,0,-1,0,46.8447,28
75.5,ue_n042_0001,gNB_4G_2,-59,gNB_5G,-71,0.4096,6,24.0399,1,40.3406,17
75.5,car_north_peak_001,gNB_4G_2,-66,gNB_5G,-69,0.393216,3,4.63993,1,47.276,28
75.5,car_north_peak_002_rider,gNB_4G_2,-58,gNB_5G,-64,0.393216,1,24.8399,0,52.1798,28
75.5,car_north_peak_003_rider,gNB_4G_2,-50,gNB_5G,-66,0.401408,1,19.4399,0,60.8415,28
75.5,ue_n042_0002,gNB_4G_2,-54,gNB_5G,-68,0.4096,6,21.6399,1,49.7753,28
75.5,ue_ujeongwon_0001,gNB_4G_1,-62,gNB_4G_2,-78,0.417792,4,53.8399,1,11.693,16
75.5,car_north_peak_004,gNB_4G_2,-51,gNB_5G,-69,0.352256,1,16.8399,0,41.7642,28
75.5,car_north_peak_005,gNB_4G_2,-57,gNB_5G,-63,0.385024,2,13.8389,0,40.6787,28
75.5,ue_n043_0001,gNB_5G,-53,gNB_4G_2,-63,0.4096,5,19.0399,1,27.1171,23
75.5,ue_n042_0003,gNB_4G_2,-69,gNB_5G,-69,0.376832,6,3.43993,1,8.1941,2
75.5,ue_n001_0001,gNB_4G_1,-50,gNB_5G,-72,0.4096,0,-1,0,36.9808,28
75.5,ue_n001_0002,gNB_4G_1,-67,gNB_5G,-86,0.4096,0,-1,0,29.8109,28
75.5,ue_ujeongwon_0002,gNB_4G_1,-58,gNB_5G,-80,0.417792,4,28.8399,1,27.6788,28
75.5,ue_ujeongwon_0003,gNB_4G_2,-114,gNB_4G_1,-124,0.139264,0,-1,0,-13.6149,13
75.5,ue_n001_0003,gNB_4G_1,-62,gNB_4G_2,-75,0.417792,0,-1,0,15.4242,28
75.5,car_north_base_001_rider,gNB_4G_1,-53,gNB_5G,-70,0.4096,0,-1,0,34.2964,28
75.5,car_north_base_002_rider,gNB_4G_1,-53,gNB_5G,-83,0.4096,0,-1,0,46.5993,28
75.5,ue_n043_0002,gNB_5G,-59,gNB_4G_2,-67,0.417792,7,1.83993,0,18.6996,26
75.5,ue_n001_0004,gNB_4G_1,-61,gNB_5G,-85,0.417792,0,-1,0,32.3039,2
75.5,ue_n043_0003,gNB_4G_2,-67,gNB_5G,-71,0.401408,2,18.8399,0,36.062,28
75.5,car_north_base_003,gNB_4G_1,-40,gNB_5G,-78,0.4096,0,-1,0,55.0811,2
75.5,ue_n042_0004,gNB_5G,-75,gNB_4G_2,-74,0.36864,3,1.63993,1,35.0077,28
75.5,car_north_base_004,gNB_4G_1,-60,gNB_4G_2,-73,0.393216,0,-1,0,17.7237,28
75.5,car_north_base_005,gNB_4G_1,-64,gNB_4G_2,-76,0.417792,0,-1,0,22.7744,24
75.5,ue_n043_0004,gNB_4G_2,-73,gNB_5G,-80,0.08192,1,0.0399284,0,36.4286,28
76.5,ue_n042_0001,gNB_4G_2,-58,gNB_5G,-74,0.4096,6,25.0399,1,46.8979,28
76.5,car_north_peak_001,gNB_4G_2,-61,gNB_5G,-65,0.385024,3,5.63993,1,45.5268,28
76.5,car_north_peak_002_rider,gNB_4G_2,-56,gNB_5G,-61,0.425984,1,25.8399,0,37.4909,28
76.5,car_north_peak_003_rider,gNB_4G_2,-50,gNB_5G,-65,0.417792,1,20.4399,0,51.1044,27
76.5,ue_n042_0002,gNB_4G_2,-55,gNB_5G,-68,0.4096,6,22.6399,1,48.5509,28
76.5,ue_ujeongwon_0001,gNB_4G_1,-64,gNB_4G_2,-73,0.4096,4,54.8399,1,17.1275,20
76.5,car_north_peak_004,gNB_4G_2,-61,gNB_5G,-63,0.425984,1,17.8399,0,53.8035,28
76.5,car_north_peak_005,gNB_5G,-60,gNB_4G_1,-68,0.294912,3,0.639928,0,-2.23467,5
76.5,ue_n043_0001,gNB_5G,-56,gNB_4G_2,-63,0.4096,5,20.0399,1,31.1528,28
76.5,ue_n042_0003,gNB_4G_2,-67,gNB_5G,-71,0.385024,6,4.43993,1,7.72489,8
76.5,ue_n001_0001,gNB_4G_1,-54,gNB_5G,-81,0.4096,0,-1,0,57.9764,28
76.5,ue_n001_0002,gNB_4G_1,-63,gNB_5G,-85,0.393216,0,-1,0,21.138,26
76.5,ue_ujeongwon_0002,gNB_4G_1,-58,gNB_5G,-83,0.4096,4,29.8399,1,44.7554,26
76.5,ue_ujeongwon_0003,gNB_4G_2,-114,gNB_4G_1,-124,0,0,-1,0,-13.6149,13
76.5,ue_n001_0003,gNB_4G_1,-57,gNB_4G_2,-77,0.4096,0,-1,0,20.4311,28
76.5,car_north_base_001_rider,gNB_4G_1,-67,gNB_5G,-74,0.4096,0,-1,0,36.3309,28
76.5,car_north_base_002_rider,gNB_4G_1,-52,gNB_5G,-102,0.4096,0,-1,0,37.0082,28
76.5,ue_n043_0002,gNB_5G,-61,gNB_4G_1,-69,0.4096,7,2.83993,0,19.2242,28
76.5,ue_n001_0004,gNB_4G_1,-68,gNB_5G,-78,0.4096,0,-1,0,32.875,28
76.5,ue_n043_0003,gNB_5G,-66,gNB_4G_2,-71,0.385024,3,0.639928,0,12.8409,28
76.5,car_north_base_003,gNB_4G_1,-44,gNB_5G,-80,0.4096,0,-1,0,33.4541,28
76.5,ue_n042_0004,gNB_4G_2,-70,gNB_5G,-76,0.335872,4,0.838928,1,31.7885,28
76.5,car_north_base_004,gNB_4G_1,-60,gNB_4G_2,-73,0.4096,0,-1,0,17.3963,28
76.5,car_north_base_005,gNB_4G_1,-68,gNB_4G_2,-76,0.4096,0,-1,0,13.6385,0
76.5,ue_n043_0004,gNB_4G_2,-74,gNB_5G,-80,0.401408,1,1.03993,0,35.419,28
76.5,car_north_base_006_rider,gNB_4G_1,-62,gNB_4G_2,-91,0.188416,0,-1,0,33.5944,28
77.5,ue_n042_0001,gNB_4G_2,-57,gNB_5G,-72,0.4096,6,26.0399,1,45.6177,18
77.5,car_north_peak_001,gNB_5G,-60,gNB_4G_2,-63,0.393216,4,0.439928,1,43.969,28
77.5,car_north_peak_002_rider,gNB_4G_2,-60,gNB_5G,-61,0.4096,1,26.8399,0,40.3005,28
77.5,car_north_peak_003_rider,gNB_4G_2,-51,gNB_5G,-64,0.4096,1,21.4399,0,41.4985,28
77.5,ue_n042_0002,gNB_4G_2,-57,gNB_5G,-65,0.4096,6,23.6399,1,49.9524,28
77.5,ue_ujeongwon_0001,gNB_4G_1,-63,gNB_4G_2,-76,0.4096,4,55.8399,1,38.5168,28
77.5,car_north_peak_004,gNB_4G_2,-49,gNB_5G,-61,0.4096,1,18.8399,0,27.6482,16
77.5,car_north_peak_005,gNB_4G_2,-57,gNB_5G,-65,0.360448,4,0.638928,1,36.7389,28
77.5,ue_n043_0001,gNB_5G,-56,gNB_4G_2,-66,0.4096,5,21.0399,1,27.0902,28
77.5,ue_n042_0003,gNB_4G_2,-68,gNB_5G,-72,0.401408,6,5.43993,1,38.3706,28
77.5,ue_n001_0001,gNB_4G_1,-54,gNB_5G,-76,0.4096,0,-1,0,71.9827,28
77.5,ue_n001_0002,gNB_4G_1,-62,gNB_5G,-72,0.393216,0,-1,0,28.8368,26
77.5,ue_ujeongwon_0002,gNB_4G_1,-58,gNB_5G,-83,0.4096,4,30.8399,1,53.7619,28
77.5,ue_ujeongwon_0003,gNB_4G_2,-114,gNB_4G_1,-124,0,0,-1,0,-13.6149,13
77.5,ue_n001_0003,gNB_4G_1,-61,gNB_4G_2,-75,0.4096,0,-1,0,14.9115,28
77.5,car_north_base_001_rider,gNB_4G_1,-60,gNB_5G,-67,0.4096,0,-1,0,28.4636,28
77.5,car_north_base_002_rider,gNB_4G_1,-51,gNB_5G,-73,0.4096,0,-1,0,53.6205,28
77.5,ue_n043_0002,gNB_5G,-60,gNB_4G_2,-69,0.4096,7,3.83993,0,32.1228,26
77.5,ue_n001_0004,gNB_4G_1,-62,gNB_5G,-83,0.4096,0,-1,0,13.9243,28
77.5,ue_n043_0003,gNB_5G,-66,gNB_4G_2,-71,0.4096,3,1.63993,0,43.4791,11
77.5,car_north_base_003,gNB_4G_1,-50,gNB_5G,-78,0.4096,0,-1,0,21.5412,26
77.5,ue_n042_0004,gNB_4G_2,-72,gNB_5G,-74,0.4096,4,1.83893,1,35.4989,28
77.5,car_north_base_004,gNB_4G_1,-63,gNB_4G_2,-76,0.4096,0,-1,0,44.4005,28
77.5,car_north_base_005,gNB_4G_1,-64,gNB_4G_2,-76,0.4096,0,-1,0,48.7357,14
77.5,ue_n043_0004,gNB_4G_2,-75,gNB_5G,-75,0.352256,1,2.03993,0,14.9628,16
77.5,car_north_base_006_rider,gNB_4G_1,-64,gNB_4G_2,-92,0.4096,0,-1,0,29.955,14
78.5,ue_n042_0001,gNB_4G_2,-58,gNB_5G,-72,0.4096,6,27.0399,1,49.1685,28
78.5,car_north_peak_001,gNB_5G,-63,gNB_4G_2,-63,0.401408,4,1.43993,1,7.62018,28
78.5,car_north_peak_002_rider,gNB_4G_2,-63,gNB_5G,-62,0.401408,1,27.8399,0,45.1899,28
78.5,car_north_peak_003_rider,gNB_4G_2,-58,gNB_5G,-62,0.4096,1,22.4399,0,25.114,27
78.5,ue_n042_0002,gNB_4G_2,-57,gNB_5G,-68,0.4096,6,24.6399,1,38.2789,13
78.5,ue_ujeongwon_0001,gNB_4G_1,-72,gNB_4G_2,-79,0.4096,4,56.8399,1,33.83,21
78.5,car_north_peak_004,gNB_4G_2,-49,gNB_5G,-66,0.4096,1,19.8399,0,19.5655,13
78.5,car_north_peak_005,gNB_4G_2,-49,gNB_5G,-63,0.4096,4,1.63893,1,48.8118,28
78.5,ue_n043_0001,gNB_5G,-56,gNB_4G_2,-60,0.4096,5,22.0399,1,26.3445,23
78.5,ue_n042_0003,gNB_4G_2,-64,gNB_5G,-69,0.4096,6,6.43993,1,41.6392,28
78.5,ue_n001_0001,gNB_4G_1,-49,gNB_5G,-76,0.4096,0,-1,0,63.6127,28
78.5,ue_n001_0002,gNB_4G_1,-66,gNB_5G,-72,0.4096,0,-1,0,25.1802,27
78.5,ue_ujeongwon_0002,gNB_4G_1,-58,gNB_5G,-85,0.4096,4,31.8399,1,49.0219,28
78.5,ue_ujeongwon_0003,gNB_4G_2,-114,gNB_4G_1,-124,0,0,-1,0,-13.6149,13
78.5,ue_n001_0003,gNB_4G_1,-64,gNB_4G_2,-76,0.4096,0,-1,0,48.1864,24
78.5,car_north_base_001_rider,gNB_4G_1,-58,gNB_5G,-74,0.401408,0,-1,0,16.1782,28
78.5,car_north_base_002_rider,gNB_4G_1,-54,gNB_5G,-66,0.4096,0,-1,0,45.9048,28
78.5,ue_n043_0002,gNB_5G,-61,gNB_4G_2,-75,0.4096,7,4.83993,0,29.7792,28
78.5,ue_n001_0004,gNB_4G_1,-62,gNB_5G,-80,0.4096,0,-1,0,42.3698,28
78.5,ue_n043_0003,gNB_5G,-65,gNB_4G_2,-68,0.4096,3,2.63993,0,11.906,25
78.5,car_north_base_003,gNB_4G_1,-43,gNB_5G,-73,0.4096,0,-1,0,51.6689,9
78.5,ue_n042_0004,gNB_4G_2,-66,gNB_5G,-77,0.4096,4,2.83893,1,37.2838,14
78.5,car_north_base_004,gNB_4G_1,-62,gNB_5G,-84,0.4096,0,-1,0,35.2209,21
78.5,car_north_base_005,gNB_4G_1,-64,gNB_4G_2,-76,0.4096,0,-1,0,21.0978,20
78.5,ue_n043_0004,gNB_4G_2,-76,gNB_5G,-76,0.4096,1,3.03993,0,38.661,7
78.5,car_north_base_006_rider,gNB_4G_1,-66,gNB_4G_2,-95,0.4096,0,-1,0,33.134,28
78.5,ue_n043_0005,gNB_5G,-76,gNB_4G_2,-75,0.188416,0,-1,0,11.1774,28
79.5,ue_n042_0001,gNB_4G_2,-58,gNB_5G,-73,0.4096,6,28.0399,1,27.007,25
79.5,car_north_peak_001,gNB_5G,-60,gNB_4G_2,-64,0.401408,4,2.43993,1,44.2173,28
79.5,car_north_peak_002_rider,gNB_4G_2,-63,gNB_5G,-62,0.401408,1,28.8399,0,36.1503,28
79.5,car_north_peak_003_rider,gNB_4G_2,-53,gNB_5G,-62,0.4096,1,23.4399,0,12.8578,21
79.5,ue_n042_0002,gNB_4G_2,-57,gNB_5G,-73,0.4096,6,25.6399,1,47.0885,13
79.5,ue_ujeongwon_0001,gNB_4G_1,-56,gNB_4G_2,-76,0.401408,4,57.8399,1,46.0312,28
79.5,car_north_peak_004,gNB_4G_2,-57,gNB_5G,-62,0.393216,1,20.8399,0,51.1299,28
79.5,car_north_peak_005,gNB_4G_2,-58,gNB_5G,-67,0.4096,4,2.63893,1,23.6209,25
79.5,ue_n043_0001,gNB_5G,-59,gNB_4G_2,-60,0.4096,5,23.0399,1,27.6231,28
79.5,ue_n042_0003,gNB_4G_2,-61,gNB_5G,-69,0.4096,6,7.43993,1,30.0008,24
79.5,ue_n001_0001,gNB_4G_1,-52,gNB_5G,-78,0.4096,0,-1,0,66.6555,28
79.5,ue_n001_0002,gNB_4G_1,-62,gNB_5G,-73,0.393216,0,-1,0,38.704,28
79.5,ue_ujeongwon_0002,gNB_4G_1,-59,gNB_5G,-85,0.4096,4,32.8399,1,27.9728,28
79.5,ue_ujeongwon_0003,gNB_4G_1,-46,gNB_4G_2,-103,0.106496,0,-1,0,44.2827,28
79.5,ue_n001_0003,gNB_4G_1,-61,gNB_4G_2,-76,0.4096,0,-1,0,25.0035,28
79.5,car_north_base_001_rider,gNB_5G,-67,gNB_4G_1,-81,0.352256,1,0.639928,0,42.2936,28
79.5,car_north_base_002_rider,gNB_4G_1,-53,gNB_5G,-71,0.401408,0,-1,0,37.7486,28
79.5,ue_n043_0002,gNB_5G,-61,gNB_4G_2,-74,0.4096,7,5.83993,0,21.4763,28
79.5,ue_n001_0004,gNB_4G_1,-67,gNB_5G,-80,0.4096,0,-1,0,40.1587,28
79.5,ue_n043_0003,gNB_5G,-68,gNB_4G_2,-74,0.376832,3,3.63993,0,37.9263,28
79.5,car_north_base_003,gNB_4G_1,-50,gNB_5G,-77,0.4096,0,-1,0,41.826,27
79.5,ue_n042_0004,gNB_4G_2,-70,gNB_5G,-79,0.4096,4,3.83893,1,34.9482,28
79.5,car_north_base_004,gNB_4G_1,-62,gNB_5G,-84,0.4096,0,-1,0,22.6067,25
79.5,car_north_base_005,gNB_4G_1,-61,gNB_4G_2,-78,0.4096,0,-1,0,34.3672,28
79.5,ue_n043_0004,gNB_4G_2,-73,gNB_5G,-76,0.32768,1,4.03993,0,3.51621,8
79.5,car_north_base_006_rider,gNB_4G_1,-66,gNB_5G,-94,0.4096,0,-1,0,31.4994,2
79.5,ue_n043_0005,gNB_5G,-73,gNB_4G_2,-78,0.401408,0,-1,0,31.3719,28
80.5,ue_n042_0001,gNB_4G_2,-59,gNB_5G,-74,0.4096,6,29.0399,1,44.7913,28
80.5,car_north_peak_001,gNB_5G,-63,gNB_4G_2,-60,0.393216,4,3.43993,1,48.4488,5
80.5,car_north_peak_002_rider,gNB_4G_2,-61,gNB_5G,-61,0.4096,1,29.8399,0,14.8681,8
80.5,car_north_peak_003_rider,gNB_4G_2,-56,gNB_5G,-65,0.4096,1,24.4399,0,19.1179,22
80.5,ue_n042_0002,gNB_4G_2,-57,gNB_5G,-73,0.4096,6,26.6399,1,19.0347,18
80.5,ue_ujeongwon_0001,gNB_4G_1,-62,gNB_4G_2,-73,0.417792,4,58.8399,1,51.3099,28
80.5,car_north_peak_004,gNB_4G_2,-52,gNB_5G,-60,0.4096,1,21.8399,0,23.9052,20
80.5,car_north_peak_005,gNB_4G_2,-50,gNB_5G,-65,0.4096,4,3.63893,1,23.0336,25
80.5,ue_n043_0001,gNB_5G,-55,gNB_4G_2,-56,0.4096,5,24.0399,1,24.1364,28
80.5,ue_n042_0003,gNB_4G_2,-50,gNB_5G,-69,0.4096,6,8.43993,1,33.5336,28
80.5,ue_n001_0001,gNB_4G_1,-48,gNB_5G,-77,0.4096,0,-1,0,65.7958,28
80.5,ue_n001_0002,gNB_4G_1,-62,gNB_5G,-72,0.393216,0,-1,0,26.3628,26
80.5,ue_ujeongwon_0002,gNB_4G_1,-62,gNB_5G,-84,0.4096,4,33.8399,1,45.6182,20
80.5,ue_ujeongwon_0003,gNB_4G_1,-47,gNB_4G_2,-101,0.4096,0,-1,0,44.8238,28
80.5,ue_n001_0003,gNB_4G_1,-59,gNB_5G,-80,0.4096,0,-1,0,25.5637,6
80.5,car_north_base_001_rider,gNB_5G,-66,gNB_4G_1,-67,0.45056,1,1.63993,0,36.0803,28
80.5,car_north_base_002_rider,gNB_4G_1,-53,gNB_5G,-69,0.401408,0,-1,0,42.4451,28
80.5,ue_n043_0002,gNB_5G,-63,gNB_4G_2,-70,0.4096,7,6.83993,0,23.8121,28
80.5,ue_n001_0004,gNB_4G_1,-64,gNB_5G,-91,0.4096,0,-1,0,13.8731,20
80.5,ue_n043_0003,gNB_5G,-71,gNB_4G_2,-73,0.401408,3,4.63993,0,37.0358,28
80.5,car_north_base_003,gNB_4G_1,-58,gNB_5G,-81,0.4096,0,-1,0,48.3922,26
80.5,ue_n042_0004,gNB_4G_2,-73,gNB_5G,-77,0.4096,4,4.83893,1,37.6779,28
80.5,car_north_base_004,gNB_4G_1,-65,gNB_5G,-84,0.4096,0,-1,0,37.1199,28
80.5,car_north_base_005,gNB_4G_1,-60,gNB_5G,-80,0.4096,0,-1,0,42.8745,28
80.5,ue_n043_0004,gNB_4G_1,-72,gNB_5G,-77,0.335872,2,0.0399284,0,11.8356,11
80.5,car_north_base_006_rider,gNB_4G_1,-66,gNB_5G,-80,0.4096,0,-1,0,47.688,0
80.5,ue_n043_0005,gNB_5G,-77,gNB_4G_2,-75,0.401408,0,-1,0,31.5751,28
81.5,ue_n042_0001,gNB_4G_2,-60,gNB_5G,-68,0.4096,6,30.0399,1,43.1889,28
81.5,car_north_peak_001,gNB_5G,-60,gNB_4G_2,-58,0.401408,4,4.43993,1,46.1652,28
81.5,car_north_peak_002_rider,gNB_4G_2,-61,gNB_5G,-61,0.4096,1,30.8399,0,36.8417,28
81.5,car_north_peak_003_rider,gNB_4G_2,-54,gNB_5G,-68,0.4096,1,25.4399,0,51.3379,28
81.5,ue_n042_0002,gNB_4G_2,-58,gNB_5G,-72,0.4096,6,27.6399,1,46.1478,28
81.5,ue_ujeongwon_0001,gNB_4G_1,-62,gNB_4G_2,-77,0.4096,4,59.8399,1,39.3771,28
81.5,car_north_peak_004,gNB_4G_2,-54,gNB_5G,-62,0.4096,1,22.8399,0,33.5072,28
81.5,car_north_peak_005,gNB_4G_2,-48,gNB_5G,-69,0.4096,4,4.63893,1,53.9949,13
81.5,ue_n043_0001,gNB_5G,-54,gNB_4G_2,-60,0.4096,5,25.0399,1,29.415,28
81.5,ue_n042_0003,gNB_4G_2,-49,gNB_5G,-72,0.4096,6,9.43993,1,35.3143,28
81.5,ue_n001_0001,gNB_4G_1,-48,gNB_5G,-77,0.4096,0,-1,0,70.6339,28
81.5,ue_n001_0002,gNB_4G_1,-61,gNB_5G,-69,0.4096,0,-1,0,30.5077,27
81.5,ue_ujeongwon_0002,gNB_4G_1,-64,gNB_5G,-80,0.4096,4,34.8399,1,53.495,28
81.5,ue_ujeongwon_0003,gNB_4G_1,-48,gNB_4G_2,-96,0.4096,0,-1,0,40.5644,28
81.5,ue_n001_0003,gNB_4G_1,-61,gNB_5G,-80,0.4096,0,-1,0,43.2889,28
81.5,car_north_base_001_rider,gNB_4G_2,-61,gNB_4G_1,-70,0.385024,2,0.839928,0,-0.62134,5
81.5,car_north_base_002_rider,gNB_4G_1,-65,gNB_5G,-67,0.4096,0,-1,0,50.4423,28
81.5,ue_n043_0002,gNB_5G,-64,gNB_4G_2,-70,0.4096,7,7.83993,0,18.8602,28
81.5,ue_n001_0004,gNB_4G_1,-66,gNB_5G,-86,0.4096,0,-1,0,46.3134,28
81.5,ue_n043_0003,gNB_5G,-66,gNB_4G_2,-68,0.4096,3,5.63993,0,30.5375,28
81.5,car_north_base_003,gNB_4G_1,-59,gNB_5G,-88,0.4096,0,-1,0,49.361,28
81.5,ue_n042_0004,gNB_4G_2,-74,gNB_5G,-79,0.4096,4,5.83893,1,38.8825,28
81.5,car_north_base_004,gNB_4G_1,-61,gNB_4G_2,-99,0.4096,0,-1,0,41.6268,28
81.5,car_north_base_005,gNB_4G_1,-58,gNB_5G,-83,0.4096,0,-1,0,25.6075,26
81.5,ue_n043_0004,gNB_4G_1,-72,gNB_5G,-75,0.385024,2,1.03993,0,10.7636,28
81.5,car_north_base_006_rider,gNB_4G_1,-63,gNB_5G,-81,0.4096,0,-1,0,28.3236,27
81.5,ue_n043_0005,gNB_4G_2,-72,gNB_5G,-76,0.401408,1,0.639928,0,32.7881,28
82.5,ue_n042_0001,gNB_4G_2,-63,gNB_5G,-67,0.4096,6,31.0399,1,39.5528,28
82.5,car_north_peak_001,gNB_5G,-62,gNB_4G_2,-60,0.4096,4,5.43993,1,44.499,28
82.5,car_north_peak_002_rider,gNB_4G_2,-61,gNB_5G,-60,0.4096,1,31.8399,0,40.0823,28
82.5,car_north_peak_003_rider,gNB_4G_2,-54,gNB_5G,-67,0.4096,1,26.4399,0,18.5071,24
82.5,ue_n042_0002,gNB_4G_2,-58,gNB_5G,-71,0.4096,6,28.6399,1,49.9512,28
82.5,ue_ujeongwon_0001,gNB_4G_1,-69,gNB_4G_2,-76,0.4096,4,60.8399,1,45.9168,28
82.5,car_north_peak_004,gNB_4G_2,-59,gNB_5G,-63,0.4096,1,23.8399,0,41.0462,28
82.5,car_north_peak_005,gNB_4G_2,-49,gNB_5G,-74,0.4096,4,5.63893,1,43.7169,16
82.5,ue_n043_0001,gNB_5G,-50,gNB_4G_2,-61,0.4096,5,26.0399,1,23.5774,28
82.5,ue_n042_0003,gNB_4G_2,-50,gNB_5G,-70,0.4096,6,10.4399,1,28.2023,28
82.5,ue_n001_0001,gNB_4G_1,-46,gNB_5G,-80,0.4096,0,-1,0,72.033,28
82.5,ue_n001_0002,gNB_4G_1,-61,gNB_5G,-70,0.4096,0,-1,0,47.5321,28
82.5,ue_ujeongwon_0002,gNB_4G_1,-54,gNB_5G,-83,0.4096,4,35.8399,1,50.818,28
82.5,ue_ujeongwon_0003,gNB_4G_1,-55,gNB_4G_2,-94,0.4096,0,-1,0,36.8031,28
82.5,ue_n001_0003,gNB_4G_1,-61,gNB_5G,-85,0.4096,0,-1,0,40.8219,28
82.5,car_north_base_001_rider,gNB_4G_2,-61,gNB_4G_1,-66,0.4096,2,1.83993,0,46.2918,21
82.5,car_north_base_002_rider,gNB_4G_1,-60,gNB_5G,-69,0.4096,0,-1,0,49.3522,28
82.5,ue_n043_0002,gNB_5G,-64,gNB_4G_2,-68,0.4096,7,8.83993,0,16.5281,28
82.5,ue_n001_0004,gNB_4G_1,-65,gNB_5G,-85,0.4096,0,-1,0,40.7652,28
82.5,ue_n043_0003,gNB_4G_2,-69,gNB_4G_1,-71,0.4096,4,0.839928,1,41.3945,28
82.5,car_north_base_003,gNB_4G_1,-58,gNB_5G,-93,0.4096,0,-1,0,50.4207,28
82.5,ue_n042_0004,gNB_4G_2,-71,gNB_5G,-78,0.4096,4,6.83893,1,33.0372,28
82.5,car_north_base_004,gNB_4G_1,-50,gNB_4G_2,-100,0.4096,0,-1,0,58.2743,28
82.5,car_north_base_005,gNB_4G_1,-58,gNB_5G,-83,0.4096,0,-1,0,40.8875,28
82.5,ue_n043_0004,gNB_4G_1,-66,gNB_5G,-74,0.417792,2,2.03993,0,13.9669,28
82.5,car_north_base_006_rider,gNB_4G_1,-72,gNB_5G,-82,0.4096,0,-1,0,25.7724,25
82.5,ue_n043_0005,gNB_4G_1,-72,gNB_4G_2,-77,0.401408,2,0.0399284,0,40.0192,28
83.5,ue_n042_0001,gNB_5G,-65,gNB_4G_2,-70,0.385024,7,0.639928,0,-2.87361,26
83.5,car_north_peak_001,gNB_5G,-63,gNB_4G_2,-61,0.401408,4,6.43993,1,44.4899,28
83.5,car_north_peak_002_rider,gNB_4G_2,-59,gNB_5G,-60,0.385024,1,32.8399,0,34.9092,28
83.5,car_north_peak_003_rider,gNB_4G_2,-54,gNB_5G,-64,0.401408,1,27.4399,0,43.8129,28
83.5,ue_n042_0002,gNB_4G_2,-59,gNB_5G,-65,0.4096,6,29.6399,1,23.6801,21
83.5,ue_ujeongwon_0001,gNB_4G_1,-66,gNB_4G_2,-73,0.4096,4,61.8399,1,18.4723,17
83.5,car_north_peak_004,gNB_4G_2,-57,gNB_5G,-63,0.344064,1,24.8399,0,-1.8028,3
83.5,car_north_peak_005,gNB_4G_2,-50,gNB_5G,-60,0.401408,4,6.63893,1,11.8016,3
83.5,ue_n043_0001,gNB_5G,-48,gNB_4G_2,-58,0.4096,5,27.0399,1,29.1518,28
83.5,ue_n042_0003,gNB_4G_2,-49,gNB_5G,-69,0.4096,6,11.4399,1,25.1946,28
83.5,ue_n001_0001,gNB_4G_1,-48,gNB_5G,-77,0.4096,0,-1,0,52.4755,28
83.5,ue_n001_0002,gNB_4G_1,-61,gNB_5G,-66,0.401408,0,-1,0,24.1612,24
83.5,ue_ujeongwon_0002,gNB_4G_1,-59,gNB_5G,-81,0.4096,4,36.8399,1,40.3759,28
83.5,ue_ujeongwon_0003,gNB_4G_1,-49,gNB_4G_2,-98,0.4096,0,-1,0,48.3337,28
83.5,ue_n001_0003,gNB_4G_1,-65,gNB_5G,-84,0.4096,0,-1,0,42.7443,28
83.5,car_north_base_001_rider,gNB_4G_2,-57,gNB_5G,-69,0.401408,2,2.83993,0,9.4071,7
83.5,car_north_base_002_rider,gNB_4G_1,-61,gNB_5G,-72,0.376832,0,-1,0,43.3404,28
83.5,ue_n043_0002,gNB_5G,-66,gNB_4G_2,-70,0.4096,7,9.83993,0,11.187,28
83.5,ue_n001_0004,gNB_4G_1,-72,gNB_5G,-86,0.4096,0,-1,0,45.9226,5
83.5,ue_n043_0003,gNB_4G_2,-69,gNB_4G_1,-68,0.311296,4,1.83993,1,7.01326,7
83.5,car_north_base_003,gNB_4G_1,-53,gNB_5G,-93,0.4096,0,-1,0,37.0328,28
83.5,ue_n042_0004,gNB_4G_2,-73,gNB_5G,-78,0.4096,4,7.83893,1,40.4465,8
83.5,car_north_base_004,gNB_4G_1,-48,gNB_4G_2,-100,0.4096,0,-1,0,61.3581,27
83.5,car_north_base_005,gNB_4G_1,-60,gNB_5G,-83,0.4096,0,-1,0,35.4308,28
83.5,ue_n043_0004,gNB_4G_1,-67,gNB_5G,-73,0.319488,2,3.03993,0,-0.177849,10
83.5,car_north_base_006_rider,gNB_4G_1,-70,gNB_5G,-76,0.4096,0,-1,0,17.6534,21
83.5,ue_n043_0005,gNB_4G_1,-72,gNB_5G,-77,0.393216,2,1.03993,0,2.257,28
83.5,ue_ujeongwon_0004,gNB_4G_1,-67,gNB_5G,-90,0.172032,0,-1,0,31.179,1
84.5,ue_n042_0001,gNB_4G_2,-58,gNB_5G,-65,0.376832,8,0.839928,1,45.6829,28
84.5,car_north_peak_001,gNB_4G_2,-59,gNB_5G,-63,0.376832,5,0.838928,1,52.2206,28
84.5,car_north_peak_002_rider,gNB_4G_2,-62,gNB_5G,-64,0.4096,1,33.8399,0,44.188,28
84.5,car_north_peak_003_rider,gNB_4G_2,-55,gNB_5G,-66,0.417792,1,28.4399,0,41.0352,28
84.5,ue_n042_0002,gNB_4G_2,-60,gNB_5G,-71,0.4096,6,30.6399,1,43.4462,28
84.5,ue_ujeongwon_0001,gNB_4G_1,-65,gNB_4G_2,-73,0.4096,4,62.8399,1,23.1814,18
84.5,car_north_peak_004,gNB_4G_2,-59,gNB_5G,-63,0.4096,1,25.8399,0,41.3897,28
84.5,car_north_peak_005,gNB_4G_2,-57,gNB_5G,-63,0.417792,4,7.63893,1,25.3978,26
84.5,ue_n043_0001,gNB_5G,-49,gNB_4G_2,-63,0.4096,5,28.0399,1,33.8376,28
84.5,ue_n042_0003,gNB_4G_2,-49,gNB_5G,-69,0.4096,6,12.4399,1,35.7735,28
84.5,ue_n001_0001,gNB_4G_1,-49,gNB_5G,-72,0.4096,0,-1,0,73.433,28
84.5,ue_n001_0002,gNB_4G_1,-63,gNB_5G,-69,0.417792,0,-1,0,31.3608,27
84.5,ue_ujeongwon_0002,gNB_4G_1,-57,gNB_5G,-82,0.4096,4,37.8399,1,58.7362,28
84.5,ue_ujeongwon_0003,gNB_4G_1,-49,gNB_4G_2,-98,0.4096,0,-1,0,29.992,28
84.5,ue_n001_0003,gNB_4G_1,-64,gNB_5G,-82,0.4096,0,-1,0,43.6411,28
84.5,car_north_base_001_rider,gNB_4G_2,-55,gNB_4G_1,-66,0.417792,2,3.83993,0,23.685,28
84.5,car_north_base_002_rider,gNB_4G_1,-63,gNB_5G,-61,0.385024,0,-1,0,-8.10937,0
84.5,ue_n043_0002,gNB_5G,-67,gNB_4G_1,-66,0.4096,7,10.8399,0,13.328,28
84.5,ue_n001_0004,gNB_4G_1,-64,gNB_5G,-82,0.4096,0,-1,0,41.2224,28
84.5,ue_n043_0003,gNB_5G,-59,gNB_4G_2,-75,0.417792,5,0.839928,1,55.6338,28
84.5,car_north_base_003,gNB_4G_1,-50,gNB_5G,-95,0.4096,0,-1,0,32.9663,28
84.5,ue_n042_0004,gNB_4G_2,-65,gNB_5G,-71,0.4096,4,8.83893,1,34.7399,28
84.5,car_north_base_004,gNB_4G_1,-55,gNB_4G_2,-98,0.4096,0,-1,0,77.2879,28
84.5,car_north_base_005,gNB_4G_1,-54,gNB_5G,-97,0.4096,0,-1,0,44.7463,28
84.5,ue_n043_0004,gNB_4G_2,-70,gNB_5G,-76,0.376832,3,0.839928,1,17.4246,18
84.5,car_north_base_006_rider,gNB_4G_1,-71,gNB_5G,-85,0.4096,0,-1,0,6.14164,7
84.5,ue_n043_0005,gNB_4G_1,-71,gNB_5G,-75,0.393216,2,2.03993,0,42.688,13
84.5,ue_ujeongwon_0004,gNB_4G_1,-68,gNB_5G,-91,0.4096,0,-1,0,32.6107,28
85.5,ue_n042_0001,gNB_4G_2,-60,gNB_5G,-66,0.4096,8,1.83993,1,43.8805,28
85.5,car_north_peak_001,gNB_4G_2,-59,gNB_5G,-62,0.401408,5,1.83893,1,16.4469,22
85.5,car_north_peak_002_rider,gNB_4G_2,-60,gNB_5G,-63,0.4096,1,34.8399,0,35.397,28
85.5,car_north_peak_003_rider,gNB_4G_2,-59,gNB_5G,-63,0.401408,1,29.4399,0,54.6551,21
85.5,ue_n042_0002,gNB_4G_2,-61,gNB_5G,-68,0.4096,6,31.6399,1,38.3382,28
85.5,ue_ujeongwon_0001,gNB_4G_1,-63,gNB_4G_2,-76,0.393216,4,63.8399,1,19.9272,21
85.5,car_north_peak_004,gNB_4G_2,-58,gNB_5G,-64,0.4096,1,26.8399,0,46.7601,28
85.5,car_north_peak_005,gNB_4G_2,-51,gNB_5G,-66,0.4096,4,8.63893,1,38.6114,28
85.5,ue_n043_0001,gNB_5G,-54,gNB_4G_2,-61,0.4096,5,29.0399,1,31.1124,28
85.5,ue_n042_0003,gNB_4G_2,-49,gNB_5G,-69,0.4096,6,13.4399,1,61.0354,25
85.5,ue_n001_0001,gNB_4G_1,-46,gNB_5G,-73,0.4096,0,-1,0,76.153,28
85.5,ue_n001_0002,gNB_4G_1,-59,gNB_5G,-71,0.4096,0,-1,0,32.3886,28
85.5,ue_ujeongwon_0002,gNB_4G_1,-57,gNB_5G,-83,0.4096,4,38.8399,1,41.5394,28
85.5,ue_ujeongwon_0003,gNB_4G_1,-49,gNB_4G_2,-89,0.4096,0,-1,0,46.1541,28
85.5,ue_n001_0003,gNB_4G_1,-65,gNB_5G,-84,0.4096,0,-1,0,49.8328,28
85.5,car_north_base_001_rider,gNB_4G_2,-54,gNB_5G,-70,0.401408,2,4.83993,0,54.4035,28
85.5,car_north_base_002_rider,gNB_4G_2,-61,gNB_5G,-69,0.344064,1,0.839928,0,48.7224,28
85.5,ue_n043_0002,gNB_5G,-69,gNB_4G_1,-69,0.4096,7,11.8399,0,47.9382,28
85.5,ue_n001_0004,gNB_4G_1,-63,gNB_5G,-85,0.4096,0,-1,0,30.2767,28
85.5,ue_n043_0003,gNB_5G,-49,gNB_4G_2,-72,0.4096,5,1.83993,1,57.6178,28
85.5,car_north_base_003,gNB_4G_1,-49,gNB_5G,-93,0.4096,0,-1,0,48.0473,26
85.5,ue_n042_0004,gNB_4G_2,-69,gNB_5G,-76,0.4096,4,9.83893,1,39.9402,28
85.5,car_north_base_004,gNB_4G_1,-44,gNB_5G,-82,0.4096,0,-1,0,76.7969,28
85.5,car_north_base_005,gNB_4G_1,-55,gNB_4G_2,-99,0.4096,0,-1,0,62.6795,28
85.5,ue_n043_0004,gNB_4G_2,-71,gNB_5G,-78,0.401408,3,1.83993,1,38.6491,28
85.5,car_north_base_006_rider,gNB_4G_1,-63,gNB_4G_2,-77,0.4096,0,-1,0,19.3772,21
85.5,ue_n043_0005,gNB_4G_1,-68,gNB_5G,-74,0.311296,2,3.03993,0,-2.05121,18
85.5,ue_ujeongwon_0004,gNB_4G_1,-69,gNB_5G,-76,0.4096,0,-1,0,36.6215,28
86.5,ue_n042_0001,gNB_4G_2,-64,gNB_5G,-65,0.4096,8,2.83993,1,49.006,28
86.5,car_north_peak_001,gNB_4G_2,-60,gNB_5G,-58,0.417792,5,2.83893,1,12.2796,18
86.5,car_north_peak_002_rider,gNB_5G,-59,gNB_4G_2,-63,0.4096,2,0.439928,0,48.7286,28
86.5,car_north_peak_003_rider,gNB_4G_2,-56,gNB_5G,-61,0.417792,1,30.4399,0,24.7823,28
86.5,ue_n042_0002,gNB_4G_2,-69,gNB_5G,-68,0.4096,6,32.6399,1,49.1094,28
86.5,ue_ujeongwon_0001,gNB_4G_1,-76,gNB_5G,-78,0.4096,4,64.8399,1,20.6259,25
86.5,car_north_peak_004,gNB_4G_2,-57,gNB_5G,-63,0.4096,1,27.8399,0,26.5708,23
86.5,car_north_peak_005,gNB_4G_2,-54,gNB_5G,-61,0.4096,4,9.63893,1,39.4379,28
86.5,ue_n043_0001,gNB_5G,-53,gNB_4G_2,-58,0.4096,5,30.0399,1,34.3982,28
86.5,ue_n042_0003,gNB_4G_2,-49,gNB_5G,-71,0.4096,6,14.4399,1,55.2654,28
86.5,ue_n001_0001,gNB_4G_1,-43,gNB_5G,-74,0.4096,0,-1,0,79.1546,28
86.5,ue_n001_0002,gNB_4G_1,-58,gNB_5G,-72,0.4096,0,-1,0,37.198,28
86.5,ue_ujeongwon_0002,gNB_4G_1,-58,gNB_5G,-85,0.4096,4,39.8399,1,38.3372,28
86.5,ue_ujeongwon_0003,gNB_4G_1,-49,gNB_4G_2,-92,0.4096,0,-1,0,45.2189,28
86.5,ue_n001_0003,gNB_4G_1,-63,gNB_5G,-83,0.4096,0,-1,0,24.5281,28
86.5,car_north_base_001_rider,gNB_4G_2,-56,gNB_5G,-67,0.417792,2,5.83993,0,54.7466,28
86.5,car_north_base_002_rider,gNB_4G_2,-62,gNB_5G,-64,0.393216,1,1.83993,0,13.29,18
86.5,ue_n043_0002,gNB_5G,-70,gNB_4G_1,-74,0.4096,7,12.8399,0,47.1991,28
86.5,ue_n001_0004,gNB_4G_1,-66,gNB_5G,-87,0.4096,0,-1,0,45.903,23
86.5,ue_n043_0003,gNB_5G,-54,gNB_4G_2,-69,0.4096,5,2.83993,1,28.6352,28
86.5,car_north_base_003,gNB_4G_1,-49,gNB_5G,-104,0.4096,0,-1,0,48.9507,28
86.5,ue_n042_0004,gNB_4G_2,-71,gNB_5G,-77,0.4096,4,10.8389,1,43.8088,28
86.5,car_north_base_004,gNB_4G_1,-41,gNB_5G,-81,0.4096,0,-1,0,76.148,28
86.5,car_north_base_005,gNB_4G_1,-56,gNB_4G_2,-100,0.4096,0,-1,0,76.9685,28
86.5,ue_n043_0004,gNB_4G_2,-72,gNB_5G,-78,0.417792,3,2.83993,1,39.4692,28
86.5,car_north_base_006_rider,gNB_4G_1,-59,gNB_4G_2,-75,0.4096,0,-1,0,19.7144,21
86.5,ue_n043_0005,gNB_4G_2,-71,gNB_5G,-81,0.319488,3,0.639928,1,39.5452,28
86.5,ue_ujeongwon_0004,gNB_4G_1,-68,gNB_5G,-77,0.4096,0,-1,0,31.2605,28
87.5,ue_n042_0001,gNB_4G_2,-57,gNB_5G,-69,0.4096,8,3.83993,1,30.1149,0
87.5,car_north_peak_001,gNB_4G_2,-60,gNB_5G,-58,0.385024,5,3.83893,1,15.8315,22
87.5,car_north_peak_002_rider,gNB_5G,-59,gNB_4G_2,-60,0.4096,2,1.43993,0,43.9264,28
87.5,car_north_peak_003_rider,gNB_4G_2,-60,gNB_5G,-60,0.401408,1,31.4399,0,53.4377,28
87.5,ue_n042_0002,gNB_4G_2,-59,gNB_5G,-66,0.4096,6,33.6399,1,46.4436,28
87.5,ue_ujeongwon_0001,gNB_5G,-80,gNB_4G_1,-87,0.4096,5,0.639928,0,31.3383,28
87.5,car_north_peak_004,gNB_4G_2,-56,gNB_5G,-61,0.4096,1,28.8399,0,54.4645,28
87.5,car_north_peak_005,gNB_4G_2,-56,gNB_5G,-66,0.401408,4,10.6389,1,53.4619,28
87.5,ue_n043_0001,gNB_5G,-53,gNB_4G_2,-54,0.4096,5,31.0399,1,27.9028,28
87.5,ue_n042_0003,gNB_4G_2,-50,gNB_5G,-72,0.4096,6,15.4399,1,55.4129,28
87.5,ue_n001_0001,gNB_4G_1,-42,gNB_5G,-73,0.4096,0,-1,0,75.0178,28
87.5,ue_n001_0002,gNB_4G_1,-59,gNB_5G,-70,0.4096,0,-1,0,30.7156,27
87.5,ue_ujeongwon_0002,gNB_4G_1,-63,gNB_5G,-80,0.4096,4,40.8399,1,36.33,25
87.5,ue_ujeongwon_0003,gNB_4G_1,-51,gNB_5G,-101,0.4096,0,-1,0,44.4592,16
87.5,ue_n001_0003,gNB_4G_1,-60,gNB_5G,-78,0.4096,0,-1,0,39.4568,28
87.5,car_north_base_001_rider,gNB_4G_2,-56,gNB_4G_1,-67,0.401408,2,6.83993,0,3.92498,6
87.5,car_north_base_002_rider,gNB_4G_2,-57,gNB_5G,-69,0.401408,1,2.83993,0,54.3953,28
87.5,ue_n043_0002,gNB_5G,-70,gNB_4G_2,-69,0.4096,7,13.8399,0,45.7925,28
87.5,ue_n001_0004,gNB_4G_1,-70,gNB_5G,-85,0.4096,0,-1,0,21.4085,28
87.5,ue_n043_0003,gNB_5G,-55,gNB_4G_2,-71,0.4096,5,3.83993,1,49.0066,28
87.5,car_north_base_003,gNB_4G_1,-52,gNB_5G,-73,0.4096,0,-1,0,24.7588,28
87.5,ue_n042_0004,gNB_4G_2,-67,gNB_5G,-79,0.401408,4,11.8389,1,13.6402,15
87.5,car_north_base_004,gNB_4G_1,-40,gNB_5G,-79,0.4096,0,-1,0,73.5765,28
87.5,car_north_base_005,gNB_4G_1,-51,gNB_5G,-86,0.4096,0,-1,0,74.7045,28
87.5,ue_n043_0004,gNB_4G_2,-71,gNB_5G,-81,0.385024,3,3.83993,1,10.4437,28
87.5,car_north_base_006_rider,gNB_4G_1,-58,gNB_4G_2,-76,0.4096,0,-1,0,27.4392,25
87.5,ue_n043_0005,gNB_4G_2,-71,gNB_5G,-79,0.401408,3,1.63993,1,38.6494,28
87.5,ue_ujeongwon_0004,gNB_4G_1,-69,gNB_5G,-98,0.4096,0,-1,0,28.6737,28
87.5,ue_ujeongwon_0005,gNB_4G_1,-67,gNB_5G,-90,0.172032,0,-1,0,41.7945,28
88.5,ue_n042_0001,gNB_5G,-67,gNB_4G_2,-77,0.4096,9,0.639928,1,38.1614,28
88.5,car_north_peak_001,gNB_4G_2,-59,gNB_5G,-66,0.385024,5,4.83893,1,47.6446,28
88.5,car_north_peak_002_rider,gNB_4G_2,-58,gNB_5G,-63,0.4096,3,0.838928,1,47.6489,28
88.5,car_north_peak_003_rider,gNB_4G_2,-58,gNB_5G,-66,0.4096,1,32.4399,0,37.7031,28
88.5,ue_n042_0002,gNB_4G_2,-60,gNB_5G,-66,0.4096,6,34.6399,1,43.8584,28
88.5,ue_ujeongwon_0001,gNB_4G_1,-66,gNB_5G,-80,0.4096,6,0.839928,1,13.6618,28
88.5,car_north_peak_004,gNB_4G_2,-58,gNB_5G,-60,0.401408,1,29.8399,0,13.2621,28
88.5,car_north_peak_005,gNB_4G_2,-57,gNB_5G,-68,0.417792,4,11.6389,1,43.7568,28
88.5,ue_n043_0001,gNB_5G,-51,gNB_4G_2,-54,0.4096,5,32.0399,1,34.7687,28
88.5,ue_n042_0003,gNB_4G_2,-50,gNB_5G,-73,0.4096,6,16.4399,1,54.1521,28
88.5,ue_n001_0001,gNB_4G_1,-41,gNB_5G,-72,0.4096,0,-1,0,75.8278,28
88.5,ue_n001_0002,gNB_4G_1,-59,gNB_5G,-70,0.4096,0,-1,0,30.5211,28
88.5,ue_ujeongwon_0002,gNB_4G_1,-63,gNB_5G,-80,0.4096,4,41.8399,1,42.775,28
88.5,ue_ujeongwon_0003,gNB_4G_1,-50,gNB_5G,-92,0.4096,0,-1,0,47.8572,28
88.5,ue_n001_0003,gNB_4G_1,-56,gNB_5G,-79,0.4096,0,-1,0,24.025,24
88.5,car_north_base_001_rider,gNB_4G_2,-67,gNB_5G,-67,0.393216,2,7.83993,0,54.4619,28
88.5,car_north_base_002_rider,gNB_4G_2,-56,gNB_5G,-66,0.4096,1,3.83993,0,10.1427,13
88.5,ue_n043_0002,gNB_5G,-71,gNB_4G_2,-69,0.4096,7,14.8399,0,4.61756,28
88.5,ue_n001_0004,gNB_4G_1,-63,gNB_5G,-91,0.4096,0,-1,0,22.7094,13
88.5,ue_n043_0003,gNB_5G,-53,gNB_4G_2,-73,0.4096,5,4.83993,1,55.4052,24
88.5,car_north_base_003,gNB_4G_1,-56,gNB_5G,-75,0.4096,0,-1,0,43.3231,28
88.5,ue_n042_0004,gNB_4G_2,-71,gNB_5G,-83,0.417792,4,12.8389,1,8.60577,12
88.5,car_north_base_004,gNB_4G_1,-42,gNB_5G,-77,0.4096,0,-1,0,63.3348,28
88.5,car_north_base_005,gNB_4G_1,-48,gNB_5G,-81,0.4096,0,-1,0,75.1869,28
88.5,ue_n043_0004,gNB_4G_2,-70,gNB_4G_1,-68,0.401408,3,4.83993,1,38.2502,28
88.5,car_north_base_006_rider,gNB_4G_1,-62,gNB_4G_2,-78,0.4096,0,-1,0,16.8195,18
88.5,ue_n043_0005,gNB_4G_2,-72,gNB_5G,-78,0.4096,3,2.63993,1,8.32282,13
88.5,ue_ujeongwon_0004,gNB_4G_1,-72,gNB_5G,-102,0.4096,0,-1,0,28.5936,28
88.5,ue_ujeongwon_0005,gNB_4G_1,-68,gNB_5G,-91,0.4096,0,-1,0,32.7878,28
89.5,ue_n042_0001,gNB_4G_2,-63,gNB_5G,-69,0.4096,10,0.638928,1,52.1398,28
89.5,car_north_peak_001,gNB_4G_2,-59,gNB_5G,-60,0.4096,5,5.83893,1,2.49876,8
89.5,car_north_peak_002_rider,gNB_4G_2,-62,gNB_5G,-62,0.352256,3,1.83893,1,10.1883,10
89.5,car_north_peak_003_rider,gNB_4G_2,-62,gNB_5G,-66,0.401408,1,33.4399,0,45.7321,28
89.5,ue_n042_0002,gNB_4G_2,-62,gNB_5G,-67,0.4096,6,35.6399,1,20.0905,18
89.5,ue_ujeongwon_0001,gNB_4G_1,-78,gNB_5G,-85,0.4096,6,1.83993,1,33.6897,28
89.5,car_north_peak_004,gNB_4G_2,-58,gNB_5G,-60,0.417792,1,30.8399,0,55.495,28
89.5,car_north_peak_005,gNB_4G_2,-57,gNB_5G,-65,0.4096,4,12.6389,1,51.5753,28
89.5,ue_n043_0001,gNB_5G,-50,gNB_4G_2,-52,0.4096,5,33.0399,1,27.4778,28
89.5,ue_n042_0003,gNB_4G_2,-52,gNB_5G,-74,0.4096,6,17.4399,1,51.1209,28
89.5,ue_n001_0001,gNB_4G_1,-40,gNB_5G,-73,0.4096,0,-1,0,75.9928,28
89.5,ue_n001_0002,gNB_4G_1,-57,gNB_5G,-70,0.4096,0,-1,0,34.7358,28
89.5,ue_ujeongwon_0002,gNB_4G_1,-60,gNB_5G,-81,0.4096,4,42.8399,1,15.9824,28
89.5,ue_ujeongwon_0003,gNB_4G_1,-54,gNB_5G,-85,0.4096,0,-1,0,23.5877,28
89.5,ue_n001_0003,gNB_4G_1,-56,gNB_5G,-80,0.4096,0,-1,0,42.1203,28
89.5,car_north_base_001_rider,gNB_4G_2,-57,gNB_5G,-67,0.4096,2,8.83993,0,54.3841,28
89.5,car_north_base_002_rider,gNB_4G_2,-60,gNB_5G,-60,0.393216,1,4.83993,0,57.2518,28
89.5,ue_n043_0002,gNB_4G_2,-65,gNB_5G,-72,0.4096,8,0.839928,0,28.5073,28
89.5,ue_n001_0004,gNB_4G_1,-65,gNB_5G,-92,0.4096,0,-1,0,32.6847,28
89.5,ue_n043_0003,gNB_5G,-52,gNB_4G_2,-69,0.4096,5,5.83993,1,52.1003,26
89.5,car_north_base_003,gNB_4G_1,-58,gNB_5G,-73,0.4096,0,-1,0,29.2889,28
89.5,ue_n042_0004,gNB_4G_2,-73,gNB_5G,-77,0.4096,4,13.8389,1,33.5283,23
89.5,car_north_base_004,gNB_4G_1,-48,gNB_5G,-78,0.4096,0,-1,0,42.9715,28
89.5,car_north_base_005,gNB_4G_1,-43,gNB_5G,-73,0.4096,0,-1,0,68.7428,28
89.5,ue_n043_0004,gNB_4G_2,-72,gNB_4G_1,-74,0.393216,3,5.83993,1,6.14355,5
89.5,car_north_base_006_rider,gNB_4G_1,-62,gNB_4G_2,-78,0.4096,0,-1,0,19.425,20
89.5,ue_n043_0005,gNB_4G_2,-71,gNB_4G_1,-81,0.401408,3,3.63993,1,3.93833,6
89.5,ue_ujeongwon_0004,gNB_4G_1,-73,gNB_4G_2,-95,0.4096,0,-1,0,26.3844,27
89.5,ue_ujeongwon_0005,gNB_4G_1,-69,gNB_5G,-76,0.4096,0,-1,0,28.3546,28
