time_s,ue,serving_cell,rsrp_serving_dbm,neighbor_cell,rsrp_neighbor_dbm,dl_throughput_mbps,ho_count,seconds_since_ho,is_pingpong,dl_sinr_db,dl_mcs
1.5,ue_n042_0001,gNB_4G_2,-69,gNB_5G,-66,0.32768,0,-1,0,42.0361,28
2.5,ue_n042_0001,gNB_4G_2,-68,gNB_5G,-65,0.745472,0,-1,0,42.764,28
3.5,ue_n042_0001,gNB_5G,-64,gNB_4G_2,-69,0.73728,1,0.839928,0,46.0671,28
3.5,car_north_peak_001,gNB_4G_1,-44,gNB_4G_2,-79,0.16384,0,-1,0,63.0414,28
4.5,ue_n042_0001,gNB_5G,-65,gNB_4G_2,-66,0.745472,1,1.83993,0,32.9185,28
4.5,car_north_peak_001,gNB_4G_1,-44,gNB_4G_2,-77,0.376832,0,-1,0,66.7978,28
4.5,car_north_peak_002_rider,gNB_4G_1,-46,gNB_4G_2,-68,0.139264,0,-1,0,60.5802,-1
4.5,car_north_peak_003_rider,gNB_4G_1,-47,gNB_4G_2,-68,0.278528,0,-1,0,58.2566,28
4.5,ue_n042_0002,gNB_4G_2,-68,gNB_5G,-65,0.08192,0,-1,0,43.8238,28
5.5,ue_n042_0001,gNB_4G_2,-67,gNB_5G,-77,0.745472,2,0.639928,1,45.432,28
5.5,car_north_peak_001,gNB_4G_1,-45,gNB_4G_2,-76,0.36864,0,-1,0,62.3335,28
5.5,car_north_peak_002_rider,gNB_4G_1,-46,gNB_4G_2,-67,0.278528,0,-1,0,60.5802,-1
5.5,car_north_peak_003_rider,gNB_4G_1,-48,gNB_4G_2,-68,0.581632,0,-1,0,58.2566,28
5.5,ue_n042_0002,gNB_4G_2,-67,gNB_5G,-64,0.180224,0,-1,0,43.4065,28
6.5,ue_n042_0001,gNB_4G_2,-65,gNB_5G,-70,0.745472,2,1.63993,1,44.3631,28
6.5,car_north_peak_001,gNB_4G_1,-47,gNB_4G_2,-77,0.36864,0,-1,0,62.7924,28
6.5,car_north_peak_002_rider,gNB_4G_1,-45,gNB_4G_2,-72,0.28672,0,-1,0,63.0414,28
6.5,car_north_peak_003_rider,gNB_4G_1,-48,gNB_4G_2,-68,0.589824,0,-1,0,58.2566,28
6.5,ue_n042_0002,gNB_5G,-64,gNB_4G_2,-67,0.180224,1,0.639928,0,45.1642,28
7.5,ue_n042_0001,gNB_4G_2,-66,gNB_5G,-67,0.745472,2,2.63993,1,45.7298,28
7.5,car_north_peak_001,gNB_4G_1,-47,gNB_4G_2,-77,0.376832,0,-1,0,61.8468,28
7.5,car_north_peak_002_rider,gNB_4G_1,-44,gNB_4G_2,-78,0.278528,0,-1,0,66.7977,28
7.5,car_north_peak_003_rider,gNB_4G_1,-48,gNB_4G_2,-68,0.581632,0,-1,0,58.2566,28
7.5,ue_n042_0002,gNB_5G,-66,gNB_4G_2,-66,0.180224,1,1.63993,0,32.9185,28
7.5,ue_ujeongwon_0001,gNB_4G_1,-60,gNB_5G,-62,0.237568,0,-1,0,49.4398,28
8.5,ue_n042_0001,gNB_4G_2,-65,gNB_5G,-67,0.745472,2,3.63993,1,46.7338,28
8.5,car_north_peak_001,gNB_4G_1,-46,gNB_5G,-76,0.36864,0,-1,0,66.9354,28
8.5,car_north_peak_002_rider,gNB_4G_1,-45,gNB_4G_2,-77,0.28672,0,-1,0,62.3335,28
8.5,car_north_peak_003_rider,gNB_4G_1,-48,gNB_4G_2,-68,0.589824,0,-1,0,58.2566,28
8.5,ue_n042_0002,gNB_4G_2,-67,gNB_5G,-77,0.172032,2,0.639928,1,46.847,28
8.5,ue_ujeongwon_0001,gNB_4G_1,-62,gNB_5G,-62,0.540672,0,-1,0,49.7143,28
9.5,ue_n042_0001,gNB_4G_2,-63,gNB_5G,-67,0.745472,2,4.63993,1,49.5451,28
9.5,car_north_peak_001,gNB_4G_1,-46,gNB_4G_2,-77,0.376832,0,-1,0,63.1849,28
9.5,car_north_peak_002_rider,gNB_4G_1,-47,gNB_4G_2,-76,0.278528,0,-1,0,34.9788,28
9.5,car_north_peak_003_rider,gNB_4G_1,-46,gNB_4G_2,-71,0.581632,0,-1,0,63.0414,28
9.5,ue_n042_0002,gNB_4G_2,-64,gNB_5G,-68,0.180224,2,1.63993,1,43.5826,28
9.5,ue_ujeongwon_0001,gNB_4G_1,-60,gNB_5G,-65,0.548864,0,-1,0,52.5215,28
10.5,ue_n042_0001,gNB_4G_2,-61,gNB_5G,-70,0.745472,2,5.63993,1,49.888,28
10.5,car_north_peak_001,gNB_4G_1,-48,gNB_4G_2,-77,0.36864,0,-1,0,65.1505,28
10.5,car_north_peak_002_rider,gNB_4G_1,-50,gNB_5G,-78,0.28672,0,-1,0,56.3416,28
10.5,car_north_peak_003_rider,gNB_4G_1,-44,gNB_4G_2,-78,0.589824,0,-1,0,66.798,28
10.5,ue_n042_0002,gNB_4G_2,-67,gNB_5G,-70,0.180224,2,2.63993,1,45.7069,28
10.5,ue_ujeongwon_0001,gNB_4G_1,-59,gNB_5G,-79,0.548864,0,-1,0,52.5829,28
11.5,ue_n042_0001,gNB_4G_2,-61,gNB_5G,-67,0.745472,2,6.63993,1,48.2577,28
11.5,car_north_peak_001,gNB_4G_1,-47,gNB_4G_2,-71,0.376832,0,-1,0,66.8531,28
11.5,car_north_peak_002_rider,gNB_4G_1,-51,gNB_5G,-75,0.278528,0,-1,0,59.0714,28
11.5,car_north_peak_003_rider,gNB_4G_1,-45,gNB_4G_2,-77,0.581632,0,-1,0,62.3337,28
11.5,ue_n042_0002,gNB_4G_2,-65,gNB_5G,-67,0.172032,2,3.63993,1,46.7209,28
11.5,ue_ujeongwon_0001,gNB_4G_1,-58,gNB_5G,-95,0.540672,0,-1,0,52.8701,28
12.5,ue_n042_0001,gNB_4G_2,-60,gNB_5G,-68,0.745472,2,7.63993,1,54.6055,28
12.5,car_north_peak_001,gNB_4G_1,-44,gNB_4G_2,-63,0.36864,0,-1,0,65.9463,28
12.5,car_north_peak_002_rider,gNB_4G_1,-48,gNB_5G,-77,0.278528,0,-1,0,66.0876,28
12.5,car_north_peak_003_rider,gNB_4G_1,-47,gNB_4G_2,-76,0.581632,0,-1,0,34.6953,28
12.5,ue_n042_0002,gNB_4G_2,-63,gNB_5G,-67,0.180224,2,4.63993,1,48.8249,28
12.5,ue_ujeongwon_0001,gNB_4G_1,-57,gNB_5G,-84,0.548864,0,-1,0,54.9878,28
12.5,car_north_peak_004,gNB_4G_1,-44,gNB_4G_2,-79,0.32768,0,-1,0,63.0385,28
13.5,ue_n042_0001,gNB_4G_2,-55,gNB_5G,-68,0.745472,2,8.63993,1,55.3388,28
13.5,car_north_peak_001,gNB_4G_1,-41,gNB_4G_2,-65,0.376832,0,-1,0,67.5374,28
13.5,car_north_peak_002_rider,gNB_4G_1,-44,gNB_5G,-76,0.28672,0,-1,0,67.7579,28
13.5,car_north_peak_003_rider,gNB_4G_1,-49,gNB_4G_2,-76,0.589824,0,-1,0,61.998,28
13.5,ue_n042_0002,gNB_4G_2,-62,gNB_5G,-68,0.180224,2,5.63993,1,33.4744,28
13.5,ue_ujeongwon_0001,gNB_4G_1,-58,gNB_5G,-66,0.548864,0,-1,0,49.76,28
13.5,car_north_peak_004,gNB_4G_1,-44,gNB_4G_2,-77,0.679936,0,-1,0,66.7919,28
14.5,ue_n042_0001,gNB_4G_2,-54,gNB_5G,-67,0.73728,2,9.63993,1,41.6402,28
14.5,car_north_peak_001,gNB_4G_1,-41,gNB_4G_2,-67,0.36864,0,-1,0,66.8562,28
14.5,car_north_peak_002_rider,gNB_4G_1,-44,gNB_4G_2,-68,0.278528,0,-1,0,67.7198,28
14.5,car_north_peak_003_rider,gNB_4G_1,-48,gNB_5G,-76,0.581632,0,-1,0,38.4619,28
14.5,ue_n042_0002,gNB_4G_2,-61,gNB_5G,-67,0.180224,2,6.63993,1,53.8803,28
14.5,ue_ujeongwon_0001,gNB_4G_1,-58,gNB_5G,-68,0.540672,0,-1,0,55.0271,28
14.5,car_north_peak_004,gNB_4G_1,-46,gNB_4G_2,-78,0.688128,0,-1,0,64.5962,28
15.5,ue_n042_0001,gNB_4G_2,-56,gNB_5G,-67,0.745472,2,10.6399,1,52.3231,28
15.5,car_north_peak_001,gNB_4G_1,-43,gNB_4G_2,-67,0.376832,0,-1,0,70.347,28
15.5,car_north_peak_002_rider,gNB_4G_1,-44,gNB_4G_2,-64,0.28672,0,-1,0,67.9005,28
15.5,car_north_peak_003_rider,gNB_4G_1,-49,gNB_5G,-74,0.589824,0,-1,0,61.1454,28
15.5,ue_n042_0002,gNB_4G_2,-56,gNB_5G,-66,0.172032,2,7.63993,1,54.6108,28
15.5,ue_ujeongwon_0001,gNB_4G_1,-57,gNB_5G,-85,0.548864,0,-1,0,51.8972,28
15.5,car_north_peak_004,gNB_4G_1,-48,gNB_4G_2,-78,0.679936,0,-1,0,59.8086,28
15.5,car_north_peak_005,gNB_4G_1,-48,gNB_4G_2,-78,0.352256,0,-1,0,64.1281,28
16.5,ue_n042_0001,gNB_4G_2,-57,gNB_5G,-69,0.745472,2,11.6399,1,35.1764,28
16.5,car_north_peak_001,gNB_4G_1,-43,gNB_4G_2,-67,0.36864,0,-1,0,66.4125,28
16.5,car_north_peak_002_rider,gNB_4G_1,-41,gNB_4G_2,-64,0.278528,0,-1,0,64.7204,28
16.5,car_north_peak_003_rider,gNB_4G_1,-52,gNB_5G,-76,0.581632,0,-1,0,58.3568,28
16.5,ue_n042_0002,gNB_4G_2,-55,gNB_5G,-68,0.180224,2,8.63993,1,56.8227,28
16.5,ue_ujeongwon_0001,gNB_4G_1,-56,gNB_5G,-78,0.548864,0,-1,0,52.8125,28
16.5,car_north_peak_004,gNB_4G_1,-48,gNB_5G,-77,0.679936,0,-1,0,34.7804,28
16.5,car_north_peak_005,gNB_4G_1,-48,gNB_4G_2,-78,0.8192,0,-1,0,58.6655,28
17.5,ue_n042_0001,gNB_4G_2,-56,gNB_5G,-67,0.745472,2,12.6399,1,53.0799,28
17.5,car_north_peak_001,gNB_4G_1,-38,gNB_4G_2,-78,0.36864,0,-1,0,72.6093,28
17.5,car_north_peak_002_rider,gNB_4G_1,-41,gNB_4G_2,-64,0.28672,0,-1,0,67.7718,28
17.5,car_north_peak_003_rider,gNB_4G_1,-52,gNB_5G,-76,0.589824,0,-1,0,60.9945,28
17.5,ue_n042_0002,gNB_4G_2,-57,gNB_5G,-69,0.180224,2,9.63993,1,47.1812,28
17.5,ue_ujeongwon_0001,gNB_4G_1,-55,gNB_5G,-80,0.540672,0,-1,0,55.6199,28
17.5,car_north_peak_004,gNB_4G_1,-47,gNB_5G,-76,0.688128,0,-1,0,62.2639,28
17.5,car_north_peak_005,gNB_4G_1,-47,gNB_4G_2,-79,0.8192,0,-1,0,61.4039,28
18.5,ue_n042_0001,gNB_4G_2,-58,gNB_5G,-68,0.745472,2,13.6399,1,35.4637,28
18.5,car_north_peak_001,gNB_4G_1,-38,gNB_5G,-79,0.376832,0,-1,0,70.4493,28
18.5,car_north_peak_002_rider,gNB_4G_1,-38,gNB_4G_2,-63,0.278528,0,-1,0,71.4278,28
18.5,car_north_peak_003_rider,gNB_4G_1,-50,gNB_4G_2,-75,0.581632,0,-1,0,66.8726,28
18.5,ue_n042_0002,gNB_4G_2,-61,gNB_5G,-69,0.180224,2,10.6399,1,40.4945,28
18.5,ue_ujeongwon_0001,gNB_4G_1,-56,gNB_5G,-69,0.548864,0,-1,0,44.4294,28
18.5,car_north_peak_004,gNB_4G_1,-47,gNB_4G_2,-77,0.679936,0,-1,0,63.1555,28
18.5,car_north_peak_005,gNB_4G_1,-47,gNB_4G_2,-79,0.8192,0,-1,0,39.5268,28
19.5,ue_n042_0001,gNB_4G_2,-57,gNB_5G,-73,0.745472,2,14.6399,1,54.5085,28
19.5,car_north_peak_001,gNB_4G_1,-41,gNB_5G,-77,0.36864,0,-1,0,76.8352,28
19.5,car_north_peak_002_rider,gNB_4G_1,-41,gNB_4G_2,-63,0.28672,0,-1,0,69.2033,28
19.5,car_north_peak_003_rider,gNB_4G_1,-45,gNB_4G_2,-67,0.581632,0,-1,0,68.2765,28
19.5,ue_n042_0002,gNB_4G_2,-57,gNB_5G,-69,0.172032,2,11.6399,1,35.5221,28
19.5,ue_ujeongwon_0001,gNB_4G_1,-56,gNB_5G,-69,0.548864,0,-1,0,56.6487,28
19.5,car_north_peak_004,gNB_4G_1,-45,gNB_4G_2,-77,0.679936,0,-1,0,66.654,28
19.5,car_north_peak_005,gNB_4G_1,-49,gNB_4G_2,-79,0.8192,0,-1,0,62.2992,28
20.5,ue_n042_0001,gNB_4G_2,-56,gNB_5G,-68,0.745472,2,15.6399,1,41.3191,28
20.5,car_north_peak_001,gNB_4G_1,-40,gNB_4G_2,-83,0.376832,0,-1,0,74.2455,28
20.5,car_north_peak_002_rider,gNB_4G_1,-39,gNB_4G_2,-77,0.278528,0,-1,0,63.6306,28
20.5,car_north_peak_003_rider,gNB_4G_1,-44,gNB_4G_2,-63,0.589824,0,-1,0,33.2664,28
20.5,ue_n042_0002,gNB_4G_2,-56,gNB_5G,-66,0.180224,2,12.6399,1,39.5904,28
20.5,ue_ujeongwon_0001,gNB_4G_1,-56,gNB_5G,-69,0.540672,0,-1,0,55.3125,28
20.5,car_north_peak_004,gNB_4G_1,-45,gNB_4G_2,-72,0.688128,0,-1,0,67.7229,28
20.5,car_north_peak_005,gNB_4G_1,-48,gNB_5G,-75,0.8192,0,-1,0,61.1446,28
21.5,ue_n042_0001,gNB_4G_2,-56,gNB_5G,-67,0.745472,2,16.6399,1,55.7429,28
21.5,car_north_peak_001,gNB_4G_1,-40,gNB_4G_2,-83,0.36864,0,-1,0,79.5628,28
21.5,car_north_peak_002_rider,gNB_4G_1,-38,gNB_5G,-78,0.28672,0,-1,0,72.3676,28
21.5,car_north_peak_003_rider,gNB_4G_1,-44,gNB_4G_2,-65,0.581632,0,-1,0,65.7998,28
21.5,ue_n042_0002,gNB_4G_2,-58,gNB_5G,-65,0.180224,2,13.6399,1,40.0017,28
21.5,ue_ujeongwon_0001,gNB_4G_1,-54,gNB_5G,-78,0.548864,0,-1,0,58.8584,28
21.5,car_north_peak_004,gNB_4G_1,-43,gNB_4G_2,-64,0.679936,0,-1,0,67.3388,28
21.5,car_north_peak_005,gNB_4G_1,-51,gNB_5G,-74,0.8192,0,-1,0,58.4049,28
21.5,ue_n043_0001,gNB_5G,-55,gNB_4G_2,-66,0.12288,0,-1,0,58.2555,28
22.5,ue_n042_0001,gNB_4G_2,-55,gNB_5G,-71,0.745472,2,17.6399,1,43.262,28
22.5,car_north_peak_001,gNB_4G_1,-41,gNB_4G_2,-82,0.376832,0,-1,0,55.0299,28
22.5,car_north_peak_002_rider,gNB_4G_1,-38,gNB_5G,-78,0.278528,0,-1,0,73.9313,28
22.5,car_north_peak_003_rider,gNB_4G_1,-40,gNB_4G_2,-62,0.589824,0,-1,0,30.1262,28
22.5,ue_n042_0002,gNB_4G_2,-56,gNB_5G,-73,0.180224,2,14.6399,1,41.0358,28
22.5,ue_ujeongwon_0001,gNB_4G_1,-52,gNB_5G,-81,0.548864,0,-1,0,58.6884,28
22.5,car_north_peak_004,gNB_4G_1,-41,gNB_4G_2,-64,0.679936,0,-1,0,64.7303,28
22.5,car_north_peak_005,gNB_4G_1,-54,gNB_4G_2,-71,0.8192,0,-1,0,63.0261,28
22.5,ue_n043_0001,gNB_5G,-53,gNB_4G_2,-64,0.262144,0,-1,0,61.5638,28
22.5,ue_n042_0003,gNB_4G_2,-69,gNB_5G,-66,0.188416,0,-1,0,42.036,28
23.5,ue_n042_0001,gNB_4G_2,-55,gNB_5G,-70,0.745472,2,18.6399,1,56.2373,28
23.5,car_north_peak_001,gNB_4G_1,-38,gNB_5G,-78,0.36864,0,-1,0,77.8925,28
23.5,car_north_peak_002_rider,gNB_4G_1,-38,gNB_5G,-76,0.28672,0,-1,0,73.9456,28
23.5,car_north_peak_003_rider,gNB_4G_1,-43,gNB_4G_2,-67,0.581632,0,-1,0,72.8057,28
23.5,ue_n042_0002,gNB_4G_2,-55,gNB_5G,-68,0.172032,2,15.6399,1,52.9505,28
23.5,ue_ujeongwon_0001,gNB_4G_1,-54,gNB_5G,-79,0.540672,0,-1,0,58.8004,28
23.5,car_north_peak_004,gNB_4G_1,-40,gNB_4G_2,-66,0.688128,0,-1,0,70.3614,28
23.5,car_north_peak_005,gNB_4G_1,-55,gNB_4G_2,-63,0.8192,0,-1,0,67.4372,28
23.5,ue_n043_0001,gNB_5G,-50,gNB_4G_2,-61,0.262144,0,-1,0,58.3592,28
23.5,ue_n042_0003,gNB_4G_2,-68,gNB_5G,-66,0.393216,0,-1,0,43.4068,28
24.5,ue_n042_0001,gNB_4G_2,-57,gNB_5G,-68,0.745472,2,19.6399,1,34.3234,28
24.5,car_north_peak_001,gNB_4G_1,-36,gNB_5G,-73,0.376832,0,-1,0,75.1621,28
24.5,car_north_peak_002_rider,gNB_4G_1,-39,gNB_4G_2,-84,0.278528,0,-1,0,55.7027,28
24.5,car_north_peak_003_rider,gNB_4G_1,-43,gNB_5G,-82,0.589824,0,-1,0,37.6131,28
24.5,ue_n042_0002,gNB_4G_2,-56,gNB_5G,-67,0.180224,2,16.6399,1,45.031,28
24.5,ue_ujeongwon_0001,gNB_4G_1,-53,gNB_5G,-72,0.548864,0,-1,0,59.3769,28
24.5,car_north_peak_004,gNB_4G_1,-42,gNB_4G_2,-63,0.679936,0,-1,0,71.5632,28
24.5,car_north_peak_005,gNB_4G_1,-49,gNB_4G_2,-65,0.8192,0,-1,0,63.374,28
24.5,ue_n043_0001,gNB_5G,-51,gNB_4G_2,-58,0.262144,0,-1,0,58.5371,28
24.5,ue_n042_0003,gNB_5G,-64,gNB_4G_2,-67,0.385024,1,0.439928,0,46.0671,28
25.5,ue_n042_0001,gNB_4G_2,-55,gNB_5G,-70,0.73728,2,20.6399,1,57.0344,28
25.5,car_north_peak_001,gNB_4G_1,-36,gNB_5G,-70,0.36864,0,-1,0,78.1233,28
25.5,car_north_peak_002_rider,gNB_4G_1,-38,gNB_4G_2,-83,0.28672,0,-1,0,79.5665,28
25.5,car_north_peak_003_rider,gNB_4G_1,-39,gNB_5G,-77,0.581632,0,-1,0,72.3359,28
25.5,ue_n042_0002,gNB_4G_2,-56,gNB_5G,-71,0.180224,2,17.6399,1,51.9178,28
25.5,ue_ujeongwon_0001,gNB_4G_1,-52,gNB_5G,-64,0.548864,0,-1,0,59.849,28
25.5,car_north_peak_004,gNB_4G_1,-42,gNB_4G_2,-63,0.679936,0,-1,0,70.6762,28
25.5,car_north_peak_005,gNB_4G_1,-45,gNB_4G_2,-67,0.8192,0,-1,0,71.282,28
25.5,ue_n043_0001,gNB_5G,-50,gNB_4G_2,-57,0.270336,0,-1,0,61.8453,28
25.5,ue_n042_0003,gNB_5G,-66,gNB_4G_2,-67,0.393216,1,1.43993,0,32.9185,28
25.5,ue_n001_0001,gNB_4G_1,-51,gNB_5G,-81,0.32768,0,-1,0,59.2514,28
26.5,ue_n042_0001,gNB_4G_2,-55,gNB_5G,-70,0.745472,2,21.6399,1,55.4609,28
26.5,car_north_peak_001,gNB_4G_1,-35,gNB_5G,-66,0.376832,0,-1,0,75.8689,28
26.5,car_north_peak_002_rider,gNB_4G_1,-40,gNB_4G_2,-82,0.278528,0,-1,0,76.2015,28
26.5,car_north_peak_003_rider,gNB_4G_1,-38,gNB_5G,-78,0.581632,0,-1,0,70.4383,28
26.5,ue_n042_0002,gNB_4G_2,-55,gNB_5G,-71,0.180224,2,18.6399,1,56.259,28
26.5,ue_ujeongwon_0001,gNB_4G_1,-49,gNB_5G,-71,0.540672,0,-1,0,57.6019,28
26.5,car_north_peak_004,gNB_4G_1,-41,gNB_4G_2,-72,0.688128,0,-1,0,66.4455,28
26.5,car_north_peak_005,gNB_4G_1,-41,gNB_4G_2,-63,0.8192,0,-1,0,72.1245,28
26.5,ue_n043_0001,gNB_5G,-49,gNB_4G_2,-57,0.262144,0,-1,0,59.7991,28
26.5,ue_n042_0003,gNB_4G_2,-67,gNB_5G,-77,0.393216,2,0.639928,1,45.4338,28
26.5,ue_n001_0001,gNB_4G_1,-49,gNB_4G_2,-80,0.745472,0,-1,0,67.5891,28
27.5,ue_n042_0001,gNB_4G_2,-55,gNB_5G,-70,0.745472,2,22.6399,1,59.1212,28
27.5,car_north_peak_001,gNB_4G_1,-37,gNB_5G,-70,0.36864,0,-1,0,73.9124,28
27.5,car_north_peak_002_rider,gNB_4G_1,-38,gNB_5G,-78,0.28672,0,-1,0,77.8981,28
27.5,car_north_peak_003_rider,gNB_4G_1,-42,gNB_5G,-77,0.589824,0,-1,0,76.8288,28
27.5,ue_n042_0002,gNB_4G_2,-57,gNB_5G,-68,0.172032,2,19.6399,1,45.0698,28
27.5,ue_ujeongwon_0001,gNB_4G_1,-52,gNB_5G,-75,0.548864,0,-1,0,60.4111,28
27.5,car_north_peak_004,gNB_4G_1,-38,gNB_5G,-80,0.679936,0,-1,0,73.4055,28
27.5,car_north_peak_005,gNB_4G_1,-43,gNB_4G_2,-62,0.8192,0,-1,0,72.0318,28
27.5,ue_n043_0001,gNB_5G,-50,gNB_4G_2,-53,0.262144,0,-1,0,59.2777,28
27.5,ue_n042_0003,gNB_4G_2,-65,gNB_5G,-70,0.385024,2,1.63993,1,43.9302,28
27.5,ue_n001_0001,gNB_4G_1,-46,gNB_4G_2,-79,0.73728,0,-1,0,65.7987,28
28.5,ue_n042_0001,gNB_4G_2,-52,gNB_5G,-69,0.745472,2,23.6399,1,57.9856,28
28.5,car_north_peak_001,gNB_4G_1,-38,gNB_5G,-71,0.36864,0,-1,0,74.0457,28
28.5,car_north_peak_002_rider,gNB_4G_1,-36,gNB_5G,-73,0.278528,0,-1,0,78.6548,28
28.5,car_north_peak_003_rider,gNB_4G_1,-40,gNB_4G_2,-83,0.581632,0,-1,0,78.0682,28
28.5,ue_n042_0002,gNB_4G_2,-55,gNB_5G,-70,0.180224,2,20.6399,1,37.05,28
28.5,ue_ujeongwon_0001,gNB_4G_1,-51,gNB_5G,-76,0.548864,0,-1,0,59.0121,28
28.5,car_north_peak_004,gNB_4G_1,-39,gNB_5G,-76,0.679936,0,-1,0,76.1014,28
28.5,car_north_peak_005,gNB_4G_1,-43,gNB_4G_2,-62,0.8192,0,-1,0,73.5865,28
28.5,ue_n043_0001,gNB_5G,-50,gNB_4G_2,-54,0.262144,0,-1,0,54.4914,28
28.5,ue_n042_0003,gNB_4G_2,-66,gNB_5G,-67,0.393216,2,2.63993,1,45.7411,28
28.5,ue_n001_0001,gNB_4G_1,-46,gNB_5G,-78,0.745472,0,-1,0,64.62,28
29.5,ue_n042_0001,gNB_4G_2,-53,gNB_5G,-68,0.745472,2,24.6399,1,47.9813,28
29.5,car_north_peak_001,gNB_4G_1,-35,gNB_4G_2,-81,0.376832,0,-1,0,71.7076,28
29.5,car_north_peak_002_rider,gNB_4G_1,-38,gNB_5G,-69,0.28672,0,-1,0,75.9523,28
29.5,car_north_peak_003_rider,gNB_4G_1,-39,gNB_4G_2,-82,0.589824,0,-1,0,70.1465,28
29.5,ue_n042_0002,gNB_4G_2,-55,gNB_5G,-70,0.180224,2,21.6399,1,38.0871,28
29.5,ue_ujeongwon_0001,gNB_4G_1,-45,gNB_4G_2,-78,0.540672,0,-1,0,66.8636,28
29.5,car_north_peak_004,gNB_4G_1,-36,gNB_5G,-77,0.688128,0,-1,0,75.4661,28
29.5,car_north_peak_005,gNB_4G_1,-44,gNB_4G_2,-73,0.8192,0,-1,0,51.7206,28
29.5,ue_n043_0001,gNB_5G,-51,gNB_4G_2,-55,0.270336,0,-1,0,52.4782,28
29.5,ue_n042_0003,gNB_4G_2,-65,gNB_5G,-67,0.385024,2,3.63993,1,46.7404,28
29.5,ue_n001_0001,gNB_4G_1,-45,gNB_5G,-74,0.745472,0,-1,0,63.4592,28
30.5,ue_n042_0001,gNB_4G_2,-52,gNB_5G,-68,0.745472,2,25.6399,1,56.97,28
30.5,car_north_peak_001,gNB_4G_1,-37,gNB_4G_2,-83,0.36864,0,-1,0,72.8959,28
30.5,car_north_peak_002_rider,gNB_4G_1,-35,gNB_5G,-65,0.278528,0,-1,0,77.081,28
30.5,car_north_peak_003_rider,gNB_4G_1,-35,gNB_4G_2,-83,0.581632,0,-1,0,74.6947,28
30.5,ue_n042_0002,gNB_4G_2,-55,gNB_5G,-70,0.180224,2,22.6399,1,58.917,28
30.5,ue_ujeongwon_0001,gNB_4G_1,-47,gNB_4G_2,-76,0.548864,0,-1,0,65.3604,28
30.5,car_north_peak_004,gNB_4G_1,-38,gNB_4G_2,-83,0.679936,0,-1,0,74.7735,28
30.5,car_north_peak_005,gNB_4G_1,-40,gNB_5G,-76,0.8192,0,-1,0,72.786,28
30.5,ue_n043_0001,gNB_5G,-53,gNB_4G_2,-55,0.262144,0,-1,0,56.6745,28
30.5,ue_n042_0003,gNB_4G_2,-63,gNB_5G,-67,0.393216,2,4.63993,1,49.5484,28
30.5,ue_n001_0001,gNB_4G_1,-48,gNB_5G,-74,0.745472,0,-1,0,60.4304,28
31.5,ue_n042_0001,gNB_4G_2,-53,gNB_5G,-65,0.745472,2,26.6399,1,58.8632,28
31.5,car_north_peak_001,gNB_4G_1,-37,gNB_4G_2,-84,0.376832,0,-1,0,72.774,28
31.5,car_north_peak_002_rider,gNB_4G_1,-39,gNB_5G,-68,0.28672,0,-1,0,54.6144,28
31.5,car_north_peak_003_rider,gNB_4G_1,-36,gNB_5G,-67,0.589824,0,-1,0,78.0003,28
31.5,ue_n042_0002,gNB_4G_2,-53,gNB_5G,-71,0.172032,2,23.6399,1,57.9456,28
31.5,ue_ujeongwon_0001,gNB_4G_1,-52,gNB_4G_2,-84,0.548864,0,-1,0,69.0095,28
31.5,car_north_peak_004,gNB_4G_1,-40,gNB_4G_2,-84,0.679936,0,-1,0,74.7225,28
31.5,car_north_peak_005,gNB_4G_1,-40,gNB_5G,-76,0.8192,0,-1,0,73.9216,28
31.5,ue_n043_0001,gNB_5G,-49,gNB_4G_2,-54,0.262144,0,-1,0,58.5791,28
31.5,ue_n042_0003,gNB_4G_2,-61,gNB_5G,-70,0.393216,2,5.63993,1,28.056,27
31.5,ue_n001_0001,gNB_4G_1,-50,gNB_5G,-76,0.745472,0,-1,0,69.0082,28
32.5,ue_n042_0001,gNB_4G_2,-52,gNB_5G,-65,0.745472,2,27.6399,1,58.7404,28
32.5,car_north_peak_001,gNB_4G_1,-38,gNB_4G_2,-84,0.36864,0,-1,0,72.1795,28
32.5,car_north_peak_002_rider,gNB_4G_1,-36,gNB_5G,-65,0.278528,0,-1,0,74.6438,28
32.5,car_north_peak_003_rider,gNB_4G_1,-40,gNB_5G,-66,0.581632,0,-1,0,74.2634,28
32.5,ue_n042_0002,gNB_4G_2,-53,gNB_5G,-69,0.180224,2,24.6399,1,58.6017,28
32.5,ue_ujeongwon_0001,gNB_4G_1,-43,gNB_4G_2,-88,0.540672,0,-1,0,64.0957,28
32.5,car_north_peak_004,gNB_4G_1,-39,gNB_4G_2,-83,0.688128,0,-1,0,75.4057,28
32.5,car_north_peak_005,gNB_4G_1,-39,gNB_5G,-77,0.8192,0,-1,0,73.9401,28
32.5,ue_n043_0001,gNB_5G,-46,gNB_4G_2,-54,0.262144,0,-1,0,64.1978,28
32.5,ue_n042_0003,gNB_4G_2,-61,gNB_5G,-67,0.385024,2,6.63993,1,48.2583,28
32.5,ue_n001_0001,gNB_4G_1,-45,gNB_5G,-78,0.745472,0,-1,0,61.7102,28
32.5,ue_n001_0002,gNB_4G_1,-41,gNB_5G,-71,0.385024,0,-1,0,70.4522,28
32.5,ue_ujeongwon_0002,gNB_4G_1,-60,gNB_5G,-62,0.303104,0,-1,0,49.4254,28
33.5,ue_n042_0001,gNB_4G_2,-52,gNB_5G,-66,0.745472,2,28.6399,1,56.5283,28
33.5,car_north_peak_001,gNB_4G_1,-39,gNB_4G_2,-94,0.376832,0,-1,0,69.9574,28
33.5,car_north_peak_002_rider,gNB_4G_1,-36,gNB_5G,-66,0.28672,0,-1,0,73.7498,28
33.5,car_north_peak_003_rider,gNB_4G_1,-36,gNB_5G,-76,0.581632,0,-1,0,71.6549,28
33.5,ue_n042_0002,gNB_4G_2,-52,gNB_5G,-67,0.180224,2,25.6399,1,56.968,28
33.5,ue_ujeongwon_0001,gNB_4G_1,-46,gNB_4G_2,-89,0.548864,0,-1,0,67.9652,28
33.5,car_north_peak_004,gNB_4G_1,-38,gNB_4G_2,-83,0.679936,0,-1,0,76.933,28
33.5,car_north_peak_005,gNB_4G_1,-39,gNB_4G_2,-84,0.8192,0,-1,0,74.2468,28
33.5,ue_n043_0001,gNB_5G,-47,gNB_4G_2,-55,0.270336,0,-1,0,63.3956,28
33.5,ue_n042_0003,gNB_4G_2,-60,gNB_5G,-68,0.393216,2,7.63993,1,54.5522,28
33.5,ue_n001_0001,gNB_4G_1,-50,gNB_5G,-76,0.745472,0,-1,0,62.3632,28
33.5,ue_n001_0002,gNB_4G_1,-43,gNB_5G,-71,0.8192,0,-1,0,62.9897,28
33.5,ue_ujeongwon_0002,gNB_4G_1,-62,gNB_5G,-62,0.630784,0,-1,0,49.7089,28
34.5,ue_n042_0001,gNB_4G_2,-54,gNB_5G,-66,0.745472,2,29.6399,1,59.0358,28
34.5,car_north_peak_001,gNB_4G_1,-41,gNB_4G_2,-96,0.36864,0,-1,0,66.3602,28
34.5,car_north_peak_002_rider,gNB_4G_1,-38,gNB_4G_2,-83,0.278528,0,-1,0,73.9222,28
34.5,car_north_peak_003_rider,gNB_4G_1,-36,gNB_5G,-67,0.589824,0,-1,0,78.123,28
34.5,ue_n042_0002,gNB_4G_2,-53,gNB_5G,-64,0.172032,2,26.6399,1,46.8646,28
34.5,ue_ujeongwon_0001,gNB_4G_1,-47,gNB_4G_2,-90,0.548864,0,-1,0,42.3025,28
34.5,car_north_peak_004,gNB_4G_1,-36,gNB_5G,-70,0.679936,0,-1,0,77.9007,28
34.5,car_north_peak_005,gNB_4G_1,-40,gNB_4G_2,-84,0.8192,0,-1,0,70.2185,28
34.5,ue_n043_0001,gNB_5G,-47,gNB_4G_2,-55,0.262144,0,-1,0,58.6694,28
34.5,ue_n042_0003,gNB_4G_2,-57,gNB_5G,-68,0.393216,2,8.63993,1,43.4983,28
34.5,ue_n001_0001,gNB_4G_1,-47,gNB_5G,-76,0.745472,0,-1,0,69.169,28
34.5,ue_n001_0002,gNB_4G_1,-48,gNB_5G,-75,0.8192,0,-1,0,64.6869,28
34.5,ue_ujeongwon_0002,gNB_4G_1,-60,gNB_5G,-63,0.630784,0,-1,0,52.5216,28
34.5,ue_ujeongwon_0003,gNB_4G_1,-56,gNB_4G_2,-76,0.385024,0,-1,0,58.3084,28
35.5,ue_n042_0001,gNB_4G_2,-54,gNB_5G,-67,0.745472,2,30.6399,1,40.2963,28
35.5,car_north_peak_001,gNB_4G_1,-43,gNB_4G_2,-71,0.376832,0,-1,0,64.6257,28
35.5,car_north_peak_002_rider,gNB_4G_1,-37,gNB_4G_2,-80,0.28672,0,-1,0,72.4673,28
35.5,car_north_peak_003_rider,gNB_4G_1,-35,gNB_5G,-65,0.581632,0,-1,0,75.9002,28
35.5,ue_n042_0002,gNB_4G_2,-52,gNB_5G,-65,0.180224,2,27.6399,1,60.168,28
35.5,ue_ujeongwon_0001,gNB_4G_1,-41,gNB_4G_2,-81,0.540672,0,-1,0,39.5714,28
35.5,car_north_peak_004,gNB_4G_1,-36,gNB_5G,-71,0.688128,0,-1,0,57.3764,28
35.5,car_north_peak_005,gNB_4G_1,-35,gNB_4G_2,-83,0.8192,0,-1,0,74.7034,28
35.5,ue_n043_0001,gNB_5G,-48,gNB_4G_2,-55,0.262144,0,-1,0,55.8298,28
35.5,ue_n042_0003,gNB_4G_2,-54,gNB_5G,-67,0.385024,2,9.63993,1,55.1594,28
35.5,ue_n001_0001,gNB_4G_1,-46,gNB_4G_2,-80,0.745472,0,-1,0,69.2835,28
35.5,ue_n001_0002,gNB_4G_1,-49,gNB_5G,-81,0.8192,0,-1,0,63.1222,28
35.5,ue_ujeongwon_0002,gNB_4G_1,-58,gNB_5G,-76,0.622592,0,-1,0,52.8318,28
35.5,ue_ujeongwon_0003,gNB_4G_1,-54,gNB_4G_2,-76,0.8192,0,-1,0,57.2081,28
35.5,ue_n001_0003,gNB_4G_1,-46,gNB_5G,-75,0.352256,0,-1,0,64.6717,28
36.5,ue_n042_0001,gNB_4G_2,-56,gNB_5G,-67,0.73728,2,31.6399,1,57.1395,28
36.5,car_north_peak_001,gNB_4G_1,-43,gNB_4G_2,-68,0.36864,0,-1,0,68.2584,28
36.5,car_north_peak_002_rider,gNB_4G_1,-38,gNB_4G_2,-83,0.278528,0,-1,0,69.8796,28
36.5,car_north_peak_003_rider,gNB_4G_1,-37,gNB_5G,-70,0.589824,0,-1,0,76.8398,28
36.5,ue_n042_0002,gNB_4G_2,-54,gNB_5G,-66,0.180224,2,28.6399,1,56.4602,28
36.5,ue_ujeongwon_0001,gNB_4G_1,-51,gNB_4G_2,-87,0.548864,0,-1,0,68.2166,28
36.5,car_north_peak_004,gNB_4G_1,-38,gNB_5G,-69,0.679936,0,-1,0,76.2233,28
36.5,car_north_peak_005,gNB_4G_1,-36,gNB_5G,-69,0.8192,0,-1,0,77.9819,28
36.5,ue_n043_0001,gNB_5G,-47,gNB_4G_1,-57,0.262144,0,-1,0,62.7096,28
36.5,ue_n042_0003,gNB_4G_2,-55,gNB_5G,-66,0.393216,2,10.6399,1,37.0094,28
36.5,ue_n001_0001,gNB_4G_1,-44,gNB_5G,-80,0.745472,0,-1,0,67.1242,28
36.5,ue_n001_0002,gNB_4G_1,-49,gNB_5G,-77,0.8192,0,-1,0,65.5183,28
36.5,ue_ujeongwon_0002,gNB_4G_1,-58,gNB_5G,-93,0.630784,0,-1,0,52.8702,28
36.5,ue_ujeongwon_0003,gNB_4G_1,-55,gNB_5G,-76,0.8192,0,-1,0,55.8031,28
36.5,ue_n001_0003,gNB_4G_1,-48,gNB_5G,-75,0.8192,0,-1,0,63.9586,28
36.5,car_north_base_001_rider,gNB_4G_1,-46,gNB_4G_2,-68,0.049152,0,-1,0,60.5802,28
37.5,ue_n042_0001,gNB_4G_2,-55,gNB_5G,-69,0.745472,2,32.6399,1,56.6531,28
37.5,car_north_peak_001,gNB_4G_1,-41,gNB_4G_2,-66,0.376832,0,-1,0,67.4743,28
37.5,car_north_peak_002_rider,gNB_4G_1,-41,gNB_4G_2,-86,0.28672,0,-1,0,66.4828,28
37.5,car_north_peak_003_rider,gNB_4G_1,-39,gNB_5G,-69,0.581632,0,-1,0,74.6599,28
37.5,ue_n042_0002,gNB_4G_2,-54,gNB_5G,-66,0.180224,2,29.6399,1,48.353,28
37.5,ue_ujeongwon_0001,gNB_4G_1,-53,gNB_4G_2,-85,0.548864,0,-1,0,68.6829,28
37.5,car_north_peak_004,gNB_4G_1,-41,gNB_5G,-66,0.679936,0,-1,0,49.1493,28
37.5,car_north_peak_005,gNB_4G_1,-40,gNB_5G,-66,0.8192,0,-1,0,74.2756,28
37.5,ue_n043_0001,gNB_5G,-47,gNB_4G_2,-55,0.270336,0,-1,0,56.4045,28
37.5,ue_n042_0003,gNB_4G_2,-57,gNB_5G,-69,0.385024,2,11.6399,1,55.9189,28
37.5,ue_n001_0001,gNB_4G_1,-43,gNB_4G_2,-79,0.745472,0,-1,0,67.4574,28
37.5,ue_n001_0002,gNB_4G_1,-47,gNB_4G_2,-79,0.8192,0,-1,0,63.0221,28
37.5,ue_ujeongwon_0002,gNB_4G_1,-57,gNB_5G,-87,0.630784,0,-1,0,54.9869,28
37.5,ue_ujeongwon_0003,gNB_4G_1,-55,gNB_5G,-76,0.8192,0,-1,0,57.3567,28
37.5,ue_n001_0003,gNB_4G_1,-47,gNB_5G,-72,0.8192,0,-1,0,59.9492,28
37.5,car_north_base_001_rider,gNB_4G_1,-45,gNB_4G_2,-70,0.114688,0,-1,0,63.0369,28
38.5,ue_n042_0001,gNB_4G_2,-52,gNB_5G,-72,0.745472,2,33.6399,1,55.5068,28
38.5,car_north_peak_001,gNB_4G_1,-42,gNB_5G,-69,0.36864,0,-1,0,57.2417,28
38.5,car_north_peak_002_rider,gNB_4G_1,-40,gNB_4G_2,-95,0.278528,0,-1,0,70.5781,28
38.5,car_north_peak_003_rider,gNB_4G_1,-36,gNB_5G,-66,0.589824,0,-1,0,73.8044,28
38.5,ue_n042_0002,gNB_4G_2,-54,gNB_5G,-67,0.172032,2,30.6399,1,45.7369,28
38.5,ue_ujeongwon_0001,gNB_4G_1,-41,gNB_4G_2,-90,0.540672,0,-1,0,34.5494,28
38.5,car_north_peak_004,gNB_4G_1,-35,gNB_5G,-68,0.688128,0,-1,0,78.0631,28
38.5,car_north_peak_005,gNB_4G_1,-37,gNB_5G,-74,0.8192,0,-1,0,73.7742,28
38.5,ue_n043_0001,gNB_5G,-51,gNB_4G_2,-54,0.262144,0,-1,0,62.0709,28
38.5,ue_n042_0003,gNB_4G_2,-56,gNB_5G,-67,0.393216,2,12.6399,1,35.7957,28
38.5,ue_n001_0001,gNB_4G_1,-43,gNB_4G_2,-79,0.73728,0,-1,0,62.6802,28
38.5,ue_n001_0002,gNB_4G_1,-47,gNB_5G,-79,0.8192,0,-1,0,64.0254,28
38.5,ue_ujeongwon_0002,gNB_4G_1,-57,gNB_5G,-66,0.630784,0,-1,0,49.7548,28
38.5,ue_ujeongwon_0003,gNB_4G_1,-55,gNB_5G,-76,0.8192,0,-1,0,56.3092,28
38.5,ue_n001_0003,gNB_4G_1,-46,gNB_5G,-72,0.8192,0,-1,0,61.0187,28
38.5,car_north_base_001_rider,gNB_4G_1,-44,gNB_4G_2,-77,0.114688,0,-1,0,62.8423,28
38.5,car_north_base_002_rider,gNB_4G_1,-46,gNB_4G_2,-68,0.2048,0,-1,0,60.5802,28
39.5,ue_n042_0001,gNB_4G_2,-56,gNB_5G,-67,0.745472,2,34.6399,1,55.6695,28
39.5,car_north_peak_001,gNB_4G_1,-46,gNB_5G,-67,0.36864,0,-1,0,53.8825,28
39.5,car_north_peak_002_rider,gNB_4G_1,-41,gNB_5G,-90,0.28672,0,-1,0,69.3096,28
39.5,car_north_peak_003_rider,gNB_4G_1,-38,gNB_4G_2,-83,0.581632,0,-1,0,72.0598,28
39.5,ue_n042_0002,gNB_4G_2,-54,gNB_5G,-69,0.180224,2,31.6399,1,57.1255,28
39.5,ue_ujeongwon_0001,gNB_4G_1,-42,gNB_5G,-68,0.548864,0,-1,0,71.1732,28
39.5,car_north_peak_004,gNB_4G_1,-37,gNB_5G,-64,0.679936,0,-1,0,74.9405,28
39.5,car_north_peak_005,gNB_4G_1,-36,gNB_5G,-68,0.8192,0,-1,0,78.0845,28
39.5,ue_n043_0001,gNB_5G,-50,gNB_4G_2,-57,0.262144,0,-1,0,64.7239,28
39.5,ue_n042_0003,gNB_4G_2,-58,gNB_5G,-67,0.393216,2,13.6399,1,52.7222,28
39.5,ue_n001_0001,gNB_4G_1,-46,gNB_4G_2,-79,0.745472,0,-1,0,69.0886,28
39.5,ue_n001_0002,gNB_4G_1,-46,gNB_5G,-74,0.8192,0,-1,0,67.8675,28
39.5,ue_ujeongwon_0002,gNB_4G_1,-58,gNB_5G,-66,0.630784,0,-1,0,55.0226,28
39.5,ue_ujeongwon_0003,gNB_4G_1,-55,gNB_4G_2,-79,0.8192,0,-1,0,53.3444,28
39.5,ue_n001_0003,gNB_4G_1,-50,gNB_4G_2,-78,0.8192,0,-1,0,63.1722,28
39.5,car_north_base_001_rider,gNB_4G_1,-45,gNB_4G_2,-78,0.114688,0,-1,0,59.9096,28
39.5,car_north_base_002_rider,gNB_4G_1,-46,gNB_4G_2,-68,0.425984,0,-1,0,60.5802,28
40.5,ue_n042_0001,gNB_4G_2,-55,gNB_5G,-68,0.745472,2,35.6399,1,44.409,28
40.5,car_north_peak_001,gNB_4G_1,-46,gNB_5G,-64,0.376832,0,-1,0,63.0324,28
40.5,car_north_peak_002_rider,gNB_4G_1,-40,gNB_4G_2,-73,0.278528,0,-1,0,63.8426,28
40.5,car_north_peak_003_rider,gNB_4G_1,-39,gNB_4G_2,-86,0.581632,0,-1,0,71.2353,28
40.5,ue_n042_0002,gNB_4G_2,-54,gNB_5G,-70,0.180224,2,32.6399,1,55.4589,28
40.5,ue_ujeongwon_0001,gNB_4G_1,-39,gNB_5G,-72,0.548864,0,-1,0,73.6885,28
40.5,car_north_peak_004,gNB_4G_1,-36,gNB_5G,-65,0.679936,0,-1,0,74.0039,28
40.5,car_north_peak_005,gNB_4G_1,-35,gNB_5G,-65,0.8192,0,-1,0,75.87,28
40.5,ue_n043_0001,gNB_5G,-47,gNB_4G_2,-53,0.262144,0,-1,0,61.5416,28
40.5,ue_n042_0003,gNB_4G_2,-57,gNB_5G,-74,0.385024,2,14.6399,1,36.3927,28
40.5,ue_n001_0001,gNB_4G_1,-44,gNB_4G_2,-81,0.745472,0,-1,0,62.4114,28
40.5,ue_n001_0002,gNB_4G_1,-48,gNB_5G,-69,0.8192,0,-1,0,62.0014,28
40.5,ue_ujeongwon_0002,gNB_4G_1,-57,gNB_5G,-87,0.630784,0,-1,0,51.8944,28
40.5,ue_ujeongwon_0003,gNB_4G_1,-55,gNB_4G_2,-81,0.8192,0,-1,0,57.6837,28
40.5,ue_n001_0003,gNB_4G_1,-47,gNB_5G,-74,0.8192,0,-1,0,49.0344,28
40.5,car_north_base_001_rider,gNB_4G_1,-48,gNB_4G_2,-77,0.114688,0,-1,0,58.7495,28
40.5,car_north_base_002_rider,gNB_4G_1,-45,gNB_4G_2,-70,0.434176,0,-1,0,63.037,28
41.5,ue_n042_0001,gNB_4G_2,-57,gNB_5G,-67,0.745472,2,36.6399,1,40.1672,28
41.5,car_north_peak_001,gNB_4G_1,-46,gNB_5G,-64,0.36864,0,-1,0,66.7753,28
41.5,car_north_peak_002_rider,gNB_4G_1,-41,gNB_4G_2,-68,0.278528,0,-1,0,61.1821,28
41.5,car_north_peak_003_rider,gNB_4G_1,-40,gNB_4G_2,-83,0.589824,0,-1,0,72.7471,28
41.5,ue_n042_0002,gNB_4G_2,-56,gNB_5G,-67,0.180224,2,33.6399,1,34.8069,28
41.5,ue_ujeongwon_0001,gNB_4G_1,-37,gNB_4G_2,-81,0.540672,0,-1,0,73.7231,28
41.5,car_north_peak_004,gNB_4G_1,-35,gNB_4G_2,-81,0.688128,0,-1,0,71.0754,28
41.5,car_north_peak_005,gNB_4G_1,-37,gNB_5G,-70,0.8192,0,-1,0,75.1745,28
41.5,ue_n043_0001,gNB_5G,-46,gNB_4G_2,-56,0.270336,0,-1,0,56.8006,28
41.5,ue_n042_0003,gNB_4G_2,-56,gNB_5G,-68,0.393216,2,15.6399,1,52.9681,28
41.5,ue_n001_0001,gNB_4G_1,-39,gNB_4G_2,-80,0.745472,0,-1,0,66.9146,28
41.5,ue_n001_0002,gNB_4G_1,-52,gNB_5G,-69,0.8192,0,-1,0,47.1679,28
41.5,ue_ujeongwon_0002,gNB_4G_1,-58,gNB_5G,-72,0.630784,0,-1,0,53.5471,28
41.5,ue_ujeongwon_0003,gNB_4G_1,-54,gNB_4G_2,-79,0.8192,0,-1,0,36.0484,28
41.5,ue_n001_0003,gNB_4G_1,-47,gNB_4G_2,-77,0.8192,0,-1,0,33.8337,28
41.5,car_north_base_001_rider,gNB_4G_1,-50,gNB_4G_2,-76,0.114688,0,-1,0,63.131,28
41.5,car_north_base_002_rider,gNB_4G_1,-44,gNB_4G_2,-77,0.434176,0,-1,0,62.0921,28
42.5,ue_n042_0001,gNB_4G_2,-57,gNB_5G,-68,0.745472,2,37.6399,1,40.0406,28
42.5,car_north_peak_001,gNB_4G_1,-46,gNB_5G,-63,0.376832,0,-1,0,57.5738,28
42.5,car_north_peak_002_rider,gNB_4G_1,-44,gNB_4G_2,-67,0.28672,0,-1,0,33.5616,28
42.5,car_north_peak_003_rider,gNB_4G_1,-38,gNB_4G_2,-84,0.581632,0,-1,0,69.7743,28
42.5,ue_n042_0002,gNB_4G_2,-57,gNB_5G,-71,0.172032,2,34.6399,1,40.3839,28
42.5,ue_ujeongwon_0001,gNB_4G_1,-41,gNB_5G,-79,0.548864,0,-1,0,63.7022,28
42.5,car_north_peak_004,gNB_4G_1,-39,gNB_4G_2,-81,0.679936,0,-1,0,67.9255,28
42.5,car_north_peak_005,gNB_4G_1,-43,gNB_5G,-69,0.8192,0,-1,0,76.156,28
42.5,ue_n043_0001,gNB_4G_2,-53,gNB_5G,-55,0.262144,1,0.439928,0,56.6787,28
42.5,ue_n042_0003,gNB_4G_2,-56,gNB_5G,-67,0.393216,2,16.6399,1,55.7439,28
42.5,ue_n001_0001,gNB_4G_1,-48,gNB_4G_2,-79,0.745472,0,-1,0,68.4692,28
42.5,ue_n001_0002,gNB_4G_1,-46,gNB_5G,-70,0.8192,0,-1,0,64.5407,28
42.5,ue_ujeongwon_0002,gNB_4G_1,-56,gNB_5G,-74,0.630784,0,-1,0,36.6903,28
42.5,ue_ujeongwon_0003,gNB_4G_1,-53,gNB_4G_2,-78,0.8192,0,-1,0,57.928,28
42.5,ue_n001_0003,gNB_4G_1,-45,gNB_5G,-78,0.8192,0,-1,0,57.5542,28
42.5,car_north_base_001_rider,gNB_4G_1,-48,gNB_5G,-73,0.114688,0,-1,0,34.3545,28
42.5,car_north_base_002_rider,gNB_4G_1,-46,gNB_4G_2,-77,0.425984,0,-1,0,64.5997,28
42.5,ue_n043_0002,gNB_5G,-51,gNB_4G_2,-60,0.2048,0,-1,0,47.8069,28
43.5,ue_n042_0001,gNB_4G_2,-56,gNB_5G,-70,0.745472,2,38.6399,1,58.6691,28
43.5,car_north_peak_001,gNB_4G_1,-48,gNB_5G,-56,0.36864,0,-1,0,57.5375,28
43.5,car_north_peak_002_rider,gNB_4G_1,-43,gNB_5G,-67,0.278528,0,-1,0,57.2416,28
43.5,car_north_peak_003_rider,gNB_4G_1,-41,gNB_4G_2,-93,0.589824,0,-1,0,66.8971,28
43.5,ue_n042_0002,gNB_4G_2,-55,gNB_5G,-68,0.180224,2,35.6399,1,56.1461,28
43.5,ue_ujeongwon_0001,gNB_4G_1,-36,gNB_4G_2,-76,0.548864,0,-1,0,56.3502,28
43.5,car_north_peak_004,gNB_4G_1,-39,gNB_4G_2,-83,0.679936,0,-1,0,72.7431,28
43.5,car_north_peak_005,gNB_4G_1,-39,gNB_5G,-66,0.8192,0,-1,0,73.7369,28
43.5,ue_n043_0001,gNB_5G,-48,gNB_4G_2,-54,0.253952,2,0.639928,1,62.651,28
43.5,ue_n042_0003,gNB_4G_2,-55,gNB_5G,-70,0.385024,2,17.6399,1,57.6652,28
43.5,ue_n001_0001,gNB_4G_1,-44,gNB_4G_2,-66,0.745472,0,-1,0,63.2964,28
43.5,ue_n001_0002,gNB_4G_1,-42,gNB_5G,-71,0.8192,0,-1,0,63.1308,28
43.5,ue_ujeongwon_0002,gNB_4G_1,-56,gNB_5G,-71,0.630784,0,-1,0,53.6618,28
43.5,ue_ujeongwon_0003,gNB_4G_1,-53,gNB_4G_2,-79,0.8192,0,-1,0,57.6946,28
43.5,ue_n001_0003,gNB_4G_1,-45,gNB_4G_2,-79,0.8192,0,-1,0,66.9351,28
43.5,car_north_base_001_rider,gNB_4G_1,-49,gNB_5G,-74,0.114688,0,-1,0,62.1307,28
43.5,car_north_base_002_rider,gNB_4G_1,-47,gNB_4G_2,-78,0.434176,0,-1,0,59.8019,28
43.5,ue_n043_0002,gNB_5G,-51,gNB_4G_2,-60,0.425984,0,-1,0,62.8545,28
44.5,ue_n042_0001,gNB_4G_2,-55,gNB_5G,-70,0.745472,2,39.6399,1,55.1939,28
44.5,car_north_peak_001,gNB_4G_2,-45,gNB_4G_1,-48,0.36864,1,0.239928,0,11.7479,28
44.5,car_north_peak_002_rider,gNB_4G_1,-46,gNB_5G,-67,0.28672,0,-1,0,50.7203,28
44.5,car_north_peak_003_rider,gNB_4G_1,-42,gNB_5G,-90,0.581632,0,-1,0,69.3027,28
44.5,ue_n042_0002,gNB_4G_2,-55,gNB_5G,-68,0.180224,2,36.6399,1,39.5616,28
44.5,ue_ujeongwon_0001,gNB_4G_1,-39,gNB_5G,-73,0.540672,0,-1,0,74.0448,28
44.5,car_north_peak_004,gNB_4G_1,-39,gNB_4G_2,-67,0.688128,0,-1,0,68.4869,28
44.5,car_north_peak_005,gNB_4G_1,-38,gNB_4G_2,-82,0.8192,0,-1,0,68.7879,28
44.5,ue_n043_0001,gNB_5G,-47,gNB_4G_2,-53,0.262144,2,1.63993,1,67.0094,28
44.5,ue_n042_0003,gNB_4G_2,-55,gNB_5G,-71,0.393216,2,18.6399,1,54.5967,28
44.5,ue_n001_0001,gNB_4G_1,-46,gNB_4G_2,-67,0.745472,0,-1,0,41.3155,28
44.5,ue_n001_0002,gNB_4G_1,-43,gNB_5G,-68,0.8192,0,-1,0,68.7112,16
44.5,ue_ujeongwon_0002,gNB_4G_1,-56,gNB_5G,-68,0.630784,0,-1,0,56.6482,28
44.5,ue_ujeongwon_0003,gNB_4G_1,-53,gNB_4G_2,-78,0.8192,0,-1,0,57.9889,28
44.5,ue_n001_0003,gNB_4G_1,-46,gNB_4G_2,-78,0.8192,0,-1,0,64.4043,28
44.5,car_north_base_001_rider,gNB_4G_1,-50,gNB_5G,-75,0.114688,0,-1,0,65.1541,28
44.5,car_north_base_002_rider,gNB_4G_1,-48,gNB_5G,-77,0.425984,0,-1,0,64.0768,28
44.5,ue_n043_0002,gNB_5G,-48,gNB_4G_2,-61,0.434176,0,-1,0,58.277,28
45.5,ue_n042_0001,gNB_4G_2,-53,gNB_5G,-68,0.745472,2,40.6399,1,54.7215,28
45.5,car_north_peak_001,gNB_4G_2,-47,gNB_4G_1,-49,0.376832,1,1.23993,0,63.0248,28
45.5,car_north_peak_002_rider,gNB_4G_1,-46,gNB_5G,-63,0.278528,0,-1,0,63.0569,28
45.5,car_north_peak_003_rider,gNB_4G_1,-41,gNB_4G_2,-71,0.589824,0,-1,0,66.9624,28
45.5,ue_n042_0002,gNB_4G_2,-57,gNB_5G,-68,0.180224,2,37.6399,1,34.3731,28
45.5,ue_ujeongwon_0001,gNB_4G_1,-41,gNB_5G,-73,0.548864,0,-1,0,74.383,28
45.5,car_north_peak_004,gNB_4G_1,-41,gNB_4G_2,-93,0.679936,0,-1,0,56.8119,28
45.5,car_north_peak_005,gNB_4G_1,-41,gNB_4G_2,-84,0.8192,0,-1,0,71.8863,28
45.5,ue_n043_0001,gNB_5G,-47,gNB_4G_2,-55,0.270336,2,2.63993,1,65.4036,28
45.5,ue_n042_0003,gNB_4G_2,-57,gNB_5G,-68,0.385024,2,19.6399,1,51.6612,28
45.5,ue_n001_0001,gNB_4G_1,-43,gNB_5G,-76,0.745472,0,-1,0,70.4723,28
45.5,ue_n001_0002,gNB_4G_1,-43,gNB_5G,-68,0.8192,0,-1,0,64.4851,28
45.5,ue_ujeongwon_0002,gNB_4G_1,-56,gNB_5G,-68,0.630784,0,-1,0,55.3123,28
45.5,ue_ujeongwon_0003,gNB_4G_1,-53,gNB_4G_2,-76,0.8192,0,-1,0,58.2284,28
45.5,ue_n001_0003,gNB_4G_1,-48,gNB_4G_2,-75,0.8192,0,-1,0,62.7472,28
45.5,car_north_base_001_rider,gNB_4G_1,-45,gNB_4G_2,-68,0.106496,0,-1,0,66.8702,28
45.5,car_north_base_002_rider,gNB_4G_1,-47,gNB_5G,-73,0.434176,0,-1,0,62.25,28
45.5,ue_n043_0002,gNB_5G,-54,gNB_4G_2,-62,0.434176,0,-1,0,59.8975,28
46.5,ue_n042_0001,gNB_4G_2,-59,gNB_5G,-66,0.745472,2,41.6399,1,56.5075,28
46.5,car_north_peak_001,gNB_4G_2,-45,gNB_5G,-61,0.376832,1,2.23993,0,46.1274,28
46.5,car_north_peak_002_rider,gNB_4G_1,-46,gNB_5G,-64,0.28672,0,-1,0,38.0607,28
46.5,car_north_peak_003_rider,gNB_4G_1,-43,gNB_4G_2,-70,0.581632,0,-1,0,67.1901,28
46.5,ue_n042_0002,gNB_4G_2,-54,gNB_5G,-72,0.172032,2,38.6399,1,59.0471,28
46.5,ue_ujeongwon_0001,gNB_4G_1,-39,gNB_5G,-75,0.548864,0,-1,0,69.4583,28
46.5,car_north_peak_004,gNB_4G_1,-40,gNB_4G_2,-96,0.679936,0,-1,0,70.5725,28
46.5,car_north_peak_005,gNB_4G_1,-38,gNB_4G_2,-80,0.8192,0,-1,0,70.6507,28
46.5,ue_n043_0001,gNB_5G,-45,gNB_4G_2,-54,0.262144,2,3.63993,1,61.6933,28
46.5,ue_n042_0003,gNB_4G_2,-56,gNB_5G,-69,0.393216,2,20.6399,1,57.0343,28
46.5,ue_n001_0001,gNB_4G_1,-45,gNB_5G,-76,0.745472,0,-1,0,45.9245,28
46.5,ue_n001_0002,gNB_4G_1,-45,gNB_5G,-67,0.8192,0,-1,0,66.7594,28
46.5,ue_ujeongwon_0002,gNB_4G_1,-54,gNB_5G,-77,0.630784,0,-1,0,54.3471,28
46.5,ue_ujeongwon_0003,gNB_4G_1,-54,gNB_4G_2,-75,0.8192,0,-1,0,56.4035,28
46.5,ue_n001_0003,gNB_4G_1,-47,gNB_4G_2,-70,0.8192,0,-1,0,59.036,28
46.5,car_north_base_001_rider,gNB_4G_1,-44,gNB_4G_2,-63,0.114688,0,-1,0,65.9527,28
46.5,car_north_base_002_rider,gNB_4G_1,-47,gNB_4G_2,-77,0.434176,0,-1,0,63.2004,28
46.5,ue_n043_0002,gNB_5G,-53,gNB_4G_2,-57,0.425984,0,-1,0,58.5035,28
47.5,ue_n042_0001,gNB_4G_2,-53,gNB_5G,-65,0.73728,2,42.6399,1,55.8396,28
47.5,car_north_peak_001,gNB_4G_2,-45,gNB_5G,-58,0.36864,1,3.23993,0,65.8138,28
47.5,car_north_peak_002_rider,gNB_4G_1,-47,gNB_5G,-57,0.278528,0,-1,0,61.2873,28
47.5,car_north_peak_003_rider,gNB_4G_1,-44,gNB_4G_2,-69,0.581632,0,-1,0,62.8279,28
47.5,ue_n042_0002,gNB_4G_2,-55,gNB_5G,-67,0.180224,2,39.6399,1,39.2955,28
47.5,ue_ujeongwon_0001,gNB_4G_1,-36,gNB_5G,-80,0.540672,0,-1,0,72.9418,28
47.5,car_north_peak_004,gNB_4G_1,-41,gNB_5G,-90,0.688128,0,-1,0,69.3198,28
47.5,car_north_peak_005,gNB_4G_1,-38,gNB_4G_2,-85,0.8192,0,-1,0,72.1578,28
47.5,ue_n043_0001,gNB_5G,-46,gNB_4G_2,-52,0.262144,2,4.63993,1,62.9729,28
47.5,ue_n042_0003,gNB_4G_2,-56,gNB_5G,-69,0.393216,2,21.6399,1,55.461,28
47.5,ue_n001_0001,gNB_4G_1,-53,gNB_5G,-80,0.745472,0,-1,0,71.5845,28
47.5,ue_n001_0002,gNB_4G_1,-49,gNB_5G,-69,0.8192,0,-1,0,64.3916,28
47.5,ue_ujeongwon_0002,gNB_4G_1,-56,gNB_5G,-82,0.630784,0,-1,0,58.6935,28
47.5,ue_ujeongwon_0003,gNB_4G_1,-54,gNB_4G_2,-75,0.8192,0,-1,0,61.4394,28
47.5,ue_n001_0003,gNB_4G_1,-45,gNB_4G_2,-69,0.8192,0,-1,0,63.4615,28
47.5,car_north_base_001_rider,gNB_4G_1,-42,gNB_4G_2,-65,0.114688,0,-1,0,67.5485,28
47.5,car_north_base_002_rider,gNB_4G_1,-49,gNB_4G_2,-77,0.425984,0,-1,0,65.1491,28
47.5,ue_n043_0002,gNB_5G,-51,gNB_4G_1,-60,0.434176,0,-1,0,56.0603,28
48.5,ue_n042_0001,gNB_4G_2,-58,gNB_5G,-66,0.745472,2,43.6399,1,55.0318,28
48.5,car_north_peak_001,gNB_4G_2,-43,gNB_4G_1,-52,0.36864,1,4.23993,0,15.6845,16
48.5,car_north_peak_002_rider,gNB_4G_1,-48,gNB_5G,-58,0.28672,0,-1,0,58.8284,28
48.5,car_north_peak_003_rider,gNB_4G_1,-44,gNB_5G,-61,0.589824,0,-1,0,66.328,28
48.5,ue_n042_0002,gNB_4G_2,-53,gNB_5G,-68,0.180224,2,40.6399,1,54.6704,28
48.5,ue_ujeongwon_0001,gNB_4G_1,-57,gNB_5G,-76,0.548864,0,-1,0,71.7949,28
48.5,car_north_peak_004,gNB_4G_1,-40,gNB_4G_2,-73,0.679936,0,-1,0,64.6159,28
48.5,car_north_peak_005,gNB_4G_1,-39,gNB_4G_2,-95,0.8192,0,-1,0,69.9699,28
48.5,ue_n043_0001,gNB_5G,-49,gNB_4G_2,-53,0.262144,2,5.63993,1,66.4054,28
48.5,ue_n042_0003,gNB_4G_2,-55,gNB_5G,-70,0.385024,2,22.6399,1,42.6852,28
48.5,ue_n001_0001,gNB_4G_1,-46,gNB_5G,-79,0.745472,0,-1,0,46.5746,28
48.5,ue_n001_0002,gNB_4G_1,-48,gNB_5G,-71,0.8192,0,-1,0,60.2039,28
48.5,ue_ujeongwon_0002,gNB_4G_1,-55,gNB_5G,-79,0.622592,0,-1,0,59.4578,28
48.5,ue_ujeongwon_0003,gNB_4G_1,-51,gNB_4G_2,-74,0.8192,0,-1,0,57.2847,28
48.5,ue_n001_0003,gNB_4G_1,-45,gNB_4G_2,-69,0.8192,0,-1,0,63.4564,28
48.5,car_north_base_001_rider,gNB_4G_1,-45,gNB_4G_2,-63,0.114688,0,-1,0,68.953,28
48.5,car_north_base_002_rider,gNB_4G_1,-46,gNB_4G_2,-69,0.434176,0,-1,0,66.6923,28
48.5,ue_n043_0002,gNB_5G,-52,gNB_4G_2,-57,0.425984,0,-1,0,60.4915,28
48.5,ue_n001_0004,gNB_4G_1,-41,gNB_5G,-71,0.360448,0,-1,0,70.4542,28
49.5,ue_n042_0001,gNB_4G_2,-54,gNB_5G,-65,0.745472,2,44.6399,1,35.6113,28
49.5,car_north_peak_001,gNB_4G_2,-43,gNB_4G_1,-52,0.376832,1,5.23993,0,68.197,28
49.5,car_north_peak_002_rider,gNB_4G_1,-49,gNB_5G,-59,0.278528,0,-1,0,58.2796,28
49.5,car_north_peak_003_rider,gNB_4G_1,-44,gNB_5G,-66,0.581632,0,-1,0,57.2433,28
49.5,ue_n042_0002,gNB_4G_2,-59,gNB_5G,-66,0.180224,2,41.6399,1,55.779,28
49.5,ue_ujeongwon_0001,gNB_4G_1,-59,gNB_5G,-77,0.548864,0,-1,0,69.7459,28
49.5,car_north_peak_004,gNB_4G_1,-43,gNB_4G_2,-68,0.679936,0,-1,0,29.6429,28
49.5,car_north_peak_005,gNB_4G_1,-41,gNB_4G_2,-96,0.8192,0,-1,0,64.114,28
49.5,ue_n043_0001,gNB_5G,-48,gNB_4G_2,-53,0.270336,2,6.63993,1,61.4251,28
49.5,ue_n042_0003,gNB_4G_2,-54,gNB_5G,-69,0.393216,2,23.6399,1,57.9809,28
49.5,ue_n001_0001,gNB_4G_1,-48,gNB_4G_2,-81,0.73728,0,-1,0,34.0825,28
49.5,ue_n001_0002,gNB_4G_1,-47,gNB_5G,-69,0.8192,0,-1,0,65.7823,28
49.5,ue_ujeongwon_0002,gNB_4G_1,-53,gNB_5G,-70,0.630784,0,-1,0,59.3757,28
49.5,ue_ujeongwon_0003,gNB_4G_1,-53,gNB_4G_2,-73,0.8192,0,-1,0,62.8762,28
49.5,ue_n001_0003,gNB_4G_1,-45,gNB_4G_2,-69,0.8192,0,-1,0,65.977,28
49.5,car_north_base_001_rider,gNB_4G_1,-45,gNB_4G_2,-63,0.114688,0,-1,0,26.7816,28
49.5,car_north_base_002_rider,gNB_4G_1,-44,gNB_4G_2,-64,0.434176,0,-1,0,69.8527,28
49.5,ue_n043_0002,gNB_5G,-52,gNB_4G_2,-53,0.434176,0,-1,0,56.4392,28
49.5,ue_n001_0004,gNB_4G_1,-42,gNB_5G,-71,0.745472,0,-1,0,62.9925,28
49.5,ue_n043_0003,gNB_5G,-55,gNB_4G_2,-66,0.16384,0,-1,0,58.2558,28
50.5,ue_n042_0001,gNB_4G_2,-54,gNB_5G,-64,0.745472,2,45.6399,1,56.9063,28
50.5,car_north_peak_001,gNB_4G_2,-42,gNB_4G_1,-50,0.36864,1,6.23993,0,21.8526,28
50.5,car_north_peak_002_rider,gNB_4G_1,-49,gNB_4G_2,-53,0.28672,0,-1,0,57.9773,28
50.5,car_north_peak_003_rider,gNB_4G_1,-46,gNB_5G,-67,0.589824,0,-1,0,50.7406,28
50.5,ue_n042_0002,gNB_4G_2,-52,gNB_5G,-66,0.172032,2,42.6399,1,38.4349,28
50.5,ue_ujeongwon_0001,gNB_4G_1,-40,gNB_5G,-75,0.540672,0,-1,0,73.4219,28
50.5,car_north_peak_004,gNB_4G_1,-41,gNB_4G_2,-66,0.688128,0,-1,0,60.538,25
50.5,car_north_peak_005,gNB_4G_1,-41,gNB_4G_2,-70,0.8192,0,-1,0,67.0024,28
50.5,ue_n043_0001,gNB_4G_2,-52,gNB_5G,-62,0.262144,3,0.639928,0,56.1838,28
50.5,ue_n042_0003,gNB_4G_2,-53,gNB_5G,-68,0.385024,2,24.6399,1,59.6497,28
50.5,ue_n001_0001,gNB_4G_1,-44,gNB_4G_2,-66,0.745472,0,-1,0,70.5075,28
50.5,ue_n001_0002,gNB_4G_1,-48,gNB_5G,-66,0.8192,0,-1,0,66.501,28
50.5,ue_ujeongwon_0002,gNB_4G_1,-52,gNB_5G,-63,0.630784,0,-1,0,60.079,28
50.5,ue_ujeongwon_0003,gNB_4G_1,-49,gNB_4G_2,-74,0.8192,0,-1,0,60.1142,28
50.5,ue_n001_0003,gNB_4G_1,-45,gNB_4G_2,-72,0.8192,0,-1,0,65.2478,28
50.5,car_north_base_001_rider,gNB_4G_1,-45,gNB_4G_2,-65,0.114688,0,-1,0,73.6734,28
50.5,car_north_base_002_rider,gNB_4G_1,-44,gNB_4G_2,-61,0.425984,0,-1,0,65.4838,28
50.5,ue_n043_0002,gNB_5G,-54,gNB_4G_2,-56,0.434176,0,-1,0,55.5639,28
50.5,ue_n001_0004,gNB_4G_1,-47,gNB_5G,-75,0.73728,0,-1,0,63.9288,28
50.5,ue_n043_0003,gNB_5G,-54,gNB_4G_2,-65,0.376832,0,-1,0,61.5638,28
51.5,ue_n042_0001,gNB_4G_2,-57,gNB_5G,-65,0.745472,2,46.6399,1,44.2546,28
51.5,car_north_peak_001,gNB_4G_2,-43,gNB_4G_1,-49,0.36864,1,7.23993,0,11.6056,28
51.5,car_north_peak_002_rider,gNB_4G_2,-44,gNB_4G_1,-50,0.278528,1,0.639928,0,46.2635,28
51.5,car_north_peak_003_rider,gNB_4G_1,-46,gNB_5G,-62,0.581632,0,-1,0,63.1802,28
51.5,ue_n042_0002,gNB_4G_2,-58,gNB_5G,-66,0.180224,2,43.6399,1,55.4531,28
51.5,ue_ujeongwon_0001,gNB_4G_1,-40,gNB_4G_2,-69,0.548864,0,-1,0,70.4673,28
51.5,car_north_peak_004,gNB_4G_1,-51,gNB_5G,-67,0.679936,0,-1,0,55.7004,28
51.5,car_north_peak_005,gNB_4G_1,-46,gNB_4G_2,-66,0.8192,0,-1,0,62.499,28
51.5,ue_n043_0001,gNB_5G,-47,gNB_4G_2,-54,0.253952,4,0.639928,1,63.5264,13
51.5,ue_n042_0003,gNB_4G_2,-52,gNB_5G,-68,0.393216,2,25.6399,1,56.9697,28
51.5,ue_n001_0001,gNB_4G_1,-55,gNB_4G_2,-68,0.745472,0,-1,0,21.5511,28
51.5,ue_n001_0002,gNB_4G_1,-46,gNB_5G,-70,0.8192,0,-1,0,63.5391,28
51.5,ue_ujeongwon_0002,gNB_4G_1,-51,gNB_5G,-73,0.630784,0,-1,0,57.6017,28
51.5,ue_ujeongwon_0003,gNB_4G_1,-50,gNB_5G,-85,0.8192,0,-1,0,62.8481,28
51.5,ue_n001_0003,gNB_4G_1,-47,gNB_4G_2,-69,0.8192,0,-1,0,66.9254,28
51.5,car_north_base_001_rider,gNB_4G_1,-43,gNB_4G_2,-75,0.114688,0,-1,0,76.2901,28
51.5,car_north_base_002_rider,gNB_4G_1,-44,gNB_4G_2,-61,0.434176,0,-1,0,70.6113,28
51.5,ue_n043_0002,gNB_5G,-53,gNB_4G_2,-59,0.425984,0,-1,0,56.6679,28
51.5,ue_n001_0004,gNB_4G_1,-47,gNB_5G,-76,0.745472,0,-1,0,67.6612,28
51.5,ue_n043_0003,gNB_5G,-49,gNB_4G_2,-61,0.36864,0,-1,0,58.3557,25
52.5,ue_n042_0001,gNB_4G_2,-50,gNB_5G,-64,0.745472,2,47.6399,1,59.0825,22
52.5,car_north_peak_001,gNB_4G_2,-44,gNB_4G_1,-52,0.376832,1,8.23993,0,62.3059,28
52.5,car_north_peak_002_rider,gNB_4G_2,-43,gNB_5G,-61,0.28672,1,1.63993,0,69.1984,28
52.5,car_north_peak_003_rider,gNB_4G_1,-46,gNB_5G,-63,0.589824,0,-1,0,58.7885,28
52.5,ue_n042_0002,gNB_4G_2,-54,gNB_5G,-65,0.180224,2,44.6399,1,56.417,28
52.5,ue_ujeongwon_0001,gNB_4G_1,-40,gNB_5G,-82,0.548864,0,-1,0,64.0156,28
52.5,car_north_peak_004,gNB_4G_1,-43,gNB_5G,-64,0.679936,0,-1,0,63.3836,28
52.5,car_north_peak_005,gNB_4G_1,-43,gNB_4G_2,-79,0.8192,0,-1,0,63.8538,28
52.5,ue_n043_0001,gNB_5G,-53,gNB_4G_2,-54,0.270336,4,1.63993,1,62.3285,28
52.5,ue_n042_0003,gNB_4G_2,-53,gNB_5G,-65,0.393216,2,26.6399,1,58.8661,28
52.5,ue_n001_0001,gNB_4G_1,-44,gNB_4G_2,-67,0.745472,0,-1,0,68.8173,28
52.5,ue_n001_0002,gNB_4G_1,-46,gNB_5G,-72,0.8192,0,-1,0,58.8404,28
52.5,ue_ujeongwon_0002,gNB_4G_1,-53,gNB_5G,-76,0.630784,0,-1,0,61.5241,28
52.5,ue_ujeongwon_0003,gNB_4G_1,-51,gNB_4G_2,-89,0.8192,0,-1,0,62.5631,28
52.5,ue_n001_0003,gNB_4G_1,-45,gNB_4G_2,-68,0.8192,0,-1,0,63.1447,28
52.5,car_north_base_001_rider,gNB_4G_1,-43,gNB_4G_2,-82,0.114688,0,-1,0,76.1861,28
52.5,car_north_base_002_rider,gNB_4G_1,-44,gNB_4G_2,-61,0.425984,0,-1,0,29.208,28
52.5,ue_n043_0002,gNB_5G,-55,gNB_4G_2,-57,0.434176,0,-1,0,53.3399,28
52.5,ue_n001_0004,gNB_4G_1,-46,gNB_4G_2,-79,0.745472,0,-1,0,29.7685,28
52.5,ue_n043_0003,gNB_5G,-51,gNB_4G_2,-58,0.36864,0,-1,0,58.5198,28
53.5,ue_n042_0001,gNB_4G_2,-51,gNB_5G,-64,0.745472,2,48.6399,1,58.5464,28
53.5,car_north_peak_001,gNB_4G_2,-47,gNB_4G_1,-51,0.376832,1,9.23993,0,60.172,6
53.5,car_north_peak_002_rider,gNB_4G_2,-42,gNB_4G_1,-49,0.278528,1,2.63993,0,65.8849,28
53.5,car_north_peak_003_rider,gNB_4G_1,-47,gNB_5G,-61,0.581632,0,-1,0,59.298,28
53.5,ue_n042_0002,gNB_4G_2,-58,gNB_5G,-64,0.180224,2,45.6399,1,42.8743,28
53.5,ue_ujeongwon_0001,gNB_4G_1,-38,gNB_4G_2,-76,0.540672,0,-1,0,72.6753,28
53.5,car_north_peak_004,gNB_4G_1,-45,gNB_5G,-66,0.688128,0,-1,0,63.3055,28
53.5,car_north_peak_005,gNB_4G_1,-43,gNB_5G,-68,0.8192,0,-1,0,65.6012,28
53.5,ue_n043_0001,gNB_5G,-48,gNB_4G_2,-53,0.262144,4,2.63993,1,63.6319,28
53.5,ue_n042_0003,gNB_4G_2,-52,gNB_5G,-65,0.385024,2,27.6399,1,46.7587,28
53.5,ue_n001_0001,gNB_4G_1,-48,gNB_5G,-67,0.745472,0,-1,0,62.3849,19
53.5,ue_n001_0002,gNB_4G_1,-50,gNB_5G,-71,0.8192,0,-1,0,65.1133,27
53.5,ue_ujeongwon_0002,gNB_4G_1,-50,gNB_5G,-80,0.630784,0,-1,0,58.0437,28
53.5,ue_ujeongwon_0003,gNB_4G_1,-48,gNB_4G_2,-90,0.8192,0,-1,0,62.3719,28
53.5,ue_n001_0003,gNB_4G_1,-45,gNB_4G_2,-70,0.8192,0,-1,0,21.5286,20
53.5,car_north_base_001_rider,gNB_4G_1,-45,gNB_5G,-81,0.114688,0,-1,0,54.091,28
53.5,car_north_base_002_rider,gNB_4G_1,-44,gNB_4G_2,-65,0.434176,0,-1,0,69.2624,28
53.5,ue_n043_0002,gNB_5G,-57,gNB_4G_2,-55,0.434176,0,-1,0,50.0403,28
53.5,ue_n001_0004,gNB_4G_1,-43,gNB_4G_2,-78,0.745472,0,-1,0,66.7303,28
53.5,ue_n043_0003,gNB_5G,-49,gNB_4G_2,-57,0.376832,0,-1,0,61.8451,28
54.5,ue_n042_0001,gNB_4G_2,-52,gNB_5G,-64,0.745472,2,49.6399,1,60.0189,28
54.5,car_north_peak_001,gNB_4G_2,-46,gNB_4G_1,-49,0.36864,1,10.2399,0,68.0741,28
54.5,car_north_peak_002_rider,gNB_4G_2,-45,gNB_4G_1,-51,0.28672,1,3.63993,0,69.8769,28
54.5,car_north_peak_003_rider,gNB_4G_1,-48,gNB_5G,-61,0.581632,0,-1,0,56.1613,28
54.5,ue_n042_0002,gNB_4G_2,-57,gNB_5G,-65,0.172032,2,46.6399,1,55.9599,28
54.5,ue_ujeongwon_0001,gNB_4G_1,-37,gNB_4G_2,-70,0.548864,0,-1,0,74.5533,28
54.5,car_north_peak_004,gNB_4G_1,-45,gNB_5G,-67,0.679936,0,-1,0,64.9024,28
54.5,car_north_peak_005,gNB_4G_1,-42,gNB_5G,-69,0.8192,0,-1,0,65.0509,28
54.5,ue_n043_0001,gNB_5G,-48,gNB_4G_2,-53,0.262144,4,3.63993,1,65.1761,28
54.5,ue_n042_0003,gNB_4G_2,-52,gNB_5G,-66,0.393216,2,28.6399,1,56.4949,28
54.5,ue_n001_0001,gNB_4G_1,-42,gNB_4G_2,-62,0.745472,0,-1,0,71.7686,28
54.5,ue_n001_0002,gNB_4G_1,-45,gNB_5G,-70,0.8192,0,-1,0,64.8196,28
54.5,ue_ujeongwon_0002,gNB_4G_1,-45,gNB_4G_2,-78,0.630784,0,-1,0,66.852,28
54.5,ue_ujeongwon_0003,gNB_4G_1,-47,gNB_4G_2,-87,0.8192,0,-1,0,67.6654,28
54.5,ue_n001_0003,gNB_4G_1,-50,gNB_4G_2,-68,0.8192,0,-1,0,62.474,28
54.5,car_north_base_001_rider,gNB_4G_1,-39,gNB_4G_2,-83,0.106496,0,-1,0,76.2008,28
54.5,car_north_base_002_rider,gNB_4G_1,-39,gNB_4G_2,-78,0.434176,0,-1,0,63.7834,28
54.5,ue_n043_0002,gNB_4G_2,-59,gNB_5G,-56,0.417792,1,0.239928,0,49.7243,28
54.5,ue_n001_0004,gNB_4G_1,-44,gNB_5G,-77,0.745472,0,-1,0,64.0014,28
54.5,ue_n043_0003,gNB_5G,-49,gNB_4G_2,-57,0.36864,0,-1,0,59.7968,28
55.5,ue_n042_0001,gNB_4G_2,-51,gNB_5G,-65,0.745472,2,50.6399,1,48.6246,28
55.5,car_north_peak_001,gNB_4G_2,-43,gNB_4G_1,-53,0.36864,1,11.2399,0,12.4261,16
55.5,car_north_peak_002_rider,gNB_4G_2,-41,gNB_4G_1,-51,0.278528,1,4.63993,0,68.4347,28
55.5,car_north_peak_003_rider,gNB_4G_1,-49,gNB_4G_2,-53,0.589824,0,-1,0,53.9365,28
55.5,ue_n042_0002,gNB_4G_2,-50,gNB_5G,-64,0.180224,2,47.6399,1,60.8441,28
55.5,ue_ujeongwon_0001,gNB_4G_1,-38,gNB_4G_2,-73,0.548864,0,-1,0,30.5083,28
55.5,car_north_peak_004,gNB_4G_1,-45,gNB_5G,-64,0.679936,0,-1,0,60.5966,28
55.5,car_north_peak_005,gNB_4G_1,-44,gNB_5G,-66,0.8192,0,-1,0,53.8843,28
55.5,ue_n043_0001,gNB_5G,-45,gNB_4G_2,-56,0.262144,4,4.63993,1,65.9086,18
55.5,ue_n042_0003,gNB_4G_2,-54,gNB_5G,-66,0.393216,2,29.6399,1,47.1773,28
55.5,ue_n001_0001,gNB_4G_1,-43,gNB_4G_2,-63,0.745472,0,-1,0,41.9462,28
55.5,ue_n001_0002,gNB_4G_1,-43,gNB_5G,-70,0.8192,0,-1,0,64.0969,28
55.5,ue_ujeongwon_0002,gNB_4G_1,-47,gNB_4G_2,-76,0.630784,0,-1,0,68.6947,28
55.5,ue_ujeongwon_0003,gNB_4G_1,-44,gNB_4G_2,-88,0.8192,0,-1,0,64.8567,28
55.5,ue_n001_0003,gNB_4G_1,-44,gNB_5G,-75,0.8192,0,-1,0,59.7856,28
55.5,car_north_base_001_rider,gNB_4G_1,-37,gNB_4G_2,-83,0.114688,0,-1,0,72.7729,28
55.5,car_north_base_002_rider,gNB_4G_1,-38,gNB_5G,-80,0.425984,0,-1,0,72.7918,28
55.5,ue_n043_0002,gNB_5G,-53,gNB_4G_2,-61,0.434176,2,0.639928,1,57.6537,28
55.5,ue_n001_0004,gNB_4G_1,-46,gNB_5G,-76,0.745472,0,-1,0,67.8567,28
55.5,ue_n043_0003,gNB_5G,-50,gNB_4G_2,-53,0.376832,0,-1,0,59.2721,28
55.5,car_north_base_003,gNB_4G_1,-44,gNB_4G_2,-79,0.278528,0,-1,0,30.1904,28
56.5,ue_n042_0001,gNB_4G_2,-50,gNB_5G,-62,0.745472,2,51.6399,1,60.3386,28
56.5,car_north_peak_001,gNB_4G_2,-46,gNB_4G_1,-50,0.376832,1,12.2399,0,17.698,28
56.5,car_north_peak_002_rider,gNB_4G_2,-42,gNB_4G_1,-50,0.28672,1,5.63993,0,14.161,18
56.5,car_north_peak_003_rider,gNB_4G_2,-45,gNB_4G_1,-49,0.581632,1,0.439928,0,65.0803,28
56.5,ue_n042_0002,gNB_4G_2,-51,gNB_5G,-64,0.180224,2,48.6399,1,58.5444,28
56.5,ue_ujeongwon_0001,gNB_4G_1,-39,gNB_4G_2,-72,0.540672,0,-1,0,72.0514,28
56.5,car_north_peak_004,gNB_4G_1,-45,gNB_5G,-59,0.688128,0,-1,0,57.5726,28
56.5,car_north_peak_005,gNB_4G_1,-46,gNB_5G,-64,0.8192,0,-1,0,63.054,28
56.5,ue_n043_0001,gNB_5G,-45,gNB_4G_2,-52,0.270336,4,5.63993,1,64.7835,28
56.5,ue_n042_0003,gNB_4G_2,-54,gNB_5G,-67,0.385024,2,30.6399,1,50.0663,28
56.5,ue_n001_0001,gNB_4G_1,-43,gNB_5G,-66,0.745472,0,-1,0,71.7072,28
56.5,ue_n001_0002,gNB_4G_1,-44,gNB_5G,-67,0.8192,0,-1,0,59.4543,28
56.5,ue_ujeongwon_0002,gNB_4G_1,-44,gNB_4G_2,-77,0.630784,0,-1,0,69.009,28
56.5,ue_ujeongwon_0003,gNB_4G_1,-45,gNB_4G_2,-90,0.8192,0,-1,0,50.5884,28
56.5,ue_n001_0003,gNB_4G_1,-47,gNB_4G_2,-69,0.8192,0,-1,0,25.2212,25
56.5,car_north_base_001_rider,gNB_4G_1,-37,gNB_4G_2,-83,0.114688,0,-1,0,74.6942,28
56.5,car_north_base_002_rider,gNB_4G_1,-40,gNB_5G,-78,0.434176,0,-1,0,70.1295,28
56.5,ue_n043_0002,gNB_5G,-54,gNB_4G_2,-57,0.425984,2,1.63993,1,55.0826,28
56.5,ue_n001_0004,gNB_4G_1,-46,gNB_5G,-69,0.745472,0,-1,0,63.6866,28
56.5,ue_n043_0003,gNB_5G,-50,gNB_4G_2,-54,0.36864,0,-1,0,54.4802,28
56.5,car_north_base_003,gNB_4G_1,-44,gNB_4G_2,-78,0.630784,0,-1,0,41.1946,28
56.5,ue_n042_0004,gNB_4G_2,-69,gNB_5G,-66,0.360448,0,-1,0,42.0356,28
57.5,ue_n042_0001,gNB_4G_2,-49,gNB_5G,-65,0.745472,2,52.6399,1,64.311,28
57.5,car_north_peak_001,gNB_4G_2,-43,gNB_4G_1,-49,0.376832,1,13.2399,0,60.442,28
57.5,car_north_peak_002_rider,gNB_4G_2,-46,gNB_4G_1,-49,0.278528,1,6.63993,0,67.03,28
57.5,car_north_peak_003_rider,gNB_4G_2,-46,gNB_4G_1,-49,0.581632,1,1.43993,0,13.9255,13
57.5,ue_n042_0002,gNB_4G_2,-52,gNB_5G,-64,0.172032,2,49.6399,1,60.0307,28
57.5,ue_ujeongwon_0001,gNB_4G_1,-40,gNB_5G,-74,0.548864,0,-1,0,73.0561,28
57.5,car_north_peak_004,gNB_4G_1,-50,gNB_5G,-55,0.671744,0,-1,0,60.0733,28
57.5,car_north_peak_005,gNB_4G_1,-46,gNB_5G,-64,0.8192,0,-1,0,66.6244,28
57.5,ue_n043_0001,gNB_5G,-48,gNB_4G_2,-53,0.262144,4,6.63993,1,64.3777,28
57.5,ue_n042_0003,gNB_4G_2,-54,gNB_5G,-69,0.393216,2,31.6399,1,48.4848,28
57.5,ue_n001_0001,gNB_4G_1,-44,gNB_4G_2,-63,0.745472,0,-1,0,27.9354,28
57.5,ue_n001_0002,gNB_4G_1,-42,gNB_5G,-75,0.8192,0,-1,0,60.1426,28
57.5,ue_ujeongwon_0002,gNB_4G_1,-42,gNB_4G_2,-86,0.630784,0,-1,0,64.0975,28
57.5,ue_ujeongwon_0003,gNB_4G_1,-43,gNB_4G_2,-89,0.8192,0,-1,0,66.3738,28
57.5,ue_n001_0003,gNB_4G_1,-45,gNB_4G_2,-66,0.8192,0,-1,0,65.806,28
57.5,car_north_base_001_rider,gNB_4G_1,-36,gNB_5G,-73,0.114688,0,-1,0,77.9897,28
57.5,car_north_base_002_rider,gNB_4G_1,-39,gNB_5G,-76,0.434176,0,-1,0,53.1893,28
57.5,ue_n043_0002,gNB_5G,-57,gNB_4G_2,-56,0.434176,2,2.63993,1,46.8348,28
57.5,ue_n001_0004,gNB_4G_1,-44,gNB_5G,-68,0.745472,0,-1,0,60.6696,28
57.5,ue_n043_0003,gNB_5G,-51,gNB_4G_2,-55,0.376832,0,-1,0,52.4651,27
57.5,car_north_base_003,gNB_4G_1,-46,gNB_4G_2,-79,0.630784,0,-1,0,37.8599,28
57.5,ue_n042_0004,gNB_4G_2,-68,gNB_5G,-66,0.73728,0,-1,0,23.1202,25
58.5,ue_n042_0001,gNB_4G_2,-48,gNB_5G,-63,0.73728,2,53.6399,1,65.6473,28
58.5,car_north_peak_001,gNB_4G_2,-44,gNB_4G_1,-51,0.36864,1,14.2399,0,72.4519,28
58.5,car_north_peak_002_rider,gNB_4G_2,-44,gNB_4G_1,-49,0.28672,1,7.63993,0,65.0489,28
58.5,car_north_peak_003_rider,gNB_4G_2,-46,gNB_4G_1,-52,0.589824,1,2.43993,0,67.8838,28
58.5,ue_n042_0002,gNB_4G_2,-51,gNB_5G,-65,0.180224,2,50.6399,1,62.4446,28
58.5,ue_ujeongwon_0001,gNB_4G_1,-40,gNB_5G,-76,0.548864,0,-1,0,72.5072,28
58.5,car_north_peak_004,gNB_4G_2,-45,gNB_4G_1,-54,0.671744,1,0.639928,0,69.0179,28
58.5,car_north_peak_005,gNB_4G_1,-48,gNB_5G,-57,0.8192,0,-1,0,65.8103,28
58.5,ue_n043_0001,gNB_5G,-47,gNB_4G_2,-55,0.262144,4,7.63993,1,62.652,28
58.5,ue_n042_0003,gNB_4G_2,-54,gNB_5G,-70,0.385024,2,32.6399,1,56.6457,28
58.5,ue_n001_0001,gNB_4G_1,-42,gNB_4G_2,-65,0.745472,0,-1,0,68.9508,28
58.5,ue_n001_0002,gNB_4G_1,-49,gNB_5G,-75,0.8192,0,-1,0,63.7835,28
58.5,ue_ujeongwon_0002,gNB_4G_1,-46,gNB_4G_2,-89,0.630784,0,-1,0,67.979,28
58.5,ue_ujeongwon_0003,gNB_4G_1,-46,gNB_4G_2,-89,0.8192,0,-1,0,67.9705,28
58.5,ue_n001_0003,gNB_4G_1,-44,gNB_4G_2,-67,0.8192,0,-1,0,65.4121,28
58.5,car_north_base_001_rider,gNB_4G_1,-40,gNB_5G,-66,0.114688,0,-1,0,50.4996,28
58.5,car_north_base_002_rider,gNB_4G_1,-39,gNB_4G_2,-84,0.425984,0,-1,0,74.1008,28
58.5,ue_n043_0002,gNB_4G_2,-54,gNB_5G,-67,0.434176,3,0.839928,1,56.1961,28
58.5,ue_n001_0004,gNB_4G_1,-44,gNB_5G,-70,0.745472,0,-1,0,68.6541,28
58.5,ue_n043_0003,gNB_5G,-53,gNB_4G_2,-55,0.36864,0,-1,0,56.6354,28
58.5,car_north_base_003,gNB_4G_1,-49,gNB_4G_2,-80,0.622592,0,-1,0,35.2039,28
58.5,ue_n042_0004,gNB_5G,-64,gNB_4G_2,-67,0.745472,1,0.439928,0,45.1642,28
59.5,ue_n042_0001,gNB_4G_2,-44,gNB_5G,-63,0.745472,2,54.6399,1,71.0137,28
59.5,car_north_peak_001,gNB_4G_2,-39,gNB_4G_1,-49,0.36864,1,15.2399,0,63.7374,28
59.5,car_north_peak_002_rider,gNB_4G_2,-45,gNB_4G_1,-45,0.278528,1,8.63993,0,63.9578,28
59.5,car_north_peak_003_rider,gNB_4G_2,-42,gNB_5G,-61,0.589824,1,3.43993,0,69.4511,28
59.5,ue_n042_0002,gNB_4G_2,-50,gNB_5G,-62,0.180224,2,51.6399,1,59.3372,28
59.5,ue_ujeongwon_0001,gNB_4G_1,-41,gNB_5G,-82,0.540672,0,-1,0,72.9936,28
59.5,car_north_peak_004,gNB_4G_2,-42,gNB_4G_1,-50,0.679936,1,1.63993,0,62.4357,28
59.5,car_north_peak_005,gNB_4G_1,-49,gNB_5G,-60,0.8192,0,-1,0,65.1055,28
59.5,ue_n043_0001,gNB_5G,-48,gNB_4G_2,-53,0.262144,4,8.63993,1,66.1904,28
59.5,ue_n042_0003,gNB_4G_2,-52,gNB_5G,-72,0.393216,2,33.6399,1,32.7636,28
59.5,ue_n001_0001,gNB_4G_1,-45,gNB_4G_2,-62,0.745472,0,-1,0,48.9997,28
59.5,ue_n001_0002,gNB_4G_1,-48,gNB_5G,-76,0.8192,0,-1,0,64.7361,28
59.5,ue_ujeongwon_0002,gNB_4G_1,-47,gNB_4G_2,-90,0.630784,0,-1,0,70.0989,28
59.5,ue_ujeongwon_0003,gNB_4G_1,-43,gNB_4G_2,-90,0.8192,0,-1,0,71.6991,14
59.5,ue_n001_0003,gNB_4G_1,-44,gNB_4G_2,-67,0.8192,0,-1,0,61.2392,28
59.5,car_north_base_001_rider,gNB_4G_1,-37,gNB_5G,-65,0.114688,0,-1,0,49.3982,28
59.5,car_north_base_002_rider,gNB_4G_1,-40,gNB_4G_2,-83,0.434176,0,-1,0,39.79,28
59.5,ue_n043_0002,gNB_4G_2,-55,gNB_5G,-70,0.376832,3,1.83993,1,1.70577,28
59.5,ue_n001_0004,gNB_4G_1,-42,gNB_5G,-71,0.745472,0,-1,0,34.3759,6
59.5,ue_n043_0003,gNB_5G,-49,gNB_4G_2,-54,0.376832,0,-1,0,62.0489,28
59.5,car_north_base_003,gNB_4G_1,-48,gNB_5G,-78,0.630784,0,-1,0,37.8962,28
59.5,ue_n042_0004,gNB_5G,-66,gNB_4G_2,-66,0.745472,1,1.43993,0,32.9185,28
60.5,ue_n042_0001,gNB_4G_2,-43,gNB_5G,-64,0.745472,2,55.6399,1,69.4978,28
60.5,car_north_peak_001,gNB_4G_2,-45,gNB_4G_1,-51,0.376832,1,16.2399,0,45.4846,28
60.5,car_north_peak_002_rider,gNB_4G_2,-47,gNB_4G_1,-49,0.28672,1,9.63993,0,64.0301,28
60.5,car_north_peak_003_rider,gNB_4G_2,-42,gNB_4G_1,-49,0.581632,1,4.43993,0,62.2125,28
60.5,ue_n042_0002,gNB_4G_2,-50,gNB_5G,-64,0.180224,2,52.6399,1,64.3118,28
60.5,ue_ujeongwon_0001,gNB_4G_1,-42,gNB_5G,-82,0.548864,0,-1,0,73.0575,28
60.5,car_north_peak_004,gNB_4G_2,-45,gNB_4G_1,-49,0.688128,1,2.63993,0,66.5958,28
60.5,car_north_peak_005,gNB_4G_1,-50,gNB_5G,-60,0.8192,0,-1,0,58.5961,28
60.5,ue_n043_0001,gNB_5G,-46,gNB_4G_2,-51,0.270336,4,9.63993,1,59.2564,28
60.5,ue_n042_0003,gNB_4G_2,-56,gNB_5G,-73,0.393216,2,34.6399,1,55.6489,28
60.5,ue_n001_0001,gNB_4G_1,-39,gNB_5G,-69,0.73728,0,-1,0,70.3552,28
60.5,ue_n001_0002,gNB_4G_1,-44,gNB_5G,-77,0.8192,0,-1,0,60.6232,28
60.5,ue_ujeongwon_0002,gNB_4G_1,-41,gNB_4G_2,-81,0.630784,0,-1,0,66.6264,28
60.5,ue_ujeongwon_0003,gNB_4G_1,-40,gNB_4G_2,-90,0.8192,0,-1,0,72.8708,28
60.5,ue_n001_0003,gNB_4G_1,-42,gNB_4G_2,-62,0.8192,0,-1,0,14.9561,19
60.5,car_north_base_001_rider,gNB_4G_1,-38,gNB_5G,-70,0.114688,0,-1,0,56.6753,28
60.5,car_north_base_002_rider,gNB_4G_1,-41,gNB_4G_2,-82,0.434176,0,-1,0,71.0551,28
60.5,ue_n043_0002,gNB_4G_2,-58,gNB_4G_1,-56,0.425984,3,2.83993,1,49.4974,28
60.5,ue_n001_0004,gNB_4G_1,-44,gNB_5G,-69,0.745472,0,-1,0,69.4831,28
60.5,ue_n043_0003,gNB_5G,-47,gNB_4G_2,-54,0.36864,0,-1,0,58.7188,28
60.5,car_north_base_003,gNB_4G_1,-47,gNB_5G,-73,0.630784,0,-1,0,44.8811,28
60.5,ue_n042_0004,gNB_4G_2,-67,gNB_5G,-77,0.745472,2,0.439928,1,45.2965,28
61.5,ue_n042_0001,gNB_4G_2,-43,gNB_5G,-64,0.745472,2,56.6399,1,71.2222,28
61.5,car_north_peak_001,gNB_4G_2,-45,gNB_5G,-59,0.36864,1,17.2399,0,48.7715,28
61.5,car_north_peak_002_rider,gNB_4G_2,-45,gNB_4G_1,-50,0.270336,1,10.6399,0,67.9187,28
61.5,car_north_peak_003_rider,gNB_4G_2,-43,gNB_4G_1,-51,0.581632,1,5.43993,0,68.8877,28
61.5,ue_n042_0002,gNB_4G_2,-48,gNB_5G,-63,0.172032,2,53.6399,1,65.6443,28
61.5,ue_ujeongwon_0001,gNB_4G_1,-40,gNB_5G,-76,0.548864,0,-1,0,70.7456,28
61.5,car_north_peak_004,gNB_4G_2,-44,gNB_5G,-64,0.671744,1,3.63993,0,58.8718,28
61.5,car_north_peak_005,gNB_4G_1,-48,gNB_4G_2,-47,0.802816,0,-1,0,62.8097,28
61.5,ue_n043_0001,gNB_5G,-48,gNB_4G_2,-51,0.262144,4,10.6399,1,67.3244,28
61.5,ue_n042_0003,gNB_4G_2,-55,gNB_5G,-68,0.385024,2,35.6399,1,46.2538,5
61.5,ue_n001_0001,gNB_4G_1,-40,gNB_5G,-70,0.745472,0,-1,0,72.8534,28
61.5,ue_n001_0002,gNB_4G_1,-47,gNB_5G,-78,0.8192,0,-1,0,61.7452,28
61.5,ue_ujeongwon_0002,gNB_4G_1,-51,gNB_4G_2,-87,0.622592,0,-1,0,66.5066,28
61.5,ue_ujeongwon_0003,gNB_4G_1,-43,gNB_4G_2,-89,0.8192,0,-1,0,69.6493,28
61.5,ue_n001_0003,gNB_4G_1,-44,gNB_4G_2,-64,0.8192,0,-1,0,66.4104,28
61.5,car_north_base_001_rider,gNB_4G_1,-38,gNB_5G,-72,0.114688,0,-1,0,58.888,28
61.5,car_north_base_002_rider,gNB_4G_1,-38,gNB_5G,-82,0.425984,0,-1,0,50.8268,28
61.5,ue_n043_0002,gNB_4G_1,-57,gNB_5G,-58,0.393216,4,0.839928,0,50.9871,28
61.5,ue_n001_0004,gNB_4G_1,-44,gNB_5G,-69,0.73728,0,-1,0,64.408,28
61.5,ue_n043_0003,gNB_5G,-47,gNB_4G_2,-57,0.376832,0,-1,0,62.7731,28
61.5,car_north_base_003,gNB_4G_1,-50,gNB_5G,-73,0.630784,0,-1,0,62.6898,28
61.5,ue_n042_0004,gNB_4G_2,-66,gNB_5G,-70,0.745472,2,1.43993,1,43.9355,28
62.5,ue_n042_0001,gNB_4G_2,-43,gNB_5G,-63,0.745472,2,57.6399,1,66.1834,28
62.5,car_north_peak_001,gNB_4G_2,-43,gNB_5G,-58,0.376832,1,18.2399,0,42.4696,28
62.5,car_north_peak_002_rider,gNB_4G_2,-43,gNB_4G_1,-52,0.278528,1,11.6399,0,25.5638,20
62.5,car_north_peak_003_rider,gNB_4G_2,-42,gNB_4G_1,-50,0.589824,1,6.43993,0,68.4347,28
62.5,ue_n042_0002,gNB_4G_2,-44,gNB_5G,-63,0.180224,2,54.6399,1,71.0136,28
62.5,ue_ujeongwon_0001,gNB_4G_1,-40,gNB_5G,-77,0.540672,0,-1,0,72.402,28
62.5,car_north_peak_004,gNB_4G_2,-49,gNB_4G_1,-51,0.671744,1,4.63993,0,16.0493,28
62.5,car_north_peak_005,gNB_4G_2,-46,gNB_4G_1,-48,0.811008,1,0.439928,0,13.8838,18
62.5,ue_n043_0001,gNB_5G,-47,gNB_4G_2,-51,0.262144,4,11.6399,1,60.8197,28
62.5,ue_n042_0003,gNB_4G_2,-57,gNB_5G,-67,0.393216,2,36.6399,1,38.1123,28
62.5,ue_n001_0001,gNB_4G_1,-42,gNB_5G,-68,0.745472,0,-1,0,48.2058,28
62.5,ue_n001_0002,gNB_4G_1,-48,gNB_5G,-76,0.8192,0,-1,0,62.338,28
62.5,ue_ujeongwon_0002,gNB_4G_1,-53,gNB_4G_2,-85,0.630784,0,-1,0,68.6897,28
62.5,ue_ujeongwon_0003,gNB_4G_1,-40,gNB_4G_2,-92,0.8192,0,-1,0,58.3578,28
62.5,ue_n001_0003,gNB_4G_1,-44,gNB_4G_2,-64,0.8192,0,-1,0,25.6124,24
62.5,car_north_base_001_rider,gNB_4G_1,-37,gNB_5G,-65,0.114688,0,-1,0,53.4875,28
62.5,car_north_base_002_rider,gNB_4G_1,-40,gNB_5G,-68,0.434176,0,-1,0,68.8128,28
62.5,ue_n043_0002,gNB_4G_1,-60,gNB_4G_2,-57,0.344064,4,1.83993,0,28.5047,28
62.5,ue_n001_0004,gNB_4G_1,-47,gNB_5G,-68,0.745472,0,-1,0,60.574,28
62.5,ue_n043_0003,gNB_5G,-47,gNB_4G_2,-57,0.36864,0,-1,0,62.7001,28
62.5,car_north_base_003,gNB_4G_1,-46,gNB_4G_2,-72,0.630784,0,-1,0,20.0411,21
62.5,ue_n042_0004,gNB_4G_2,-66,gNB_5G,-67,0.745472,2,2.43993,1,45.725,28
63.5,ue_n042_0001,gNB_4G_2,-41,gNB_5G,-62,0.745472,2,58.6399,1,66.2552,28
63.5,car_north_peak_001,gNB_4G_2,-42,gNB_5G,-55,0.36864,1,19.2399,0,67.8575,28
63.5,car_north_peak_002_rider,gNB_4G_2,-42,gNB_5G,-53,0.28672,1,12.6399,0,24.5614,28
63.5,car_north_peak_003_rider,gNB_4G_2,-43,gNB_4G_1,-51,0.581632,1,7.43993,0,65.6281,28
63.5,ue_n042_0002,gNB_4G_2,-43,gNB_5G,-64,0.180224,2,55.6399,1,69.4974,28
63.5,ue_ujeongwon_0001,gNB_4G_1,-40,gNB_5G,-77,0.548864,0,-1,0,66.0647,28
63.5,car_north_peak_004,gNB_4G_2,-42,gNB_4G_1,-50,0.688128,1,5.63993,0,68.2981,28
63.5,car_north_peak_005,gNB_4G_2,-46,gNB_4G_1,-52,0.811008,1,1.43993,0,45.0932,28
63.5,ue_n043_0001,gNB_5G,-48,gNB_4G_2,-52,0.262144,4,12.6399,1,67.2159,28
63.5,ue_n042_0003,gNB_4G_2,-57,gNB_5G,-68,0.393216,2,37.6399,1,52.5881,28
63.5,ue_n001_0001,gNB_4G_1,-45,gNB_5G,-66,0.745472,0,-1,0,70.7891,28
63.5,ue_n001_0002,gNB_4G_1,-47,gNB_5G,-88,0.8192,0,-1,0,65.6483,28
63.5,ue_ujeongwon_0002,gNB_4G_1,-41,gNB_4G_2,-90,0.630784,0,-1,0,33.3453,28
63.5,ue_ujeongwon_0003,gNB_4G_1,-41,gNB_4G_2,-93,0.8192,0,-1,0,73.1258,28
63.5,ue_n001_0003,gNB_4G_1,-44,gNB_4G_2,-62,0.8192,0,-1,0,25.7952,25
63.5,car_north_base_001_rider,gNB_4G_1,-36,gNB_5G,-65,0.106496,0,-1,0,54.7238,28
63.5,car_north_base_002_rider,gNB_4G_1,-39,gNB_5G,-68,0.425984,0,-1,0,53.4873,28
63.5,ue_n043_0002,gNB_4G_2,-56,gNB_5G,-60,0.393216,5,0.839928,1,29.4931,28
63.5,ue_n001_0004,gNB_4G_1,-50,gNB_5G,-70,0.745472,0,-1,0,63.1527,28
63.5,ue_n043_0003,gNB_5G,-46,gNB_4G_1,-56,0.36864,0,-1,0,64.6408,28
63.5,car_north_base_003,gNB_4G_1,-42,gNB_4G_2,-64,0.630784,0,-1,0,67.5903,28
63.5,ue_n042_0004,gNB_4G_2,-64,gNB_5G,-67,0.745472,2,3.43993,1,46.7297,28
63.5,car_north_base_004,gNB_4G_1,-48,gNB_4G_2,-78,0.057344,0,-1,0,61.5169,28
64.5,ue_n042_0001,gNB_4G_2,-43,gNB_5G,-64,0.745472,2,59.6399,1,69.7895,28
64.5,car_north_peak_001,gNB_4G_2,-43,gNB_4G_1,-55,0.376832,1,20.2399,0,29.7382,28
64.5,car_north_peak_002_rider,gNB_4G_2,-42,gNB_4G_1,-54,0.28672,1,13.6399,0,69.269,28
64.5,car_north_peak_003_rider,gNB_4G_2,-43,gNB_4G_1,-52,0.589824,1,8.43993,0,67.0145,28
64.5,ue_n042_0002,gNB_4G_2,-43,gNB_5G,-64,0.180224,2,56.6399,1,66.8443,28
64.5,ue_ujeongwon_0001,gNB_4G_1,-38,gNB_5G,-78,0.548864,0,-1,0,70.919,28
64.5,car_north_peak_004,gNB_4G_2,-42,gNB_4G_1,-53,0.679936,1,6.63993,0,68.197,28
64.5,car_north_peak_005,gNB_4G_2,-44,gNB_5G,-58,0.8192,1,2.43993,0,67.7336,28
64.5,ue_n043_0001,gNB_5G,-47,gNB_4G_2,-50,0.270336,4,13.6399,1,64.9597,28
64.5,ue_n042_0003,gNB_4G_2,-54,gNB_5G,-72,0.385024,2,38.6399,1,59.0482,28
64.5,ue_n001_0001,gNB_4G_1,-38,gNB_5G,-67,0.745472,0,-1,0,69.1043,28
64.5,ue_n001_0002,gNB_4G_1,-42,gNB_5G,-78,0.8192,0,-1,0,61.3344,28
64.5,ue_ujeongwon_0002,gNB_4G_1,-42,gNB_5G,-70,0.630784,0,-1,0,71.1713,28
64.5,ue_ujeongwon_0003,gNB_4G_1,-41,gNB_4G_2,-92,0.8192,0,-1,0,61.8363,28
64.5,ue_n001_0003,gNB_4G_1,-44,gNB_4G_2,-63,0.8192,0,-1,0,29.0025,25
64.5,car_north_base_001_rider,gNB_4G_1,-37,gNB_5G,-76,0.114688,0,-1,0,47.5508,28
64.5,car_north_base_002_rider,gNB_4G_1,-41,gNB_5G,-66,0.434176,0,-1,0,48.6376,28
64.5,ue_n043_0002,gNB_4G_2,-54,gNB_5G,-61,0.434176,5,1.83993,1,55.8784,28
64.5,ue_n001_0004,gNB_4G_1,-48,gNB_5G,-71,0.745472,0,-1,0,64.9219,28
64.5,ue_n043_0003,gNB_5G,-45,gNB_4G_2,-54,0.376832,0,-1,0,58.9795,28
64.5,car_north_base_003,gNB_4G_1,-43,gNB_4G_2,-67,0.630784,0,-1,0,23.1827,28
64.5,ue_n042_0004,gNB_4G_2,-64,gNB_5G,-67,0.745472,2,4.43993,1,43.6571,28
64.5,car_north_base_004,gNB_4G_1,-46,gNB_4G_2,-78,0.131072,0,-1,0,62.0462,22
65.5,ue_n042_0001,gNB_4G_2,-39,gNB_5G,-65,0.745472,2,60.6399,1,63.0729,28
65.5,car_north_peak_001,gNB_4G_2,-46,gNB_5G,-52,0.36864,1,21.2399,0,30.1271,28
65.5,car_north_peak_002_rider,gNB_4G_2,-41,gNB_4G_1,-53,0.278528,1,14.6399,0,14.3648,28
65.5,car_north_peak_003_rider,gNB_4G_2,-47,gNB_4G_1,-54,0.57344,1,9.43993,0,15.855,15
65.5,ue_n042_0002,gNB_4G_2,-43,gNB_5G,-63,0.172032,2,57.6399,1,67.78,28
65.5,ue_ujeongwon_0001,gNB_4G_1,-40,gNB_4G_2,-71,0.540672,0,-1,0,45.2541,28
65.5,car_north_peak_004,gNB_4G_2,-43,gNB_4G_1,-49,0.679936,1,7.63993,0,19.6686,15
65.5,car_north_peak_005,gNB_4G_2,-43,gNB_4G_1,-51,0.8192,1,3.43993,0,68.4498,28
65.5,ue_n043_0001,gNB_5G,-48,gNB_4G_2,-50,0.262144,4,14.6399,1,60.5891,28
65.5,ue_n042_0003,gNB_4G_2,-55,gNB_5G,-67,0.393216,2,39.6399,1,39.3794,28
65.5,ue_n001_0001,gNB_4G_1,-42,gNB_5G,-71,0.745472,0,-1,0,69.9099,28
65.5,ue_n001_0002,gNB_4G_1,-51,gNB_5G,-76,0.8192,0,-1,0,55.8148,28
65.5,ue_ujeongwon_0002,gNB_4G_1,-39,gNB_5G,-72,0.630784,0,-1,0,43.7301,28
65.5,ue_ujeongwon_0003,gNB_4G_1,-37,gNB_4G_2,-92,0.8192,0,-1,0,61.0098,28
65.5,ue_n001_0003,gNB_4G_1,-47,gNB_4G_2,-61,0.8192,0,-1,0,65.0224,28
65.5,car_north_base_001_rider,gNB_4G_1,-37,gNB_4G_2,-83,0.114688,0,-1,0,71.2586,28
65.5,car_north_base_002_rider,gNB_4G_1,-38,gNB_5G,-71,0.434176,0,-1,0,49.0164,28
65.5,ue_n043_0002,gNB_4G_2,-55,gNB_5G,-60,0.425984,5,2.83993,1,59.5747,28
65.5,ue_n001_0004,gNB_4G_1,-47,gNB_5G,-69,0.745472,0,-1,0,34.5138,28
65.5,ue_n043_0003,gNB_5G,-45,gNB_4G_2,-55,0.36864,0,-1,0,65.2259,28
65.5,car_north_base_003,gNB_4G_1,-46,gNB_4G_2,-64,0.630784,0,-1,0,24.1105,24
65.5,ue_n042_0004,gNB_4G_2,-65,gNB_5G,-67,0.745472,2,5.43993,1,30.4659,28
65.5,car_north_base_004,gNB_4G_1,-46,gNB_4G_2,-77,0.131072,0,-1,0,62.3975,22
65.5,car_north_base_005,gNB_4G_1,-44,gNB_4G_2,-79,0.229376,0,-1,0,61.2849,28
66.5,ue_n042_0001,gNB_4G_2,-42,gNB_5G,-65,0.745472,2,61.6399,1,65.717,28
66.5,car_north_peak_001,gNB_4G_2,-43,gNB_5G,-61,0.376832,1,22.2399,0,68.2232,27
66.5,car_north_peak_002_rider,gNB_4G_2,-42,gNB_5G,-54,0.28672,1,15.6399,0,67.9689,28
66.5,car_north_peak_003_rider,gNB_4G_2,-45,gNB_4G_1,-54,0.581632,1,10.4399,0,67.0979,28
66.5,ue_n042_0002,gNB_4G_2,-42,gNB_5G,-62,0.180224,2,58.6399,1,66.2559,28
66.5,ue_ujeongwon_0001,gNB_4G_1,-42,gNB_4G_2,-65,0.548864,0,-1,0,70.2157,27
66.5,car_north_peak_004,gNB_4G_2,-43,gNB_4G_1,-53,0.688128,1,8.63993,0,19.2624,20
66.5,car_north_peak_005,gNB_4G_2,-43,gNB_4G_1,-51,0.8192,1,4.43993,0,19.2045,22
66.5,ue_n043_0001,gNB_5G,-48,gNB_4G_2,-52,0.262144,4,15.6399,1,65.4779,28
66.5,ue_n042_0003,gNB_4G_2,-53,gNB_5G,-68,0.385024,2,40.6399,1,54.6896,28
66.5,ue_n001_0001,gNB_4G_1,-40,gNB_5G,-76,0.745472,0,-1,0,55.6435,28
66.5,ue_n001_0002,gNB_4G_1,-50,gNB_5G,-83,0.8192,0,-1,0,62.3805,28
66.5,ue_ujeongwon_0002,gNB_4G_1,-53,gNB_5G,-75,0.630784,0,-1,0,73.7254,28
66.5,ue_ujeongwon_0003,gNB_4G_1,-40,gNB_4G_2,-90,0.8192,0,-1,0,58.7156,28
66.5,ue_n001_0003,gNB_4G_1,-43,gNB_4G_2,-63,0.8192,0,-1,0,66.9286,28
66.5,car_north_base_001_rider,gNB_4G_1,-40,gNB_4G_2,-83,0.114688,0,-1,0,72.7673,28
66.5,car_north_base_002_rider,gNB_4G_1,-38,gNB_5G,-67,0.425984,0,-1,0,70.3213,28
66.5,ue_n043_0002,gNB_4G_2,-51,gNB_5G,-73,0.434176,5,3.83993,1,56.0278,28
66.5,ue_n001_0004,gNB_4G_1,-48,gNB_5G,-66,0.745472,0,-1,0,35.1529,28
66.5,ue_n043_0003,gNB_5G,-46,gNB_4G_2,-56,0.376832,0,-1,0,62.0588,28
66.5,car_north_base_003,gNB_4G_1,-45,gNB_4G_2,-65,0.630784,0,-1,0,29.3474,25
66.5,ue_n042_0004,gNB_4G_2,-61,gNB_5G,-67,0.745472,2,6.43993,1,48.2572,28
66.5,car_north_base_004,gNB_4G_1,-50,gNB_4G_2,-76,0.12288,0,-1,0,54.8721,22
66.5,car_north_base_005,gNB_4G_1,-44,gNB_4G_2,-78,0.507904,0,-1,0,61.4495,28
67.5,ue_n042_0001,gNB_4G_2,-43,gNB_5G,-65,0.745472,2,62.6399,1,68.3456,28
67.5,car_north_peak_001,gNB_4G_2,-41,gNB_5G,-62,0.36864,1,23.2399,0,68.2864,28
67.5,car_north_peak_002_rider,gNB_4G_2,-42,gNB_5G,-55,0.278528,1,16.6399,0,49.3794,28
67.5,car_north_peak_003_rider,gNB_4G_2,-43,gNB_4G_1,-53,0.581632,1,11.4399,0,17.0012,21
67.5,ue_n042_0002,gNB_4G_2,-45,gNB_5G,-64,0.180224,2,59.6399,1,52.7434,28
67.5,ue_ujeongwon_0001,gNB_4G_1,-42,gNB_4G_2,-64,0.548864,0,-1,0,29.8104,28
67.5,car_north_peak_004,gNB_4G_2,-43,gNB_4G_1,-49,0.679936,1,9.63993,0,63.511,28
67.5,car_north_peak_005,gNB_4G_2,-44,gNB_4G_1,-49,0.8192,1,5.43993,0,18.5314,21
67.5,ue_n043_0001,gNB_5G,-47,gNB_4G_2,-51,0.262144,4,16.6399,1,64.3763,28
67.5,ue_n042_0003,gNB_4G_2,-59,gNB_5G,-66,0.393216,2,41.6399,1,56.499,28
67.5,ue_n001_0001,gNB_4G_1,-36,gNB_5G,-69,0.745472,0,-1,0,75.8481,28
67.5,ue_n001_0002,gNB_4G_1,-47,gNB_5G,-78,0.8192,0,-1,0,66.94,28
67.5,ue_ujeongwon_0002,gNB_4G_1,-41,gNB_5G,-79,0.630784,0,-1,0,61.9521,28
67.5,ue_ujeongwon_0003,gNB_4G_1,-42,gNB_4G_2,-88,0.8192,0,-1,0,56.4873,28
67.5,ue_n001_0003,gNB_4G_1,-44,gNB_4G_2,-62,0.8192,0,-1,0,25.7287,25
67.5,car_north_base_001_rider,gNB_4G_1,-38,gNB_4G_2,-84,0.114688,0,-1,0,72.1872,28
67.5,car_north_base_002_rider,gNB_4G_1,-41,gNB_5G,-75,0.434176,0,-1,0,48.5215,28
67.5,ue_n043_0002,gNB_4G_2,-54,gNB_4G_1,-58,0.425984,5,4.83993,1,55.3918,28
67.5,ue_n001_0004,gNB_4G_1,-52,gNB_5G,-66,0.745472,0,-1,0,66.8252,28
67.5,ue_n043_0003,gNB_5G,-47,gNB_4G_2,-57,0.36864,0,-1,0,64.7226,28
67.5,car_north_base_003,gNB_4G_1,-38,gNB_4G_2,-77,0.630784,0,-1,0,73.9191,28
67.5,ue_n042_0004,gNB_4G_2,-59,gNB_5G,-68,0.745472,2,7.43993,1,50.0304,28
67.5,car_north_base_004,gNB_4G_1,-50,gNB_4G_2,-76,0.131072,0,-1,0,62.5552,20
67.5,car_north_base_005,gNB_4G_1,-46,gNB_4G_2,-78,0.516096,0,-1,0,32.9164,28
68.5,ue_n042_0001,gNB_4G_2,-43,gNB_5G,-63,0.73728,2,63.6399,1,66.9782,28
68.5,car_north_peak_001,gNB_4G_2,-42,gNB_5G,-58,0.36864,1,24.2399,0,16.7325,28
68.5,car_north_peak_002_rider,gNB_4G_2,-43,gNB_5G,-56,0.28672,1,17.6399,0,66.2896,28
68.5,car_north_peak_003_rider,gNB_4G_2,-44,gNB_4G_1,-53,0.581632,1,12.4399,0,66.0504,28
68.5,ue_n042_0002,gNB_4G_2,-42,gNB_5G,-64,0.180224,2,60.6399,1,63.0722,28
68.5,ue_ujeongwon_0001,gNB_4G_1,-41,gNB_4G_2,-62,0.540672,0,-1,0,45.1645,28
68.5,car_north_peak_004,gNB_4G_2,-45,gNB_4G_1,-51,0.688128,1,10.6399,0,66.3954,28
68.5,car_north_peak_005,gNB_4G_2,-45,gNB_4G_1,-50,0.8192,1,6.43993,0,14.2454,18
68.5,ue_n043_0001,gNB_5G,-49,gNB_4G_2,-50,0.270336,4,17.6399,1,65.6307,21
68.5,ue_n042_0003,gNB_4G_2,-53,gNB_5G,-65,0.393216,2,42.6399,1,38.8477,28
68.5,ue_n001_0001,gNB_4G_1,-37,gNB_5G,-69,0.745472,0,-1,0,49.7058,28
68.5,ue_n001_0002,gNB_4G_1,-43,gNB_5G,-82,0.8192,0,-1,0,66.302,28
68.5,ue_ujeongwon_0002,gNB_4G_1,-36,gNB_4G_2,-76,0.630784,0,-1,0,56.381,28
68.5,ue_ujeongwon_0003,gNB_4G_1,-45,gNB_4G_2,-89,0.8192,0,-1,0,59.7428,28
68.5,ue_n001_0003,gNB_4G_1,-43,gNB_4G_2,-62,0.8192,0,-1,0,26.561,26
68.5,car_north_base_001_rider,gNB_4G_1,-39,gNB_4G_2,-94,0.114688,0,-1,0,61.5814,28
68.5,car_north_base_002_rider,gNB_4G_1,-37,gNB_5G,-90,0.434176,0,-1,0,68.9582,28
68.5,ue_n043_0002,gNB_4G_2,-55,gNB_4G_1,-56,0.434176,5,5.83993,1,55.1738,28
68.5,ue_n001_0004,gNB_4G_1,-47,gNB_5G,-70,0.745472,0,-1,0,66.3799,28
68.5,ue_n043_0003,gNB_5G,-47,gNB_4G_2,-53,0.376832,0,-1,0,65.6733,28
68.5,car_north_base_003,gNB_4G_1,-38,gNB_4G_2,-77,0.630784,0,-1,0,49.9133,28
68.5,ue_n042_0004,gNB_4G_2,-55,gNB_5G,-68,0.745472,2,8.43993,1,55.3384,28
68.5,car_north_base_004,gNB_4G_1,-47,gNB_5G,-73,0.12288,0,-1,0,38.89,21
68.5,car_north_base_005,gNB_4G_1,-47,gNB_4G_2,-79,0.507904,0,-1,0,61.389,28
69.5,ue_n042_0001,gNB_4G_2,-43,gNB_5G,-63,0.745472,2,64.6399,1,66.2366,28
69.5,car_north_peak_001,gNB_4G_2,-44,gNB_5G,-58,0.376832,1,25.2399,0,30.1824,28
69.5,car_north_peak_002_rider,gNB_4G_2,-42,gNB_5G,-54,0.278528,1,18.6399,0,67.5509,28
69.5,car_north_peak_003_rider,gNB_4G_2,-44,gNB_4G_1,-53,0.589824,1,13.4399,0,67.7597,28
69.5,ue_n042_0002,gNB_4G_2,-42,gNB_5G,-65,0.172032,2,61.6399,1,65.7166,28
69.5,ue_ujeongwon_0001,gNB_4G_1,-43,gNB_4G_2,-76,0.548864,0,-1,0,69.2209,28
69.5,car_north_peak_004,gNB_4G_2,-45,gNB_4G_1,-50,0.671744,1,11.6399,0,8.85258,28
69.5,car_north_peak_005,gNB_4G_2,-45,gNB_4G_1,-49,0.8192,1,7.43993,0,19.4523,24
69.5,ue_n043_0001,gNB_5G,-45,gNB_4G_2,-52,0.262144,4,18.6399,1,68.6781,28
69.5,ue_n042_0003,gNB_4G_2,-58,gNB_5G,-66,0.385024,2,43.6399,1,40.9165,28
69.5,ue_n001_0001,gNB_4G_1,-38,gNB_5G,-67,0.745472,0,-1,0,71.0483,28
69.5,ue_n001_0002,gNB_4G_1,-47,gNB_5G,-81,0.8192,0,-1,0,60.6971,28
69.5,ue_ujeongwon_0002,gNB_4G_1,-39,gNB_5G,-73,0.630784,0,-1,0,42.4769,28
69.5,ue_ujeongwon_0003,gNB_4G_1,-38,gNB_4G_2,-89,0.8192,0,-1,0,69.2014,28
69.5,ue_n001_0003,gNB_4G_1,-42,gNB_4G_2,-62,0.8192,0,-1,0,67.769,28
69.5,car_north_base_001_rider,gNB_4G_1,-41,gNB_4G_2,-96,0.114688,0,-1,0,28.5519,26
69.5,car_north_base_002_rider,gNB_4G_1,-39,gNB_4G_2,-87,0.425984,0,-1,0,70.9641,28
69.5,ue_n043_0002,gNB_4G_2,-56,gNB_4G_1,-57,0.434176,5,6.83993,1,54.9445,28
69.5,ue_n001_0004,gNB_4G_1,-44,gNB_5G,-70,0.745472,0,-1,0,69.4583,28
69.5,ue_n043_0003,gNB_5G,-45,gNB_4G_2,-58,0.36864,0,-1,0,56.8061,28
69.5,car_north_base_003,gNB_4G_1,-37,gNB_5G,-80,0.630784,0,-1,0,70.2506,28
69.5,ue_n042_0004,gNB_4G_2,-54,gNB_5G,-66,0.73728,2,9.43993,1,53.5235,28
69.5,car_north_base_004,gNB_4G_1,-47,gNB_4G_2,-77,0.131072,0,-1,0,29.1221,26
69.5,car_north_base_005,gNB_4G_1,-46,gNB_4G_2,-78,0.516096,0,-1,0,62.0015,28
70.5,ue_n042_0001,gNB_4G_2,-44,gNB_5G,-64,0.745472,2,65.6399,1,68.5814,28
70.5,car_north_peak_001,gNB_4G_2,-46,gNB_5G,-50,0.36864,1,26.2399,0,23.7557,28
70.5,car_north_peak_002_rider,gNB_4G_2,-43,gNB_5G,-51,0.278528,1,19.6399,0,67.1732,28
70.5,car_north_peak_003_rider,gNB_4G_2,-44,gNB_4G_1,-53,0.581632,1,14.4399,0,64.8189,20
70.5,ue_n042_0002,gNB_4G_2,-43,gNB_5G,-65,0.180224,2,62.6399,1,55.9071,28
70.5,ue_ujeongwon_0001,gNB_4G_1,-42,gNB_4G_2,-66,0.548864,0,-1,0,72.6257,28
70.5,car_north_peak_004,gNB_4G_2,-45,gNB_4G_1,-50,0.688128,1,12.6399,0,18.8883,28
70.5,car_north_peak_005,gNB_4G_2,-44,gNB_4G_1,-47,0.8192,1,8.43993,0,21.8692,19
70.5,ue_n043_0001,gNB_5G,-45,gNB_4G_2,-52,0.262144,4,19.6399,1,66.1225,26
70.5,ue_n042_0003,gNB_4G_2,-54,gNB_5G,-65,0.393216,2,44.6399,1,55.5386,28
70.5,ue_n001_0001,gNB_4G_1,-38,gNB_5G,-62,0.745472,0,-1,0,74.8444,28
70.5,ue_n001_0002,gNB_4G_1,-49,gNB_5G,-81,0.8192,0,-1,0,65.3516,28
70.5,ue_ujeongwon_0002,gNB_4G_1,-41,gNB_5G,-73,0.630784,0,-1,0,48.8631,28
70.5,ue_ujeongwon_0003,gNB_4G_1,-39,gNB_4G_2,-90,0.8192,0,-1,0,68.8071,28
70.5,ue_n001_0003,gNB_4G_1,-46,gNB_4G_2,-62,0.8192,0,-1,0,70.5849,28
70.5,car_north_base_001_rider,gNB_4G_1,-41,gNB_4G_2,-71,0.114688,0,-1,0,68.3852,28
70.5,car_north_base_002_rider,gNB_4G_1,-40,gNB_4G_2,-82,0.434176,0,-1,0,39.0384,28
70.5,ue_n043_0002,gNB_4G_2,-56,gNB_5G,-68,0.425984,5,7.83993,1,40.1104,25
70.5,ue_n001_0004,gNB_4G_1,-47,gNB_5G,-70,0.745472,0,-1,0,64.6335,28
70.5,ue_n043_0003,gNB_4G_2,-55,gNB_5G,-53,0.376832,1,0.239928,0,54.6474,28
70.5,car_north_base_003,gNB_4G_1,-38,gNB_5G,-77,0.630784,0,-1,0,45.8687,28
70.5,ue_n042_0004,gNB_4G_2,-57,gNB_5G,-67,0.745472,2,10.4399,1,52.3194,28
70.5,car_north_base_004,gNB_4G_1,-46,gNB_5G,-77,0.131072,0,-1,0,66.6385,21
70.5,car_north_base_005,gNB_4G_1,-48,gNB_5G,-77,0.507904,0,-1,0,36.2384,28
71.5,ue_n042_0001,gNB_4G_2,-42,gNB_5G,-63,0.745472,2,66.6399,1,71.8827,28
71.5,car_north_peak_001,gNB_4G_2,-44,gNB_5G,-57,0.376832,1,27.2399,0,66.408,28
71.5,car_north_peak_002_rider,gNB_4G_2,-44,gNB_5G,-52,0.28672,1,20.6399,0,66.1726,28
71.5,car_north_peak_003_rider,gNB_4G_2,-44,gNB_4G_1,-51,0.589824,1,15.4399,0,63.8474,28
71.5,ue_n042_0002,gNB_4G_2,-43,gNB_5G,-63,0.180224,2,63.6399,1,66.9756,28
71.5,ue_ujeongwon_0001,gNB_4G_1,-44,gNB_4G_2,-77,0.540672,0,-1,0,67.7,28
71.5,car_north_peak_004,gNB_4G_2,-43,gNB_4G_1,-50,0.679936,1,13.6399,0,13.1408,17
71.5,car_north_peak_005,gNB_4G_2,-46,gNB_4G_1,-48,0.8192,1,9.43993,0,19.0603,23
71.5,ue_n043_0001,gNB_5G,-50,gNB_4G_2,-51,0.262144,4,20.6399,1,63.33,28
71.5,ue_n042_0003,gNB_4G_2,-54,gNB_5G,-64,0.385024,2,45.6399,1,56.9028,28
71.5,ue_n001_0001,gNB_4G_1,-39,gNB_5G,-68,0.73728,0,-1,0,47.7014,28
71.5,ue_n001_0002,gNB_4G_1,-45,gNB_5G,-82,0.8192,0,-1,0,65.1535,28
71.5,ue_ujeongwon_0002,gNB_4G_1,-39,gNB_5G,-75,0.630784,0,-1,0,53.0531,28
71.5,ue_ujeongwon_0003,gNB_4G_1,-38,gNB_4G_2,-90,0.8192,0,-1,0,64.791,28
71.5,ue_n001_0003,gNB_4G_1,-42,gNB_4G_2,-60,0.8192,0,-1,0,29.5346,26
71.5,car_north_base_001_rider,gNB_4G_1,-41,gNB_4G_2,-69,0.114688,0,-1,0,63.4797,28
71.5,car_north_base_002_rider,gNB_4G_1,-38,gNB_4G_2,-85,0.425984,0,-1,0,69.1833,28
71.5,ue_n043_0002,gNB_4G_2,-64,gNB_5G,-65,0.434176,5,8.83993,1,58.2587,28
71.5,ue_n001_0004,gNB_4G_1,-47,gNB_5G,-67,0.745472,0,-1,0,65.9145,28
71.5,ue_n043_0003,gNB_5G,-49,gNB_4G_2,-56,0.36864,2,0.639928,1,65.3061,28
71.5,car_north_base_003,gNB_4G_1,-39,gNB_5G,-79,0.622592,0,-1,0,46.8831,17
71.5,ue_n042_0004,gNB_4G_2,-56,gNB_5G,-68,0.745472,2,11.4399,1,55.9187,28
71.5,car_north_base_004,gNB_4G_1,-45,gNB_4G_2,-73,0.12288,0,-1,0,61.8131,20
71.5,car_north_base_005,gNB_4G_1,-48,gNB_5G,-76,0.516096,0,-1,0,38.2204,28
72.5,ue_n042_0001,gNB_4G_2,-48,gNB_5G,-63,0.745472,2,67.6399,1,69.1828,28
72.5,car_north_peak_001,gNB_4G_2,-44,gNB_5G,-59,0.36864,1,28.2399,0,66.5522,28
72.5,car_north_peak_002_rider,gNB_4G_2,-44,gNB_5G,-52,0.278528,1,21.6399,0,69.2884,16
72.5,car_north_peak_003_rider,gNB_4G_2,-43,gNB_4G_1,-51,0.581632,1,16.4399,0,30.7387,28
72.5,ue_n042_0002,gNB_4G_2,-43,gNB_5G,-63,0.180224,2,64.6399,1,66.2386,28
72.5,ue_ujeongwon_0001,gNB_4G_1,-42,gNB_4G_2,-67,0.548864,0,-1,0,67.7725,28
72.5,car_north_peak_004,gNB_4G_2,-45,gNB_4G_1,-50,0.688128,1,14.6399,0,68.3301,28
72.5,car_north_peak_005,gNB_4G_2,-43,gNB_4G_1,-52,0.811008,1,10.4399,0,11.5327,15
72.5,ue_n043_0001,gNB_5G,-50,gNB_4G_2,-51,0.270336,4,21.6399,1,63.8238,28
72.5,ue_n042_0003,gNB_4G_2,-57,gNB_5G,-65,0.393216,2,46.6399,1,55.9604,28
72.5,ue_n001_0001,gNB_4G_1,-37,gNB_5G,-66,0.745472,0,-1,0,66.4488,28
72.5,ue_n001_0002,gNB_4G_1,-50,gNB_4G_2,-102,0.8192,0,-1,0,66.0632,28
72.5,ue_ujeongwon_0002,gNB_4G_1,-40,gNB_5G,-75,0.630784,0,-1,0,56.6912,28
72.5,ue_ujeongwon_0003,gNB_4G_1,-37,gNB_4G_2,-88,0.8192,0,-1,0,30.8174,28
72.5,ue_n001_0003,gNB_4G_1,-44,gNB_4G_2,-64,0.8192,0,-1,0,67.2444,28
72.5,car_north_base_001_rider,gNB_4G_1,-42,gNB_4G_2,-66,0.106496,0,-1,0,24.8374,26
72.5,car_north_base_002_rider,gNB_4G_1,-39,gNB_4G_2,-94,0.434176,0,-1,0,67.744,28
72.5,ue_n043_0002,gNB_4G_2,-53,gNB_5G,-65,0.434176,5,9.83993,1,57.7647,28
72.5,ue_n001_0004,gNB_4G_1,-46,gNB_5G,-68,0.73728,0,-1,0,69.2543,28
72.5,ue_n043_0003,gNB_5G,-45,gNB_4G_2,-53,0.376832,2,1.63993,1,67.0041,26
72.5,car_north_base_003,gNB_4G_1,-42,gNB_4G_2,-82,0.630784,0,-1,0,70.8499,20
72.5,ue_n042_0004,gNB_4G_2,-57,gNB_5G,-65,0.745472,2,12.4399,1,53.7689,28
72.5,car_north_base_004,gNB_4G_1,-43,gNB_4G_2,-63,0.131072,0,-1,0,67.5956,24
72.5,car_north_base_005,gNB_4G_1,-51,gNB_5G,-73,0.507904,0,-1,0,31.5238,28
73.5,ue_n042_0001,gNB_4G_2,-44,gNB_5G,-65,0.745472,2,68.6399,1,52.592,28
73.5,car_north_peak_001,gNB_4G_2,-44,gNB_5G,-55,0.376832,1,29.2399,0,65.7462,28
73.5,car_north_peak_002_rider,gNB_4G_2,-42,gNB_5G,-53,0.28672,1,22.6399,0,66.4614,28
73.5,car_north_peak_003_rider,gNB_4G_2,-40,gNB_4G_1,-50,0.581632,1,17.4399,0,22.9302,28
73.5,ue_n042_0002,gNB_4G_2,-44,gNB_5G,-64,0.172032,2,65.6399,1,49.9751,28
73.5,ue_ujeongwon_0001,gNB_4G_1,-43,gNB_4G_2,-61,0.548864,0,-1,0,26.8664,28
73.5,car_north_peak_004,gNB_4G_2,-43,gNB_4G_1,-51,0.679936,1,15.6399,0,66.582,28
73.5,car_north_peak_005,gNB_4G_2,-42,gNB_5G,-54,0.827392,1,11.4399,0,62.2887,28
73.5,ue_n043_0001,gNB_5G,-48,gNB_4G_2,-50,0.262144,4,22.6399,1,66.4184,28
73.5,ue_n042_0003,gNB_4G_2,-50,gNB_5G,-64,0.393216,2,47.6399,1,43.4332,28
73.5,ue_n001_0001,gNB_4G_1,-38,gNB_5G,-66,0.745472,0,-1,0,49.9303,28
73.5,ue_n001_0002,gNB_4G_1,-48,gNB_4G_2,-78,0.8192,0,-1,0,43.1557,28
73.5,ue_ujeongwon_0002,gNB_4G_1,-41,gNB_5G,-74,0.630784,0,-1,0,70.7248,28
73.5,ue_ujeongwon_0003,gNB_4G_1,-77,gNB_4G_2,-90,0.8192,0,-1,0,53.7013,28
73.5,ue_n001_0003,gNB_4G_1,-42,gNB_4G_2,-60,0.8192,0,-1,0,22.5089,22
73.5,car_north_base_001_rider,gNB_4G_1,-51,gNB_5G,-67,0.114688,0,-1,0,55.697,28
73.5,car_north_base_002_rider,gNB_4G_1,-41,gNB_5G,-96,0.425984,0,-1,0,26.5734,26
73.5,ue_n043_0002,gNB_4G_2,-53,gNB_5G,-64,0.425984,5,10.8399,1,55.8373,28
73.5,ue_n001_0004,gNB_4G_1,-45,gNB_5G,-69,0.745472,0,-1,0,67.8398,28
73.5,ue_n043_0003,gNB_5G,-47,gNB_4G_2,-55,0.36864,2,2.63993,1,62.8934,28
73.5,car_north_base_003,gNB_4G_1,-38,gNB_5G,-73,0.630784,0,-1,0,72.8658,13
73.5,ue_n042_0004,gNB_4G_2,-57,gNB_5G,-65,0.745472,2,13.4399,1,38.4786,28
73.5,car_north_base_004,gNB_4G_1,-41,gNB_4G_2,-64,0.131072,0,-1,0,65.7278,25
73.5,car_north_base_005,gNB_4G_1,-48,gNB_4G_2,-72,0.516096,0,-1,0,56.2618,28
74.5,ue_n042_0001,gNB_4G_2,-41,gNB_5G,-66,0.745472,2,69.6399,1,68.3666,28
74.5,car_north_peak_001,gNB_4G_2,-45,gNB_5G,-52,0.36864,1,30.2399,0,36.0954,28
74.5,car_north_peak_002_rider,gNB_4G_2,-43,gNB_5G,-53,0.278528,1,23.6399,0,41.4962,15
74.5,car_north_peak_003_rider,gNB_4G_2,-41,gNB_4G_1,-51,0.589824,1,18.4399,0,47.7155,28
74.5,ue_n042_0002,gNB_4G_2,-42,gNB_5G,-63,0.180224,2,66.6399,1,71.8829,28
74.5,ue_ujeongwon_0001,gNB_4G_1,-42,gNB_4G_2,-66,0.540672,0,-1,0,63.8744,28
74.5,car_north_peak_004,gNB_4G_2,-44,gNB_4G_1,-51,0.688128,1,16.6399,0,61.5494,28
74.5,car_north_peak_005,gNB_4G_2,-43,gNB_5G,-54,0.8192,1,12.4399,0,61.7402,28
74.5,ue_n043_0001,gNB_5G,-47,gNB_4G_2,-50,0.262144,4,23.6399,1,60.0003,28
74.5,ue_n042_0003,gNB_4G_2,-51,gNB_5G,-64,0.385024,2,48.6399,1,58.7301,28
74.5,ue_n001_0001,gNB_4G_1,-40,gNB_5G,-65,0.745472,0,-1,0,54.3421,28
74.5,ue_n001_0002,gNB_4G_1,-45,gNB_4G_2,-74,0.8192,0,-1,0,36.2466,28
74.5,ue_ujeongwon_0002,gNB_4G_1,-53,gNB_5G,-79,0.622592,0,-1,0,69.7884,28
74.5,ue_ujeongwon_0003,gNB_4G_1,-48,gNB_4G_2,-90,0.786432,0,-1,0,-8.92901,0
74.5,ue_n001_0003,gNB_4G_1,-41,gNB_4G_2,-62,0.811008,0,-1,0,23.6051,22
74.5,car_north_base_001_rider,gNB_4G_1,-43,gNB_5G,-64,0.114688,0,-1,0,63.3782,28
74.5,car_north_base_002_rider,gNB_4G_1,-41,gNB_4G_2,-70,0.434176,0,-1,0,28.1381,28
74.5,ue_n043_0002,gNB_4G_2,-55,gNB_4G_1,-58,0.425984,5,11.8399,1,13.4806,28
74.5,ue_n001_0004,gNB_4G_1,-50,gNB_5G,-74,0.745472,0,-1,0,61.7423,28
74.5,ue_n043_0003,gNB_5G,-46,gNB_4G_2,-54,0.36864,2,3.63993,1,61.6825,28
74.5,car_north_base_003,gNB_4G_1,-37,gNB_5G,-65,0.630784,0,-1,0,63.4111,28
74.5,ue_n042_0004,gNB_4G_2,-58,gNB_5G,-66,0.745472,2,14.4399,1,52.7831,28
74.5,car_north_base_004,gNB_4G_1,-44,gNB_4G_2,-66,0.12288,0,-1,0,67.8684,25
74.5,car_north_base_005,gNB_4G_1,-49,gNB_4G_2,-65,0.507904,0,-1,0,67.4356,14
75.5,ue_n042_0001,gNB_4G_2,-44,gNB_5G,-64,0.745472,2,70.6399,1,66.9731,28
75.5,car_north_peak_001,gNB_4G_2,-45,gNB_5G,-52,0.376832,1,31.2399,0,39.0323,28
75.5,car_north_peak_002_rider,gNB_4G_2,-44,gNB_5G,-50,0.28672,1,24.6399,0,67.6879,15
75.5,car_north_peak_003_rider,gNB_4G_2,-43,gNB_5G,-56,0.581632,1,19.4399,0,69.3811,28
75.5,ue_n042_0002,gNB_4G_2,-48,gNB_5G,-63,0.180224,2,67.6399,1,69.1831,28
75.5,ue_ujeongwon_0001,gNB_4G_1,-51,gNB_4G_2,-63,0.548864,0,-1,0,66.5412,28
75.5,car_north_peak_004,gNB_4G_2,-42,gNB_4G_1,-51,0.679936,1,17.6399,0,70.5111,28
75.5,car_north_peak_005,gNB_4G_2,-43,gNB_5G,-54,0.8192,1,13.4399,0,21.7859,22
75.5,ue_n043_0001,gNB_5G,-50,gNB_4G_2,-52,0.262144,4,24.6399,1,63.5089,25
75.5,ue_n042_0003,gNB_4G_2,-52,gNB_5G,-64,0.393216,2,49.6399,1,43.8485,28
75.5,ue_n001_0001,gNB_4G_1,-39,gNB_5G,-62,0.745472,0,-1,0,74.7641,28
75.5,ue_n001_0002,gNB_4G_1,-46,gNB_4G_2,-76,0.8192,0,-1,0,52.6179,28
75.5,ue_ujeongwon_0002,gNB_4G_1,-39,gNB_5G,-75,0.630784,0,-1,0,34.0765,28
75.5,ue_ujeongwon_0003,gNB_4G_1,-72,gNB_4G_2,-104,0.540672,2,0.0399284,1,46.6234,28
75.5,ue_n001_0003,gNB_4G_1,-39,gNB_4G_2,-61,0.827392,0,-1,0,70.5257,28
75.5,car_north_base_001_rider,gNB_4G_1,-45,gNB_5G,-66,0.114688,0,-1,0,34.2765,28
75.5,car_north_base_002_rider,gNB_4G_1,-45,gNB_4G_2,-69,0.434176,0,-1,0,56.5812,28
75.5,ue_n043_0002,gNB_4G_2,-53,gNB_5G,-64,0.425984,5,12.8399,1,57.4149,28
75.5,ue_n001_0004,gNB_4G_1,-46,gNB_5G,-74,0.745472,0,-1,0,66.6761,28
75.5,ue_n043_0003,gNB_4G_2,-53,gNB_5G,-53,0.376832,3,0.239928,0,57.6112,28
75.5,car_north_base_003,gNB_4G_1,-39,gNB_5G,-66,0.630784,0,-1,0,53.5625,28
75.5,ue_n042_0004,gNB_4G_2,-57,gNB_5G,-72,0.745472,2,15.4399,1,52.9665,28
75.5,car_north_base_004,gNB_4G_1,-44,gNB_4G_2,-63,0.131072,0,-1,0,25.5488,26
75.5,car_north_base_005,gNB_4G_1,-44,gNB_4G_2,-66,0.516096,0,-1,0,65.8309,28
75.5,ue_n043_0004,gNB_5G,-50,gNB_4G_2,-55,0.278528,0,-1,0,59.7552,28
76.5,ue_n042_0001,gNB_4G_2,-44,gNB_5G,-64,0.745472,2,71.6399,1,57.205,28
76.5,car_north_peak_001,gNB_4G_2,-47,gNB_5G,-51,0.36864,1,32.2399,0,43.8412,28
76.5,car_north_peak_002_rider,gNB_4G_2,-43,gNB_5G,-52,0.278528,1,25.6399,0,31.7435,28
76.5,car_north_peak_003_rider,gNB_4G_2,-42,gNB_5G,-55,0.589824,1,20.4399,0,41.7189,28
76.5,ue_n042_0002,gNB_4G_2,-44,gNB_5G,-64,0.180224,2,68.6399,1,53.3481,28
76.5,ue_ujeongwon_0001,gNB_4G_1,-43,gNB_4G_2,-62,0.548864,0,-1,0,62.3117,28
76.5,car_north_peak_004,gNB_4G_2,-43,gNB_5G,-58,0.679936,1,18.6399,0,42.7343,28
76.5,car_north_peak_005,gNB_4G_2,-42,gNB_4G_1,-51,0.8192,1,14.4399,0,27.7579,28
76.5,ue_n043_0001,gNB_5G,-49,gNB_4G_2,-51,0.270336,4,25.6399,1,64.1886,28
76.5,ue_n042_0003,gNB_4G_2,-51,gNB_5G,-65,0.393216,2,50.6399,1,47.9682,28
76.5,ue_n001_0001,gNB_4G_1,-38,gNB_5G,-66,0.745472,0,-1,0,72.8679,28
76.5,ue_n001_0002,gNB_4G_1,-43,gNB_4G_2,-76,0.8192,0,-1,0,59.9187,28
76.5,ue_ujeongwon_0002,gNB_4G_1,-38,gNB_4G_2,-69,0.630784,0,-1,0,75.7278,28
76.5,ue_ujeongwon_0003,gNB_4G_1,-68,gNB_4G_2,-111,0.598016,2,1.03993,1,-8.93859,0
76.5,ue_n001_0003,gNB_4G_1,-41,gNB_4G_2,-59,0.8192,0,-1,0,64.916,28
76.5,car_north_base_001_rider,gNB_4G_1,-49,gNB_5G,-60,0.114688,0,-1,0,58.2967,28
76.5,car_north_base_002_rider,gNB_4G_1,-42,gNB_4G_2,-66,0.434176,0,-1,0,56.218,28
76.5,ue_n043_0002,gNB_4G_2,-53,gNB_5G,-62,0.425984,5,13.8399,1,14.1429,28
76.5,ue_n001_0004,gNB_4G_1,-42,gNB_5G,-76,0.745472,0,-1,0,65.9457,28
76.5,ue_n043_0003,gNB_5G,-49,gNB_4G_2,-53,0.36864,4,0.239928,1,66.4072,28
76.5,car_north_base_003,gNB_4G_1,-41,gNB_5G,-65,0.630784,0,-1,0,71.1522,28
76.5,ue_n042_0004,gNB_4G_2,-56,gNB_5G,-68,0.745472,2,16.4399,1,41.7978,28
76.5,car_north_base_004,gNB_4G_1,-44,gNB_4G_2,-63,0.12288,0,-1,0,68.0993,23
76.5,car_north_base_005,gNB_4G_1,-40,gNB_4G_2,-67,0.507904,0,-1,0,24.869,17
76.5,ue_n043_0004,gNB_5G,-50,gNB_4G_2,-56,0.630784,0,-1,0,61.564,28
76.5,car_north_base_006_rider,gNB_4G_1,-44,gNB_4G_2,-79,0.385024,0,-1,0,63.0414,28
77.5,ue_n042_0001,gNB_4G_2,-40,gNB_5G,-62,0.745472,2,72.6399,1,67.8856,28
77.5,car_north_peak_001,gNB_4G_2,-47,gNB_5G,-60,0.376832,1,33.2399,0,64.2699,28
77.5,car_north_peak_002_rider,gNB_4G_2,-45,gNB_5G,-50,0.28672,1,26.6399,0,66.6723,28
77.5,car_north_peak_003_rider,gNB_4G_2,-44,gNB_5G,-57,0.581632,1,21.4399,0,67.2662,28
77.5,ue_n042_0002,gNB_4G_2,-41,gNB_5G,-66,0.172032,2,69.6399,1,70.9433,28
77.5,ue_ujeongwon_0001,gNB_4G_1,-41,gNB_4G_2,-65,0.540672,0,-1,0,60.8455,28
77.5,car_north_peak_004,gNB_4G_2,-46,gNB_5G,-56,0.688128,1,19.6399,0,45.9187,28
77.5,car_north_peak_005,gNB_4G_2,-43,gNB_4G_1,-51,0.8192,1,15.4399,0,23.4942,24
77.5,ue_n043_0001,gNB_5G,-49,gNB_4G_2,-49,0.262144,4,26.6399,1,65.4122,21
77.5,ue_n042_0003,gNB_4G_2,-50,gNB_5G,-62,0.385024,2,51.6399,1,47.6354,28
77.5,ue_n001_0001,gNB_4G_1,-40,gNB_5G,-67,0.745472,0,-1,0,59.2207,28
77.5,ue_n001_0002,gNB_4G_1,-46,gNB_5G,-73,0.8192,0,-1,0,63.6926,28
77.5,ue_ujeongwon_0002,gNB_4G_1,-40,gNB_5G,-81,0.630784,0,-1,0,71.5243,28
77.5,ue_ujeongwon_0003,gNB_4G_1,-106,gNB_4G_2,-117,0.548864,2,2.03993,1,55.7392,28
77.5,ue_n001_0003,gNB_4G_1,-38,gNB_4G_2,-64,0.8192,0,-1,0,68.1735,28
77.5,car_north_base_001_rider,gNB_4G_1,-47,gNB_5G,-61,0.114688,0,-1,0,59.313,28
77.5,car_north_base_002_rider,gNB_4G_1,-42,gNB_4G_2,-67,0.425984,0,-1,0,64.9947,28
77.5,ue_n043_0002,gNB_4G_2,-55,gNB_4G_1,-62,0.434176,5,14.8399,1,29.3786,28
77.5,ue_n001_0004,gNB_4G_1,-43,gNB_5G,-77,0.745472,0,-1,0,62.4049,28
77.5,ue_n043_0003,gNB_5G,-50,gNB_4G_2,-52,0.376832,4,1.23993,1,61.4331,28
77.5,car_north_base_003,gNB_4G_1,-40,gNB_5G,-68,0.630784,0,-1,0,66.1745,28
77.5,ue_n042_0004,gNB_4G_2,-55,gNB_5G,-67,0.745472,2,17.4399,1,57.664,28
77.5,car_north_base_004,gNB_4G_1,-41,gNB_4G_2,-72,0.131072,0,-1,0,73.7344,25
77.5,car_north_base_005,gNB_4G_1,-45,gNB_4G_2,-63,0.507904,0,-1,0,24.656,27
77.5,ue_n043_0004,gNB_5G,-49,gNB_4G_2,-61,0.630784,0,-1,0,58.39,28
77.5,car_north_base_006_rider,gNB_4G_1,-44,gNB_4G_2,-77,0.8192,0,-1,0,66.798,28
78.5,ue_n042_0001,gNB_4G_2,-43,gNB_5G,-62,0.745472,2,73.6399,1,62.0506,28
78.5,car_north_peak_001,gNB_4G_2,-46,gNB_5G,-56,0.36864,1,34.2399,0,57.6734,28
78.5,car_north_peak_002_rider,gNB_4G_2,-44,gNB_5G,-50,0.278528,1,27.6399,0,24.3844,27
78.5,car_north_peak_003_rider,gNB_4G_2,-44,gNB_5G,-54,0.589824,1,22.4399,0,67.0029,28
78.5,ue_n042_0002,gNB_4G_2,-43,gNB_5G,-64,0.180224,2,70.6399,1,66.9752,28
78.5,ue_ujeongwon_0001,gNB_4G_1,-40,gNB_4G_2,-63,0.548864,0,-1,0,69.8874,28
78.5,car_north_peak_004,gNB_4G_2,-45,gNB_5G,-53,0.671744,1,20.6399,0,20.5502,22
78.5,car_north_peak_005,gNB_4G_2,-44,gNB_4G_1,-55,0.8192,1,16.4399,0,22.954,25
78.5,ue_n043_0001,gNB_5G,-48,gNB_4G_2,-50,0.262144,4,27.6399,1,64.9058,28
78.5,ue_n042_0003,gNB_4G_2,-49,gNB_5G,-65,0.393216,2,52.6399,1,49.4851,28
78.5,ue_n001_0001,gNB_4G_1,-40,gNB_5G,-67,0.745472,0,-1,0,68.3834,28
78.5,ue_n001_0002,gNB_4G_1,-49,gNB_5G,-65,0.8192,0,-1,0,63.1172,28
78.5,ue_ujeongwon_0002,gNB_4G_1,-41,gNB_4G_2,-78,0.630784,0,-1,0,69.6375,28
78.5,ue_ujeongwon_0003,gNB_4G_1,-62,gNB_4G_2,-118,0.8192,2,3.03993,1,59.187,28
78.5,ue_n001_0003,gNB_4G_1,-52,gNB_4G_2,-66,0.8192,0,-1,0,73.4109,28
78.5,car_north_base_001_rider,gNB_4G_1,-47,gNB_5G,-61,0.114688,0,-1,0,34.2235,28
78.5,car_north_base_002_rider,gNB_4G_1,-41,gNB_5G,-61,0.434176,0,-1,0,62.5414,28
78.5,ue_n043_0002,gNB_4G_2,-53,gNB_5G,-65,0.425984,5,15.8399,1,26.5388,28
78.5,ue_n001_0004,gNB_4G_1,-44,gNB_5G,-76,0.745472,0,-1,0,61.7511,28
78.5,ue_n043_0003,gNB_4G_2,-52,gNB_5G,-61,0.36864,5,0.639928,1,30.4886,28
78.5,car_north_base_003,gNB_4G_1,-39,gNB_5G,-70,0.630784,0,-1,0,68.6525,28
78.5,ue_n042_0004,gNB_4G_2,-55,gNB_5G,-71,0.745472,2,18.4399,1,56.233,28
78.5,car_north_base_004,gNB_4G_1,-38,gNB_5G,-80,0.131072,0,-1,0,70.5379,24
78.5,car_north_base_005,gNB_4G_1,-45,gNB_4G_2,-63,0.516096,0,-1,0,70.2688,28
78.5,ue_n043_0004,gNB_5G,-51,gNB_4G_2,-59,0.622592,0,-1,0,58.3757,28
78.5,car_north_base_006_rider,gNB_4G_1,-45,gNB_4G_2,-78,0.8192,0,-1,0,62.3336,28
78.5,ue_n043_0005,gNB_5G,-55,gNB_4G_2,-66,0.32768,0,-1,0,58.2614,28
79.5,ue_n042_0001,gNB_4G_2,-40,gNB_5G,-61,0.745472,2,74.6399,1,52.4003,28
79.5,car_north_peak_001,gNB_4G_2,-47,gNB_5G,-55,0.376832,1,35.2399,0,60.8926,28
79.5,car_north_peak_002_rider,gNB_4G_2,-44,gNB_5G,-56,0.28672,1,28.6399,0,68.8415,28
79.5,car_north_peak_003_rider,gNB_4G_2,-44,gNB_5G,-53,0.581632,1,23.4399,0,64.9558,28
79.5,ue_n042_0002,gNB_4G_2,-44,gNB_5G,-64,0.180224,2,71.6399,1,69.3739,28
79.5,ue_ujeongwon_0001,gNB_4G_1,-42,gNB_4G_2,-67,0.548864,0,-1,0,66.4313,28
79.5,car_north_peak_004,gNB_4G_2,-45,gNB_5G,-53,0.688128,1,21.6399,0,41.0577,20
79.5,car_north_peak_005,gNB_4G_2,-46,gNB_4G_1,-53,0.8192,1,17.4399,0,42.9456,28
79.5,ue_n043_0001,gNB_5G,-47,gNB_4G_2,-51,0.262144,4,28.6399,1,67.3109,28
79.5,ue_n042_0003,gNB_4G_2,-49,gNB_5G,-63,0.385024,2,53.6399,1,65.6467,28
79.5,ue_n001_0001,gNB_4G_1,-39,gNB_5G,-68,0.745472,0,-1,0,48.2763,28
79.5,ue_n001_0002,gNB_4G_1,-49,gNB_5G,-68,0.8192,0,-1,0,61.7929,28
79.5,ue_ujeongwon_0002,gNB_4G_1,-40,gNB_4G_2,-71,0.630784,0,-1,0,72.5911,28
79.5,ue_ujeongwon_0003,gNB_4G_1,-52,gNB_4G_2,-124,0.8192,2,4.03993,1,52.7292,28
79.5,ue_n001_0003,gNB_4G_1,-42,gNB_4G_2,-63,0.8192,0,-1,0,71.7346,28
79.5,car_north_base_001_rider,gNB_4G_1,-49,gNB_5G,-60,0.106496,0,-1,0,61.8801,28
79.5,car_north_base_002_rider,gNB_4G_1,-45,gNB_5G,-66,0.434176,0,-1,0,31.505,27
79.5,ue_n043_0002,gNB_4G_2,-56,gNB_5G,-68,0.434176,5,16.8399,1,58.3318,28
79.5,ue_n001_0004,gNB_4G_1,-47,gNB_5G,-88,0.745472,0,-1,0,66.8362,28
79.5,ue_n043_0003,gNB_4G_2,-54,gNB_5G,-58,0.36864,5,1.63993,1,5.81032,10
79.5,car_north_base_003,gNB_4G_1,-36,gNB_4G_2,-82,0.630784,0,-1,0,45.0639,28
79.5,ue_n042_0004,gNB_4G_2,-55,gNB_5G,-70,0.745472,2,19.4399,1,33.7175,28
79.5,car_north_base_004,gNB_4G_1,-39,gNB_5G,-78,0.12288,0,-1,0,63.1117,22
79.5,car_north_base_005,gNB_4G_1,-45,gNB_4G_2,-62,0.516096,0,-1,0,53.8599,28
79.5,ue_n043_0004,gNB_5G,-50,gNB_4G_2,-57,0.630784,0,-1,0,57.2362,28
79.5,car_north_base_006_rider,gNB_4G_1,-46,gNB_4G_2,-77,0.8192,0,-1,0,65.4697,28
79.5,ue_n043_0005,gNB_5G,-54,gNB_4G_2,-64,0.679936,0,-1,0,58.5287,28
80.5,ue_n042_0001,gNB_4G_2,-39,gNB_5G,-61,0.73728,2,75.6399,1,71.7281,28
80.5,car_north_peak_001,gNB_4G_2,-47,gNB_5G,-53,0.36864,1,36.2399,0,32.134,28
80.5,car_north_peak_002_rider,gNB_4G_2,-42,gNB_5G,-53,0.278528,1,29.6399,0,66.2298,28
80.5,car_north_peak_003_rider,gNB_4G_2,-45,gNB_5G,-54,0.589824,1,24.4399,0,67.9378,28
80.5,ue_n042_0002,gNB_4G_2,-40,gNB_5G,-62,0.172032,2,72.6399,1,67.8864,28
80.5,ue_ujeongwon_0001,gNB_4G_1,-43,gNB_5G,-74,0.540672,0,-1,0,31.3558,24
80.5,car_north_peak_004,gNB_4G_2,-43,gNB_5G,-51,0.688128,1,22.6399,0,66.748,28
80.5,car_north_peak_005,gNB_4G_2,-45,gNB_5G,-59,0.8192,1,18.4399,0,43.1965,28
80.5,ue_n043_0001,gNB_5G,-46,gNB_4G_2,-48,0.270336,4,29.6399,1,64.1412,28
80.5,ue_n042_0003,gNB_4G_2,-44,gNB_5G,-63,0.393216,2,54.6399,1,54.0636,28
80.5,ue_n001_0001,gNB_4G_1,-39,gNB_5G,-69,0.745472,0,-1,0,74.3096,28
80.5,ue_n001_0002,gNB_4G_1,-48,gNB_5G,-65,0.8192,0,-1,0,65.0004,28
80.5,ue_ujeongwon_0002,gNB_4G_1,-39,gNB_4G_2,-74,0.630784,0,-1,0,74.8595,28
80.5,ue_ujeongwon_0003,gNB_4G_1,-40,gNB_4G_2,-92,0.8192,2,5.03993,1,70.9917,28
80.5,ue_n001_0003,gNB_4G_1,-44,gNB_5G,-77,0.8192,0,-1,0,72.401,28
80.5,car_north_base_001_rider,gNB_4G_2,-46,gNB_4G_1,-49,0.106496,1,0.0399284,0,65.8509,28
80.5,car_north_base_002_rider,gNB_4G_1,-45,gNB_5G,-67,0.425984,0,-1,0,26.8138,28
80.5,ue_n043_0002,gNB_4G_2,-52,gNB_5G,-67,0.434176,5,17.8399,1,36.6542,28
80.5,ue_n001_0004,gNB_4G_1,-49,gNB_5G,-81,0.745472,0,-1,0,62.0861,28
80.5,ue_n043_0003,gNB_4G_2,-54,gNB_5G,-53,0.376832,5,2.63993,1,57.7698,28
80.5,car_north_base_003,gNB_4G_1,-37,gNB_4G_2,-83,0.630784,0,-1,0,70.949,28
80.5,ue_n042_0004,gNB_4G_2,-58,gNB_5G,-68,0.73728,2,20.4399,1,53.6949,28
80.5,car_north_base_004,gNB_4G_1,-44,gNB_5G,-76,0.131072,0,-1,0,61.3903,28
80.5,car_north_base_005,gNB_4G_1,-44,gNB_4G_2,-73,0.507904,0,-1,0,63.8254,28
80.5,ue_n043_0004,gNB_5G,-49,gNB_4G_2,-59,0.630784,0,-1,0,59.8171,28
80.5,car_north_base_006_rider,gNB_4G_1,-49,gNB_4G_2,-77,0.8192,0,-1,0,56.3372,28
80.5,ue_n043_0005,gNB_5G,-49,gNB_4G_2,-59,0.688128,0,-1,0,58.376,28
81.5,ue_n042_0001,gNB_4G_2,-39,gNB_5G,-60,0.745472,2,76.6399,1,67.8219,28
81.5,car_north_peak_001,gNB_4G_2,-49,gNB_5G,-54,0.376832,1,37.2399,0,35.4069,28
81.5,car_north_peak_002_rider,gNB_4G_2,-44,gNB_5G,-53,0.28672,1,30.6399,0,65.4319,28
81.5,car_north_peak_003_rider,gNB_4G_2,-43,gNB_5G,-60,0.581632,1,25.4399,0,37.3879,28
81.5,ue_n042_0002,gNB_4G_2,-43,gNB_5G,-62,0.180224,2,73.6399,1,58.5263,28
81.5,ue_ujeongwon_0001,gNB_4G_1,-44,gNB_4G_2,-64,0.548864,0,-1,0,68.4576,28
81.5,car_north_peak_004,gNB_4G_2,-43,gNB_5G,-54,0.679936,1,23.6399,0,66.6778,28
81.5,car_north_peak_005,gNB_4G_2,-41,gNB_5G,-57,0.8192,1,19.4399,0,47.4249,28
81.5,ue_n043_0001,gNB_5G,-47,gNB_4G_2,-51,0.262144,4,30.6399,1,64.6307,28
81.5,ue_n042_0003,gNB_4G_2,-44,gNB_5G,-64,0.393216,2,55.6399,1,70.6543,28
81.5,ue_n001_0001,gNB_4G_1,-39,gNB_5G,-69,0.745472,0,-1,0,77.468,28
81.5,ue_n001_0002,gNB_4G_1,-47,gNB_5G,-62,0.8192,0,-1,0,57.8679,28
81.5,ue_ujeongwon_0002,gNB_4G_1,-40,gNB_5G,-76,0.630784,0,-1,0,71.2846,28
81.5,ue_ujeongwon_0003,gNB_4G_1,-40,gNB_4G_2,-86,0.8192,2,6.03993,1,70.006,28
81.5,ue_n001_0003,gNB_4G_1,-44,gNB_5G,-75,0.8192,0,-1,0,72.7251,28
81.5,car_north_base_001_rider,gNB_4G_2,-45,gNB_4G_1,-49,0.114688,1,1.03993,0,69.0164,28
81.5,car_north_base_002_rider,gNB_4G_1,-45,gNB_5G,-64,0.434176,0,-1,0,58.868,28
81.5,ue_n043_0002,gNB_4G_2,-53,gNB_4G_1,-67,0.425984,5,18.8399,1,54.721,28
81.5,ue_n001_0004,gNB_4G_1,-45,gNB_5G,-77,0.745472,0,-1,0,68.5922,28
81.5,ue_n043_0003,gNB_5G,-48,gNB_4G_2,-53,0.376832,6,0.839928,1,63.5299,28
81.5,car_north_base_003,gNB_4G_1,-40,gNB_4G_2,-83,0.630784,0,-1,0,59.9121,27
81.5,ue_n042_0004,gNB_4G_2,-58,gNB_5G,-68,0.745472,2,21.4399,1,55.4607,28
81.5,car_north_base_004,gNB_4G_1,-39,gNB_4G_2,-83,0.131072,0,-1,0,72.6294,28
81.5,car_north_base_005,gNB_4G_1,-40,gNB_5G,-78,0.516096,0,-1,0,51.5324,28
81.5,ue_n043_0004,gNB_5G,-50,gNB_4G_2,-54,0.630784,0,-1,0,62.0807,28
81.5,car_north_base_006_rider,gNB_4G_1,-51,gNB_5G,-74,0.8192,0,-1,0,59.0414,28
81.5,ue_n043_0005,gNB_5G,-50,gNB_4G_2,-57,0.679936,0,-1,0,57.2372,28
82.5,ue_n042_0001,gNB_4G_2,-40,gNB_5G,-58,0.745472,2,77.6399,1,65.5352,28
82.5,car_north_peak_001,gNB_4G_2,-47,gNB_5G,-54,0.36864,1,38.2399,0,63.2567,28
82.5,car_north_peak_002_rider,gNB_4G_2,-45,gNB_5G,-52,0.278528,1,31.6399,0,36.6661,28
82.5,car_north_peak_003_rider,gNB_4G_2,-45,gNB_5G,-56,0.581632,1,26.4399,0,69.5867,28
82.5,ue_n042_0002,gNB_4G_2,-45,gNB_5G,-61,0.180224,2,74.6399,1,69.6747,28
82.5,ue_ujeongwon_0001,gNB_4G_1,-42,gNB_4G_2,-62,0.548864,0,-1,0,65.7858,28
82.5,car_north_peak_004,gNB_4G_2,-44,gNB_5G,-55,0.679936,1,24.6399,0,37.3283,28
82.5,car_north_peak_005,gNB_4G_2,-40,gNB_5G,-58,0.8192,1,20.4399,0,35.6379,28
82.5,ue_n043_0001,gNB_5G,-48,gNB_4G_2,-50,0.262144,4,31.6399,1,66.3568,28
82.5,ue_n042_0003,gNB_4G_2,-44,gNB_5G,-65,0.385024,2,56.6399,1,59.3318,28
82.5,ue_n001_0001,gNB_4G_1,-38,gNB_5G,-68,0.73728,0,-1,0,57.7362,28
82.5,ue_n001_0002,gNB_4G_1,-47,gNB_5G,-65,0.8192,0,-1,0,65.6242,28
82.5,ue_ujeongwon_0002,gNB_4G_1,-42,gNB_5G,-77,0.630784,0,-1,0,73.4558,28
82.5,ue_ujeongwon_0003,gNB_4G_1,-39,gNB_4G_2,-71,0.8192,2,7.03993,1,47.0003,28
82.5,ue_n001_0003,gNB_4G_1,-41,gNB_5G,-78,0.8192,0,-1,0,71.7298,28
82.5,car_north_base_001_rider,gNB_4G_2,-42,gNB_4G_1,-51,0.114688,1,2.03993,0,35.5571,28
82.5,car_north_base_002_rider,gNB_4G_1,-45,gNB_5G,-59,0.425984,0,-1,0,59.9079,28
82.5,ue_n043_0002,gNB_4G_2,-56,gNB_4G_1,-56,0.434176,5,19.8399,1,54.8701,28
82.5,ue_n001_0004,gNB_4G_1,-49,gNB_5G,-83,0.745472,0,-1,0,66.7264,28
82.5,ue_n043_0003,gNB_4G_2,-56,gNB_5G,-52,0.36864,7,0.239928,1,54.2293,28
82.5,car_north_base_003,gNB_4G_1,-41,gNB_4G_2,-86,0.630784,0,-1,0,65.4418,27
82.5,ue_n042_0004,gNB_4G_2,-56,gNB_5G,-69,0.745472,2,22.4399,1,59.1276,28
82.5,car_north_base_004,gNB_4G_1,-40,gNB_4G_2,-84,0.12288,0,-1,0,68.6603,28
82.5,car_north_base_005,gNB_4G_1,-38,gNB_5G,-77,0.507904,0,-1,0,47.8998,28
82.5,ue_n043_0004,gNB_5G,-49,gNB_4G_1,-56,0.630784,0,-1,0,63.8452,28
82.5,car_north_base_006_rider,gNB_4G_1,-49,gNB_4G_2,-78,0.8192,0,-1,0,65.6664,28
82.5,ue_n043_0005,gNB_5G,-49,gNB_4G_2,-59,0.679936,0,-1,0,59.815,28
83.5,ue_n042_0001,gNB_4G_2,-42,gNB_5G,-59,0.745472,2,78.6399,1,69.6722,28
83.5,car_north_peak_001,gNB_4G_2,-47,gNB_4G_1,-56,0.36864,1,39.2399,0,59.4218,28
83.5,car_north_peak_002_rider,gNB_4G_2,-45,gNB_5G,-51,0.28672,1,32.6399,0,62.7075,28
83.5,car_north_peak_003_rider,gNB_4G_2,-41,gNB_5G,-58,0.589824,1,27.4399,0,68.2184,28
83.5,ue_n042_0002,gNB_4G_2,-40,gNB_5G,-61,0.180224,2,75.6399,1,61.8632,28
83.5,ue_ujeongwon_0001,gNB_4G_1,-45,gNB_4G_2,-63,0.540672,0,-1,0,66.4626,28
83.5,car_north_peak_004,gNB_4G_2,-44,gNB_5G,-56,0.688128,1,25.6399,0,66.3441,28
83.5,car_north_peak_005,gNB_4G_2,-41,gNB_5G,-52,0.8192,1,21.4399,0,33.3398,28
83.5,ue_n043_0001,gNB_5G,-51,gNB_4G_2,-49,0.270336,4,32.6399,1,64.7156,19
83.5,ue_n042_0003,gNB_4G_2,-43,gNB_5G,-64,0.393216,2,57.6399,1,67.779,28
83.5,ue_n001_0001,gNB_4G_1,-37,gNB_5G,-68,0.745472,0,-1,0,74.6539,28
83.5,ue_n001_0002,gNB_4G_1,-48,gNB_5G,-63,0.8192,0,-1,0,64.4767,28
83.5,ue_ujeongwon_0002,gNB_4G_1,-42,gNB_5G,-79,0.630784,0,-1,0,71.8521,28
83.5,ue_ujeongwon_0003,gNB_4G_1,-38,gNB_4G_2,-81,0.8192,2,8.03993,1,56.3421,28
83.5,ue_n001_0003,gNB_4G_1,-38,gNB_5G,-78,0.8192,0,-1,0,71.1447,28
83.5,car_north_base_001_rider,gNB_4G_2,-47,gNB_5G,-59,0.114688,1,3.03993,0,64.7392,28
83.5,car_north_base_002_rider,gNB_4G_1,-50,gNB_5G,-56,0.393216,0,-1,0,55.3529,28
83.5,ue_n043_0002,gNB_4G_2,-55,gNB_4G_1,-57,0.417792,5,20.8399,1,10.9416,14
83.5,ue_n001_0004,gNB_4G_1,-55,gNB_5G,-90,0.73728,0,-1,0,65.9954,28
83.5,ue_n043_0003,gNB_5G,-45,gNB_4G_2,-56,0.376832,8,0.639928,1,60.4841,28
83.5,car_north_base_003,gNB_4G_1,-40,gNB_4G_2,-95,0.622592,0,-1,0,33.0709,28
83.5,ue_n042_0004,gNB_4G_2,-52,gNB_5G,-69,0.745472,2,23.4399,1,57.9915,28
83.5,car_north_base_004,gNB_4G_1,-38,gNB_4G_2,-83,0.131072,0,-1,0,63.0324,28
83.5,car_north_base_005,gNB_4G_1,-42,gNB_5G,-77,0.516096,0,-1,0,57.4871,28
83.5,ue_n043_0004,gNB_5G,-51,gNB_4G_2,-56,0.630784,0,-1,0,57.2994,28
83.5,car_north_base_006_rider,gNB_4G_1,-46,gNB_5G,-74,0.8192,0,-1,0,58.819,28
83.5,ue_n043_0005,gNB_5G,-50,gNB_4G_2,-54,0.688128,0,-1,0,52.5998,28
83.5,ue_ujeongwon_0004,gNB_4G_1,-59,gNB_4G_2,-78,0.32768,0,-1,0,55.9979,28
84.5,ue_n042_0001,gNB_4G_2,-39,gNB_5G,-61,0.745472,2,79.6399,1,57.2843,28
84.5,car_north_peak_001,gNB_4G_2,-49,gNB_5G,-53,0.376832,1,40.2399,0,58.3223,28
84.5,car_north_peak_002_rider,gNB_4G_2,-47,gNB_5G,-55,0.278528,1,33.6399,0,66.4665,28
84.5,car_north_peak_003_rider,gNB_4G_2,-42,gNB_5G,-53,0.581632,1,28.4399,0,66.4171,28
84.5,ue_n042_0002,gNB_4G_2,-49,gNB_5G,-60,0.172032,2,76.6399,1,67.8291,28
84.5,ue_ujeongwon_0001,gNB_4G_1,-46,gNB_4G_2,-66,0.548864,0,-1,0,67.9906,28
84.5,car_north_peak_004,gNB_4G_2,-41,gNB_4G_1,-57,0.679936,1,26.6399,0,66.8656,28
84.5,car_north_peak_005,gNB_4G_2,-43,gNB_5G,-52,0.8192,1,22.4399,0,18.6557,21
84.5,ue_n043_0001,gNB_5G,-49,gNB_4G_2,-51,0.262144,4,33.6399,1,65.2138,28
84.5,ue_n042_0003,gNB_4G_2,-41,gNB_5G,-62,0.393216,2,58.6399,1,53.3738,28
84.5,ue_n001_0001,gNB_4G_1,-38,gNB_5G,-70,0.745472,0,-1,0,51.916,28
84.5,ue_n001_0002,gNB_4G_1,-54,gNB_5G,-66,0.8192,0,-1,0,31.9374,28
84.5,ue_ujeongwon_0002,gNB_4G_1,-42,gNB_4G_2,-82,0.630784,0,-1,0,72.9934,28
84.5,ue_ujeongwon_0003,gNB_4G_1,-40,gNB_4G_2,-85,0.8192,2,9.03993,1,68.5579,28
84.5,ue_n001_0003,gNB_4G_1,-40,gNB_5G,-85,0.8192,0,-1,0,68.3483,28
84.5,car_north_base_001_rider,gNB_4G_2,-43,gNB_4G_1,-53,0.114688,1,4.03993,0,68.2981,28
84.5,car_north_base_002_rider,gNB_4G_2,-45,gNB_4G_1,-49,0.442368,1,0.439928,0,65.864,28
84.5,ue_n043_0002,gNB_4G_2,-53,gNB_4G_1,-58,0.434176,5,21.8399,1,12.0683,13
84.5,ue_n001_0004,gNB_4G_1,-45,gNB_5G,-83,0.745472,0,-1,0,69.7746,28
84.5,ue_n043_0003,gNB_5G,-49,gNB_4G_2,-51,0.36864,8,1.63993,1,64.8153,28
84.5,car_north_base_003,gNB_4G_1,-41,gNB_4G_2,-70,0.630784,0,-1,0,65.2303,28
84.5,ue_n042_0004,gNB_4G_2,-53,gNB_5G,-67,0.745472,2,24.4399,1,46.9094,28
84.5,car_north_base_004,gNB_4G_1,-40,gNB_4G_2,-82,0.12288,0,-1,0,70.948,28
84.5,car_north_base_005,gNB_4G_1,-40,gNB_4G_2,-83,0.507904,0,-1,0,51.4057,28
84.5,ue_n043_0004,gNB_5G,-48,gNB_4G_2,-54,0.630784,0,-1,0,58.2971,28
84.5,car_north_base_006_rider,gNB_4G_1,-51,gNB_4G_2,-73,0.8192,0,-1,0,19.7519,20
84.5,ue_n043_0005,gNB_5G,-50,gNB_4G_2,-56,0.679936,0,-1,0,62.9192,28
84.5,ue_ujeongwon_0004,gNB_4G_1,-54,gNB_4G_2,-79,0.745472,0,-1,0,54.2686,28
85.5,ue_n042_0001,gNB_4G_2,-38,gNB_5G,-61,0.745472,2,80.6399,1,67.6158,28
85.5,car_north_peak_001,gNB_4G_2,-46,gNB_4G_1,-55,0.36864,1,41.2399,0,64.757,28
85.5,car_north_peak_002_rider,gNB_4G_2,-45,gNB_5G,-52,0.28672,1,34.6399,0,46.769,28
85.5,car_north_peak_003_rider,gNB_4G_2,-44,gNB_5G,-53,0.589824,1,29.4399,0,65.7169,28
85.5,ue_n042_0002,gNB_4G_2,-41,gNB_5G,-58,0.180224,2,77.6399,1,65.5363,28
85.5,ue_ujeongwon_0001,gNB_4G_1,-43,gNB_4G_2,-64,0.548864,0,-1,0,59.2036,28
85.5,car_north_peak_004,gNB_4G_2,-43,gNB_5G,-56,0.679936,1,27.6399,0,40.5272,28
85.5,car_north_peak_005,gNB_4G_2,-44,gNB_5G,-52,0.8192,1,23.4399,0,30.358,28
85.5,ue_n043_0001,gNB_5G,-46,gNB_4G_2,-50,0.262144,4,34.6399,1,64.7887,28
85.5,ue_n042_0003,gNB_4G_2,-43,gNB_5G,-64,0.385024,2,59.6399,1,69.7894,28
85.5,ue_n001_0001,gNB_4G_1,-38,gNB_5G,-71,0.745472,0,-1,0,74.6317,28
85.5,ue_n001_0002,gNB_4G_1,-50,gNB_5G,-67,0.8192,0,-1,0,63.2356,28
85.5,ue_ujeongwon_0002,gNB_4G_1,-40,gNB_4G_2,-82,0.630784,0,-1,0,72.4823,28
85.5,ue_ujeongwon_0003,gNB_4G_1,-48,gNB_4G_2,-67,0.8192,2,10.0399,1,33.307,28
85.5,ue_n001_0003,gNB_4G_1,-44,gNB_5G,-72,0.8192,0,-1,0,48.9114,28
85.5,car_north_base_001_rider,gNB_4G_2,-42,gNB_4G_1,-53,0.114688,1,5.03993,0,66.8625,28
85.5,car_north_base_002_rider,gNB_4G_2,-45,gNB_4G_1,-48,0.425984,1,1.43993,0,9.34611,11
85.5,ue_n043_0002,gNB_4G_2,-54,gNB_4G_1,-59,0.434176,5,22.8399,1,55.9595,28
85.5,ue_n001_0004,gNB_4G_1,-47,gNB_5G,-79,0.745472,0,-1,0,60.4614,28
85.5,ue_n043_0003,gNB_5G,-49,gNB_4G_2,-53,0.36864,8,2.63993,1,64.3838,28
85.5,car_north_base_003,gNB_4G_1,-43,gNB_4G_2,-70,0.630784,0,-1,0,61.9771,28
85.5,ue_n042_0004,gNB_4G_2,-52,gNB_5G,-69,0.745472,2,25.4399,1,58.8683,28
85.5,car_north_base_004,gNB_4G_1,-38,gNB_5G,-82,0.131072,0,-1,0,71.0845,15
85.5,car_north_base_005,gNB_4G_1,-39,gNB_4G_2,-82,0.516096,0,-1,0,70.2029,28
85.5,ue_n043_0004,gNB_5G,-49,gNB_4G_2,-55,0.630784,0,-1,0,56.5006,28
85.5,car_north_base_006_rider,gNB_4G_1,-47,gNB_4G_2,-65,0.8192,0,-1,0,69.0953,28
85.5,ue_n043_0005,gNB_5G,-51,gNB_4G_2,-56,0.679936,0,-1,0,57.301,28
85.5,ue_ujeongwon_0004,gNB_4G_1,-55,gNB_5G,-70,0.73728,0,-1,0,29.1175,28
86.5,ue_n042_0001,gNB_4G_2,-43,gNB_5G,-61,0.745472,2,81.6399,1,70.9032,28
86.5,car_north_peak_001,gNB_4G_2,-47,gNB_4G_1,-56,0.376832,1,42.2399,0,17.6898,21
86.5,car_north_peak_002_rider,gNB_4G_2,-44,gNB_5G,-51,0.278528,1,35.6399,0,41.2071,28
86.5,car_north_peak_003_rider,gNB_4G_2,-45,gNB_5G,-52,0.581632,1,30.4399,0,44.852,28
86.5,ue_n042_0002,gNB_4G_2,-42,gNB_5G,-59,0.180224,2,78.6399,1,60.4976,28
86.5,ue_ujeongwon_0001,gNB_4G_1,-50,gNB_5G,-74,0.540672,0,-1,0,64.4484,28
86.5,car_north_peak_004,gNB_4G_2,-44,gNB_5G,-52,0.679936,1,28.6399,0,14.2416,28
86.5,car_north_peak_005,gNB_4G_2,-41,gNB_5G,-57,0.8192,1,24.4399,0,44.3958,28
86.5,ue_n043_0001,gNB_5G,-48,gNB_4G_2,-49,0.262144,4,35.6399,1,64.8096,28
86.5,ue_n042_0003,gNB_4G_2,-39,gNB_5G,-65,0.393216,2,60.6399,1,49.9892,28
86.5,ue_n001_0001,gNB_4G_1,-38,gNB_5G,-69,0.745472,0,-1,0,73.658,28
86.5,ue_n001_0002,gNB_4G_1,-48,gNB_5G,-66,0.8192,0,-1,0,33.5564,28
86.5,ue_ujeongwon_0002,gNB_4G_1,-39,gNB_5G,-78,0.630784,0,-1,0,40.4918,28
86.5,ue_ujeongwon_0003,gNB_4G_1,-40,gNB_4G_2,-66,0.8192,2,11.0399,1,51.9097,28
86.5,ue_n001_0003,gNB_4G_1,-40,gNB_5G,-78,0.8192,0,-1,0,47.6396,28
86.5,car_north_base_001_rider,gNB_4G_2,-44,gNB_4G_1,-50,0.114688,1,6.03993,0,68.1463,28
86.5,car_north_base_002_rider,gNB_4G_2,-45,gNB_4G_1,-51,0.434176,1,2.43993,0,44.1353,28
86.5,ue_n043_0002,gNB_4G_2,-55,gNB_4G_1,-62,0.425984,5,23.8399,1,53.2839,28
86.5,ue_n001_0004,gNB_4G_1,-43,gNB_5G,-78,0.745472,0,-1,0,64.2941,28
86.5,ue_n043_0003,gNB_5G,-47,gNB_4G_2,-55,0.376832,8,3.63993,1,64.3772,28
86.5,car_north_base_003,gNB_4G_1,-42,gNB_4G_2,-79,0.630784,0,-1,0,64.0285,19
86.5,ue_n042_0004,gNB_4G_2,-53,gNB_5G,-67,0.745472,2,26.4399,1,57.9294,28
86.5,car_north_base_004,gNB_4G_1,-40,gNB_5G,-68,0.131072,0,-1,0,39.5968,28
86.5,car_north_base_005,gNB_4G_1,-35,gNB_4G_2,-83,0.507904,0,-1,0,51.3063,15
86.5,ue_n043_0004,gNB_5G,-50,gNB_4G_2,-55,0.630784,0,-1,0,58.7397,28
86.5,car_north_base_006_rider,gNB_4G_1,-51,gNB_4G_2,-66,0.8192,0,-1,0,22.9228,28
86.5,ue_n043_0005,gNB_5G,-49,gNB_4G_2,-54,0.688128,0,-1,0,58.2973,28
86.5,ue_ujeongwon_0004,gNB_4G_1,-55,gNB_5G,-76,0.745472,0,-1,0,57.3577,28
87.5,ue_n042_0001,gNB_4G_2,-41,gNB_5G,-62,0.745472,2,82.6399,1,70.3826,28
87.5,car_north_peak_001,gNB_4G_2,-48,gNB_5G,-54,0.36864,1,43.2399,0,63.5324,28
87.5,car_north_peak_002_rider,gNB_4G_2,-46,gNB_5G,-48,0.28672,1,36.6399,0,40.4116,28
87.5,car_north_peak_003_rider,gNB_4G_2,-40,gNB_5G,-54,0.589824,1,31.4399,0,24.3478,28
87.5,ue_n042_0002,gNB_4G_2,-39,gNB_5G,-61,0.180224,2,79.6399,1,55.536,28
87.5,ue_ujeongwon_0001,gNB_4G_1,-47,gNB_4G_2,-71,0.548864,0,-1,0,57.2319,28
87.5,car_north_peak_004,gNB_4G_2,-43,gNB_5G,-52,0.688128,1,29.6399,0,66.1746,21
87.5,car_north_peak_005,gNB_4G_2,-41,gNB_5G,-61,0.8192,1,25.4399,0,22.5869,25
87.5,ue_n043_0001,gNB_5G,-49,gNB_4G_2,-49,0.270336,4,36.6399,1,64.919,28
87.5,ue_n042_0003,gNB_4G_2,-42,gNB_5G,-65,0.385024,2,61.6399,1,65.7151,28
87.5,ue_n001_0001,gNB_4G_1,-37,gNB_5G,-65,0.745472,0,-1,0,74.7722,28
87.5,ue_n001_0002,gNB_4G_1,-47,gNB_5G,-64,0.8192,0,-1,0,63.2383,28
87.5,ue_ujeongwon_0002,gNB_4G_1,-39,gNB_5G,-81,0.622592,0,-1,0,70.9835,28
87.5,ue_ujeongwon_0003,gNB_4G_1,-38,gNB_4G_2,-81,0.8192,2,12.0399,1,53.485,28
87.5,ue_n001_0003,gNB_4G_1,-41,gNB_5G,-78,0.8192,0,-1,0,56.6868,28
87.5,car_north_base_001_rider,gNB_4G_2,-43,gNB_4G_1,-50,0.114688,1,7.03993,0,61.0632,28
87.5,car_north_base_002_rider,gNB_4G_2,-43,gNB_5G,-61,0.425984,1,3.43993,0,1.47119,6
87.5,ue_n043_0002,gNB_4G_2,-54,gNB_4G_1,-62,0.434176,5,24.8399,1,59.2379,28
87.5,ue_n001_0004,gNB_4G_1,-43,gNB_5G,-77,0.745472,0,-1,0,58.7459,28
87.5,ue_n043_0003,gNB_5G,-49,gNB_4G_2,-52,0.36864,8,4.63993,1,66.1946,28
87.5,car_north_base_003,gNB_4G_1,-51,gNB_5G,-69,0.630784,0,-1,0,59.2868,28
87.5,ue_n042_0004,gNB_4G_2,-52,gNB_5G,-66,0.745472,2,27.4399,1,57.5706,28
87.5,car_north_base_004,gNB_4G_1,-40,gNB_5G,-66,0.12288,0,-1,0,69.0589,28
87.5,car_north_base_005,gNB_4G_1,-36,gNB_5G,-73,0.516096,0,-1,0,59.5138,28
87.5,ue_n043_0004,gNB_5G,-48,gNB_4G_2,-55,0.630784,0,-1,0,56.3751,28
87.5,car_north_base_006_rider,gNB_4G_1,-57,gNB_4G_2,-67,0.8192,0,-1,0,67.7384,28
87.5,ue_n043_0005,gNB_5G,-49,gNB_4G_2,-55,0.679936,0,-1,0,56.4975,28
87.5,ue_ujeongwon_0004,gNB_4G_1,-55,gNB_5G,-76,0.745472,0,-1,0,56.3097,28
87.5,ue_ujeongwon_0005,gNB_4G_1,-61,gNB_4G_2,-78,0.237568,0,-1,0,20.1497,26
88.5,ue_n042_0001,gNB_4G_2,-39,gNB_5G,-64,0.745472,2,83.6399,1,67.6031,28
88.5,car_north_peak_001,gNB_4G_2,-45,gNB_4G_1,-55,0.36864,1,44.2399,0,11.1334,18
88.5,car_north_peak_002_rider,gNB_4G_2,-47,gNB_5G,-50,0.278528,1,37.6399,0,65.8363,28
88.5,car_north_peak_003_rider,gNB_4G_2,-44,gNB_5G,-58,0.581632,1,32.4399,0,34.885,28
88.5,ue_n042_0002,gNB_4G_2,-38,gNB_5G,-61,0.172032,2,80.6399,1,51.3644,28
88.5,ue_ujeongwon_0001,gNB_4G_1,-52,gNB_4G_2,-68,0.548864,0,-1,0,61.6368,28
88.5,car_north_peak_004,gNB_4G_2,-44,gNB_5G,-51,0.679936,1,30.6399,0,25.7922,28
88.5,car_north_peak_005,gNB_4G_2,-42,gNB_5G,-58,0.8192,1,26.4399,0,28.8667,27
88.5,ue_n043_0001,gNB_5G,-48,gNB_4G_2,-50,0.262144,4,37.6399,1,64.6087,28
88.5,ue_n042_0003,gNB_4G_2,-43,gNB_5G,-65,0.393216,2,62.6399,1,68.3421,28
88.5,ue_n001_0001,gNB_4G_1,-42,gNB_5G,-67,0.745472,0,-1,0,51.4067,28
88.5,ue_n001_0002,gNB_4G_1,-47,gNB_5G,-64,0.8192,0,-1,0,57.7925,28
88.5,ue_ujeongwon_0002,gNB_4G_1,-39,gNB_5G,-81,0.630784,0,-1,0,66.0311,28
88.5,ue_ujeongwon_0003,gNB_4G_1,-39,gNB_4G_2,-85,0.8192,2,13.0399,1,50.553,28
88.5,ue_n001_0003,gNB_4G_1,-39,gNB_5G,-79,0.8192,0,-1,0,51.5199,28
88.5,car_north_base_001_rider,gNB_4G_2,-44,gNB_4G_1,-52,0.114688,1,8.03993,0,62.3059,28
88.5,car_north_base_002_rider,gNB_4G_2,-43,gNB_4G_1,-48,0.434176,1,4.43993,0,68.4498,28
88.5,ue_n043_0002,gNB_4G_2,-51,gNB_5G,-69,0.434176,5,25.8399,1,59.3255,28
88.5,ue_n001_0004,gNB_4G_1,-47,gNB_4G_2,-103,0.745472,0,-1,0,64.5551,28
88.5,ue_n043_0003,gNB_5G,-46,gNB_4G_2,-50,0.376832,8,5.63993,1,67.0558,28
88.5,car_north_base_003,gNB_4G_1,-42,gNB_5G,-64,0.630784,0,-1,0,24.7355,28
88.5,ue_n042_0004,gNB_4G_2,-53,gNB_5G,-66,0.745472,2,28.4399,1,56.5331,28
88.5,car_north_base_004,gNB_4G_1,-36,gNB_5G,-66,0.131072,0,-1,0,71.0319,21
88.5,car_north_base_005,gNB_4G_1,-40,gNB_5G,-66,0.507904,0,-1,0,62.2575,28
88.5,ue_n043_0004,gNB_5G,-48,gNB_4G_2,-55,0.630784,0,-1,0,61.0829,28
88.5,car_north_base_006_rider,gNB_4G_1,-46,gNB_4G_2,-67,0.8192,0,-1,0,66.8521,28
88.5,ue_n043_0005,gNB_5G,-50,gNB_4G_2,-55,0.679936,0,-1,0,58.7403,28
88.5,ue_ujeongwon_0004,gNB_4G_1,-55,gNB_4G_2,-79,0.745472,0,-1,0,53.3536,28
88.5,ue_ujeongwon_0005,gNB_4G_1,-57,gNB_4G_2,-79,0.540672,0,-1,0,56.0228,28
89.5,ue_n042_0001,gNB_4G_2,-41,gNB_5G,-62,0.745472,2,84.6399,1,67.3005,28
89.5,car_north_peak_001,gNB_4G_2,-46,gNB_5G,-53,0.376832,1,45.2399,0,64.2149,28
89.5,car_north_peak_002_rider,gNB_4G_2,-45,gNB_5G,-59,0.28672,1,38.6399,0,59.3741,28
89.5,car_north_peak_003_rider,gNB_4G_2,-42,gNB_5G,-52,0.581632,1,33.4399,0,17.5315,23
89.5,ue_n042_0002,gNB_4G_2,-41,gNB_5G,-63,0.180224,2,81.6399,1,55.5535,28
89.5,ue_ujeongwon_0001,gNB_4G_1,-52,gNB_4G_2,-73,0.540672,0,-1,0,61.5258,28
89.5,car_north_peak_004,gNB_4G_2,-43,gNB_5G,-50,0.679936,1,31.6399,0,16.6579,28
89.5,car_north_peak_005,gNB_4G_2,-43,gNB_5G,-60,0.8192,1,27.4399,0,26.1336,28
89.5,ue_n043_0001,gNB_5G,-49,gNB_4G_2,-48,0.262144,4,38.6399,1,65.83,27
89.5,ue_n042_0003,gNB_4G_2,-43,gNB_5G,-63,0.393216,2,63.6399,1,66.9738,28
89.5,ue_n001_0001,gNB_4G_1,-37,gNB_5G,-67,0.745472,0,-1,0,76.3786,28
89.5,ue_n001_0002,gNB_4G_1,-43,gNB_5G,-66,0.8192,0,-1,0,63.2431,28
89.5,ue_ujeongwon_0002,gNB_4G_1,-38,gNB_5G,-80,0.630784,0,-1,0,27.2688,28
89.5,ue_ujeongwon_0003,gNB_4G_1,-39,gNB_4G_2,-82,0.8192,2,14.0399,1,30.3824,28
89.5,ue_n001_0003,gNB_4G_1,-41,gNB_5G,-79,0.8192,0,-1,0,74.9815,28
89.5,car_north_base_001_rider,gNB_4G_2,-48,gNB_4G_1,-50,0.106496,1,9.03993,0,19.742,21
89.5,car_north_base_002_rider,gNB_4G_2,-42,gNB_4G_1,-49,0.434176,1,5.43993,0,11.8645,13
89.5,ue_n043_0002,gNB_4G_2,-53,gNB_5G,-68,0.425984,5,26.8399,1,31.6977,28
89.5,ue_n001_0004,gNB_4G_1,-48,gNB_4G_2,-78,0.745472,0,-1,0,31.8063,28
89.5,ue_n043_0003,gNB_5G,-47,gNB_4G_2,-52,0.36864,8,6.63993,1,67.3239,28
89.5,car_north_base_003,gNB_4G_1,-45,gNB_5G,-63,0.630784,0,-1,0,61.8168,19
89.5,ue_n042_0004,gNB_4G_2,-54,gNB_5G,-66,0.745472,2,29.4399,1,59.0324,28
89.5,car_north_base_004,gNB_4G_1,-35,gNB_5G,-68,0.131072,0,-1,0,40.8437,27
89.5,car_north_base_005,gNB_4G_1,-37,gNB_5G,-73,0.516096,0,-1,0,53.6649,28
89.5,ue_n043_0004,gNB_5G,-49,gNB_4G_2,-57,0.630784,0,-1,0,48.9801,28
89.5,car_north_base_006_rider,gNB_4G_1,-46,gNB_4G_2,-67,0.8192,0,-1,0,70.667,28
89.5,ue_n043_0005,gNB_5G,-48,gNB_4G_2,-55,0.688128,0,-1,0,56.3765,28
89.5,ue_ujeongwon_0004,gNB_4G_1,-55,gNB_4G_2,-81,0.745472,0,-1,0,57.6628,28
89.5,ue_ujeongwon_0005,gNB_4G_1,-55,gNB_5G,-70,0.548864,0,-1,0,55.8058,28
90.5,ue_n042_0001,gNB_4G_2,-37,gNB_5G,-61,0.745472,2,85.6399,1,68.6485,28
90.5,car_north_peak_001,gNB_4G_2,-48,gNB_4G_1,-52,0.376832,1,46.2399,0,58.2366,28
90.5,car_north_peak_002_rider,gNB_4G_2,-45,gNB_4G_1,-55,0.278528,1,39.6399,0,65.1238,28
90.5,car_north_peak_003_rider,gNB_4G_2,-43,gNB_5G,-54,0.589824,1,34.4399,0,64.7828,28
90.5,ue_n042_0002,gNB_4G_2,-41,gNB_5G,-63,0.180224,2,82.6399,1,54.6281,28
90.5,ue_ujeongwon_0001,gNB_4G_1,-50,gNB_4G_2,-69,0.548864,0,-1,0,65.6097,28
90.5,car_north_peak_004,gNB_4G_2,-44,gNB_5G,-52,0.679936,1,32.6399,0,18.725,28
90.5,car_north_peak_005,gNB_4G_2,-44,gNB_5G,-54,0.8192,1,28.4399,0,61.4985,28
90.5,ue_n043_0001,gNB_5G,-50,gNB_4G_2,-48,0.262144,4,39.6399,1,62.9992,14
90.5,ue_n042_0003,gNB_4G_2,-43,gNB_5G,-63,0.385024,2,64.6399,1,52.6496,28
90.5,ue_n001_0001,gNB_4G_1,-38,gNB_5G,-66,0.745472,0,-1,0,50.1322,28
90.5,ue_n001_0002,gNB_4G_1,-45,gNB_5G,-66,0.8192,0,-1,0,63.0239,16
90.5,ue_ujeongwon_0002,gNB_4G_1,-40,gNB_4G_2,-71,0.630784,0,-1,0,69.6993,28
90.5,ue_ujeongwon_0003,gNB_4G_1,-39,gNB_4G_2,-70,0.8192,2,15.0399,1,69.9604,28
90.5,ue_n001_0003,gNB_4G_1,-40,gNB_5G,-76,0.8192,0,-1,0,74.433,28
90.5,car_north_base_001_rider,gNB_4G_2,-42,gNB_4G_1,-50,0.114688,1,10.0399,0,68.0741,28
90.5,car_north_base_002_rider,gNB_4G_2,-43,gNB_4G_1,-49,0.425984,1,6.43993,0,66.1315,28
90.5,ue_n043_0002,gNB_4G_2,-53,gNB_4G_1,-62,0.425984,5,27.8399,1,5.52074,9
90.5,ue_n001_0004,gNB_4G_1,-48,gNB_4G_2,-74,0.745472,0,-1,0,34.8182,28
90.5,ue_n043_0003,gNB_5G,-47,gNB_4G_2,-51,0.376832,8,7.63993,1,60.8639,28
90.5,car_north_base_003,gNB_4G_1,-46,gNB_5G,-64,0.630784,0,-1,0,67.0867,20
90.5,ue_n042_0004,gNB_4G_2,-54,gNB_5G,-68,0.745472,2,30.4399,1,55.5141,28
90.5,car_north_base_004,gNB_4G_1,-37,gNB_5G,-64,0.12288,0,-1,0,69.3042,28
90.5,car_north_base_005,gNB_4G_1,-36,gNB_5G,-69,0.507904,0,-1,0,56.6193,28
90.5,ue_n043_0004,gNB_5G,-49,gNB_4G_1,-58,0.630784,0,-1,0,62.7234,28
90.5,car_north_base_006_rider,gNB_4G_1,-41,gNB_4G_2,-75,0.8192,0,-1,0,66.4418,28
90.5,ue_n043_0005,gNB_5G,-49,gNB_4G_2,-57,0.679936,0,-1,0,61.0833,28
90.5,ue_ujeongwon_0004,gNB_4G_1,-54,gNB_4G_2,-79,0.745472,0,-1,0,57.2252,28
90.5,ue_ujeongwon_0005,gNB_4G_1,-55,gNB_5G,-76,0.540672,0,-1,0,24.0751,27
90.5,ue_n001_0005,gNB_4G_1,-45,gNB_5G,-77,0.32768,0,-1,0,31.5744,27
91.5,ue_n042_0001,gNB_4G_2,-38,gNB_5G,-61,0.73728,2,86.6399,1,67.9216,28
91.5,car_north_peak_001,gNB_4G_2,-48,gNB_4G_1,-52,0.36864,1,47.2399,0,62.6395,28
91.5,car_north_peak_002_rider,gNB_4G_2,-46,gNB_5G,-51,0.28672,1,40.6399,0,64.6875,28
91.5,car_north_peak_003_rider,gNB_4G_2,-46,gNB_5G,-51,0.581632,1,35.4399,0,65.938,28
91.5,ue_n042_0002,gNB_4G_2,-39,gNB_5G,-64,0.180224,2,83.6399,1,54.3162,28
91.5,ue_ujeongwon_0001,gNB_4G_1,-45,gNB_4G_2,-73,0.548864,0,-1,0,30.1502,28
91.5,car_north_peak_004,gNB_4G_2,-46,gNB_5G,-50,0.688128,1,33.6399,0,65.6037,28
91.5,car_north_peak_005,gNB_4G_2,-43,gNB_5G,-55,0.8192,1,29.4399,0,29.7923,28
91.5,ue_n043_0001,gNB_5G,-49,gNB_4G_2,-47,0.270336,4,40.6399,1,64.5604,28
91.5,ue_n042_0003,gNB_4G_2,-44,gNB_5G,-64,0.393216,2,65.6399,1,70.0481,28
91.5,ue_n001_0001,gNB_4G_1,-39,gNB_5G,-66,0.745472,0,-1,0,72.0857,28
91.5,ue_n001_0002,gNB_4G_1,-45,gNB_5G,-67,0.8192,0,-1,0,36.6761,28
91.5,ue_ujeongwon_0002,gNB_4G_1,-41,gNB_4G_2,-65,0.630784,0,-1,0,70.1952,28
91.5,ue_ujeongwon_0003,gNB_4G_1,-41,gNB_4G_2,-69,0.8192,2,16.0399,1,73.3016,28
91.5,ue_n001_0003,gNB_4G_1,-40,gNB_5G,-76,0.8192,0,-1,0,74.4687,28
91.5,car_north_base_001_rider,gNB_4G_2,-43,gNB_4G_1,-53,0.114688,1,11.0399,0,68.3092,28
91.5,car_north_base_002_rider,gNB_4G_2,-44,gNB_4G_1,-50,0.434176,1,7.43993,0,21.7806,26
91.5,ue_n043_0002,gNB_4G_2,-54,gNB_4G_1,-57,0.434176,5,28.8399,1,15.0038,28
91.5,ue_n001_0004,gNB_4G_1,-50,gNB_4G_2,-76,0.745472,0,-1,0,54.3538,28
91.5,ue_n043_0003,gNB_5G,-48,gNB_4G_2,-53,0.36864,8,8.63993,1,65.0644,28
91.5,car_north_base_003,gNB_4G_1,-46,gNB_5G,-63,0.630784,0,-1,0,58.2164,28
91.5,ue_n042_0004,gNB_4G_2,-56,gNB_5G,-67,0.73728,2,31.4399,1,57.1379,28
91.5,car_north_base_004,gNB_4G_1,-36,gNB_5G,-65,0.131072,0,-1,0,49.0769,24
91.5,car_north_base_005,gNB_4G_1,-35,gNB_5G,-65,0.516096,0,-1,0,75.8783,28
91.5,ue_n043_0004,gNB_5G,-49,gNB_4G_2,-55,0.622592,0,-1,0,59.0448,28
91.5,car_north_base_006_rider,gNB_4G_1,-38,gNB_5G,-80,0.8192,0,-1,0,47.5413,28
91.5,ue_n043_0005,gNB_5G,-49,gNB_4G_2,-57,0.679936,0,-1,0,58.7373,28
91.5,ue_ujeongwon_0004,gNB_4G_1,-53,gNB_4G_2,-77,0.73728,0,-1,0,31.55,26
91.5,ue_ujeongwon_0005,gNB_4G_1,-55,gNB_5G,-76,0.548864,0,-1,0,30.455,27
91.5,ue_n001_0005,gNB_4G_1,-47,gNB_4G_2,-75,0.679936,0,-1,0,38.3144,28
91.5,ue_ujeongwon_0006,gNB_4G_1,-56,gNB_4G_2,-76,0.188416,0,-1,0,58.3093,28
92.5,ue_n042_0001,gNB_4G_2,-43,gNB_5G,-60,0.745472,2,87.6399,1,70.8823,28
92.5,car_north_peak_001,gNB_4G_2,-48,gNB_4G_1,-55,0.376832,1,48.2399,0,53.9514,28
92.5,car_north_peak_002_rider,gNB_4G_2,-46,gNB_5G,-49,0.278528,1,41.6399,0,61.9289,28
92.5,car_north_peak_003_rider,gNB_4G_2,-45,gNB_5G,-54,0.589824,1,36.4399,0,40.4741,28
92.5,ue_n042_0002,gNB_4G_2,-41,gNB_5G,-62,0.172032,2,84.6399,1,67.3788,28
92.5,ue_ujeongwon_0001,gNB_4G_1,-46,gNB_4G_2,-72,0.540672,0,-1,0,57.6546,28
92.5,car_north_peak_004,gNB_4G_2,-45,gNB_5G,-51,0.688128,1,34.6399,0,28.06,28
92.5,car_north_peak_005,gNB_4G_2,-45,gNB_5G,-55,0.8192,1,30.4399,0,27.5453,28
92.5,ue_n043_0001,gNB_5G,-49,gNB_4G_2,-47,0.262144,4,41.6399,1,65.4614,28
92.5,ue_n042_0003,gNB_4G_2,-42,gNB_5G,-64,0.385024,2,66.6399,1,41.8555,28
92.5,ue_n001_0001,gNB_4G_1,-38,gNB_5G,-65,0.745472,0,-1,0,54.228,28
92.5,ue_n001_0002,gNB_4G_1,-48,gNB_5G,-68,0.8192,0,-1,0,63.6698,28
92.5,ue_ujeongwon_0002,gNB_4G_1,-41,gNB_4G_2,-64,0.630784,0,-1,0,70.2262,28
92.5,ue_ujeongwon_0003,gNB_4G_1,-39,gNB_4G_2,-68,0.8192,2,17.0399,1,72.3648,28
92.5,ue_n001_0003,gNB_4G_1,-39,gNB_5G,-81,0.8192,0,-1,0,73.4231,28
92.5,car_north_base_001_rider,gNB_4G_2,-42,gNB_4G_1,-50,0.114688,1,12.0399,0,67.2936,28
92.5,car_north_base_002_rider,gNB_4G_2,-42,gNB_4G_1,-51,0.425984,1,8.43993,0,36.8519,27
92.5,ue_n043_0002,gNB_4G_2,-53,gNB_4G_1,-56,0.434176,5,29.8399,1,57.9882,28
92.5,ue_n001_0004,gNB_4G_1,-43,gNB_4G_2,-75,0.745472,0,-1,0,64.8763,28
92.5,ue_n043_0003,gNB_5G,-54,gNB_4G_2,-51,0.376832,8,9.63993,1,64.9611,28
92.5,car_north_base_003,gNB_4G_1,-50,gNB_5G,-57,0.540672,0,-1,0,54.8151,28
92.5,ue_n042_0004,gNB_4G_2,-54,gNB_5G,-69,0.745472,2,32.4399,1,56.651,28
92.5,car_north_base_004,gNB_4G_1,-35,gNB_4G_2,-81,0.12288,0,-1,0,71.8428,28
92.5,car_north_base_005,gNB_4G_1,-37,gNB_5G,-70,0.507904,0,-1,0,76.8307,28
92.5,ue_n043_0004,gNB_5G,-48,gNB_4G_2,-56,0.630784,0,-1,0,62.0847,28
92.5,car_north_base_006_rider,gNB_4G_1,-38,gNB_5G,-78,0.8192,0,-1,0,67.2392,28
92.5,ue_n043_0005,gNB_5G,-48,gNB_4G_1,-56,0.688128,0,-1,0,62.729,28
92.5,ue_ujeongwon_0004,gNB_4G_1,-52,gNB_5G,-76,0.753664,0,-1,0,59.2252,28
92.5,ue_ujeongwon_0005,gNB_4G_1,-55,gNB_4G_2,-79,0.548864,0,-1,0,53.3479,28
92.5,ue_n001_0005,gNB_4G_1,-47,gNB_5G,-72,0.688128,0,-1,0,35.3011,28
92.5,ue_ujeongwon_0006,gNB_4G_1,-54,gNB_4G_2,-76,0.425984,0,-1,0,57.2081,28
93.5,ue_n042_0001,gNB_4G_2,-42,gNB_5G,-59,0.745472,2,88.6399,1,71.2989,28
93.5,car_north_peak_001,gNB_4G_2,-47,gNB_5G,-56,0.36864,1,49.2399,0,64.9491,28
93.5,car_north_peak_002_rider,gNB_4G_2,-45,gNB_5G,-53,0.28672,1,42.6399,0,60.0784,28
93.5,car_north_peak_003_rider,gNB_4G_2,-48,gNB_5G,-53,0.581632,1,37.4399,0,68.1402,28
93.5,ue_n042_0002,gNB_4G_2,-37,gNB_5G,-61,0.180224,2,85.6399,1,60.7613,27
93.5,ue_ujeongwon_0001,gNB_4G_1,-49,gNB_4G_2,-70,0.548864,0,-1,0,27.4709,27
93.5,car_north_peak_004,gNB_4G_2,-47,gNB_5G,-52,0.679936,1,35.6399,0,39.5595,28
93.5,car_north_peak_005,gNB_4G_2,-43,gNB_5G,-49,0.8192,1,31.4399,0,35.3731,28
93.5,ue_n043_0001,gNB_5G,-48,gNB_4G_2,-48,0.262144,4,42.6399,1,68.3915,28
93.5,ue_n042_0003,gNB_4G_2,-39,gNB_5G,-62,0.393216,2,67.6399,1,69.1829,28
93.5,ue_n001_0001,gNB_4G_1,-38,gNB_5G,-66,0.73728,0,-1,0,59.2024,28
93.5,ue_n001_0002,gNB_4G_1,-49,gNB_5G,-68,0.8192,0,-1,0,57.4795,28
93.5,ue_ujeongwon_0002,gNB_4G_1,-42,gNB_4G_2,-66,0.630784,0,-1,0,70.808,28
93.5,ue_ujeongwon_0003,gNB_4G_1,-38,gNB_4G_2,-84,0.8192,2,18.0399,1,67.7007,28
93.5,ue_n001_0003,gNB_4G_1,-39,gNB_5G,-78,0.8192,0,-1,0,73.9352,28
93.5,car_north_base_001_rider,gNB_4G_2,-43,gNB_4G_1,-50,0.114688,1,13.0399,0,66.9988,28
93.5,car_north_base_002_rider,gNB_4G_2,-45,gNB_4G_1,-52,0.434176,1,9.43993,0,16.4636,22
93.5,ue_n043_0002,gNB_4G_2,-53,gNB_4G_1,-56,0.434176,5,30.8399,1,20.4495,28
93.5,ue_n001_0004,gNB_4G_1,-46,gNB_5G,-72,0.745472,0,-1,0,64.9791,28
93.5,ue_n043_0003,gNB_5G,-48,gNB_4G_2,-50,0.36864,8,10.6399,1,60.6278,28
93.5,car_north_base_003,gNB_4G_2,-45,gNB_4G_1,-49,0.630784,1,0.439928,0,65.8509,28
93.5,ue_n042_0004,gNB_4G_2,-52,gNB_5G,-72,0.745472,2,33.4399,1,51.4191,28
93.5,car_north_base_004,gNB_4G_1,-39,gNB_4G_2,-81,0.131072,0,-1,0,46.1238,28
93.5,car_north_base_005,gNB_4G_1,-39,gNB_5G,-69,0.516096,0,-1,0,74.6126,28
93.5,ue_n043_0004,gNB_5G,-48,gNB_4G_2,-57,0.630784,0,-1,0,64.7254,28
93.5,car_north_base_006_rider,gNB_4G_1,-37,gNB_5G,-75,0.8192,0,-1,0,34.226,28
93.5,ue_n043_0005,gNB_5G,-48,gNB_4G_2,-55,0.679936,0,-1,0,59.0272,28
93.5,ue_ujeongwon_0004,gNB_4G_1,-53,gNB_4G_2,-79,0.745472,0,-1,0,33.9971,28
93.5,ue_ujeongwon_0005,gNB_4G_1,-56,gNB_4G_2,-81,0.548864,0,-1,0,32.0043,28
93.5,ue_n001_0005,gNB_4G_1,-44,gNB_5G,-72,0.679936,0,-1,0,37.5734,28
93.5,ue_ujeongwon_0006,gNB_4G_1,-55,gNB_5G,-76,0.434176,0,-1,0,55.8015,28
93.5,ue_n042_0005,gNB_4G_2,-65,gNB_5G,-63,0.32768,0,-1,0,40.8813,28
94.5,ue_n042_0001,gNB_4G_2,-42,gNB_5G,-61,0.745472,2,89.6399,1,70.1792,28
94.5,car_north_peak_001,gNB_4G_2,-46,gNB_5G,-54,0.36864,1,50.2399,0,47.2009,24
94.5,car_north_peak_002_rider,gNB_4G_2,-48,gNB_5G,-52,0.278528,1,43.6399,0,16.178,20
94.5,car_north_peak_003_rider,gNB_4G_2,-43,gNB_5G,-51,0.589824,1,38.4399,0,60.5156,28
94.5,ue_n042_0002,gNB_4G_2,-38,gNB_5G,-61,0.180224,2,86.6399,1,70.4779,28
94.5,ue_ujeongwon_0001,gNB_4G_1,-47,gNB_5G,-70,0.548864,0,-1,0,60.8526,28
94.5,car_north_peak_004,gNB_4G_2,-45,gNB_5G,-52,0.679936,1,36.6399,0,38.1202,28
94.5,car_north_peak_005,gNB_4G_2,-44,gNB_5G,-53,0.8192,1,32.4399,0,37.5217,28
94.5,ue_n043_0001,gNB_4G_2,-46,gNB_5G,-51,0.262144,5,0.439928,0,37.8132,28
94.5,ue_n042_0003,gNB_4G_2,-40,gNB_5G,-64,0.393216,2,68.6399,1,69.8155,28
94.5,ue_n001_0001,gNB_4G_1,-38,gNB_5G,-61,0.745472,0,-1,0,45.0525,28
94.5,ue_n001_0002,gNB_4G_1,-46,gNB_5G,-67,0.8192,0,-1,0,63.8052,24
94.5,ue_ujeongwon_0002,gNB_4G_1,-44,gNB_4G_2,-77,0.630784,0,-1,0,69.194,28
94.5,ue_ujeongwon_0003,gNB_4G_1,-47,gNB_4G_2,-86,0.8192,2,19.0399,1,68.9544,28
94.5,ue_n001_0003,gNB_4G_1,-37,gNB_5G,-82,0.8192,0,-1,0,72.8092,28
94.5,car_north_base_001_rider,gNB_4G_2,-44,gNB_4G_1,-51,0.114688,1,14.0399,0,18.6216,28
94.5,car_north_base_002_rider,gNB_4G_2,-47,gNB_4G_1,-49,0.434176,1,10.4399,0,63.9578,28
94.5,ue_n043_0002,gNB_4G_2,-51,gNB_4G_1,-59,0.425984,5,31.8399,1,56.7596,28
94.5,ue_n001_0004,gNB_4G_1,-56,gNB_5G,-70,0.73728,0,-1,0,67.2971,28
94.5,ue_n043_0003,gNB_5G,-48,gNB_4G_2,-52,0.376832,8,11.6399,1,65.4719,28
94.5,car_north_base_003,gNB_4G_2,-45,gNB_4G_1,-50,0.630784,1,1.43993,0,66.5958,28
94.5,ue_n042_0004,gNB_4G_2,-57,gNB_5G,-73,0.745472,2,34.4399,1,55.6608,28
94.5,car_north_base_004,gNB_4G_1,-39,gNB_4G_2,-83,0.131072,0,-1,0,68.4486,28
94.5,car_north_base_005,gNB_4G_1,-36,gNB_5G,-66,0.507904,0,-1,0,74.4278,28
94.5,ue_n043_0004,gNB_5G,-47,gNB_4G_2,-53,0.630784,0,-1,0,61.5335,28
94.5,car_north_base_006_rider,gNB_4G_1,-34,gNB_4G_2,-75,0.8192,0,-1,0,53.4323,28
94.5,ue_n043_0005,gNB_5G,-48,gNB_4G_2,-56,0.679936,0,-1,0,62.594,28
94.5,ue_ujeongwon_0004,gNB_4G_1,-54,gNB_4G_2,-76,0.745472,0,-1,0,56.4077,28
94.5,ue_ujeongwon_0005,gNB_4G_1,-54,gNB_4G_2,-79,0.540672,0,-1,0,57.2167,28
94.5,ue_n001_0005,gNB_4G_1,-44,gNB_4G_2,-78,0.679936,0,-1,0,40.8955,28
94.5,ue_ujeongwon_0006,gNB_4G_1,-55,gNB_5G,-76,0.425984,0,-1,0,23.8434,26
94.5,ue_n042_0005,gNB_4G_2,-65,gNB_5G,-63,0.745472,0,-1,0,23.8001,25
95.5,ue_n042_0001,gNB_4G_2,-40,gNB_5G,-62,0.745472,2,90.6399,1,65.9158,28
95.5,car_north_peak_001,gNB_4G_2,-51,gNB_5G,-54,0.376832,1,51.2399,0,58.1895,27
95.5,car_north_peak_002_rider,gNB_4G_2,-49,gNB_5G,-52,0.28672,1,44.6399,0,63.5324,28
95.5,car_north_peak_003_rider,gNB_4G_2,-50,gNB_5G,-59,0.581632,1,39.4399,0,63.6926,28
95.5,ue_n042_0002,gNB_4G_2,-43,gNB_5G,-61,0.180224,2,87.6399,1,70.5029,16
95.5,ue_ujeongwon_0001,gNB_4G_1,-49,gNB_4G_2,-70,0.540672,0,-1,0,54.12,28
95.5,car_north_peak_004,gNB_4G_2,-45,gNB_5G,-50,0.688128,1,37.6399,0,33.6639,28
95.5,car_north_peak_005,gNB_4G_2,-46,gNB_5G,-55,0.8192,1,33.4399,0,60.0576,28
95.5,ue_n043_0001,gNB_4G_2,-47,gNB_5G,-49,0.270336,5,1.43993,0,64.8626,28
95.5,ue_n042_0003,gNB_4G_2,-41,gNB_5G,-66,0.385024,2,69.6399,1,66.9084,28
95.5,ue_n001_0001,gNB_4G_1,-37,gNB_5G,-68,0.745472,0,-1,0,52.9099,28
95.5,ue_n001_0002,gNB_4G_1,-45,gNB_5G,-67,0.8192,0,-1,0,32.0216,28
95.5,ue_ujeongwon_0002,gNB_4G_1,-42,gNB_4G_2,-67,0.630784,0,-1,0,67.4529,28
95.5,ue_ujeongwon_0003,gNB_4G_1,-55,gNB_4G_2,-82,0.8192,2,20.0399,1,46.9743,28
95.5,ue_n001_0003,gNB_4G_1,-35,gNB_5G,-81,0.8192,0,-1,0,57.8159,28
95.5,car_north_base_001_rider,gNB_4G_2,-45,gNB_4G_1,-50,0.114688,1,15.0399,0,22.5372,28
95.5,car_north_base_002_rider,gNB_4G_2,-44,gNB_4G_1,-49,0.434176,1,11.4399,0,68.6029,28
95.5,ue_n043_0002,gNB_4G_2,-53,gNB_5G,-63,0.434176,5,32.8399,1,12.8848,28
95.5,ue_n001_0004,gNB_4G_1,-49,gNB_5G,-73,0.745472,0,-1,0,64.5417,28
95.5,ue_n043_0003,gNB_5G,-47,gNB_4G_2,-51,0.36864,8,12.6399,1,64.3629,28
95.5,car_north_base_003,gNB_4G_2,-43,gNB_4G_1,-62,0.630784,1,2.43993,0,69.1984,28
95.5,ue_n042_0004,gNB_4G_2,-55,gNB_5G,-68,0.745472,2,35.4399,1,42.2323,28
95.5,car_north_base_004,gNB_4G_1,-39,gNB_4G_2,-67,0.12288,0,-1,0,57.4479,28
95.5,car_north_base_005,gNB_4G_1,-38,gNB_4G_2,-83,0.516096,0,-1,0,74.0714,28
95.5,ue_n043_0004,gNB_5G,-46,gNB_4G_2,-56,0.630784,0,-1,0,56.7958,28
95.5,car_north_base_006_rider,gNB_4G_1,-41,gNB_5G,-77,0.8192,0,-1,0,49.7525,28
95.5,ue_n043_0005,gNB_5G,-47,gNB_4G_2,-56,0.688128,0,-1,0,64.7262,28
95.5,ue_ujeongwon_0004,gNB_4G_1,-51,gNB_4G_2,-74,0.745472,0,-1,0,61.421,28
95.5,ue_ujeongwon_0005,gNB_4G_1,-53,gNB_4G_2,-77,0.548864,0,-1,0,26.9637,28
95.5,ue_n001_0005,gNB_4G_1,-47,gNB_5G,-74,0.688128,0,-1,0,42.1066,28
95.5,ue_ujeongwon_0006,gNB_4G_1,-55,gNB_5G,-76,0.434176,0,-1,0,56.3092,28
95.5,ue_n042_0005,gNB_4G_2,-65,gNB_5G,-64,0.73728,0,-1,0,43.6442,28
95.5,ue_n043_0006,gNB_5G,-51,gNB_4G_2,-60,0.057344,0,-1,0,47.7205,28
96.5,ue_n042_0001,gNB_4G_2,-44,gNB_5G,-63,0.745472,2,91.6399,1,53.3744,28
96.5,car_north_peak_001,gNB_4G_2,-48,gNB_5G,-55,0.36864,1,52.2399,0,59.3238,28
96.5,car_north_peak_002_rider,gNB_4G_2,-47,gNB_4G_1,-52,0.278528,1,45.6399,0,18.956,21
96.5,car_north_peak_003_rider,gNB_4G_2,-47,gNB_4G_1,-55,0.581632,1,40.4399,0,35.493,28
96.5,ue_n042_0002,gNB_4G_2,-43,gNB_5G,-61,0.172032,2,88.6399,1,55.4949,21
96.5,ue_ujeongwon_0001,gNB_4G_1,-50,gNB_4G_2,-65,0.548864,0,-1,0,58.8609,28
96.5,car_north_peak_004,gNB_4G_2,-48,gNB_5G,-50,0.671744,1,38.6399,0,12.212,16
96.5,car_north_peak_005,gNB_4G_2,-48,gNB_5G,-51,0.8192,1,34.4399,0,32.7812,28
96.5,ue_n043_0001,gNB_4G_2,-46,gNB_5G,-46,0.262144,5,2.43993,0,60.3195,28
96.5,ue_n042_0003,gNB_4G_2,-38,gNB_5G,-64,0.393216,2,70.6399,1,66.9743,28
96.5,ue_n001_0001,gNB_4G_1,-39,gNB_5G,-67,0.745472,0,-1,0,54.7161,28
96.5,ue_n001_0002,gNB_4G_1,-46,gNB_5G,-67,0.8192,0,-1,0,34.7703,28
96.5,ue_ujeongwon_0002,gNB_4G_1,-41,gNB_4G_2,-63,0.630784,0,-1,0,67.6507,28
96.5,ue_ujeongwon_0003,gNB_4G_1,-44,gNB_4G_2,-85,0.8192,2,21.0399,1,68.9559,28
96.5,ue_n001_0003,gNB_4G_1,-36,gNB_5G,-75,0.8192,0,-1,0,52.2064,28
96.5,car_north_base_001_rider,gNB_4G_2,-41,gNB_4G_1,-55,0.114688,1,16.0399,0,41.5859,28
96.5,car_north_base_002_rider,gNB_4G_2,-45,gNB_4G_1,-50,0.425984,1,12.4399,0,64.1403,28
96.5,ue_n043_0002,gNB_4G_2,-55,gNB_5G,-64,0.434176,5,33.8399,1,55.6022,16
96.5,ue_n001_0004,gNB_4G_1,-49,gNB_5G,-69,0.745472,0,-1,0,67.4764,28
96.5,ue_n043_0003,gNB_5G,-51,gNB_4G_2,-49,0.36864,8,13.6399,1,67.6662,28
96.5,car_north_base_003,gNB_4G_2,-42,gNB_4G_1,-49,0.630784,1,3.43993,0,66.9836,28
96.5,ue_n042_0004,gNB_4G_2,-57,gNB_5G,-67,0.745472,2,36.4399,1,37.2883,28
96.5,car_north_base_004,gNB_4G_1,-41,gNB_4G_2,-93,0.131072,0,-1,0,65.6921,26
96.5,car_north_base_005,gNB_4G_1,-37,gNB_4G_2,-81,0.507904,0,-1,0,71.8856,28
96.5,ue_n043_0004,gNB_4G_2,-53,gNB_5G,-53,0.622592,1,0.239928,0,56.6787,28
96.5,car_north_base_006_rider,gNB_4G_1,-37,gNB_5G,-76,0.8192,0,-1,0,52.3789,28
96.5,ue_n043_0005,gNB_5G,-47,gNB_4G_2,-53,0.679936,0,-1,0,63.1871,28
96.5,ue_ujeongwon_0004,gNB_4G_1,-51,gNB_4G_2,-74,0.73728,0,-1,0,55.6126,28
96.5,ue_ujeongwon_0005,gNB_4G_1,-54,gNB_5G,-76,0.548864,0,-1,0,57.6861,28
96.5,ue_n001_0005,gNB_4G_1,-48,gNB_4G_2,-79,0.679936,0,-1,0,39.1145,28
96.5,ue_ujeongwon_0006,gNB_4G_1,-54,gNB_4G_2,-79,0.434176,0,-1,0,32.506,28
96.5,ue_n042_0005,gNB_4G_2,-67,gNB_5G,-68,0.745472,0,-1,0,41.8285,28
96.5,ue_n043_0006,gNB_5G,-52,gNB_4G_2,-59,0.12288,0,-1,0,63.3385,28
96.5,ue_ujeongwon_0007,gNB_4G_1,-60,gNB_5G,-62,0.360448,0,-1,0,53.1474,28
97.5,ue_n042_0001,gNB_4G_2,-41,gNB_5G,-63,0.745472,2,92.6399,1,69.2791,28
97.5,car_north_peak_001,gNB_4G_2,-51,gNB_5G,-59,0.376832,1,53.2399,0,21.0927,28
97.5,car_north_peak_002_rider,gNB_4G_2,-47,gNB_5G,-53,0.278528,1,46.6399,0,18.973,20
97.5,car_north_peak_003_rider,gNB_4G_2,-47,gNB_5G,-59,0.589824,1,41.4399,0,66.471,28
97.5,ue_n042_0002,gNB_4G_2,-42,gNB_5G,-61,0.180224,2,89.6399,1,69.5503,27
97.5,ue_ujeongwon_0001,gNB_4G_1,-49,gNB_4G_2,-68,0.540672,0,-1,0,44.123,27
97.5,car_north_peak_004,gNB_4G_2,-46,gNB_5G,-52,0.688128,1,39.6399,0,64.7592,28
97.5,car_north_peak_005,gNB_4G_2,-45,gNB_5G,-51,0.8192,1,35.4399,0,40.1021,28
97.5,ue_n043_0001,gNB_4G_2,-46,gNB_5G,-48,0.262144,5,3.43993,0,64.5639,28
97.5,ue_n042_0003,gNB_4G_2,-42,gNB_5G,-64,0.393216,2,71.6399,1,69.3734,28
97.5,ue_n001_0001,gNB_4G_1,-35,gNB_5G,-64,0.745472,0,-1,0,54.7586,28
97.5,ue_n001_0002,gNB_4G_1,-52,gNB_5G,-71,0.8192,0,-1,0,65.6401,24
97.5,ue_ujeongwon_0002,gNB_4G_1,-41,gNB_4G_2,-59,0.630784,0,-1,0,66.7855,28
97.5,ue_ujeongwon_0003,gNB_4G_1,-42,gNB_4G_2,-97,0.8192,2,22.0399,1,67.5014,28
97.5,ue_n001_0003,gNB_4G_1,-39,gNB_5G,-77,0.8192,0,-1,0,73.7314,28
97.5,car_north_base_001_rider,gNB_4G_2,-42,gNB_5G,-55,0.114688,1,17.0399,0,68.4945,25
97.5,car_north_base_002_rider,gNB_4G_2,-45,gNB_4G_1,-50,0.434176,1,13.4399,0,66.3662,28
97.5,ue_n043_0002,gNB_4G_2,-56,gNB_5G,-64,0.425984,5,34.8399,1,23.4225,28
97.5,ue_n001_0004,gNB_4G_1,-50,gNB_5G,-71,0.745472,0,-1,0,33.3696,28
97.5,ue_n043_0003,gNB_5G,-47,gNB_4G_2,-49,0.376832,8,14.6399,1,66.9741,28
97.5,car_north_base_003,gNB_4G_2,-43,gNB_4G_1,-51,0.622592,1,4.43993,0,67.9306,28
97.5,ue_n042_0004,gNB_4G_2,-57,gNB_5G,-68,0.745472,2,37.4399,1,55.8106,28
97.5,car_north_base_004,gNB_4G_1,-40,gNB_4G_2,-96,0.131072,0,-1,0,68.3109,28
97.5,car_north_base_005,gNB_4G_1,-37,gNB_4G_2,-80,0.516096,0,-1,0,70.682,28
97.5,ue_n043_0004,gNB_5G,-48,gNB_4G_2,-54,0.565248,2,0.639928,1,66.4017,28
97.5,car_north_base_006_rider,gNB_4G_1,-36,gNB_4G_2,-84,0.8192,0,-1,0,63.5611,28
97.5,ue_n043_0005,gNB_5G,-47,gNB_4G_2,-56,0.679936,0,-1,0,65.6104,28
97.5,ue_ujeongwon_0004,gNB_4G_1,-53,gNB_4G_2,-73,0.745472,0,-1,0,62.7676,28
97.5,ue_ujeongwon_0005,gNB_4G_1,-53,gNB_4G_2,-81,0.540672,0,-1,0,57.4993,28
97.5,ue_n001_0005,gNB_4G_1,-48,gNB_4G_2,-77,0.679936,0,-1,0,25.883,28
97.5,ue_ujeongwon_0006,gNB_4G_1,-53,gNB_4G_2,-81,0.425984,0,-1,0,57.6799,28
97.5,ue_n042_0005,gNB_4G_2,-67,gNB_5G,-66,0.745472,0,-1,0,45.6928,28
97.5,ue_n043_0006,gNB_5G,-50,gNB_4G_2,-60,0.12288,0,-1,0,58.2629,28
97.5,ue_ujeongwon_0007,gNB_4G_1,-62,gNB_5G,-62,0.745472,0,-1,0,48.543,28
98.5,ue_n042_0001,gNB_4G_2,-44,gNB_5G,-65,0.745472,2,93.6399,1,68.3151,28
98.5,car_north_peak_001,gNB_5G,-54,gNB_4G_2,-76,0.36864,2,0.839928,0,54.3623,28
98.5,car_north_peak_002_rider,gNB_4G_2,-48,gNB_4G_1,-57,0.28672,1,47.6399,0,62.8801,28
98.5,car_north_peak_003_rider,gNB_4G_2,-44,gNB_5G,-57,0.581632,1,42.4399,0,44.2663,28
98.5,ue_n042_0002,gNB_4G_2,-42,gNB_5G,-59,0.180224,2,90.6399,1,52.2026,28
98.5,ue_ujeongwon_0001,gNB_4G_1,-47,gNB_4G_2,-72,0.548864,0,-1,0,36.4182,28
98.5,car_north_peak_004,gNB_4G_2,-46,gNB_5G,-53,0.688128,1,40.6399,0,64.9616,28
98.5,car_north_peak_005,gNB_4G_2,-47,gNB_5G,-48,0.8192,1,36.4399,0,44.7444,28
98.5,ue_n043_0001,gNB_4G_2,-47,gNB_5G,-48,0.262144,5,4.43993,0,62.807,28
98.5,ue_n042_0003,gNB_4G_2,-40,gNB_5G,-63,0.385024,2,72.6399,1,67.8868,28
98.5,ue_n001_0001,gNB_4G_1,-35,gNB_5G,-66,0.745472,0,-1,0,74.4634,28
98.5,ue_n001_0002,gNB_4G_1,-53,gNB_5G,-71,0.8192,0,-1,0,62.0449,28
98.5,ue_ujeongwon_0002,gNB_4G_1,-41,gNB_4G_2,-66,0.630784,0,-1,0,62.7518,28
98.5,ue_ujeongwon_0003,gNB_4G_1,-39,gNB_5G,-98,0.8192,2,23.0399,1,67.1703,28
98.5,ue_n001_0003,gNB_4G_1,-38,gNB_5G,-77,0.8192,0,-1,0,74.634,28
98.5,car_north_base_001_rider,gNB_4G_2,-42,gNB_5G,-58,0.114688,1,18.0399,0,43.9744,28
98.5,car_north_base_002_rider,gNB_4G_2,-44,gNB_4G_1,-49,0.434176,1,14.4399,0,69.101,28
98.5,ue_n043_0002,gNB_4G_2,-56,gNB_5G,-65,0.401408,5,35.8399,1,50.0724,28
98.5,ue_n001_0004,gNB_4G_1,-47,gNB_5G,-65,0.745472,0,-1,0,64.4724,28
98.5,ue_n043_0003,gNB_5G,-51,gNB_4G_2,-52,0.36864,8,15.6399,1,66.1328,28
98.5,car_north_base_003,gNB_4G_2,-44,gNB_4G_1,-49,0.589824,1,5.43993,0,61.5512,28
98.5,ue_n042_0004,gNB_4G_2,-56,gNB_5G,-70,0.745472,2,38.4399,1,58.6681,28
98.5,car_north_base_004,gNB_4G_1,-41,gNB_5G,-90,0.12288,0,-1,0,30.5732,28
98.5,car_north_base_005,gNB_4G_1,-38,gNB_4G_2,-85,0.507904,0,-1,0,63.043,28
98.5,ue_n043_0004,gNB_5G,-48,gNB_4G_2,-56,0.630784,2,1.63993,1,67.0154,28
98.5,car_north_base_006_rider,gNB_4G_1,-45,gNB_4G_2,-87,0.8192,0,-1,0,58.052,28
98.5,ue_n043_0005,gNB_5G,-45,gNB_4G_2,-58,0.688128,0,-1,0,62.9677,28
98.5,ue_ujeongwon_0004,gNB_4G_1,-49,gNB_4G_2,-74,0.745472,0,-1,0,50.0268,28
98.5,ue_ujeongwon_0005,gNB_4G_1,-53,gNB_4G_2,-78,0.548864,0,-1,0,58.2235,28
98.5,ue_n001_0005,gNB_4G_1,-50,gNB_4G_2,-76,0.688128,0,-1,0,44.7672,28
98.5,ue_ujeongwon_0006,gNB_4G_1,-54,gNB_4G_2,-79,0.434176,0,-1,0,30.3459,27
98.5,ue_n042_0005,gNB_4G_2,-64,gNB_5G,-71,0.745472,0,-1,0,46.6955,28
98.5,ue_n043_0006,gNB_5G,-54,gNB_4G_2,-64,0.12288,0,-1,0,52.664,28
98.5,ue_ujeongwon_0007,gNB_4G_1,-60,gNB_5G,-62,0.73728,0,-1,0,48.2326,28
98.5,ue_ujeongwon_0008,gNB_4G_1,-59,gNB_5G,-63,0.278528,0,-1,0,51.2837,28
99.5,ue_n042_0001,gNB_4G_2,-43,gNB_5G,-63,0.745472,2,94.6399,1,70.7417,28
99.5,car_north_peak_001,gNB_5G,-56,gNB_4G_1,-56,0.376832,2,1.83993,0,55.7535,28
99.5,car_north_peak_002_rider,gNB_4G_2,-48,gNB_4G_1,-54,0.278528,1,48.6399,0,59.8457,28
99.5,car_north_peak_003_rider,gNB_4G_2,-45,gNB_5G,-55,0.589824,1,43.4399,0,63.2325,28
99.5,ue_n042_0002,gNB_4G_2,-49,gNB_5G,-62,0.180224,2,91.6399,1,55.2521,28
99.5,ue_ujeongwon_0001,gNB_4G_1,-47,gNB_5G,-76,0.548864,0,-1,0,32.8653,28
99.5,car_north_peak_004,gNB_4G_2,-46,gNB_5G,-49,0.679936,1,41.6399,0,53.3306,28
99.5,car_north_peak_005,gNB_4G_2,-45,gNB_5G,-53,0.8192,1,37.4399,0,42.5419,28
99.5,ue_n043_0001,gNB_4G_2,-48,gNB_5G,-48,0.270336,5,5.43993,0,29.3181,24
99.5,ue_n042_0003,gNB_4G_2,-43,gNB_5G,-62,0.393216,2,73.6399,1,61.2072,28
99.5,ue_n001_0001,gNB_4G_1,-37,gNB_5G,-65,0.745472,0,-1,0,50.4799,28
99.5,ue_n001_0002,gNB_4G_1,-47,gNB_5G,-67,0.8192,0,-1,0,26.3641,26
99.5,ue_ujeongwon_0002,gNB_4G_1,-40,gNB_4G_2,-61,0.622592,0,-1,0,20.321,24
99.5,ue_ujeongwon_0003,gNB_4G_1,-40,gNB_4G_2,-97,0.8192,2,24.0399,1,65.6552,28
99.5,ue_n001_0003,gNB_4G_1,-36,gNB_5G,-81,0.8192,0,-1,0,71.3549,28
99.5,car_north_base_001_rider,gNB_4G_2,-44,gNB_5G,-58,0.106496,1,19.0399,0,34.2436,27
99.5,car_north_base_002_rider,gNB_4G_2,-42,gNB_4G_1,-53,0.425984,1,15.4399,0,36.0154,28
99.5,ue_n043_0002,gNB_4G_2,-57,gNB_4G_1,-61,0.385024,5,36.8399,1,51.9928,8
99.5,ue_n001_0004,gNB_4G_1,-50,gNB_5G,-63,0.745472,0,-1,0,64.4544,28
99.5,ue_n043_0003,gNB_5G,-50,gNB_4G_2,-51,0.376832,8,16.6399,1,65.5514,28
99.5,car_north_base_003,gNB_4G_2,-48,gNB_4G_1,-51,0.589824,1,6.43993,0,65.8344,28
99.5,ue_n042_0004,gNB_4G_2,-55,gNB_5G,-70,0.745472,2,39.4399,1,55.1949,28
99.5,car_north_base_004,gNB_4G_1,-40,gNB_4G_2,-74,0.131072,0,-1,0,63.607,28
99.5,car_north_base_005,gNB_4G_1,-39,gNB_4G_2,-94,0.516096,0,-1,0,69.9822,28
99.5,ue_n043_0004,gNB_5G,-47,gNB_4G_2,-55,0.630784,2,2.63993,1,65.3997,28
99.5,car_north_base_006_rider,gNB_4G_1,-52,gNB_4G_2,-87,0.8192,0,-1,0,55.1129,28
99.5,ue_n043_0005,gNB_5G,-46,gNB_4G_2,-54,0.679936,0,-1,0,66.4085,28
99.5,ue_ujeongwon_0004,gNB_4G_1,-48,gNB_5G,-85,0.745472,0,-1,0,61.0441,28
99.5,ue_ujeongwon_0005,gNB_4G_1,-58,gNB_4G_2,-77,0.548864,0,-1,0,41.9721,28
99.5,ue_n001_0005,gNB_4G_1,-46,gNB_4G_2,-76,0.679936,0,-1,0,35.0644,27
99.5,ue_ujeongwon_0006,gNB_4G_1,-53,gNB_4G_2,-77,0.434176,0,-1,0,57.5584,28
99.5,ue_n042_0005,gNB_4G_2,-64,gNB_5G,-68,0.745472,0,-1,0,25.6772,26
99.5,ue_n043_0006,gNB_5G,-53,gNB_4G_2,-58,0.131072,0,-1,0,58.0595,28
99.5,ue_ujeongwon_0007,gNB_4G_1,-58,gNB_5G,-75,0.745472,0,-1,0,52.9972,28
99.5,ue_ujeongwon_0008,gNB_4G_1,-60,gNB_5G,-63,0.581632,0,-1,0,48.4319,22
