time_s,ue,serving_cell,rsrp_serving_dbm,neighbor_cell,rsrp_neighbor_dbm,dl_throughput_mbps,ho_count,seconds_since_ho,is_pingpong,dl_sinr_db,dl_mcs
1.5,ue_n042_0001,gNB_4G_2,-69,gNB_5G,-66,0.114688,0,-1,0,42.0361,28
2.5,ue_n042_0001,gNB_4G_2,-68,gNB_5G,-65,0.270336,0,-1,0,43.4068,28
3.5,ue_n042_0001,gNB_5G,-64,gNB_4G_2,-67,0.278528,1,0.639928,0,46.0671,28
3.5,car_north_peak_001,gNB_4G_1,-44,gNB_4G_2,-79,0.04096,0,-1,0,63.0414,28
4.5,ue_n042_0001,gNB_5G,-65,gNB_4G_2,-66,0.270336,1,1.63993,0,32.9185,28
4.5,car_north_peak_001,gNB_4G_1,-44,gNB_4G_2,-78,0.098304,0,-1,0,66.7978,28
4.5,car_north_peak_002_rider,gNB_4G_1,-47,gNB_4G_2,-67,0.155648,0,-1,0,59.6383,-1
4.5,car_north_peak_003_rider,gNB_4G_1,-45,gNB_4G_2,-68,0.385024,0,-1,0,56.7482,28
4.5,ue_n042_0002,gNB_4G_2,-68,gNB_5G,-65,0.32768,0,-1,0,43.8238,28
5.5,ue_n042_0001,gNB_4G_2,-67,gNB_5G,-77,0.270336,2,0.639928,1,28.7133,28
5.5,car_north_peak_001,gNB_4G_1,-45,gNB_4G_2,-77,0.098304,0,-1,0,62.3335,28
5.5,car_north_peak_002_rider,gNB_4G_1,-47,gNB_4G_2,-67,0.311296,0,-1,0,59.6383,-1
5.5,car_north_peak_003_rider,gNB_4G_1,-46,gNB_4G_2,-68,0.8192,0,-1,0,58.2566,28
5.5,ue_n042_0002,gNB_4G_2,-67,gNB_5G,-64,0.679936,0,-1,0,43.4065,28
6.5,ue_n042_0001,gNB_4G_2,-65,gNB_5G,-70,0.278528,2,1.63993,1,38.4237,28
6.5,car_north_peak_001,gNB_4G_1,-47,gNB_4G_2,-76,0.098304,0,-1,0,62.7924,28
6.5,car_north_peak_002_rider,gNB_4G_1,-46,gNB_4G_2,-71,0.319488,0,-1,0,63.0414,28
6.5,car_north_peak_003_rider,gNB_4G_1,-46,gNB_4G_2,-68,0.8192,0,-1,0,56.7482,28
6.5,ue_n042_0002,gNB_5G,-64,gNB_4G_2,-67,0.688128,1,0.639928,0,46.0671,28
7.5,ue_n042_0001,gNB_4G_2,-66,gNB_5G,-67,0.270336,2,2.63993,1,27.584,28
7.5,car_north_peak_001,gNB_4G_1,-47,gNB_4G_2,-77,0.090112,0,-1,0,61.8468,28
7.5,car_north_peak_002_rider,gNB_4G_1,-44,gNB_4G_2,-77,0.311296,0,-1,0,66.254,28
7.5,car_north_peak_003_rider,gNB_4G_1,-46,gNB_4G_2,-68,0.8192,0,-1,0,58.2566,28
7.5,ue_n042_0002,gNB_5G,-65,gNB_4G_2,-66,0.679936,1,1.63993,0,32.9185,28
7.5,ue_ujeongwon_0001,gNB_4G_1,-60,gNB_5G,-62,0.172032,0,-1,0,49.4398,28
8.5,ue_n042_0001,gNB_4G_2,-65,gNB_5G,-67,0.270336,2,3.63993,1,25.6233,28
8.5,car_north_peak_001,gNB_4G_1,-46,gNB_5G,-77,0.098304,0,-1,0,37.5476,28
8.5,car_north_peak_002_rider,gNB_4G_1,-45,gNB_4G_2,-76,0.311296,0,-1,0,62.3335,28
8.5,car_north_peak_003_rider,gNB_4G_1,-48,gNB_4G_2,-68,0.8192,0,-1,0,58.2566,28
8.5,ue_n042_0002,gNB_4G_2,-67,gNB_5G,-77,0.679936,2,0.639928,1,43.66,28
8.5,ue_ujeongwon_0001,gNB_4G_1,-62,gNB_5G,-62,0.393216,0,-1,0,49.7143,28
9.5,ue_n042_0001,gNB_4G_2,-63,gNB_5G,-67,0.278528,2,4.63993,1,32.2321,28
9.5,car_north_peak_001,gNB_4G_1,-46,gNB_4G_2,-77,0.098304,0,-1,0,63.1849,28
9.5,car_north_peak_002_rider,gNB_4G_1,-47,gNB_4G_2,-77,0.319488,0,-1,0,62.797,28
9.5,car_north_peak_003_rider,gNB_4G_1,-46,gNB_4G_2,-71,0.8192,0,-1,0,31.1889,28
9.5,ue_n042_0002,gNB_4G_2,-68,gNB_5G,-68,0.688128,2,1.63993,1,43.5826,28
9.5,ue_ujeongwon_0001,gNB_4G_1,-60,gNB_5G,-66,0.385024,0,-1,0,52.5215,28
10.5,ue_n042_0001,gNB_4G_2,-61,gNB_5G,-70,0.270336,2,5.63993,1,30.6696,28
10.5,car_north_peak_001,gNB_4G_1,-47,gNB_4G_2,-77,0.098304,0,-1,0,36.3045,28
10.5,car_north_peak_002_rider,gNB_4G_1,-50,gNB_5G,-78,0.311296,0,-1,0,56.3416,28
10.5,car_north_peak_003_rider,gNB_4G_1,-44,gNB_4G_2,-77,0.8192,0,-1,0,66.2546,28
10.5,ue_n042_0002,gNB_4G_2,-67,gNB_5G,-70,0.679936,2,2.63993,1,45.7069,28
10.5,ue_ujeongwon_0001,gNB_4G_1,-59,gNB_5G,-79,0.393216,0,-1,0,52.5829,28
11.5,ue_n042_0001,gNB_4G_2,-61,gNB_5G,-67,0.270336,2,6.63993,1,39.7001,28
11.5,car_north_peak_001,gNB_4G_1,-47,gNB_4G_2,-71,0.090112,0,-1,0,66.8531,28
11.5,car_north_peak_002_rider,gNB_4G_1,-47,gNB_5G,-75,0.319488,0,-1,0,32.7349,28
11.5,car_north_peak_003_rider,gNB_4G_1,-44,gNB_4G_2,-77,0.8192,0,-1,0,60.325,28
11.5,ue_n042_0002,gNB_4G_2,-65,gNB_5G,-67,0.679936,2,3.63993,1,31.6237,28
11.5,ue_ujeongwon_0001,gNB_4G_1,-58,gNB_5G,-95,0.393216,0,-1,0,52.8701,28
12.5,ue_n042_0001,gNB_4G_2,-58,gNB_5G,-68,0.278528,2,7.63993,1,35.8392,28
12.5,car_north_peak_001,gNB_4G_1,-44,gNB_4G_2,-63,0.098304,0,-1,0,65.9463,28
12.5,car_north_peak_002_rider,gNB_4G_1,-44,gNB_5G,-77,0.311296,0,-1,0,66.0876,28
12.5,car_north_peak_003_rider,gNB_4G_1,-45,gNB_4G_2,-76,0.8192,0,-1,0,34.6953,28
12.5,ue_n042_0002,gNB_4G_2,-63,gNB_5G,-67,0.688128,2,4.63993,1,48.8249,28
12.5,ue_ujeongwon_0001,gNB_4G_1,-57,gNB_5G,-84,0.385024,0,-1,0,54.9878,28
12.5,car_north_peak_004,gNB_4G_1,-44,gNB_4G_2,-79,0.073728,0,-1,0,63.0385,28
13.5,ue_n042_0001,gNB_4G_2,-55,gNB_5G,-68,0.270336,2,8.63993,1,55.3388,28
13.5,car_north_peak_001,gNB_4G_1,-44,gNB_4G_2,-65,0.098304,0,-1,0,71.2781,28
13.5,car_north_peak_002_rider,gNB_4G_1,-44,gNB_5G,-76,0.319488,0,-1,0,67.7579,28
13.5,car_north_peak_003_rider,gNB_4G_1,-49,gNB_4G_2,-76,0.8192,0,-1,0,61.998,28
13.5,ue_n042_0002,gNB_4G_2,-62,gNB_5G,-68,0.679936,2,5.63993,1,49.634,28
13.5,ue_ujeongwon_0001,gNB_4G_1,-58,gNB_5G,-66,0.393216,0,-1,0,49.76,28
13.5,car_north_peak_004,gNB_4G_1,-44,gNB_4G_2,-78,0.16384,0,-1,0,66.7919,28
14.5,ue_n042_0001,gNB_4G_2,-54,gNB_5G,-66,0.270336,2,9.63993,1,41.6402,28
14.5,car_north_peak_001,gNB_4G_1,-42,gNB_4G_2,-67,0.098304,0,-1,0,66.8562,28
14.5,car_north_peak_002_rider,gNB_4G_1,-44,gNB_4G_2,-68,0.311296,0,-1,0,67.7198,28
14.5,car_north_peak_003_rider,gNB_4G_1,-48,gNB_5G,-76,0.8192,0,-1,0,62.2986,28
14.5,ue_n042_0002,gNB_4G_2,-62,gNB_5G,-67,0.679936,2,6.63993,1,53.8803,28
14.5,ue_ujeongwon_0001,gNB_4G_1,-58,gNB_5G,-68,0.385024,0,-1,0,40.9435,28
14.5,car_north_peak_004,gNB_4G_1,-46,gNB_4G_2,-78,0.155648,0,-1,0,64.5962,28
15.5,ue_n042_0001,gNB_4G_2,-55,gNB_5G,-67,0.278528,2,10.6399,1,38.712,28
15.5,car_north_peak_001,gNB_4G_1,-43,gNB_4G_2,-67,0.098304,0,-1,0,70.347,28
15.5,car_north_peak_002_rider,gNB_4G_1,-43,gNB_4G_2,-64,0.319488,0,-1,0,67.3407,28
15.5,car_north_peak_003_rider,gNB_4G_1,-49,gNB_5G,-74,0.8192,0,-1,0,36.2709,28
15.5,ue_n042_0002,gNB_4G_2,-56,gNB_5G,-66,0.688128,2,7.63993,1,54.5577,28
15.5,ue_ujeongwon_0001,gNB_4G_1,-57,gNB_5G,-85,0.393216,0,-1,0,51.8972,28
15.5,car_north_peak_004,gNB_4G_1,-48,gNB_4G_2,-77,0.16384,0,-1,0,59.8086,28
15.5,car_north_peak_005,gNB_4G_1,-48,gNB_4G_2,-78,0.172032,0,-1,0,64.1281,28
16.5,ue_n042_0001,gNB_4G_2,-57,gNB_5G,-69,0.270336,2,11.6399,1,35.244,28
16.5,car_north_peak_001,gNB_4G_1,-43,gNB_4G_2,-67,0.090112,0,-1,0,66.4125,28
16.5,car_north_peak_002_rider,gNB_4G_1,-41,gNB_4G_2,-64,0.311296,0,-1,0,64.7204,28
16.5,car_north_peak_003_rider,gNB_4G_1,-52,gNB_5G,-76,0.8192,0,-1,0,58.3568,28
16.5,ue_n042_0002,gNB_4G_2,-56,gNB_5G,-68,0.679936,2,8.63993,1,38.9748,28
16.5,ue_ujeongwon_0001,gNB_4G_1,-56,gNB_5G,-78,0.393216,0,-1,0,35.3297,28
16.5,car_north_peak_004,gNB_4G_1,-48,gNB_5G,-77,0.16384,0,-1,0,61.8516,28
16.5,car_north_peak_005,gNB_4G_1,-48,gNB_4G_2,-78,0.4096,0,-1,0,30.5463,28
17.5,ue_n042_0001,gNB_4G_2,-56,gNB_5G,-67,0.270336,2,12.6399,1,35.9408,28
17.5,car_north_peak_001,gNB_4G_1,-38,gNB_4G_2,-77,0.098304,0,-1,0,72.6093,28
17.5,car_north_peak_002_rider,gNB_4G_1,-41,gNB_4G_2,-64,0.319488,0,-1,0,67.9154,28
17.5,car_north_peak_003_rider,gNB_4G_1,-52,gNB_5G,-76,0.8192,0,-1,0,60.9945,28
17.5,ue_n042_0002,gNB_4G_2,-56,gNB_5G,-69,0.679936,2,9.63993,1,50.4148,28
17.5,ue_ujeongwon_0001,gNB_4G_1,-55,gNB_5G,-80,0.385024,0,-1,0,55.6199,28
17.5,car_north_peak_004,gNB_4G_1,-47,gNB_5G,-76,0.155648,0,-1,0,62.2639,28
17.5,car_north_peak_005,gNB_4G_1,-47,gNB_4G_2,-79,0.4096,0,-1,0,61.4039,28
18.5,ue_n042_0001,gNB_4G_2,-58,gNB_5G,-68,0.278528,2,13.6399,1,39.8609,28
18.5,car_north_peak_001,gNB_4G_1,-38,gNB_5G,-79,0.098304,0,-1,0,70.4493,28
18.5,car_north_peak_002_rider,gNB_4G_1,-51,gNB_4G_2,-63,0.311296,0,-1,0,71.4278,28
18.5,car_north_peak_003_rider,gNB_4G_1,-50,gNB_5G,-76,0.8192,0,-1,0,66.0759,28
18.5,ue_n042_0002,gNB_4G_2,-60,gNB_5G,-69,0.688128,2,10.6399,1,52.2982,28
18.5,ue_ujeongwon_0001,gNB_4G_1,-56,gNB_5G,-69,0.393216,0,-1,0,53.6631,28
18.5,car_north_peak_004,gNB_4G_1,-47,gNB_4G_2,-77,0.16384,0,-1,0,63.1555,28
18.5,car_north_peak_005,gNB_4G_1,-47,gNB_4G_2,-79,0.4096,0,-1,0,63.7206,28
19.5,ue_n042_0001,gNB_4G_2,-57,gNB_5G,-73,0.270336,2,14.6399,1,45.3972,28
19.5,car_north_peak_001,gNB_4G_1,-41,gNB_5G,-77,0.098304,0,-1,0,76.8352,28
19.5,car_north_peak_002_rider,gNB_4G_1,-47,gNB_4G_2,-62,0.319488,0,-1,0,72.7984,28
19.5,car_north_peak_003_rider,gNB_4G_1,-45,gNB_4G_2,-67,0.8192,0,-1,0,65.9247,28
19.5,ue_n042_0002,gNB_4G_2,-59,gNB_5G,-69,0.679936,2,11.6399,1,50.3389,28
19.5,ue_ujeongwon_0001,gNB_4G_1,-56,gNB_5G,-69,0.393216,0,-1,0,56.6487,28
19.5,car_north_peak_004,gNB_4G_1,-46,gNB_5G,-78,0.155648,0,-1,0,66.654,28
19.5,car_north_peak_005,gNB_4G_1,-49,gNB_4G_2,-79,0.4096,0,-1,0,38.8437,28
20.5,ue_n042_0001,gNB_4G_2,-56,gNB_5G,-68,0.270336,2,15.6399,1,42.8782,28
20.5,car_north_peak_001,gNB_4G_1,-41,gNB_4G_2,-83,0.090112,0,-1,0,74.2455,28
20.5,car_north_peak_002_rider,gNB_4G_1,-43,gNB_4G_2,-77,0.311296,0,-1,0,63.6306,28
20.5,car_north_peak_003_rider,gNB_4G_1,-44,gNB_4G_2,-62,0.8192,0,-1,0,63.7989,28
20.5,ue_n042_0002,gNB_4G_2,-58,gNB_5G,-66,0.679936,2,12.6399,1,53.7785,28
20.5,ue_ujeongwon_0001,gNB_4G_1,-56,gNB_5G,-69,0.385024,0,-1,0,55.3125,28
20.5,car_north_peak_004,gNB_4G_1,-45,gNB_4G_2,-72,0.16384,0,-1,0,67.7229,28
20.5,car_north_peak_005,gNB_4G_1,-48,gNB_5G,-75,0.4096,0,-1,0,61.1446,28
21.5,ue_n042_0001,gNB_4G_2,-55,gNB_5G,-67,0.278528,2,16.6399,1,43.9266,28
21.5,car_north_peak_001,gNB_4G_1,-40,gNB_4G_2,-83,0.098304,0,-1,0,79.5628,28
21.5,car_north_peak_002_rider,gNB_4G_1,-39,gNB_5G,-78,0.311296,0,-1,0,52.3371,28
21.5,car_north_peak_003_rider,gNB_4G_1,-40,gNB_4G_2,-64,0.8192,0,-1,0,70.6194,28
21.5,ue_n042_0002,gNB_4G_2,-58,gNB_5G,-65,0.688128,2,13.6399,1,52.7271,28
21.5,ue_ujeongwon_0001,gNB_4G_1,-54,gNB_5G,-78,0.393216,0,-1,0,37.0437,28
21.5,car_north_peak_004,gNB_4G_1,-43,gNB_4G_2,-64,0.16384,0,-1,0,67.3388,28
21.5,car_north_peak_005,gNB_4G_1,-51,gNB_5G,-74,0.4096,0,-1,0,58.4049,28
21.5,ue_n043_0001,gNB_5G,-54,gNB_4G_2,-66,0.155648,0,-1,0,57.4431,28
22.5,ue_n042_0001,gNB_4G_2,-55,gNB_5G,-71,0.270336,2,17.6399,1,57.6633,28
22.5,car_north_peak_001,gNB_4G_1,-41,gNB_4G_2,-82,0.098304,0,-1,0,76.2009,28
22.5,car_north_peak_002_rider,gNB_4G_1,-38,gNB_5G,-78,0.319488,0,-1,0,73.9313,28
22.5,car_north_peak_003_rider,gNB_4G_1,-43,gNB_4G_2,-62,0.8192,0,-1,0,71.9258,28
22.5,ue_n042_0002,gNB_4G_2,-57,gNB_5G,-73,0.679936,2,14.6399,1,55.5681,28
22.5,ue_ujeongwon_0001,gNB_4G_1,-56,gNB_5G,-81,0.385024,0,-1,0,58.6884,28
22.5,car_north_peak_004,gNB_4G_1,-41,gNB_4G_2,-64,0.155648,0,-1,0,64.7303,25
22.5,car_north_peak_005,gNB_4G_1,-54,gNB_4G_2,-71,0.4096,0,-1,0,25.6746,25
22.5,ue_n043_0001,gNB_5G,-51,gNB_4G_2,-65,0.360448,0,-1,0,61.5638,28
22.5,ue_n042_0003,gNB_4G_2,-69,gNB_5G,-66,0.16384,0,-1,0,22.9136,28
23.5,ue_n042_0001,gNB_4G_2,-55,gNB_5G,-70,0.270336,2,18.6399,1,40.1658,28
23.5,car_north_peak_001,gNB_4G_1,-38,gNB_5G,-78,0.098304,0,-1,0,77.8925,28
23.5,car_north_peak_002_rider,gNB_4G_1,-38,gNB_5G,-76,0.311296,0,-1,0,73.9456,28
23.5,car_north_peak_003_rider,gNB_4G_1,-44,gNB_4G_2,-67,0.8192,0,-1,0,72.8057,28
23.5,ue_n042_0002,gNB_4G_2,-55,gNB_5G,-68,0.679936,2,15.6399,1,52.9505,28
23.5,ue_ujeongwon_0001,gNB_4G_1,-55,gNB_5G,-79,0.393216,0,-1,0,58.8004,28
23.5,car_north_peak_004,gNB_4G_1,-40,gNB_4G_2,-66,0.16384,0,-1,0,70.3614,28
23.5,car_north_peak_005,gNB_4G_1,-47,gNB_4G_2,-65,0.4096,0,-1,0,62.1169,28
23.5,ue_n043_0001,gNB_5G,-50,gNB_4G_2,-61,0.352256,0,-1,0,58.3592,28
23.5,ue_n042_0003,gNB_4G_2,-68,gNB_5G,-66,0.344064,0,-1,0,43.4068,25
24.5,ue_n042_0001,gNB_4G_2,-57,gNB_5G,-68,0.278528,2,19.6399,1,34.3234,28
24.5,car_north_peak_001,gNB_4G_1,-36,gNB_5G,-73,0.090112,0,-1,0,75.1621,28
24.5,car_north_peak_002_rider,gNB_4G_1,-39,gNB_4G_2,-84,0.319488,0,-1,0,75.5221,28
24.5,car_north_peak_003_rider,gNB_4G_1,-43,gNB_5G,-82,0.8192,0,-1,0,37.6131,28
24.5,ue_n042_0002,gNB_4G_2,-56,gNB_5G,-67,0.688128,2,16.6399,1,55.7327,28
24.5,ue_ujeongwon_0001,gNB_4G_1,-53,gNB_5G,-72,0.393216,0,-1,0,59.3769,28
24.5,car_north_peak_004,gNB_4G_1,-42,gNB_4G_2,-63,0.16384,0,-1,0,71.5632,28
24.5,car_north_peak_005,gNB_4G_1,-40,gNB_4G_2,-67,0.4096,0,-1,0,65.8343,28
24.5,ue_n043_0001,gNB_5G,-51,gNB_4G_2,-58,0.360448,0,-1,0,58.5126,28
24.5,ue_n042_0003,gNB_5G,-64,gNB_4G_2,-67,0.344064,1,0.439928,0,45.1642,28
25.5,ue_n042_0001,gNB_4G_2,-56,gNB_5G,-70,0.270336,2,20.6399,1,37.0024,28
25.5,car_north_peak_001,gNB_4G_1,-36,gNB_5G,-70,0.098304,0,-1,0,78.1233,28
25.5,car_north_peak_002_rider,gNB_4G_1,-38,gNB_4G_2,-83,0.311296,0,-1,0,79.5665,28
25.5,car_north_peak_003_rider,gNB_4G_1,-39,gNB_5G,-77,0.8192,0,-1,0,72.3359,28
25.5,ue_n042_0002,gNB_4G_2,-56,gNB_5G,-71,0.679936,2,17.6399,1,51.9178,28
25.5,ue_ujeongwon_0001,gNB_4G_1,-52,gNB_5G,-64,0.385024,0,-1,0,37.0636,27
25.5,car_north_peak_004,gNB_4G_1,-42,gNB_4G_2,-63,0.155648,0,-1,0,70.6762,28
25.5,car_north_peak_005,gNB_4G_1,-40,gNB_4G_2,-68,0.4096,0,-1,0,67.5542,28
25.5,ue_n043_0001,gNB_5G,-49,gNB_4G_2,-57,0.352256,0,-1,0,61.8991,28
25.5,ue_n042_0003,gNB_5G,-67,gNB_4G_2,-66,0.335872,1,1.43993,0,32.9185,28
25.5,ue_n001_0001,gNB_4G_1,-51,gNB_5G,-81,0.253952,0,-1,0,59.2514,28
26.5,ue_n042_0001,gNB_4G_2,-56,gNB_5G,-70,0.270336,2,21.6399,1,37.0607,28
26.5,car_north_peak_001,gNB_4G_1,-35,gNB_5G,-66,0.098304,0,-1,0,75.8689,28
26.5,car_north_peak_002_rider,gNB_4G_1,-40,gNB_4G_2,-82,0.319488,0,-1,0,76.2015,28
26.5,car_north_peak_003_rider,gNB_4G_1,-38,gNB_5G,-78,0.8192,0,-1,0,70.4383,28
26.5,ue_n042_0002,gNB_4G_2,-55,gNB_5G,-71,0.679936,2,18.6399,1,56.259,28
26.5,ue_ujeongwon_0001,gNB_4G_1,-49,gNB_5G,-71,0.393216,0,-1,0,35.8948,28
26.5,car_north_peak_004,gNB_4G_1,-41,gNB_4G_2,-72,0.16384,0,-1,0,66.4455,28
26.5,car_north_peak_005,gNB_4G_1,-45,gNB_4G_2,-63,0.4096,0,-1,0,68.887,27
26.5,ue_n043_0001,gNB_5G,-49,gNB_4G_2,-57,0.352256,0,-1,0,59.7991,28
26.5,ue_n042_0003,gNB_4G_2,-67,gNB_5G,-77,0.344064,2,0.639928,1,30.2845,28
26.5,ue_n001_0001,gNB_4G_1,-49,gNB_4G_2,-80,0.581632,0,-1,0,67.5891,28
27.5,ue_n042_0001,gNB_4G_2,-55,gNB_5G,-70,0.278528,2,22.6399,1,46.1412,28
27.5,car_north_peak_001,gNB_4G_1,-37,gNB_5G,-70,0.098304,0,-1,0,73.9124,28
27.5,car_north_peak_002_rider,gNB_4G_1,-38,gNB_5G,-78,0.311296,0,-1,0,77.8981,28
27.5,car_north_peak_003_rider,gNB_4G_1,-42,gNB_5G,-77,0.8192,0,-1,0,61.541,28
27.5,ue_n042_0002,gNB_4G_2,-57,gNB_5G,-68,0.688128,2,19.6399,1,53.7486,28
27.5,ue_ujeongwon_0001,gNB_4G_1,-52,gNB_5G,-75,0.385024,0,-1,0,33.3368,28
27.5,car_north_peak_004,gNB_4G_1,-38,gNB_5G,-80,0.155648,0,-1,0,69.6891,28
27.5,car_north_peak_005,gNB_4G_1,-41,gNB_4G_2,-61,0.4096,0,-1,0,67.6481,24
27.5,ue_n043_0001,gNB_5G,-50,gNB_4G_2,-53,0.360448,0,-1,0,59.2777,28
27.5,ue_n042_0003,gNB_4G_2,-65,gNB_5G,-70,0.335872,2,1.63993,1,26.6355,28
27.5,ue_n001_0001,gNB_4G_1,-45,gNB_4G_2,-80,0.589824,0,-1,0,61.5403,28
28.5,ue_n042_0001,gNB_4G_2,-54,gNB_5G,-69,0.270336,2,23.6399,1,57.9856,28
28.5,car_north_peak_001,gNB_4G_1,-38,gNB_5G,-71,0.090112,0,-1,0,74.0457,28
28.5,car_north_peak_002_rider,gNB_4G_1,-36,gNB_5G,-73,0.319488,0,-1,0,58.0989,28
28.5,car_north_peak_003_rider,gNB_4G_1,-40,gNB_4G_2,-83,0.8192,0,-1,0,78.0682,28
28.5,ue_n042_0002,gNB_4G_2,-55,gNB_5G,-70,0.679936,2,20.6399,1,38.771,28
28.5,ue_ujeongwon_0001,gNB_4G_1,-51,gNB_5G,-76,0.393216,0,-1,0,59.0121,28
28.5,car_north_peak_004,gNB_4G_1,-38,gNB_5G,-76,0.16384,0,-1,0,76.1717,28
28.5,car_north_peak_005,gNB_4G_1,-41,gNB_4G_2,-61,0.4096,0,-1,0,49.4516,28
28.5,ue_n043_0001,gNB_5G,-50,gNB_4G_2,-54,0.352256,0,-1,0,54.4914,28
28.5,ue_n042_0003,gNB_4G_2,-66,gNB_5G,-67,0.344064,2,2.63993,1,45.7411,28
28.5,ue_n001_0001,gNB_4G_1,-44,gNB_5G,-78,0.581632,0,-1,0,64.62,28
29.5,ue_n042_0001,gNB_4G_2,-53,gNB_5G,-68,0.270336,2,24.6399,1,45.7785,28
29.5,car_north_peak_001,gNB_4G_1,-35,gNB_4G_2,-81,0.098304,0,-1,0,71.7076,28
29.5,car_north_peak_002_rider,gNB_4G_1,-38,gNB_5G,-69,0.311296,0,-1,0,75.9523,28
29.5,car_north_peak_003_rider,gNB_4G_1,-39,gNB_4G_2,-82,0.8192,0,-1,0,71.7476,28
29.5,ue_n042_0002,gNB_4G_2,-55,gNB_5G,-70,0.679936,2,21.6399,1,55.4617,28
29.5,ue_ujeongwon_0001,gNB_4G_1,-45,gNB_4G_2,-78,0.393216,0,-1,0,66.8636,28
29.5,car_north_peak_004,gNB_4G_1,-44,gNB_5G,-77,0.16384,0,-1,0,75.4661,28
29.5,car_north_peak_005,gNB_4G_1,-42,gNB_4G_2,-73,0.4096,0,-1,0,72.8048,28
29.5,ue_n043_0001,gNB_5G,-51,gNB_4G_2,-55,0.360448,0,-1,0,52.4782,28
29.5,ue_n042_0003,gNB_4G_2,-65,gNB_5G,-67,0.344064,2,3.63993,1,46.7404,28
29.5,ue_n001_0001,gNB_4G_1,-45,gNB_5G,-74,0.589824,0,-1,0,64.4549,28
30.5,ue_n042_0001,gNB_4G_2,-52,gNB_5G,-68,0.278528,2,25.6399,1,42.8367,28
30.5,car_north_peak_001,gNB_4G_1,-37,gNB_4G_2,-83,0.098304,0,-1,0,72.8959,28
30.5,car_north_peak_002_rider,gNB_4G_1,-35,gNB_5G,-65,0.319488,0,-1,0,77.081,28
30.5,car_north_peak_003_rider,gNB_4G_1,-36,gNB_4G_2,-83,0.8192,0,-1,0,55.0295,28
30.5,ue_n042_0002,gNB_4G_2,-55,gNB_5G,-70,0.688128,2,22.6399,1,58.7009,28
30.5,ue_ujeongwon_0001,gNB_4G_1,-47,gNB_4G_2,-79,0.385024,0,-1,0,65.3604,28
30.5,car_north_peak_004,gNB_4G_1,-39,gNB_4G_2,-83,0.155648,0,-1,0,74.7735,28
30.5,car_north_peak_005,gNB_4G_1,-40,gNB_5G,-76,0.4096,0,-1,0,72.786,28
30.5,ue_n043_0001,gNB_5G,-53,gNB_4G_2,-55,0.352256,0,-1,0,56.6745,28
30.5,ue_n042_0003,gNB_4G_2,-63,gNB_5G,-67,0.344064,2,4.63993,1,49.5484,28
30.5,ue_n001_0001,gNB_4G_1,-50,gNB_5G,-74,0.581632,0,-1,0,60.4304,28
31.5,ue_n042_0001,gNB_4G_2,-53,gNB_5G,-65,0.270336,2,26.6399,1,58.8632,28
31.5,car_north_peak_001,gNB_4G_1,-37,gNB_4G_2,-81,0.098304,0,-1,0,69.4735,28
31.5,car_north_peak_002_rider,gNB_4G_1,-39,gNB_5G,-68,0.311296,0,-1,0,76.0193,28
31.5,car_north_peak_003_rider,gNB_4G_1,-37,gNB_5G,-67,0.8192,0,-1,0,78.0003,28
31.5,ue_n042_0002,gNB_4G_2,-52,gNB_5G,-71,0.679936,2,23.6399,1,57.9456,28
31.5,ue_ujeongwon_0001,gNB_4G_1,-52,gNB_4G_2,-84,0.393216,0,-1,0,69.0095,28
31.5,car_north_peak_004,gNB_4G_1,-40,gNB_4G_2,-84,0.16384,0,-1,0,74.7225,28
31.5,car_north_peak_005,gNB_4G_1,-40,gNB_5G,-76,0.4096,0,-1,0,49.8131,28
31.5,ue_n043_0001,gNB_5G,-49,gNB_4G_2,-54,0.360448,0,-1,0,58.5791,28
31.5,ue_n042_0003,gNB_4G_2,-61,gNB_5G,-70,0.335872,2,5.63993,1,30.1563,27
31.5,ue_n001_0001,gNB_4G_1,-51,gNB_5G,-76,0.589824,0,-1,0,69.0082,28
32.5,ue_n042_0001,gNB_4G_2,-52,gNB_5G,-65,0.270336,2,27.6399,1,46.4352,28
32.5,car_north_peak_001,gNB_4G_1,-43,gNB_4G_2,-84,0.098304,0,-1,0,72.1795,28
32.5,car_north_peak_002_rider,gNB_4G_1,-36,gNB_5G,-65,0.319488,0,-1,0,76.1611,28
32.5,car_north_peak_003_rider,gNB_4G_1,-40,gNB_5G,-66,0.8192,0,-1,0,74.2634,28
32.5,ue_n042_0002,gNB_4G_2,-52,gNB_5G,-69,0.679936,2,24.6399,1,58.6017,28
32.5,ue_ujeongwon_0001,gNB_4G_1,-43,gNB_4G_2,-88,0.393216,0,-1,0,64.0957,28
32.5,car_north_peak_004,gNB_4G_1,-39,gNB_4G_2,-83,0.155648,0,-1,0,75.4057,28
32.5,car_north_peak_005,gNB_4G_1,-39,gNB_5G,-77,0.4096,0,-1,0,73.9401,28
32.5,ue_n043_0001,gNB_5G,-48,gNB_4G_2,-54,0.352256,0,-1,0,58.7236,28
32.5,ue_n042_0003,gNB_4G_2,-61,gNB_5G,-67,0.344064,2,6.63993,1,48.2583,28
32.5,ue_n001_0001,gNB_4G_1,-43,gNB_5G,-78,0.581632,0,-1,0,62.3548,28
32.5,ue_n001_0002,gNB_4G_1,-41,gNB_5G,-71,0.303104,0,-1,0,70.4522,28
32.5,ue_ujeongwon_0002,gNB_4G_1,-60,gNB_5G,-62,0.385024,0,-1,0,49.4254,28
33.5,ue_n042_0001,gNB_4G_2,-52,gNB_5G,-66,0.278528,2,28.6399,1,42.1938,28
33.5,car_north_peak_001,gNB_4G_1,-39,gNB_4G_2,-94,0.090112,0,-1,0,69.9574,28
33.5,car_north_peak_002_rider,gNB_4G_1,-38,gNB_5G,-66,0.311296,0,-1,0,73.7498,28
33.5,car_north_peak_003_rider,gNB_4G_1,-36,gNB_5G,-76,0.8192,0,-1,0,73.7129,28
33.5,ue_n042_0002,gNB_4G_2,-52,gNB_5G,-67,0.688128,2,25.6399,1,56.968,28
33.5,ue_ujeongwon_0001,gNB_4G_1,-46,gNB_4G_2,-85,0.385024,0,-1,0,67.9652,28
33.5,car_north_peak_004,gNB_4G_1,-38,gNB_4G_2,-83,0.16384,0,-1,0,76.7113,28
33.5,car_north_peak_005,gNB_4G_1,-39,gNB_4G_2,-84,0.4096,0,-1,0,74.2468,28
33.5,ue_n043_0001,gNB_5G,-47,gNB_4G_2,-55,0.360448,0,-1,0,64.1874,28
33.5,ue_n042_0003,gNB_4G_2,-60,gNB_5G,-68,0.344064,2,7.63993,1,54.6036,28
33.5,ue_n001_0001,gNB_4G_1,-44,gNB_5G,-76,0.581632,0,-1,0,40.4588,28
33.5,ue_n001_0002,gNB_4G_1,-42,gNB_5G,-71,0.630784,0,-1,0,62.9897,28
33.5,ue_ujeongwon_0002,gNB_4G_1,-62,gNB_5G,-62,0.8192,0,-1,0,45.0089,28
34.5,ue_n042_0001,gNB_4G_2,-54,gNB_5G,-66,0.270336,2,29.6399,1,49.0719,28
34.5,car_north_peak_001,gNB_4G_1,-41,gNB_4G_2,-96,0.098304,0,-1,0,66.3602,28
34.5,car_north_peak_002_rider,gNB_4G_1,-38,gNB_4G_2,-83,0.311296,0,-1,0,73.9222,28
34.5,car_north_peak_003_rider,gNB_4G_1,-35,gNB_5G,-67,0.8192,0,-1,0,78.123,28
34.5,ue_n042_0002,gNB_4G_2,-53,gNB_5G,-64,0.679936,2,26.6399,1,39.7755,28
34.5,ue_ujeongwon_0001,gNB_4G_1,-47,gNB_4G_2,-89,0.393216,0,-1,0,70.0935,28
34.5,car_north_peak_004,gNB_4G_1,-39,gNB_5G,-70,0.16384,0,-1,0,77.9007,28
34.5,car_north_peak_005,gNB_4G_1,-40,gNB_4G_2,-83,0.4096,0,-1,0,49.5327,28
34.5,ue_n043_0001,gNB_5G,-47,gNB_4G_2,-55,0.352256,0,-1,0,58.6694,28
34.5,ue_n042_0003,gNB_4G_2,-55,gNB_5G,-68,0.335872,2,8.63993,1,42.4147,28
34.5,ue_n001_0001,gNB_4G_1,-47,gNB_5G,-76,0.589824,0,-1,0,45.0414,28
34.5,ue_n001_0002,gNB_4G_1,-48,gNB_5G,-75,0.630784,0,-1,0,64.6869,28
34.5,ue_ujeongwon_0002,gNB_4G_1,-60,gNB_5G,-63,0.8192,0,-1,0,52.5216,28
34.5,ue_ujeongwon_0003,gNB_4G_1,-56,gNB_4G_2,-76,0.16384,0,-1,0,32.2568,28
35.5,ue_n042_0001,gNB_4G_2,-54,gNB_5G,-67,0.270336,2,30.6399,1,33.1647,28
35.5,car_north_peak_001,gNB_4G_1,-43,gNB_4G_2,-71,0.098304,0,-1,0,64.6257,28
35.5,car_north_peak_002_rider,gNB_4G_1,-37,gNB_4G_2,-80,0.319488,0,-1,0,72.4673,28
35.5,car_north_peak_003_rider,gNB_4G_1,-35,gNB_5G,-65,0.8192,0,-1,0,75.9002,28
35.5,ue_n042_0002,gNB_4G_2,-52,gNB_5G,-65,0.679936,2,27.6399,1,60.168,28
35.5,ue_ujeongwon_0001,gNB_4G_1,-42,gNB_4G_2,-81,0.385024,0,-1,0,39.5108,28
35.5,car_north_peak_004,gNB_4G_1,-36,gNB_5G,-71,0.155648,0,-1,0,78.6806,28
35.5,car_north_peak_005,gNB_4G_1,-35,gNB_4G_2,-83,0.4096,0,-1,0,74.7034,28
35.5,ue_n043_0001,gNB_5G,-47,gNB_4G_2,-55,0.360448,0,-1,0,55.8298,28
35.5,ue_n042_0003,gNB_4G_2,-55,gNB_5G,-67,0.344064,2,9.63993,1,31.1025,28
35.5,ue_n001_0001,gNB_4G_1,-46,gNB_4G_2,-80,0.581632,0,-1,0,69.2835,28
35.5,ue_n001_0002,gNB_4G_1,-49,gNB_4G_2,-79,0.622592,0,-1,0,63.1222,28
35.5,ue_ujeongwon_0002,gNB_4G_1,-58,gNB_5G,-76,0.8192,0,-1,0,52.8318,28
35.5,ue_ujeongwon_0003,gNB_4G_1,-54,gNB_4G_2,-76,0.344064,0,-1,0,57.2081,28
35.5,ue_n001_0003,gNB_4G_1,-46,gNB_5G,-75,0.237568,0,-1,0,64.6717,28
36.5,ue_n042_0001,gNB_4G_2,-56,gNB_5G,-67,0.278528,2,31.6399,1,48.8045,28
36.5,car_north_peak_001,gNB_4G_1,-43,gNB_4G_2,-68,0.098304,0,-1,0,68.2584,28
36.5,car_north_peak_002_rider,gNB_4G_1,-38,gNB_4G_2,-80,0.311296,0,-1,0,69.8796,28
36.5,car_north_peak_003_rider,gNB_4G_1,-37,gNB_5G,-70,0.8192,0,-1,0,76.8398,28
36.5,ue_n042_0002,gNB_4G_2,-54,gNB_5G,-66,0.688128,2,28.6399,1,56.4602,28
36.5,ue_ujeongwon_0001,gNB_4G_1,-51,gNB_4G_2,-87,0.393216,0,-1,0,52.4892,28
36.5,car_north_peak_004,gNB_4G_1,-38,gNB_5G,-69,0.16384,0,-1,0,76.2233,28
36.5,car_north_peak_005,gNB_4G_1,-36,gNB_5G,-69,0.4096,0,-1,0,77.9819,28
36.5,ue_n043_0001,gNB_5G,-47,gNB_4G_2,-56,0.352256,0,-1,0,62.7096,28
36.5,ue_n042_0003,gNB_4G_2,-55,gNB_5G,-66,0.344064,2,10.6399,1,33.1908,28
36.5,ue_n001_0001,gNB_4G_1,-44,gNB_5G,-80,0.589824,0,-1,0,67.1242,28
36.5,ue_n001_0002,gNB_4G_1,-49,gNB_5G,-77,0.630784,0,-1,0,65.5183,28
36.5,ue_ujeongwon_0002,gNB_4G_1,-58,gNB_5G,-93,0.8192,0,-1,0,52.8702,28
36.5,ue_ujeongwon_0003,gNB_4G_1,-55,gNB_5G,-76,0.335872,0,-1,0,19.5616,24
36.5,ue_n001_0003,gNB_4G_1,-47,gNB_5G,-75,0.540672,0,-1,0,63.9586,28
36.5,car_north_base_001_rider,gNB_4G_1,-46,gNB_4G_2,-68,0.385024,0,-1,0,60.5802,28
37.5,ue_n042_0001,gNB_4G_2,-55,gNB_5G,-69,0.270336,2,32.6399,1,48.5456,28
37.5,car_north_peak_001,gNB_4G_1,-41,gNB_4G_2,-66,0.090112,0,-1,0,67.4743,28
37.5,car_north_peak_002_rider,gNB_4G_1,-41,gNB_4G_2,-86,0.319488,0,-1,0,66.4828,28
37.5,car_north_peak_003_rider,gNB_4G_1,-39,gNB_5G,-69,0.8192,0,-1,0,74.6599,28
37.5,ue_n042_0002,gNB_4G_2,-54,gNB_5G,-66,0.679936,2,29.6399,1,45.7529,28
37.5,ue_ujeongwon_0001,gNB_4G_1,-53,gNB_4G_2,-86,0.393216,0,-1,0,49.9059,28
37.5,car_north_peak_004,gNB_4G_1,-41,gNB_5G,-66,0.155648,0,-1,0,77.3221,28
37.5,car_north_peak_005,gNB_4G_1,-40,gNB_5G,-66,0.4096,0,-1,0,69.5627,28
37.5,ue_n043_0001,gNB_5G,-47,gNB_4G_2,-55,0.360448,0,-1,0,56.4045,28
37.5,ue_n042_0003,gNB_4G_2,-57,gNB_5G,-69,0.335872,2,11.6399,1,41.196,28
37.5,ue_n001_0001,gNB_4G_1,-43,gNB_4G_2,-79,0.581632,0,-1,0,67.4574,28
37.5,ue_n001_0002,gNB_4G_1,-47,gNB_4G_2,-79,0.630784,0,-1,0,63.0221,28
37.5,ue_ujeongwon_0002,gNB_4G_1,-57,gNB_5G,-87,0.8192,0,-1,0,54.9869,28
37.5,ue_ujeongwon_0003,gNB_4G_1,-55,gNB_4G_2,-75,0.344064,0,-1,0,30.0126,28
37.5,ue_n001_0003,gNB_4G_1,-47,gNB_5G,-72,0.548864,0,-1,0,59.9492,28
37.5,car_north_base_001_rider,gNB_4G_1,-45,gNB_4G_2,-69,0.8192,0,-1,0,63.0369,28
38.5,ue_n042_0001,gNB_4G_2,-53,gNB_5G,-72,0.270336,2,33.6399,1,40.72,28
38.5,car_north_peak_001,gNB_4G_1,-42,gNB_5G,-69,0.098304,0,-1,0,57.2417,28
38.5,car_north_peak_002_rider,gNB_4G_1,-40,gNB_4G_2,-97,0.311296,0,-1,0,58.7427,28
38.5,car_north_peak_003_rider,gNB_4G_1,-36,gNB_5G,-66,0.8192,0,-1,0,73.8044,28
38.5,ue_n042_0002,gNB_4G_2,-54,gNB_5G,-67,0.679936,2,30.6399,1,54.681,28
38.5,ue_ujeongwon_0001,gNB_4G_1,-41,gNB_4G_2,-90,0.385024,0,-1,0,56.9837,28
38.5,car_north_peak_004,gNB_4G_1,-36,gNB_5G,-68,0.16384,0,-1,0,78.0631,28
38.5,car_north_peak_005,gNB_4G_1,-37,gNB_5G,-74,0.4096,0,-1,0,73.7742,28
38.5,ue_n043_0001,gNB_5G,-51,gNB_4G_2,-54,0.352256,0,-1,0,62.0709,28
38.5,ue_n042_0003,gNB_4G_2,-56,gNB_5G,-67,0.344064,2,12.6399,1,35.6212,28
38.5,ue_n001_0001,gNB_4G_1,-43,gNB_4G_2,-79,0.589824,0,-1,0,62.6802,28
38.5,ue_n001_0002,gNB_4G_1,-47,gNB_5G,-79,0.630784,0,-1,0,64.0254,28
38.5,ue_ujeongwon_0002,gNB_4G_1,-57,gNB_5G,-66,0.8192,0,-1,0,49.7548,28
38.5,ue_ujeongwon_0003,gNB_4G_1,-55,gNB_5G,-76,0.344064,0,-1,0,29.2252,27
38.5,ue_n001_0003,gNB_4G_1,-46,gNB_5G,-72,0.548864,0,-1,0,61.0187,28
38.5,car_north_base_001_rider,gNB_4G_1,-44,gNB_4G_2,-76,0.8192,0,-1,0,62.8423,28
38.5,car_north_base_002_rider,gNB_4G_1,-46,gNB_4G_2,-68,0.385024,0,-1,0,60.5802,28
39.5,ue_n042_0001,gNB_4G_2,-56,gNB_5G,-67,0.278528,2,34.6399,1,44.8588,28
39.5,car_north_peak_001,gNB_4G_1,-46,gNB_5G,-67,0.098304,0,-1,0,53.8825,28
39.5,car_north_peak_002_rider,gNB_4G_1,-41,gNB_5G,-90,0.319488,0,-1,0,69.3096,28
39.5,car_north_peak_003_rider,gNB_4G_1,-38,gNB_4G_2,-85,0.8192,0,-1,0,72.0598,28
39.5,ue_n042_0002,gNB_4G_2,-54,gNB_5G,-69,0.688128,2,31.6399,1,57.1255,28
39.5,ue_ujeongwon_0001,gNB_4G_1,-42,gNB_5G,-68,0.393216,0,-1,0,71.1732,28
39.5,car_north_peak_004,gNB_4G_1,-37,gNB_5G,-64,0.16384,0,-1,0,74.9405,28
39.5,car_north_peak_005,gNB_4G_1,-36,gNB_5G,-68,0.4096,0,-1,0,78.0845,28
39.5,ue_n043_0001,gNB_5G,-50,gNB_4G_2,-57,0.360448,0,-1,0,64.7239,28
39.5,ue_n042_0003,gNB_4G_2,-58,gNB_5G,-67,0.344064,2,13.6399,1,36.4265,28
39.5,ue_n001_0001,gNB_4G_1,-46,gNB_4G_2,-79,0.581632,0,-1,0,69.0886,28
39.5,ue_n001_0002,gNB_4G_1,-46,gNB_5G,-74,0.630784,0,-1,0,67.8675,28
39.5,ue_ujeongwon_0002,gNB_4G_1,-59,gNB_5G,-66,0.8192,0,-1,0,55.0226,28
39.5,ue_ujeongwon_0003,gNB_4G_1,-55,gNB_4G_2,-78,0.335872,0,-1,0,19.401,22
39.5,ue_n001_0003,gNB_4G_1,-50,gNB_4G_2,-77,0.540672,0,-1,0,63.1722,28
39.5,car_north_base_001_rider,gNB_4G_1,-45,gNB_4G_2,-77,0.8192,0,-1,0,64.6,28
39.5,car_north_base_002_rider,gNB_4G_1,-46,gNB_4G_2,-68,0.8192,0,-1,0,60.5802,28
40.5,ue_n042_0001,gNB_4G_2,-55,gNB_5G,-68,0.270336,2,35.6399,1,44.4676,28
40.5,car_north_peak_001,gNB_4G_1,-46,gNB_5G,-64,0.098304,0,-1,0,63.0324,28
40.5,car_north_peak_002_rider,gNB_4G_1,-40,gNB_4G_2,-73,0.311296,0,-1,0,63.8426,28
40.5,car_north_peak_003_rider,gNB_4G_1,-39,gNB_4G_2,-86,0.8192,0,-1,0,71.2353,28
40.5,ue_n042_0002,gNB_4G_2,-54,gNB_5G,-70,0.679936,2,32.6399,1,55.4589,28
40.5,ue_ujeongwon_0001,gNB_4G_1,-39,gNB_5G,-72,0.393216,0,-1,0,73.6885,28
40.5,car_north_peak_004,gNB_4G_1,-36,gNB_5G,-65,0.155648,0,-1,0,74.0039,28
40.5,car_north_peak_005,gNB_4G_1,-35,gNB_5G,-65,0.4096,0,-1,0,75.87,28
40.5,ue_n043_0001,gNB_5G,-47,gNB_4G_2,-53,0.352256,0,-1,0,63.2175,28
40.5,ue_n042_0003,gNB_4G_2,-58,gNB_5G,-75,0.335872,2,14.6399,1,43.5199,28
40.5,ue_n001_0001,gNB_4G_1,-44,gNB_4G_2,-81,0.581632,0,-1,0,69.178,28
40.5,ue_n001_0002,gNB_4G_1,-47,gNB_5G,-69,0.630784,0,-1,0,62.0014,28
40.5,ue_ujeongwon_0002,gNB_4G_1,-57,gNB_5G,-88,0.8192,0,-1,0,51.8944,28
40.5,ue_ujeongwon_0003,gNB_4G_1,-55,gNB_4G_2,-79,0.344064,0,-1,0,57.6837,28
40.5,ue_n001_0003,gNB_4G_1,-47,gNB_5G,-74,0.548864,0,-1,0,63.2506,28
40.5,car_north_base_001_rider,gNB_4G_1,-48,gNB_4G_2,-77,0.8192,0,-1,0,58.7495,28
40.5,car_north_base_002_rider,gNB_4G_1,-45,gNB_4G_2,-69,0.8192,0,-1,0,63.037,28
41.5,ue_n042_0001,gNB_4G_2,-57,gNB_5G,-67,0.270336,2,36.6399,1,39.1263,28
41.5,car_north_peak_001,gNB_4G_1,-46,gNB_5G,-64,0.090112,0,-1,0,66.7753,28
41.5,car_north_peak_002_rider,gNB_4G_1,-41,gNB_4G_2,-66,0.319488,0,-1,0,61.1821,28
41.5,car_north_peak_003_rider,gNB_4G_1,-40,gNB_4G_2,-83,0.8192,0,-1,0,72.7471,28
41.5,ue_n042_0002,gNB_4G_2,-56,gNB_5G,-67,0.679936,2,33.6399,1,51.4722,28
41.5,ue_ujeongwon_0001,gNB_4G_1,-37,gNB_4G_2,-81,0.385024,0,-1,0,73.7231,28
41.5,car_north_peak_004,gNB_4G_1,-35,gNB_4G_2,-81,0.16384,0,-1,0,73.8385,28
41.5,car_north_peak_005,gNB_4G_1,-37,gNB_5G,-70,0.4096,0,-1,0,76.8273,27
41.5,ue_n043_0001,gNB_5G,-47,gNB_4G_2,-56,0.360448,0,-1,0,56.8006,28
41.5,ue_n042_0003,gNB_4G_2,-57,gNB_5G,-68,0.344064,2,15.6399,1,33.7253,27
41.5,ue_n001_0001,gNB_4G_1,-47,gNB_4G_2,-80,0.589824,0,-1,0,66.645,28
41.5,ue_n001_0002,gNB_4G_1,-45,gNB_5G,-69,0.630784,0,-1,0,60.6597,28
41.5,ue_ujeongwon_0002,gNB_4G_1,-58,gNB_5G,-72,0.8192,0,-1,0,53.5471,28
41.5,ue_ujeongwon_0003,gNB_4G_1,-54,gNB_4G_2,-79,0.344064,0,-1,0,57.1775,28
41.5,ue_n001_0003,gNB_4G_1,-48,gNB_4G_2,-77,0.548864,0,-1,0,62.2021,28
41.5,car_north_base_001_rider,gNB_4G_1,-50,gNB_4G_2,-76,0.8192,0,-1,0,64.0913,28
41.5,car_north_base_002_rider,gNB_4G_1,-44,gNB_4G_2,-77,0.8192,0,-1,0,62.8419,28
42.5,ue_n042_0001,gNB_4G_2,-57,gNB_5G,-68,0.278528,2,37.6399,1,43.4974,28
42.5,car_north_peak_001,gNB_4G_1,-46,gNB_5G,-63,0.098304,0,-1,0,57.5738,28
42.5,car_north_peak_002_rider,gNB_4G_1,-44,gNB_4G_2,-67,0.311296,0,-1,0,66.3404,28
42.5,car_north_peak_003_rider,gNB_4G_1,-38,gNB_4G_2,-84,0.8192,0,-1,0,69.7743,28
42.5,ue_n042_0002,gNB_4G_2,-57,gNB_5G,-71,0.688128,2,34.6399,1,55.6233,28
42.5,ue_ujeongwon_0001,gNB_4G_1,-41,gNB_5G,-79,0.393216,0,-1,0,63.7022,28
42.5,car_north_peak_004,gNB_4G_1,-39,gNB_4G_2,-81,0.155648,0,-1,0,72.5865,28
42.5,car_north_peak_005,gNB_4G_1,-39,gNB_5G,-69,0.4096,0,-1,0,74.5952,28
42.5,ue_n043_0001,gNB_4G_2,-53,gNB_5G,-55,0.352256,1,0.439928,0,56.6787,28
42.5,ue_n042_0003,gNB_4G_2,-56,gNB_5G,-67,0.344064,2,16.6399,1,40.1489,28
42.5,ue_n001_0001,gNB_4G_1,-42,gNB_4G_2,-80,0.581632,0,-1,0,68.4692,28
42.5,ue_n001_0002,gNB_4G_1,-44,gNB_5G,-70,0.630784,0,-1,0,68.6654,28
42.5,ue_ujeongwon_0002,gNB_4G_1,-56,gNB_5G,-74,0.8192,0,-1,0,55.6195,28
42.5,ue_ujeongwon_0003,gNB_4G_1,-53,gNB_4G_2,-78,0.335872,0,-1,0,22.2028,27
42.5,ue_n001_0003,gNB_4G_1,-49,gNB_4G_2,-77,0.540672,0,-1,0,58.7707,28
42.5,car_north_base_001_rider,gNB_4G_1,-47,gNB_5G,-73,0.8192,0,-1,0,61.4069,28
42.5,car_north_base_002_rider,gNB_4G_1,-45,gNB_4G_2,-77,0.8192,0,-1,0,64.5997,28
42.5,ue_n043_0002,gNB_5G,-51,gNB_4G_2,-60,0.065536,0,-1,0,47.8069,28
43.5,ue_n042_0001,gNB_4G_2,-56,gNB_5G,-70,0.270336,2,38.6399,1,42.9341,28
43.5,car_north_peak_001,gNB_4G_1,-48,gNB_5G,-56,0.098304,0,-1,0,57.5375,28
43.5,car_north_peak_002_rider,gNB_4G_1,-43,gNB_5G,-67,0.319488,0,-1,0,57.2416,28
43.5,car_north_peak_003_rider,gNB_4G_1,-41,gNB_4G_2,-93,0.8192,0,-1,0,66.8971,28
43.5,ue_n042_0002,gNB_4G_2,-55,gNB_5G,-68,0.679936,2,35.6399,1,33.5455,28
43.5,ue_ujeongwon_0001,gNB_4G_1,-36,gNB_4G_2,-76,0.385024,0,-1,0,56.3502,28
43.5,car_north_peak_004,gNB_4G_1,-39,gNB_4G_2,-83,0.16384,0,-1,0,72.7431,28
43.5,car_north_peak_005,gNB_4G_1,-36,gNB_5G,-66,0.4096,0,-1,0,73.7369,28
43.5,ue_n043_0001,gNB_5G,-48,gNB_4G_2,-54,0.344064,2,0.639928,1,65.2927,28
43.5,ue_n042_0003,gNB_4G_2,-55,gNB_5G,-70,0.335872,2,17.6399,1,43.8129,28
43.5,ue_n001_0001,gNB_4G_1,-42,gNB_4G_2,-66,0.589824,0,-1,0,63.2964,28
43.5,ue_n001_0002,gNB_4G_1,-42,gNB_5G,-71,0.630784,0,-1,0,36.5121,28
43.5,ue_ujeongwon_0002,gNB_4G_1,-56,gNB_5G,-71,0.8192,0,-1,0,53.6618,28
43.5,ue_ujeongwon_0003,gNB_4G_1,-53,gNB_4G_2,-78,0.344064,0,-1,0,57.6946,28
43.5,ue_n001_0003,gNB_4G_1,-50,gNB_4G_2,-76,0.548864,0,-1,0,66.9351,28
43.5,car_north_base_001_rider,gNB_4G_1,-49,gNB_5G,-74,0.8192,0,-1,0,62.1307,28
43.5,car_north_base_002_rider,gNB_4G_1,-47,gNB_4G_2,-77,0.8192,0,-1,0,59.8019,28
43.5,ue_n043_0002,gNB_5G,-51,gNB_4G_2,-60,0.139264,0,-1,0,62.8545,28
44.5,ue_n042_0001,gNB_4G_2,-55,gNB_5G,-70,0.270336,2,39.6399,1,36.9295,28
44.5,car_north_peak_001,gNB_4G_2,-45,gNB_4G_1,-48,0.098304,1,0.239928,0,13.5014,28
44.5,car_north_peak_002_rider,gNB_4G_1,-46,gNB_5G,-67,0.311296,0,-1,0,50.7203,28
44.5,car_north_peak_003_rider,gNB_4G_1,-42,gNB_5G,-90,0.8192,0,-1,0,69.3027,28
44.5,ue_n042_0002,gNB_4G_2,-55,gNB_5G,-68,0.679936,2,36.6399,1,42.4531,28
44.5,ue_ujeongwon_0001,gNB_4G_1,-39,gNB_5G,-73,0.393216,0,-1,0,46.853,28
44.5,car_north_peak_004,gNB_4G_1,-39,gNB_4G_2,-67,0.16384,0,-1,0,68.4869,28
44.5,car_north_peak_005,gNB_4G_1,-38,gNB_4G_2,-83,0.4096,0,-1,0,74.0635,28
44.5,ue_n043_0001,gNB_5G,-45,gNB_4G_2,-53,0.352256,2,1.63993,1,67.0094,28
44.5,ue_n042_0003,gNB_4G_2,-55,gNB_5G,-71,0.344064,2,18.6399,1,43.7628,28
44.5,ue_n001_0001,gNB_4G_1,-46,gNB_4G_2,-67,0.581632,0,-1,0,41.4411,28
44.5,ue_n001_0002,gNB_4G_1,-44,gNB_5G,-68,0.630784,0,-1,0,65.9927,28
44.5,ue_ujeongwon_0002,gNB_4G_1,-56,gNB_5G,-68,0.8192,0,-1,0,56.6482,28
44.5,ue_ujeongwon_0003,gNB_4G_1,-53,gNB_4G_2,-81,0.344064,0,-1,0,57.4989,28
44.5,ue_n001_0003,gNB_4G_1,-47,gNB_4G_2,-78,0.548864,0,-1,0,65.4528,28
44.5,car_north_base_001_rider,gNB_4G_1,-50,gNB_4G_2,-74,0.8192,0,-1,0,65.1541,28
44.5,car_north_base_002_rider,gNB_4G_1,-49,gNB_4G_2,-76,0.8192,0,-1,0,64.0768,28
44.5,ue_n043_0002,gNB_5G,-48,gNB_4G_2,-61,0.147456,0,-1,0,58.277,28
45.5,ue_n042_0001,gNB_4G_2,-53,gNB_5G,-68,0.278528,2,40.6399,1,41.9005,28
45.5,car_north_peak_001,gNB_4G_2,-47,gNB_4G_1,-49,0.090112,1,1.23993,0,63.0248,28
45.5,car_north_peak_002_rider,gNB_4G_1,-46,gNB_5G,-63,0.319488,0,-1,0,63.0569,28
45.5,car_north_peak_003_rider,gNB_4G_1,-41,gNB_4G_2,-71,0.8192,0,-1,0,66.9624,28
45.5,ue_n042_0002,gNB_4G_2,-57,gNB_5G,-68,0.688128,2,37.6399,1,42.3142,28
45.5,ue_ujeongwon_0001,gNB_4G_1,-41,gNB_5G,-73,0.393216,0,-1,0,74.383,28
45.5,car_north_peak_004,gNB_4G_1,-41,gNB_4G_2,-93,0.155648,0,-1,0,66.4302,28
45.5,car_north_peak_005,gNB_4G_1,-37,gNB_4G_2,-81,0.4096,0,-1,0,71.8863,28
45.5,ue_n043_0001,gNB_5G,-47,gNB_4G_2,-55,0.360448,2,2.63993,1,65.6151,28
45.5,ue_n042_0003,gNB_4G_2,-57,gNB_5G,-68,0.344064,2,19.6399,1,32.5464,27
45.5,ue_n001_0001,gNB_4G_1,-43,gNB_5G,-76,0.589824,0,-1,0,46.8537,28
45.5,ue_n001_0002,gNB_4G_1,-44,gNB_5G,-68,0.630784,0,-1,0,64.4851,28
45.5,ue_ujeongwon_0002,gNB_4G_1,-56,gNB_5G,-68,0.8192,0,-1,0,55.3123,28
45.5,ue_ujeongwon_0003,gNB_4G_1,-53,gNB_4G_2,-78,0.335872,0,-1,0,20.627,26
45.5,ue_n001_0003,gNB_4G_1,-48,gNB_4G_2,-75,0.540672,0,-1,0,62.7472,28
45.5,car_north_base_001_rider,gNB_4G_1,-45,gNB_4G_2,-68,0.8192,0,-1,0,66.8702,28
45.5,car_north_base_002_rider,gNB_4G_1,-47,gNB_5G,-73,0.8192,0,-1,0,37.6472,28
45.5,ue_n043_0002,gNB_5G,-54,gNB_4G_2,-63,0.139264,0,-1,0,59.8975,28
46.5,ue_n042_0001,gNB_4G_2,-59,gNB_5G,-66,0.270336,2,41.6399,1,43.7439,28
46.5,car_north_peak_001,gNB_4G_2,-45,gNB_5G,-61,0.098304,1,2.23993,0,66.9619,28
46.5,car_north_peak_002_rider,gNB_4G_1,-46,gNB_5G,-64,0.311296,0,-1,0,66.6275,28
46.5,car_north_peak_003_rider,gNB_4G_1,-43,gNB_4G_2,-70,0.8192,0,-1,0,67.1901,28
46.5,ue_n042_0002,gNB_4G_2,-54,gNB_5G,-72,0.679936,2,38.6399,1,59.0471,28
46.5,ue_ujeongwon_0001,gNB_4G_1,-39,gNB_5G,-75,0.385024,0,-1,0,69.4583,28
46.5,car_north_peak_004,gNB_4G_1,-40,gNB_4G_2,-96,0.16384,0,-1,0,70.5725,28
46.5,car_north_peak_005,gNB_4G_1,-37,gNB_4G_2,-80,0.4096,0,-1,0,70.8643,28
46.5,ue_n043_0001,gNB_5G,-45,gNB_4G_2,-54,0.352256,2,3.63993,1,61.6572,28
46.5,ue_n042_0003,gNB_4G_2,-56,gNB_5G,-69,0.335872,2,20.6399,1,39.0551,28
46.5,ue_n001_0001,gNB_4G_1,-45,gNB_5G,-76,0.581632,0,-1,0,67.6384,28
46.5,ue_n001_0002,gNB_4G_1,-45,gNB_5G,-67,0.630784,0,-1,0,66.7594,28
46.5,ue_ujeongwon_0002,gNB_4G_1,-54,gNB_5G,-78,0.8192,0,-1,0,58.8609,28
46.5,ue_ujeongwon_0003,gNB_4G_1,-54,gNB_4G_2,-76,0.344064,0,-1,0,56.4035,28
46.5,ue_n001_0003,gNB_4G_1,-47,gNB_4G_2,-75,0.548864,0,-1,0,59.036,28
46.5,car_north_base_001_rider,gNB_4G_1,-44,gNB_4G_2,-62,0.8192,0,-1,0,68.3005,28
46.5,car_north_base_002_rider,gNB_4G_1,-46,gNB_4G_2,-77,0.8192,0,-1,0,59.6249,28
46.5,ue_n043_0002,gNB_5G,-53,gNB_4G_2,-57,0.139264,0,-1,0,58.5035,28
47.5,ue_n042_0001,gNB_4G_2,-53,gNB_5G,-65,0.270336,2,42.6399,1,36.0935,28
47.5,car_north_peak_001,gNB_4G_2,-43,gNB_5G,-58,0.098304,1,3.23993,0,68.2419,28
47.5,car_north_peak_002_rider,gNB_4G_1,-47,gNB_5G,-57,0.311296,0,-1,0,61.2873,28
47.5,car_north_peak_003_rider,gNB_4G_1,-43,gNB_4G_2,-69,0.8192,0,-1,0,65.4844,28
47.5,ue_n042_0002,gNB_4G_2,-55,gNB_5G,-67,0.679936,2,39.6399,1,41.3798,28
47.5,ue_ujeongwon_0001,gNB_4G_1,-36,gNB_5G,-80,0.393216,0,-1,0,52.4072,28
47.5,car_north_peak_004,gNB_4G_1,-41,gNB_5G,-90,0.16384,0,-1,0,69.3198,28
47.5,car_north_peak_005,gNB_4G_1,-55,gNB_4G_2,-85,0.4096,0,-1,0,66.7689,28
47.5,ue_n043_0001,gNB_5G,-56,gNB_4G_2,-52,0.360448,2,4.63993,1,62.9729,28
47.5,ue_n042_0003,gNB_4G_2,-56,gNB_5G,-69,0.344064,2,21.6399,1,37.6649,28
47.5,ue_n001_0001,gNB_4G_1,-53,gNB_5G,-80,0.581632,0,-1,0,67.2957,28
47.5,ue_n001_0002,gNB_4G_1,-49,gNB_5G,-69,0.630784,0,-1,0,64.3916,28
47.5,ue_ujeongwon_0002,gNB_4G_1,-52,gNB_5G,-82,0.8192,0,-1,0,59.1823,28
47.5,ue_ujeongwon_0003,gNB_4G_1,-54,gNB_4G_2,-76,0.344064,0,-1,0,32.5358,28
47.5,ue_n001_0003,gNB_4G_1,-45,gNB_4G_2,-71,0.548864,0,-1,0,63.4615,28
47.5,car_north_base_001_rider,gNB_4G_1,-44,gNB_4G_2,-65,0.8192,0,-1,0,71.2807,28
47.5,car_north_base_002_rider,gNB_4G_1,-42,gNB_4G_2,-76,0.8192,0,-1,0,65.3969,28
47.5,ue_n043_0002,gNB_5G,-51,gNB_4G_1,-60,0.139264,0,-1,0,56.0603,28
48.5,ue_n042_0001,gNB_4G_2,-58,gNB_5G,-66,0.278528,2,43.6399,1,44.0185,28
48.5,car_north_peak_001,gNB_4G_2,-42,gNB_4G_1,-52,0.098304,1,4.23993,0,62.3847,28
48.5,car_north_peak_002_rider,gNB_4G_1,-48,gNB_5G,-58,0.319488,0,-1,0,58.8284,28
48.5,car_north_peak_003_rider,gNB_4G_1,-43,gNB_5G,-60,0.8192,0,-1,0,66.328,28
48.5,ue_n042_0002,gNB_4G_2,-55,gNB_5G,-68,0.688128,2,40.6399,1,43.4496,28
48.5,ue_ujeongwon_0001,gNB_4G_1,-57,gNB_5G,-76,0.393216,0,-1,0,53.311,28
48.5,car_north_peak_004,gNB_4G_1,-40,gNB_4G_2,-74,0.155648,0,-1,0,64.6159,28
48.5,car_north_peak_005,gNB_4G_1,-43,gNB_4G_2,-97,0.4096,0,-1,0,65.2622,28
48.5,ue_n043_0001,gNB_5G,-50,gNB_4G_2,-53,0.352256,2,5.63993,1,66.4054,28
48.5,ue_n042_0003,gNB_4G_2,-55,gNB_5G,-70,0.344064,2,22.6399,1,41.2895,28
48.5,ue_n001_0001,gNB_4G_1,-42,gNB_5G,-79,0.589824,0,-1,0,71.6103,28
48.5,ue_n001_0002,gNB_4G_1,-48,gNB_5G,-71,0.622592,0,-1,0,36.3663,28
48.5,ue_ujeongwon_0002,gNB_4G_1,-53,gNB_5G,-79,0.8192,0,-1,0,59.4578,28
48.5,ue_ujeongwon_0003,gNB_4G_1,-51,gNB_4G_2,-75,0.335872,0,-1,0,18.0245,23
48.5,ue_n001_0003,gNB_4G_1,-45,gNB_4G_2,-71,0.540672,0,-1,0,65.2831,28
48.5,car_north_base_001_rider,gNB_4G_1,-47,gNB_4G_2,-63,0.8192,0,-1,0,67.1922,28
48.5,car_north_base_002_rider,gNB_4G_1,-43,gNB_4G_2,-69,0.8192,0,-1,0,66.6923,28
48.5,ue_n043_0002,gNB_5G,-52,gNB_4G_2,-57,0.147456,0,-1,0,60.4915,28
48.5,ue_n001_0004,gNB_4G_1,-41,gNB_5G,-71,0.303104,0,-1,0,69.34,28
49.5,ue_n042_0001,gNB_4G_2,-54,gNB_5G,-65,0.270336,2,44.6399,1,39.366,28
49.5,car_north_peak_001,gNB_4G_2,-42,gNB_4G_1,-52,0.098304,1,5.23993,0,62.1765,28
49.5,car_north_peak_002_rider,gNB_4G_1,-49,gNB_5G,-59,0.311296,0,-1,0,58.2796,28
49.5,car_north_peak_003_rider,gNB_4G_1,-44,gNB_5G,-66,0.8192,0,-1,0,57.2433,28
49.5,ue_n042_0002,gNB_4G_2,-59,gNB_5G,-66,0.679936,2,41.6399,1,52.1758,28
49.5,ue_ujeongwon_0001,gNB_4G_1,-59,gNB_5G,-77,0.385024,0,-1,0,69.7459,28
49.5,car_north_peak_004,gNB_4G_1,-43,gNB_4G_2,-68,0.16384,0,-1,0,68.2761,28
49.5,car_north_peak_005,gNB_4G_1,-44,gNB_5G,-97,0.4096,0,-1,0,64.114,28
49.5,ue_n043_0001,gNB_5G,-48,gNB_4G_2,-53,0.352256,2,6.63993,1,61.4251,28
49.5,ue_n042_0003,gNB_4G_2,-54,gNB_5G,-69,0.335872,2,23.6399,1,42.8396,28
49.5,ue_n001_0001,gNB_4G_1,-47,gNB_4G_2,-80,0.581632,0,-1,0,71.4838,28
49.5,ue_n001_0002,gNB_4G_1,-47,gNB_5G,-69,0.630784,0,-1,0,65.7823,28
49.5,ue_ujeongwon_0002,gNB_4G_1,-52,gNB_5G,-70,0.8192,0,-1,0,59.3858,28
49.5,ue_ujeongwon_0003,gNB_4G_1,-53,gNB_4G_2,-73,0.344064,0,-1,0,62.8762,28
49.5,ue_n001_0003,gNB_4G_1,-46,gNB_4G_2,-69,0.548864,0,-1,0,65.977,28
49.5,car_north_base_001_rider,gNB_4G_1,-47,gNB_4G_2,-63,0.8192,0,-1,0,70.1565,28
49.5,car_north_base_002_rider,gNB_4G_1,-41,gNB_4G_2,-65,0.8192,0,-1,0,63.1955,28
49.5,ue_n043_0002,gNB_5G,-52,gNB_4G_2,-53,0.139264,0,-1,0,56.4392,28
49.5,ue_n001_0004,gNB_4G_1,-41,gNB_5G,-71,0.630784,0,-1,0,43.8834,28
49.5,ue_n043_0003,gNB_5G,-55,gNB_4G_2,-66,0.196608,0,-1,0,58.2558,28
50.5,ue_n042_0001,gNB_4G_2,-54,gNB_5G,-64,0.270336,2,45.6399,1,41.3001,28
50.5,car_north_peak_001,gNB_4G_2,-42,gNB_4G_1,-50,0.090112,1,6.23993,0,15.7636,28
50.5,car_north_peak_002_rider,gNB_4G_1,-49,gNB_4G_2,-53,0.319488,0,-1,0,57.9773,28
50.5,car_north_peak_003_rider,gNB_4G_1,-46,gNB_5G,-67,0.8192,0,-1,0,50.7406,28
50.5,ue_n042_0002,gNB_4G_2,-57,gNB_5G,-66,0.679936,2,42.6399,1,37.9424,28
50.5,ue_ujeongwon_0001,gNB_4G_1,-40,gNB_5G,-75,0.393216,0,-1,0,73.4219,28
50.5,car_north_peak_004,gNB_4G_1,-41,gNB_4G_2,-66,0.155648,0,-1,0,60.538,28
50.5,car_north_peak_005,gNB_4G_1,-41,gNB_4G_2,-70,0.4096,0,-1,0,71.4671,28
50.5,ue_n043_0001,gNB_4G_2,-52,gNB_5G,-62,0.360448,3,0.639928,0,34.205,28
50.5,ue_n042_0003,gNB_4G_2,-53,gNB_5G,-68,0.344064,2,24.6399,1,45.4502,28
50.5,ue_n001_0001,gNB_4G_1,-44,gNB_4G_2,-67,0.589824,0,-1,0,70.5075,28
50.5,ue_n001_0002,gNB_4G_1,-48,gNB_5G,-66,0.630784,0,-1,0,38.1383,28
50.5,ue_ujeongwon_0002,gNB_4G_1,-52,gNB_5G,-63,0.8192,0,-1,0,60.079,28
50.5,ue_ujeongwon_0003,gNB_4G_1,-49,gNB_4G_2,-74,0.344064,0,-1,0,49.0076,28
50.5,ue_n001_0003,gNB_4G_1,-46,gNB_4G_2,-72,0.548864,0,-1,0,65.2478,28
50.5,car_north_base_001_rider,gNB_4G_1,-40,gNB_4G_2,-64,0.8192,0,-1,0,73.6734,28
50.5,car_north_base_002_rider,gNB_4G_1,-42,gNB_4G_2,-61,0.8192,0,-1,0,65.4838,28
50.5,ue_n043_0002,gNB_5G,-54,gNB_4G_2,-56,0.139264,0,-1,0,56.3959,28
50.5,ue_n001_0004,gNB_4G_1,-43,gNB_5G,-75,0.630784,0,-1,0,59.6398,28
50.5,ue_n043_0003,gNB_5G,-54,gNB_4G_2,-65,0.458752,0,-1,0,61.5638,28
51.5,ue_n042_0001,gNB_4G_2,-56,gNB_5G,-65,0.278528,2,46.6399,1,45.1256,28
51.5,car_north_peak_001,gNB_4G_2,-43,gNB_4G_1,-49,0.098304,1,7.23993,0,16.5355,28
51.5,car_north_peak_002_rider,gNB_4G_2,-44,gNB_4G_1,-50,0.311296,1,0.639928,0,67.8598,28
51.5,car_north_peak_003_rider,gNB_4G_1,-46,gNB_5G,-62,0.8192,0,-1,0,63.1802,28
51.5,ue_n042_0002,gNB_4G_2,-58,gNB_5G,-66,0.688128,2,43.6399,1,55.4531,28
51.5,ue_ujeongwon_0001,gNB_4G_1,-40,gNB_4G_2,-68,0.385024,0,-1,0,70.4673,28
51.5,car_north_peak_004,gNB_4G_1,-51,gNB_5G,-67,0.16384,0,-1,0,55.7004,28
51.5,car_north_peak_005,gNB_4G_1,-42,gNB_4G_2,-66,0.4096,0,-1,0,62.499,28
51.5,ue_n043_0001,gNB_5G,-47,gNB_4G_2,-54,0.344064,4,0.639928,1,65.3359,28
51.5,ue_n042_0003,gNB_4G_2,-52,gNB_5G,-68,0.344064,2,25.6399,1,42.7551,28
51.5,ue_n001_0001,gNB_4G_1,-55,gNB_4G_2,-67,0.581632,0,-1,0,64.8695,28
51.5,ue_n001_0002,gNB_4G_1,-47,gNB_5G,-70,0.630784,0,-1,0,63.5391,28
51.5,ue_ujeongwon_0002,gNB_4G_1,-51,gNB_5G,-73,0.8192,0,-1,0,57.6017,28
51.5,ue_ujeongwon_0003,gNB_4G_1,-50,gNB_5G,-85,0.344064,0,-1,0,42.7906,28
51.5,ue_n001_0003,gNB_4G_1,-47,gNB_4G_2,-69,0.540672,0,-1,0,66.9254,28
51.5,car_north_base_001_rider,gNB_4G_1,-41,gNB_4G_2,-75,0.8192,0,-1,0,76.2901,28
51.5,car_north_base_002_rider,gNB_4G_1,-42,gNB_4G_2,-61,0.8192,0,-1,0,70.6113,28
51.5,ue_n043_0002,gNB_5G,-54,gNB_4G_2,-58,0.139264,0,-1,0,56.6679,28
51.5,ue_n001_0004,gNB_4G_1,-45,gNB_5G,-76,0.622592,0,-1,0,43.0668,28
51.5,ue_n043_0003,gNB_5G,-49,gNB_4G_2,-61,0.45056,0,-1,0,58.5593,28
52.5,ue_n042_0001,gNB_4G_2,-50,gNB_5G,-64,0.270336,2,47.6399,1,42.8527,28
52.5,car_north_peak_001,gNB_4G_2,-44,gNB_4G_1,-52,0.098304,1,8.23993,0,9.5529,28
52.5,car_north_peak_002_rider,gNB_4G_2,-43,gNB_5G,-61,0.319488,1,1.63993,0,69.1984,28
52.5,car_north_peak_003_rider,gNB_4G_1,-46,gNB_5G,-63,0.8192,0,-1,0,58.7885,28
52.5,ue_n042_0002,gNB_4G_2,-54,gNB_5G,-65,0.679936,2,44.6399,1,56.417,28
52.5,ue_ujeongwon_0001,gNB_4G_1,-38,gNB_5G,-82,0.393216,0,-1,0,71.2283,28
52.5,car_north_peak_004,gNB_4G_1,-43,gNB_5G,-64,0.16384,0,-1,0,63.3836,28
52.5,car_north_peak_005,gNB_4G_1,-42,gNB_4G_2,-79,0.4096,0,-1,0,63.8538,28
52.5,ue_n043_0001,gNB_5G,-45,gNB_4G_2,-54,0.360448,4,1.63993,1,63.3603,28
52.5,ue_n042_0003,gNB_4G_2,-53,gNB_5G,-65,0.335872,2,26.6399,1,40.0676,28
52.5,ue_n001_0001,gNB_4G_1,-44,gNB_4G_2,-67,0.589824,0,-1,0,68.8173,28
52.5,ue_n001_0002,gNB_4G_1,-46,gNB_5G,-72,0.630784,0,-1,0,58.8404,28
52.5,ue_ujeongwon_0002,gNB_4G_1,-53,gNB_5G,-76,0.8192,0,-1,0,61.5241,28
52.5,ue_ujeongwon_0003,gNB_4G_1,-51,gNB_4G_2,-89,0.335872,0,-1,0,62.5631,28
52.5,ue_n001_0003,gNB_4G_1,-45,gNB_4G_2,-68,0.548864,0,-1,0,63.1447,28
52.5,car_north_base_001_rider,gNB_4G_1,-43,gNB_4G_2,-82,0.8192,0,-1,0,76.1861,28
52.5,car_north_base_002_rider,gNB_4G_1,-44,gNB_4G_2,-60,0.8192,0,-1,0,71.9242,28
52.5,ue_n043_0002,gNB_5G,-55,gNB_4G_2,-57,0.139264,0,-1,0,53.3399,28
52.5,ue_n001_0004,gNB_4G_1,-46,gNB_4G_2,-79,0.630784,0,-1,0,59.0885,28
52.5,ue_n043_0003,gNB_5G,-49,gNB_4G_2,-59,0.458752,0,-1,0,58.5198,28
53.5,ue_n042_0001,gNB_4G_2,-51,gNB_5G,-64,0.270336,2,48.6399,1,44.9201,28
53.5,car_north_peak_001,gNB_4G_2,-47,gNB_4G_1,-51,0.098304,1,9.23993,0,18.5382,28
53.5,car_north_peak_002_rider,gNB_4G_2,-42,gNB_4G_1,-49,0.311296,1,2.63993,0,65.8849,28
53.5,car_north_peak_003_rider,gNB_4G_1,-47,gNB_5G,-61,0.8192,0,-1,0,59.298,28
53.5,ue_n042_0002,gNB_4G_2,-58,gNB_5G,-64,0.679936,2,45.6399,1,56.9012,28
53.5,ue_ujeongwon_0001,gNB_4G_1,-35,gNB_4G_2,-77,0.393216,0,-1,0,72.6753,28
53.5,car_north_peak_004,gNB_4G_1,-45,gNB_5G,-66,0.155648,0,-1,0,63.3055,28
53.5,car_north_peak_005,gNB_4G_1,-43,gNB_5G,-68,0.4096,0,-1,0,65.6012,28
53.5,ue_n043_0001,gNB_5G,-48,gNB_4G_2,-53,0.352256,4,2.63993,1,63.6319,19
53.5,ue_n042_0003,gNB_4G_2,-52,gNB_5G,-65,0.344064,2,27.6399,1,43.6702,28
53.5,ue_n001_0001,gNB_4G_1,-48,gNB_5G,-67,0.581632,0,-1,0,62.3849,28
53.5,ue_n001_0002,gNB_4G_1,-49,gNB_5G,-71,0.630784,0,-1,0,65.1133,28
53.5,ue_ujeongwon_0002,gNB_4G_1,-50,gNB_5G,-80,0.8192,0,-1,0,58.0437,28
53.5,ue_ujeongwon_0003,gNB_4G_1,-48,gNB_4G_2,-86,0.344064,0,-1,0,43.7671,28
53.5,ue_n001_0003,gNB_4G_1,-45,gNB_4G_2,-70,0.540672,0,-1,0,16.3173,19
53.5,car_north_base_001_rider,gNB_4G_1,-45,gNB_5G,-81,0.8192,0,-1,0,75.5031,28
53.5,car_north_base_002_rider,gNB_4G_1,-44,gNB_4G_2,-65,0.8192,0,-1,0,72.8112,28
53.5,ue_n043_0002,gNB_5G,-57,gNB_4G_2,-55,0.147456,0,-1,0,50.0403,28
53.5,ue_n001_0004,gNB_4G_1,-43,gNB_4G_2,-78,0.630784,0,-1,0,66.7303,28
53.5,ue_n043_0003,gNB_5G,-49,gNB_4G_2,-56,0.45056,0,-1,0,61.8451,28
54.5,ue_n042_0001,gNB_4G_2,-52,gNB_5G,-64,0.278528,2,49.6399,1,47.0798,28
54.5,car_north_peak_001,gNB_4G_2,-46,gNB_4G_1,-49,0.090112,1,10.2399,0,10.4406,28
54.5,car_north_peak_002_rider,gNB_4G_2,-45,gNB_4G_1,-51,0.319488,1,3.63993,0,69.8769,28
54.5,car_north_peak_003_rider,gNB_4G_1,-48,gNB_5G,-61,0.8192,0,-1,0,56.1613,28
54.5,ue_n042_0002,gNB_4G_2,-57,gNB_5G,-65,0.688128,2,46.6399,1,55.9599,28
54.5,ue_ujeongwon_0001,gNB_4G_1,-37,gNB_4G_2,-69,0.385024,0,-1,0,74.5533,28
54.5,car_north_peak_004,gNB_4G_1,-45,gNB_5G,-67,0.16384,0,-1,0,64.9024,28
54.5,car_north_peak_005,gNB_4G_1,-42,gNB_4G_2,-68,0.4096,0,-1,0,65.0509,28
54.5,ue_n043_0001,gNB_5G,-48,gNB_4G_2,-53,0.360448,4,3.63993,1,65.81,28
54.5,ue_n042_0003,gNB_4G_2,-53,gNB_5G,-66,0.344064,2,28.6399,1,36.4534,28
54.5,ue_n001_0001,gNB_4G_1,-42,gNB_4G_2,-62,0.581632,0,-1,0,40.1628,28
54.5,ue_n001_0002,gNB_4G_1,-45,gNB_5G,-70,0.630784,0,-1,0,64.8196,28
54.5,ue_ujeongwon_0002,gNB_4G_1,-45,gNB_4G_2,-78,0.8192,0,-1,0,66.852,28
54.5,ue_ujeongwon_0003,gNB_4G_1,-47,gNB_4G_2,-88,0.344064,0,-1,0,51.7523,28
54.5,ue_n001_0003,gNB_4G_1,-50,gNB_4G_2,-66,0.548864,0,-1,0,62.474,28
54.5,car_north_base_001_rider,gNB_4G_1,-39,gNB_4G_2,-83,0.8192,0,-1,0,76.2008,28
54.5,car_north_base_002_rider,gNB_4G_1,-43,gNB_4G_2,-78,0.8192,0,-1,0,63.7834,28
54.5,ue_n043_0002,gNB_4G_2,-58,gNB_5G,-57,0.139264,1,0.239928,0,49.7243,28
54.5,ue_n001_0004,gNB_4G_1,-44,gNB_5G,-77,0.630784,0,-1,0,64.0014,28
54.5,ue_n043_0003,gNB_5G,-49,gNB_4G_2,-58,0.458752,0,-1,0,59.7968,28
55.5,ue_n042_0001,gNB_4G_2,-51,gNB_5G,-65,0.270336,2,50.6399,1,49.1548,28
55.5,car_north_peak_001,gNB_4G_2,-43,gNB_4G_1,-53,0.098304,1,11.2399,0,13.2774,28
55.5,car_north_peak_002_rider,gNB_4G_2,-41,gNB_4G_1,-51,0.311296,1,4.63993,0,63.7537,28
55.5,car_north_peak_003_rider,gNB_4G_1,-49,gNB_4G_2,-53,0.8192,0,-1,0,-6.43736,0
55.5,ue_n042_0002,gNB_4G_2,-50,gNB_5G,-64,0.679936,2,47.6399,1,42.8582,28
55.5,ue_ujeongwon_0001,gNB_4G_1,-38,gNB_4G_2,-73,0.393216,0,-1,0,70.6935,28
55.5,car_north_peak_004,gNB_4G_1,-45,gNB_5G,-64,0.155648,0,-1,0,60.5966,28
55.5,car_north_peak_005,gNB_4G_1,-44,gNB_5G,-66,0.4096,0,-1,0,18.7113,21
55.5,ue_n043_0001,gNB_5G,-45,gNB_4G_2,-56,0.352256,4,4.63993,1,65.9086,28
55.5,ue_n042_0003,gNB_4G_2,-54,gNB_5G,-66,0.335872,2,29.6399,1,49.8386,28
55.5,ue_n001_0001,gNB_4G_1,-43,gNB_4G_2,-63,0.589824,0,-1,0,70.529,28
55.5,ue_n001_0002,gNB_4G_1,-43,gNB_5G,-70,0.630784,0,-1,0,64.0969,28
55.5,ue_ujeongwon_0002,gNB_4G_1,-47,gNB_4G_2,-79,0.8192,0,-1,0,68.6947,28
55.5,ue_ujeongwon_0003,gNB_4G_1,-44,gNB_4G_2,-89,0.335872,0,-1,0,64.8567,26
55.5,ue_n001_0003,gNB_4G_1,-44,gNB_4G_2,-72,0.548864,0,-1,0,59.7856,28
55.5,car_north_base_001_rider,gNB_4G_1,-37,gNB_4G_2,-83,0.8192,0,-1,0,72.7729,28
55.5,car_north_base_002_rider,gNB_4G_1,-39,gNB_5G,-79,0.8192,0,-1,0,72.7918,28
55.5,ue_n043_0002,gNB_5G,-56,gNB_4G_2,-58,0.139264,2,0.239928,1,57.6537,28
55.5,ue_n001_0004,gNB_4G_1,-46,gNB_5G,-76,0.630784,0,-1,0,67.8567,28
55.5,ue_n043_0003,gNB_5G,-50,gNB_4G_2,-53,0.45056,0,-1,0,59.2721,28
55.5,car_north_base_003,gNB_4G_1,-44,gNB_4G_2,-79,0.253952,0,-1,0,63.0398,28
56.5,ue_n042_0001,gNB_4G_2,-50,gNB_5G,-62,0.270336,2,51.6399,1,46.7233,28
56.5,car_north_peak_001,gNB_4G_2,-46,gNB_4G_1,-50,0.098304,1,12.2399,0,65.977,28
56.5,car_north_peak_002_rider,gNB_4G_2,-42,gNB_4G_1,-50,0.319488,1,5.63993,0,64.7288,28
56.5,car_north_peak_003_rider,gNB_4G_2,-44,gNB_4G_1,-49,0.8192,1,0.439928,0,19.0887,25
56.5,ue_n042_0002,gNB_4G_2,-51,gNB_5G,-64,0.679936,2,48.6399,1,58.5444,28
56.5,ue_ujeongwon_0001,gNB_4G_1,-39,gNB_4G_2,-70,0.385024,0,-1,0,72.0514,28
56.5,car_north_peak_004,gNB_4G_1,-45,gNB_5G,-59,0.16384,0,-1,0,57.5726,28
56.5,car_north_peak_005,gNB_4G_1,-46,gNB_5G,-64,0.4096,0,-1,0,63.054,28
56.5,ue_n043_0001,gNB_5G,-45,gNB_4G_2,-52,0.360448,4,5.63993,1,64.7835,28
56.5,ue_n042_0003,gNB_4G_2,-54,gNB_5G,-67,0.344064,2,30.6399,1,43.6548,28
56.5,ue_n001_0001,gNB_4G_1,-43,gNB_5G,-66,0.581632,0,-1,0,71.7072,28
56.5,ue_n001_0002,gNB_4G_1,-44,gNB_5G,-67,0.630784,0,-1,0,59.4543,28
56.5,ue_ujeongwon_0002,gNB_4G_1,-44,gNB_4G_2,-79,0.8192,0,-1,0,64.4146,28
56.5,ue_ujeongwon_0003,gNB_4G_1,-45,gNB_4G_2,-89,0.344064,0,-1,0,48.2535,28
56.5,ue_n001_0003,gNB_4G_1,-47,gNB_4G_2,-68,0.548864,0,-1,0,64.9217,28
56.5,car_north_base_001_rider,gNB_4G_1,-37,gNB_4G_2,-83,0.8192,0,-1,0,53.5454,28
56.5,car_north_base_002_rider,gNB_4G_1,-40,gNB_5G,-78,0.8192,0,-1,0,46.7325,28
56.5,ue_n043_0002,gNB_5G,-56,gNB_4G_2,-56,0.139264,2,1.23993,1,55.0826,28
56.5,ue_n001_0004,gNB_4G_1,-46,gNB_5G,-69,0.630784,0,-1,0,63.6866,28
56.5,ue_n043_0003,gNB_5G,-50,gNB_4G_2,-53,0.458752,0,-1,0,54.4802,28
56.5,car_north_base_003,gNB_4G_1,-44,gNB_4G_2,-78,0.581632,0,-1,0,66.7938,28
56.5,ue_n042_0004,gNB_4G_2,-69,gNB_5G,-66,0.385024,0,-1,0,25.3341,25
57.5,ue_n042_0001,gNB_4G_2,-49,gNB_5G,-65,0.278528,2,52.6399,1,49.5461,28
57.5,car_north_peak_001,gNB_4G_2,-43,gNB_4G_1,-54,0.098304,1,13.2399,0,24.2116,28
57.5,car_north_peak_002_rider,gNB_4G_2,-46,gNB_4G_1,-49,0.311296,1,6.63993,0,67.03,28
57.5,car_north_peak_003_rider,gNB_4G_2,-43,gNB_4G_1,-49,0.8192,1,1.43993,0,63.0248,28
57.5,ue_n042_0002,gNB_4G_2,-52,gNB_5G,-64,0.688128,2,49.6399,1,60.0307,28
57.5,ue_ujeongwon_0001,gNB_4G_1,-40,gNB_5G,-74,0.393216,0,-1,0,49.7079,28
57.5,car_north_peak_004,gNB_4G_1,-49,gNB_5G,-55,0.16384,0,-1,0,55.5677,28
57.5,car_north_peak_005,gNB_4G_1,-46,gNB_5G,-64,0.4096,0,-1,0,66.6244,28
57.5,ue_n043_0001,gNB_5G,-48,gNB_4G_2,-53,0.352256,4,6.63993,1,65.408,28
57.5,ue_n042_0003,gNB_4G_2,-54,gNB_5G,-69,0.344064,2,31.6399,1,48.9831,28
57.5,ue_n001_0001,gNB_4G_1,-44,gNB_4G_2,-63,0.589824,0,-1,0,70.9608,28
57.5,ue_n001_0002,gNB_4G_1,-42,gNB_5G,-75,0.630784,0,-1,0,60.1426,28
57.5,ue_ujeongwon_0002,gNB_4G_1,-42,gNB_4G_2,-85,0.8192,0,-1,0,64.0975,28
57.5,ue_ujeongwon_0003,gNB_4G_1,-43,gNB_4G_2,-89,0.344064,0,-1,0,55.3027,28
57.5,ue_n001_0003,gNB_4G_1,-45,gNB_4G_2,-66,0.540672,0,-1,0,28.3062,27
57.5,car_north_base_001_rider,gNB_4G_1,-36,gNB_5G,-73,0.8192,0,-1,0,77.9897,28
57.5,car_north_base_002_rider,gNB_4G_1,-39,gNB_5G,-76,0.8192,0,-1,0,74.3757,28
57.5,ue_n043_0002,gNB_5G,-61,gNB_4G_2,-55,0.147456,2,2.23993,1,46.8348,28
57.5,ue_n001_0004,gNB_4G_1,-44,gNB_5G,-68,0.630784,0,-1,0,38.5567,28
57.5,ue_n043_0003,gNB_5G,-51,gNB_4G_2,-56,0.458752,0,-1,0,53.7115,28
57.5,car_north_base_003,gNB_4G_1,-46,gNB_4G_2,-79,0.589824,0,-1,0,63.0254,28
57.5,ue_n042_0004,gNB_4G_2,-68,gNB_5G,-66,0.8192,0,-1,0,23.5496,28
58.5,ue_n042_0001,gNB_4G_2,-49,gNB_5G,-63,0.270336,2,53.6399,1,49.4412,28
58.5,car_north_peak_001,gNB_4G_2,-44,gNB_5G,-55,0.090112,1,14.2399,0,22.7576,28
58.5,car_north_peak_002_rider,gNB_4G_2,-44,gNB_4G_1,-49,0.319488,1,7.63993,0,65.8407,28
58.5,car_north_peak_003_rider,gNB_4G_2,-46,gNB_4G_1,-51,0.8192,1,2.43993,0,45.969,28
58.5,ue_n042_0002,gNB_4G_2,-51,gNB_5G,-65,0.679936,2,50.6399,1,47.993,28
58.5,ue_ujeongwon_0001,gNB_4G_1,-40,gNB_5G,-76,0.393216,0,-1,0,45.0048,28
58.5,car_north_peak_004,gNB_4G_2,-45,gNB_4G_1,-50,0.147456,1,0.439928,0,57.9423,28
58.5,car_north_peak_005,gNB_4G_1,-48,gNB_5G,-57,0.4096,0,-1,0,65.8103,28
58.5,ue_n043_0001,gNB_5G,-46,gNB_4G_2,-55,0.360448,4,7.63993,1,62.652,28
58.5,ue_n042_0003,gNB_4G_2,-54,gNB_5G,-70,0.335872,2,32.6399,1,42.7693,28
58.5,ue_n001_0001,gNB_4G_1,-42,gNB_4G_2,-65,0.581632,0,-1,0,68.9508,28
58.5,ue_n001_0002,gNB_4G_1,-49,gNB_5G,-75,0.630784,0,-1,0,63.7835,28
58.5,ue_ujeongwon_0002,gNB_4G_1,-46,gNB_4G_2,-89,0.8192,0,-1,0,67.979,28
58.5,ue_ujeongwon_0003,gNB_4G_1,-46,gNB_4G_2,-89,0.335872,0,-1,0,67.9705,17
58.5,ue_n001_0003,gNB_4G_1,-44,gNB_4G_2,-66,0.548864,0,-1,0,65.4121,28
58.5,car_north_base_001_rider,gNB_4G_1,-40,gNB_5G,-66,0.8192,0,-1,0,72.4002,26
58.5,car_north_base_002_rider,gNB_4G_1,-39,gNB_4G_2,-84,0.8192,0,-1,0,74.1008,28
58.5,ue_n043_0002,gNB_4G_2,-54,gNB_5G,-66,0.139264,3,0.839928,1,29.4341,28
58.5,ue_n001_0004,gNB_4G_1,-44,gNB_5G,-69,0.630784,0,-1,0,68.6541,28
58.5,ue_n043_0003,gNB_5G,-49,gNB_4G_2,-55,0.45056,0,-1,0,56.6354,28
58.5,car_north_base_003,gNB_4G_1,-49,gNB_4G_2,-80,0.581632,0,-1,0,63.0742,28
58.5,ue_n042_0004,gNB_5G,-64,gNB_4G_2,-67,0.8192,1,0.439928,0,46.0671,28
59.5,ue_n042_0001,gNB_4G_2,-44,gNB_5G,-63,0.270336,2,54.6399,1,53.7899,28
59.5,car_north_peak_001,gNB_4G_2,-39,gNB_4G_1,-50,0.098304,1,15.2399,0,63.7374,28
59.5,car_north_peak_002_rider,gNB_4G_2,-45,gNB_4G_1,-45,0.311296,1,8.63993,0,63.9578,28
59.5,car_north_peak_003_rider,gNB_4G_2,-42,gNB_5G,-61,0.8192,1,3.43993,0,16.7109,20
59.5,ue_n042_0002,gNB_4G_2,-50,gNB_5G,-62,0.679936,2,51.6399,1,59.3372,28
59.5,ue_ujeongwon_0001,gNB_4G_1,-41,gNB_5G,-82,0.385024,0,-1,0,72.9936,28
59.5,car_north_peak_004,gNB_4G_2,-48,gNB_4G_1,-49,0.16384,1,1.43993,0,60.2174,28
59.5,car_north_peak_005,gNB_4G_1,-49,gNB_5G,-60,0.4096,0,-1,0,52.2974,28
59.5,ue_n043_0001,gNB_5G,-48,gNB_4G_2,-53,0.352256,4,8.63993,1,66.1904,28
59.5,ue_n042_0003,gNB_4G_2,-52,gNB_5G,-72,0.344064,2,33.6399,1,32.0254,28
59.5,ue_n001_0001,gNB_4G_1,-45,gNB_4G_2,-62,0.589824,0,-1,0,69.9,28
59.5,ue_n001_0002,gNB_4G_1,-48,gNB_5G,-76,0.630784,0,-1,0,67.8044,20
59.5,ue_ujeongwon_0002,gNB_4G_1,-47,gNB_4G_2,-90,0.8192,0,-1,0,70.0989,28
59.5,ue_ujeongwon_0003,gNB_4G_1,-43,gNB_4G_2,-90,0.344064,0,-1,0,53.6203,28
59.5,ue_n001_0003,gNB_4G_1,-44,gNB_4G_2,-67,0.548864,0,-1,0,59.3026,28
59.5,car_north_base_001_rider,gNB_4G_1,-37,gNB_5G,-65,0.8192,0,-1,0,71.4447,28
59.5,car_north_base_002_rider,gNB_4G_1,-40,gNB_4G_2,-83,0.8192,0,-1,0,39.79,28
59.5,ue_n043_0002,gNB_4G_2,-55,gNB_5G,-70,0.139264,3,1.83993,1,52.2596,6
59.5,ue_n001_0004,gNB_4G_1,-42,gNB_5G,-71,0.630784,0,-1,0,63.1342,28
59.5,ue_n043_0003,gNB_5G,-50,gNB_4G_2,-54,0.458752,0,-1,0,58.5942,28
59.5,car_north_base_003,gNB_4G_1,-49,gNB_5G,-78,0.589824,0,-1,0,62.6127,28
59.5,ue_n042_0004,gNB_5G,-65,gNB_4G_2,-66,0.8192,1,1.43993,0,46.7967,28
60.5,ue_n042_0001,gNB_4G_2,-44,gNB_5G,-64,0.278528,2,55.6399,1,54.2528,28
60.5,car_north_peak_001,gNB_4G_2,-45,gNB_4G_1,-51,0.098304,1,16.2399,0,44.2373,28
60.5,car_north_peak_002_rider,gNB_4G_2,-47,gNB_4G_1,-49,0.311296,1,9.63993,0,64.0301,28
60.5,car_north_peak_003_rider,gNB_4G_2,-42,gNB_4G_1,-49,0.8192,1,4.43993,0,16.2228,28
60.5,ue_n042_0002,gNB_4G_2,-50,gNB_5G,-64,0.688128,2,52.6399,1,51.5748,28
60.5,ue_ujeongwon_0001,gNB_4G_1,-42,gNB_5G,-82,0.393216,0,-1,0,73.0575,28
60.5,car_north_peak_004,gNB_4G_2,-45,gNB_4G_1,-52,0.155648,1,2.43993,0,39.2047,28
60.5,car_north_peak_005,gNB_4G_1,-52,gNB_5G,-60,0.376832,0,-1,0,59.4486,28
60.5,ue_n043_0001,gNB_5G,-46,gNB_4G_2,-50,0.360448,4,9.63993,1,59.2564,28
60.5,ue_n042_0003,gNB_4G_2,-56,gNB_5G,-73,0.344064,2,34.6399,1,43.8562,28
60.5,ue_n001_0001,gNB_4G_1,-39,gNB_5G,-69,0.581632,0,-1,0,70.3552,28
60.5,ue_n001_0002,gNB_4G_1,-42,gNB_5G,-77,0.630784,0,-1,0,56.6429,28
60.5,ue_ujeongwon_0002,gNB_4G_1,-42,gNB_4G_2,-81,0.8192,0,-1,0,61.9252,28
60.5,ue_ujeongwon_0003,gNB_4G_1,-34,gNB_4G_2,-90,0.344064,0,-1,0,55.4275,28
60.5,ue_n001_0003,gNB_4G_1,-45,gNB_4G_2,-62,0.540672,0,-1,0,63.9445,28
60.5,car_north_base_001_rider,gNB_4G_1,-38,gNB_5G,-70,0.8192,0,-1,0,52.9959,28
60.5,car_north_base_002_rider,gNB_4G_1,-41,gNB_4G_2,-82,0.8192,0,-1,0,71.0551,28
60.5,ue_n043_0002,gNB_4G_2,-58,gNB_4G_1,-56,0.131072,3,2.83993,1,49.4974,28
60.5,ue_n001_0004,gNB_4G_1,-44,gNB_5G,-69,0.630784,0,-1,0,69.4831,28
60.5,ue_n043_0003,gNB_5G,-46,gNB_4G_2,-54,0.45056,0,-1,0,64.2193,28
60.5,car_north_base_003,gNB_4G_1,-47,gNB_5G,-73,0.581632,0,-1,0,64.6421,28
60.5,ue_n042_0004,gNB_5G,-64,gNB_4G_2,-67,0.8192,1,2.43993,0,41.1103,28
61.5,ue_n042_0001,gNB_4G_2,-43,gNB_5G,-64,0.270336,2,56.6399,1,71.2222,28
61.5,car_north_peak_001,gNB_4G_2,-45,gNB_5G,-59,0.098304,1,17.2399,0,45.502,28
61.5,car_north_peak_002_rider,gNB_4G_2,-46,gNB_4G_1,-50,0.319488,1,10.6399,0,67.9187,28
61.5,car_north_peak_003_rider,gNB_4G_2,-43,gNB_4G_1,-51,0.8192,1,5.43993,0,19.391,24
61.5,ue_n042_0002,gNB_4G_2,-49,gNB_5G,-63,0.679936,2,53.6399,1,65.6443,28
61.5,ue_ujeongwon_0001,gNB_4G_1,-40,gNB_5G,-76,0.393216,0,-1,0,70.7456,28
61.5,car_north_peak_004,gNB_4G_2,-45,gNB_5G,-64,0.16384,1,3.43993,0,15.4494,28
61.5,car_north_peak_005,gNB_4G_1,-50,gNB_4G_2,-47,0.376832,0,-1,0,61.0488,28
61.5,ue_n043_0001,gNB_5G,-48,gNB_4G_2,-51,0.352256,4,10.6399,1,67.3244,28
61.5,ue_n042_0003,gNB_4G_2,-56,gNB_5G,-68,0.335872,2,35.6399,1,45.1395,28
61.5,ue_n001_0001,gNB_4G_1,-40,gNB_5G,-70,0.581632,0,-1,0,72.8534,28
61.5,ue_n001_0002,gNB_4G_1,-43,gNB_5G,-78,0.622592,0,-1,0,64.4058,28
61.5,ue_ujeongwon_0002,gNB_4G_1,-51,gNB_4G_2,-87,0.8192,0,-1,0,66.5059,28
61.5,ue_ujeongwon_0003,gNB_4G_1,-39,gNB_4G_2,-89,0.335872,0,-1,0,53.8269,28
61.5,ue_n001_0003,gNB_4G_1,-46,gNB_4G_2,-63,0.548864,0,-1,0,24.3444,24
61.5,car_north_base_001_rider,gNB_4G_1,-38,gNB_5G,-72,0.8192,0,-1,0,58.888,28
61.5,car_north_base_002_rider,gNB_4G_1,-38,gNB_5G,-82,0.8192,0,-1,0,50.8268,16
61.5,ue_n043_0002,gNB_4G_1,-58,gNB_5G,-59,0.139264,4,0.439928,0,50.9871,28
61.5,ue_n001_0004,gNB_4G_1,-44,gNB_5G,-69,0.630784,0,-1,0,66.1571,28
61.5,ue_n043_0003,gNB_5G,-46,gNB_4G_2,-57,0.458752,0,-1,0,61.1057,28
61.5,car_north_base_003,gNB_4G_1,-50,gNB_5G,-73,0.589824,0,-1,0,62.6898,28
61.5,ue_n042_0004,gNB_4G_2,-66,gNB_5G,-68,0.8192,2,0.239928,0,22.9682,25
62.5,ue_n042_0001,gNB_4G_2,-43,gNB_5G,-63,0.270336,2,57.6399,1,67.7801,28
62.5,car_north_peak_001,gNB_4G_2,-41,gNB_5G,-58,0.090112,1,18.2399,0,68.8324,28
62.5,car_north_peak_002_rider,gNB_4G_2,-43,gNB_4G_1,-52,0.311296,1,11.6399,0,68.3301,28
62.5,car_north_peak_003_rider,gNB_4G_2,-42,gNB_4G_1,-50,0.8192,1,6.43993,0,20.728,28
62.5,ue_n042_0002,gNB_4G_2,-44,gNB_5G,-63,0.679936,2,54.6399,1,71.0136,28
62.5,ue_ujeongwon_0001,gNB_4G_1,-39,gNB_5G,-77,0.385024,0,-1,0,72.402,28
62.5,car_north_peak_004,gNB_4G_2,-47,gNB_4G_1,-51,0.16384,1,4.43993,0,20.1607,28
62.5,car_north_peak_005,gNB_4G_2,-45,gNB_4G_1,-48,0.434176,1,0.839928,0,57.0044,28
62.5,ue_n043_0001,gNB_5G,-47,gNB_4G_2,-51,0.360448,4,11.6399,1,60.8197,28
62.5,ue_n042_0003,gNB_4G_2,-57,gNB_5G,-67,0.344064,2,36.6399,1,35.9274,28
62.5,ue_n001_0001,gNB_4G_1,-42,gNB_5G,-68,0.589824,0,-1,0,68.1736,28
62.5,ue_n001_0002,gNB_4G_1,-44,gNB_5G,-76,0.630784,0,-1,0,64.9477,28
62.5,ue_ujeongwon_0002,gNB_4G_1,-53,gNB_4G_2,-85,0.8192,0,-1,0,52.6479,28
62.5,ue_ujeongwon_0003,gNB_4G_1,-40,gNB_4G_2,-92,0.344064,0,-1,0,45.9786,28
62.5,ue_n001_0003,gNB_4G_1,-46,gNB_4G_2,-64,0.548864,0,-1,0,66.5361,28
62.5,car_north_base_001_rider,gNB_4G_1,-37,gNB_5G,-65,0.8192,0,-1,0,53.4875,28
62.5,car_north_base_002_rider,gNB_4G_1,-40,gNB_5G,-68,0.8192,0,-1,0,68.8128,24
62.5,ue_n043_0002,gNB_4G_2,-56,gNB_5G,-60,0.131072,5,0.239928,1,54.591,28
62.5,ue_n001_0004,gNB_4G_1,-47,gNB_5G,-67,0.630784,0,-1,0,31.4395,28
62.5,ue_n043_0003,gNB_5G,-46,gNB_4G_2,-57,0.45056,0,-1,0,58.6864,28
62.5,car_north_base_003,gNB_4G_1,-47,gNB_4G_2,-73,0.581632,0,-1,0,59.4783,22
62.5,ue_n042_0004,gNB_4G_2,-66,gNB_5G,-67,0.8192,2,1.23993,0,40.2747,28
63.5,ue_n042_0001,gNB_4G_2,-41,gNB_5G,-62,0.278528,2,58.6399,1,53.437,28
63.5,car_north_peak_001,gNB_4G_2,-42,gNB_5G,-55,0.098304,1,19.2399,0,67.8575,28
63.5,car_north_peak_002_rider,gNB_4G_2,-42,gNB_5G,-53,0.319488,1,12.6399,0,26.3723,28
63.5,car_north_peak_003_rider,gNB_4G_2,-43,gNB_4G_1,-51,0.8192,1,7.43993,0,16.6912,23
63.5,ue_n042_0002,gNB_4G_2,-44,gNB_5G,-64,0.688128,2,55.6399,1,56.8287,28
63.5,ue_ujeongwon_0001,gNB_4G_1,-39,gNB_5G,-77,0.393216,0,-1,0,64.3058,28
63.5,car_north_peak_004,gNB_4G_2,-42,gNB_4G_1,-51,0.155648,1,5.43993,0,68.2981,28
63.5,car_north_peak_005,gNB_4G_2,-47,gNB_4G_1,-49,0.4096,1,1.83993,0,45.6426,28
63.5,ue_n043_0001,gNB_5G,-48,gNB_4G_2,-52,0.352256,4,12.6399,1,67.2159,28
63.5,ue_n042_0003,gNB_4G_2,-57,gNB_5G,-68,0.344064,2,37.6399,1,40.833,28
63.5,ue_n001_0001,gNB_4G_1,-42,gNB_5G,-66,0.581632,0,-1,0,67.4471,28
63.5,ue_n001_0002,gNB_4G_1,-47,gNB_5G,-88,0.630784,0,-1,0,58.5534,28
63.5,ue_ujeongwon_0002,gNB_4G_1,-41,gNB_4G_2,-90,0.8192,0,-1,0,44.1853,28
63.5,ue_ujeongwon_0003,gNB_4G_1,-41,gNB_4G_2,-93,0.344064,0,-1,0,54.0672,28
63.5,ue_n001_0003,gNB_4G_1,-45,gNB_4G_2,-62,0.540672,0,-1,0,66.188,28
63.5,car_north_base_001_rider,gNB_4G_1,-36,gNB_5G,-65,0.8192,0,-1,0,51.351,28
63.5,car_north_base_002_rider,gNB_4G_1,-39,gNB_5G,-68,0.8192,0,-1,0,53.5052,28
63.5,ue_n043_0002,gNB_4G_2,-55,gNB_5G,-61,0.139264,5,1.23993,1,29.1974,28
63.5,ue_n001_0004,gNB_4G_1,-50,gNB_5G,-70,0.630784,0,-1,0,42.2762,28
63.5,ue_n043_0003,gNB_5G,-48,gNB_4G_1,-56,0.458752,0,-1,0,64.6408,28
63.5,car_north_base_003,gNB_4G_1,-42,gNB_4G_2,-64,0.581632,0,-1,0,61.5703,28
63.5,ue_n042_0004,gNB_4G_2,-65,gNB_5G,-67,0.8192,2,2.23993,0,31.9116,28
63.5,car_north_base_004,gNB_4G_1,-48,gNB_4G_2,-78,0.065536,0,-1,0,34.6749,28
64.5,ue_n042_0001,gNB_4G_2,-43,gNB_5G,-64,0.270336,2,59.6399,1,69.7895,28
64.5,car_north_peak_001,gNB_4G_2,-43,gNB_4G_1,-55,0.098304,1,20.2399,0,62.808,28
64.5,car_north_peak_002_rider,gNB_4G_2,-42,gNB_4G_1,-55,0.311296,1,13.6399,0,69.269,28
64.5,car_north_peak_003_rider,gNB_4G_2,-44,gNB_4G_1,-53,0.8192,1,8.43993,0,67.5071,28
64.5,ue_n042_0002,gNB_4G_2,-43,gNB_5G,-64,0.679936,2,56.6399,1,55.0638,28
64.5,ue_ujeongwon_0001,gNB_4G_1,-38,gNB_5G,-78,0.385024,0,-1,0,70.919,28
64.5,car_north_peak_004,gNB_4G_2,-42,gNB_4G_1,-52,0.16384,1,6.43993,0,68.197,25
64.5,car_north_peak_005,gNB_4G_2,-44,gNB_5G,-59,0.4096,1,2.83993,0,68.8775,28
64.5,ue_n043_0001,gNB_5G,-47,gNB_4G_2,-50,0.360448,4,13.6399,1,66.3898,28
64.5,ue_n042_0003,gNB_4G_2,-54,gNB_5G,-72,0.335872,2,38.6399,1,59.0482,28
64.5,ue_n001_0001,gNB_4G_1,-39,gNB_5G,-67,0.589824,0,-1,0,67.0296,28
64.5,ue_n001_0002,gNB_4G_1,-42,gNB_5G,-78,0.630784,0,-1,0,61.3344,28
64.5,ue_ujeongwon_0002,gNB_4G_1,-35,gNB_5G,-70,0.8192,0,-1,0,74.088,28
64.5,ue_ujeongwon_0003,gNB_4G_1,-41,gNB_4G_2,-92,0.335872,0,-1,0,61.2234,28
64.5,ue_n001_0003,gNB_4G_1,-44,gNB_4G_2,-63,0.548864,0,-1,0,66.3467,28
64.5,car_north_base_001_rider,gNB_4G_1,-42,gNB_5G,-76,0.8192,0,-1,0,51.8521,28
64.5,car_north_base_002_rider,gNB_4G_1,-42,gNB_5G,-66,0.8192,0,-1,0,69.8062,28
64.5,ue_n043_0002,gNB_4G_2,-54,gNB_5G,-60,0.139264,5,2.23993,1,55.8784,28
64.5,ue_n001_0004,gNB_4G_1,-48,gNB_5G,-71,0.622592,0,-1,0,64.9219,28
64.5,ue_n043_0003,gNB_5G,-46,gNB_4G_2,-54,0.45056,0,-1,0,58.9795,28
64.5,car_north_base_003,gNB_4G_1,-43,gNB_4G_2,-64,0.581632,0,-1,0,18.6311,24
64.5,ue_n042_0004,gNB_4G_2,-65,gNB_5G,-67,0.8192,2,3.23993,0,43.6571,28
64.5,car_north_base_004,gNB_4G_1,-47,gNB_4G_2,-78,0.131072,0,-1,0,62.0462,28
65.5,ue_n042_0001,gNB_4G_2,-39,gNB_5G,-65,0.270336,2,60.6399,1,47.2086,28
65.5,car_north_peak_001,gNB_4G_2,-46,gNB_5G,-52,0.098304,1,21.2399,0,67.9378,28
65.5,car_north_peak_002_rider,gNB_4G_2,-41,gNB_4G_1,-55,0.319488,1,14.6399,0,69.6259,28
65.5,car_north_peak_003_rider,gNB_4G_2,-46,gNB_4G_1,-54,0.811008,1,9.43993,0,4.78113,8
65.5,ue_n042_0002,gNB_4G_2,-43,gNB_5G,-63,0.679936,2,57.6399,1,55.8558,28
65.5,ue_ujeongwon_0001,gNB_4G_1,-40,gNB_4G_2,-72,0.393216,0,-1,0,71.8945,28
65.5,car_north_peak_004,gNB_4G_2,-43,gNB_4G_1,-50,0.155648,1,7.43993,0,67.5354,25
65.5,car_north_peak_005,gNB_4G_2,-42,gNB_4G_1,-52,0.4096,1,3.83993,0,18.0272,19
65.5,ue_n043_0001,gNB_5G,-44,gNB_4G_2,-49,0.352256,4,14.6399,1,60.5891,28
65.5,ue_n042_0003,gNB_4G_2,-55,gNB_5G,-67,0.344064,2,39.6399,1,39.2436,28
65.5,ue_n001_0001,gNB_4G_1,-41,gNB_5G,-71,0.581632,0,-1,0,65.2651,28
65.5,ue_n001_0002,gNB_4G_1,-51,gNB_5G,-76,0.630784,0,-1,0,48.6279,28
65.5,ue_ujeongwon_0002,gNB_4G_1,-39,gNB_5G,-72,0.8192,0,-1,0,43.7301,28
65.5,ue_ujeongwon_0003,gNB_4G_1,-37,gNB_4G_2,-92,0.344064,0,-1,0,39.6379,28
65.5,ue_n001_0003,gNB_4G_1,-47,gNB_4G_2,-61,0.548864,0,-1,0,60.7008,28
65.5,car_north_base_001_rider,gNB_4G_1,-40,gNB_4G_2,-83,0.8192,0,-1,0,50.4373,28
65.5,car_north_base_002_rider,gNB_4G_1,-36,gNB_5G,-71,0.8192,0,-1,0,49.0768,15
65.5,ue_n043_0002,gNB_4G_2,-53,gNB_5G,-63,0.147456,5,3.23993,1,35.1409,28
65.5,ue_n001_0004,gNB_4G_1,-47,gNB_5G,-69,0.630784,0,-1,0,59.1762,28
65.5,ue_n043_0003,gNB_5G,-45,gNB_4G_2,-55,0.458752,0,-1,0,62.6121,28
65.5,car_north_base_003,gNB_4G_1,-46,gNB_4G_2,-63,0.589824,0,-1,0,67.0709,28
65.5,ue_n042_0004,gNB_4G_2,-63,gNB_5G,-67,0.8192,2,4.23993,0,49.8863,28
65.5,car_north_base_004,gNB_4G_1,-45,gNB_4G_2,-78,0.131072,0,-1,0,36.1347,20
65.5,car_north_base_005,gNB_4G_1,-45,gNB_4G_2,-79,0.098304,0,-1,0,64.3562,28
66.5,ue_n042_0001,gNB_4G_2,-41,gNB_5G,-65,0.278528,2,61.6399,1,61.013,28
66.5,car_north_peak_001,gNB_4G_2,-43,gNB_5G,-61,0.098304,1,22.2399,0,69.977,28
66.5,car_north_peak_002_rider,gNB_4G_2,-41,gNB_5G,-54,0.311296,1,15.6399,0,67.9689,28
66.5,car_north_peak_003_rider,gNB_4G_2,-45,gNB_4G_1,-54,0.827392,1,10.4399,0,67.0979,28
66.5,ue_n042_0002,gNB_4G_2,-41,gNB_5G,-62,0.688128,2,58.6399,1,52.236,28
66.5,ue_ujeongwon_0001,gNB_4G_1,-42,gNB_4G_2,-66,0.393216,0,-1,0,70.2157,28
66.5,car_north_peak_004,gNB_4G_2,-43,gNB_4G_1,-51,0.16384,1,8.43993,0,14.9589,28
66.5,car_north_peak_005,gNB_4G_2,-42,gNB_4G_1,-49,0.4096,1,4.83993,0,11.66,26
66.5,ue_n043_0001,gNB_5G,-48,gNB_4G_2,-53,0.360448,4,15.6399,1,65.4779,28
66.5,ue_n042_0003,gNB_4G_2,-53,gNB_5G,-68,0.344064,2,40.6399,1,41.2673,28
66.5,ue_n001_0001,gNB_4G_1,-36,gNB_5G,-76,0.589824,0,-1,0,55.3979,28
66.5,ue_n001_0002,gNB_4G_1,-50,gNB_5G,-83,0.630784,0,-1,0,62.3805,28
66.5,ue_ujeongwon_0002,gNB_4G_1,-53,gNB_5G,-75,0.8192,0,-1,0,41.9727,28
66.5,ue_ujeongwon_0003,gNB_4G_1,-40,gNB_4G_2,-90,0.344064,0,-1,0,44.8206,28
66.5,ue_n001_0003,gNB_4G_1,-44,gNB_4G_2,-63,0.540672,0,-1,0,22.5478,22
66.5,car_north_base_001_rider,gNB_4G_1,-40,gNB_4G_2,-83,0.8192,0,-1,0,52.5577,28
66.5,car_north_base_002_rider,gNB_4G_1,-36,gNB_5G,-67,0.8192,0,-1,0,70.3213,21
66.5,ue_n043_0002,gNB_4G_2,-53,gNB_4G_1,-63,0.139264,5,4.23993,1,56.0278,28
66.5,ue_n001_0004,gNB_4G_1,-48,gNB_5G,-66,0.630784,0,-1,0,62.5906,28
66.5,ue_n043_0003,gNB_5G,-47,gNB_4G_2,-56,0.458752,0,-1,0,64.6597,28
66.5,car_north_base_003,gNB_4G_1,-45,gNB_4G_2,-64,0.589824,0,-1,0,72.6246,28
66.5,ue_n042_0004,gNB_4G_2,-63,gNB_5G,-67,0.8192,2,5.23993,0,31.5758,28
66.5,car_north_base_004,gNB_4G_1,-47,gNB_4G_2,-76,0.139264,0,-1,0,54.8721,13
66.5,car_north_base_005,gNB_4G_1,-47,gNB_4G_2,-77,0.229376,0,-1,0,36.9315,28
67.5,ue_n042_0001,gNB_4G_2,-44,gNB_5G,-65,0.270336,2,62.6399,1,68.3456,28
67.5,car_north_peak_001,gNB_4G_2,-41,gNB_5G,-62,0.090112,1,23.2399,0,68.2864,28
67.5,car_north_peak_002_rider,gNB_4G_2,-42,gNB_5G,-55,0.319488,1,16.6399,0,69.3811,28
67.5,car_north_peak_003_rider,gNB_4G_2,-43,gNB_4G_1,-53,0.8192,1,11.4399,0,20.4857,28
67.5,ue_n042_0002,gNB_4G_2,-45,gNB_5G,-64,0.679936,2,59.6399,1,72.3925,28
67.5,ue_ujeongwon_0001,gNB_4G_1,-42,gNB_4G_2,-64,0.385024,0,-1,0,27.8666,28
67.5,car_north_peak_004,gNB_4G_2,-44,gNB_4G_1,-50,0.16384,1,9.43993,0,65.5522,28
67.5,car_north_peak_005,gNB_4G_2,-42,gNB_4G_1,-51,0.4096,1,5.83993,0,70.2128,25
67.5,ue_n043_0001,gNB_5G,-47,gNB_4G_2,-51,0.352256,4,16.6399,1,64.3763,28
67.5,ue_n042_0003,gNB_4G_2,-59,gNB_5G,-66,0.335872,2,41.6399,1,44.8107,28
67.5,ue_n001_0001,gNB_4G_1,-36,gNB_5G,-69,0.581632,0,-1,0,76.0182,28
67.5,ue_n001_0002,gNB_4G_1,-47,gNB_5G,-78,0.630784,0,-1,0,66.94,28
67.5,ue_ujeongwon_0002,gNB_4G_1,-41,gNB_5G,-79,0.8192,0,-1,0,72.8467,28
67.5,ue_ujeongwon_0003,gNB_4G_1,-42,gNB_4G_2,-90,0.335872,0,-1,0,56.2912,28
67.5,ue_n001_0003,gNB_4G_1,-44,gNB_4G_2,-62,0.548864,0,-1,0,67.8187,28
67.5,car_north_base_001_rider,gNB_4G_1,-38,gNB_4G_2,-84,0.8192,0,-1,0,66.8362,28
67.5,car_north_base_002_rider,gNB_4G_1,-41,gNB_5G,-75,0.8192,0,-1,0,70.2913,28
67.5,ue_n043_0002,gNB_4G_2,-53,gNB_4G_1,-63,0.139264,5,5.23993,1,55.3918,15
67.5,ue_n001_0004,gNB_4G_1,-52,gNB_5G,-66,0.630784,0,-1,0,66.8252,28
67.5,ue_n043_0003,gNB_5G,-46,gNB_4G_2,-57,0.45056,0,-1,0,64.7226,28
67.5,car_north_base_003,gNB_4G_1,-39,gNB_4G_2,-76,0.581632,0,-1,0,56.3461,28
67.5,ue_n042_0004,gNB_4G_2,-61,gNB_5G,-67,0.8192,2,6.23993,0,36.7065,28
67.5,car_north_base_004,gNB_4G_1,-50,gNB_4G_2,-76,0.131072,0,-1,0,62.5552,28
67.5,car_north_base_005,gNB_4G_1,-47,gNB_4G_2,-78,0.229376,0,-1,0,58.6666,28
68.5,ue_n042_0001,gNB_4G_2,-43,gNB_5G,-63,0.270336,2,63.6399,1,51.7039,28
68.5,car_north_peak_001,gNB_4G_2,-42,gNB_5G,-58,0.098304,1,24.2399,0,13.7146,28
68.5,car_north_peak_002_rider,gNB_4G_2,-43,gNB_5G,-56,0.311296,1,17.6399,0,43.6046,28
68.5,car_north_peak_003_rider,gNB_4G_2,-44,gNB_4G_1,-53,0.811008,1,12.4399,0,9.866,14
68.5,ue_n042_0002,gNB_4G_2,-42,gNB_5G,-64,0.679936,2,60.6399,1,41.0704,28
68.5,ue_ujeongwon_0001,gNB_4G_1,-41,gNB_4G_2,-62,0.393216,0,-1,0,70.8185,28
68.5,car_north_peak_004,gNB_4G_2,-46,gNB_4G_1,-51,0.131072,1,10.4399,0,63.323,28
68.5,car_north_peak_005,gNB_4G_2,-41,gNB_4G_1,-50,0.4096,1,6.83993,0,17.2446,28
68.5,ue_n043_0001,gNB_5G,-48,gNB_4G_2,-50,0.360448,4,17.6399,1,66.6435,28
68.5,ue_n042_0003,gNB_4G_2,-53,gNB_5G,-65,0.344064,2,42.6399,1,36.6479,28
68.5,ue_n001_0001,gNB_4G_1,-43,gNB_5G,-69,0.581632,0,-1,0,73.6847,28
68.5,ue_n001_0002,gNB_4G_1,-43,gNB_5G,-82,0.630784,0,-1,0,66.302,28
68.5,ue_ujeongwon_0002,gNB_4G_1,-37,gNB_4G_2,-76,0.8192,0,-1,0,56.381,28
68.5,ue_ujeongwon_0003,gNB_4G_1,-45,gNB_4G_2,-89,0.344064,0,-1,0,60.2456,28
68.5,ue_n001_0003,gNB_4G_1,-43,gNB_4G_2,-62,0.548864,0,-1,0,26.561,26
68.5,car_north_base_001_rider,gNB_4G_1,-42,gNB_4G_2,-94,0.8192,0,-1,0,58.2777,28
68.5,car_north_base_002_rider,gNB_4G_1,-45,gNB_4G_2,-89,0.8192,0,-1,0,45.1066,28
68.5,ue_n043_0002,gNB_4G_2,-55,gNB_4G_1,-57,0.139264,5,6.23993,1,55.1738,28
68.5,ue_n001_0004,gNB_4G_1,-47,gNB_5G,-70,0.630784,0,-1,0,33.9199,28
68.5,ue_n043_0003,gNB_5G,-46,gNB_4G_2,-53,0.458752,0,-1,0,65.6733,28
68.5,car_north_base_003,gNB_4G_1,-39,gNB_4G_2,-76,0.589824,0,-1,0,70.0874,28
68.5,ue_n042_0004,gNB_4G_2,-57,gNB_5G,-68,0.8192,2,7.23993,0,41.1871,28
68.5,car_north_base_004,gNB_4G_1,-47,gNB_5G,-73,0.139264,0,-1,0,65.5676,28
68.5,car_north_base_005,gNB_4G_1,-47,gNB_4G_2,-79,0.229376,0,-1,0,61.389,28
69.5,ue_n042_0001,gNB_4G_2,-43,gNB_5G,-63,0.278528,2,64.6399,1,47.6405,28
69.5,car_north_peak_001,gNB_4G_2,-44,gNB_5G,-58,0.098304,1,25.2399,0,35.5539,28
69.5,car_north_peak_002_rider,gNB_4G_2,-42,gNB_5G,-54,0.319488,1,18.6399,0,69.9913,28
69.5,car_north_peak_003_rider,gNB_4G_2,-44,gNB_4G_1,-53,0.827392,1,13.4399,0,67.7597,14
69.5,ue_n042_0002,gNB_4G_2,-42,gNB_5G,-65,0.688128,2,61.6399,1,44.6409,28
69.5,ue_ujeongwon_0001,gNB_4G_1,-43,gNB_4G_2,-76,0.385024,0,-1,0,21.8834,28
69.5,car_north_peak_004,gNB_4G_2,-47,gNB_4G_1,-50,0.180224,1,11.4399,0,64.0424,28
69.5,car_north_peak_005,gNB_4G_2,-45,gNB_4G_1,-49,0.4096,1,7.83993,0,14.6559,24
69.5,ue_n043_0001,gNB_5G,-48,gNB_4G_2,-51,0.352256,4,18.6399,1,66.9592,28
69.5,ue_n042_0003,gNB_4G_2,-57,gNB_5G,-66,0.344064,2,43.6399,1,36.5726,28
69.5,ue_n001_0001,gNB_4G_1,-38,gNB_5G,-67,0.589824,0,-1,0,71.0483,28
69.5,ue_n001_0002,gNB_4G_1,-47,gNB_5G,-81,0.630784,0,-1,0,54.4856,28
69.5,ue_ujeongwon_0002,gNB_4G_1,-39,gNB_5G,-73,0.8192,0,-1,0,74.0478,28
69.5,ue_ujeongwon_0003,gNB_4G_1,-38,gNB_4G_2,-89,0.344064,0,-1,0,49.8733,28
69.5,ue_n001_0003,gNB_4G_1,-42,gNB_4G_2,-62,0.540672,0,-1,0,61.7488,28
69.5,car_north_base_001_rider,gNB_4G_1,-41,gNB_5G,-97,0.8192,0,-1,0,31.7608,26
69.5,car_north_base_002_rider,gNB_4G_1,-40,gNB_4G_2,-82,0.8192,0,-1,0,50.393,28
69.5,ue_n043_0002,gNB_4G_2,-55,gNB_4G_1,-57,0.139264,5,7.23993,1,24.4244,28
69.5,ue_n001_0004,gNB_4G_1,-44,gNB_5G,-70,0.630784,0,-1,0,69.4583,28
69.5,ue_n043_0003,gNB_5G,-45,gNB_4G_2,-57,0.45056,0,-1,0,56.8061,28
69.5,car_north_base_003,gNB_4G_1,-37,gNB_5G,-80,0.581632,0,-1,0,47.6484,28
69.5,ue_n042_0004,gNB_4G_2,-55,gNB_5G,-67,0.8192,2,8.23993,0,43.9633,28
69.5,car_north_base_004,gNB_4G_1,-47,gNB_4G_2,-77,0.131072,0,-1,0,55.9249,20
69.5,car_north_base_005,gNB_4G_1,-46,gNB_4G_2,-79,0.221184,0,-1,0,62.0015,27
70.5,ue_n042_0001,gNB_4G_2,-44,gNB_5G,-64,0.270336,2,65.6399,1,68.5814,28
70.5,car_north_peak_001,gNB_4G_2,-46,gNB_5G,-50,0.098304,1,26.2399,0,65.4605,28
70.5,car_north_peak_002_rider,gNB_4G_2,-42,gNB_5G,-51,0.311296,1,19.6399,0,67.1732,28
70.5,car_north_peak_003_rider,gNB_4G_2,-44,gNB_4G_1,-53,0.8192,1,14.4399,0,14.1255,28
70.5,ue_n042_0002,gNB_4G_2,-44,gNB_5G,-65,0.679936,2,62.6399,1,68.3435,28
70.5,ue_ujeongwon_0001,gNB_4G_1,-42,gNB_4G_2,-67,0.393216,0,-1,0,72.6257,28
70.5,car_north_peak_004,gNB_4G_2,-44,gNB_4G_1,-50,0.155648,1,12.4399,0,68.6029,28
70.5,car_north_peak_005,gNB_4G_2,-44,gNB_4G_1,-49,0.4096,1,8.83993,0,15.2442,10
70.5,ue_n043_0001,gNB_5G,-51,gNB_4G_2,-52,0.360448,4,19.6399,1,66.1225,28
70.5,ue_n042_0003,gNB_4G_2,-54,gNB_5G,-65,0.335872,2,44.6399,1,35.6207,28
70.5,ue_n001_0001,gNB_4G_1,-38,gNB_5G,-62,0.581632,0,-1,0,73.5472,28
70.5,ue_n001_0002,gNB_4G_1,-49,gNB_5G,-81,0.630784,0,-1,0,65.3516,28
70.5,ue_ujeongwon_0002,gNB_4G_1,-41,gNB_5G,-73,0.8192,0,-1,0,74.3877,28
70.5,ue_ujeongwon_0003,gNB_4G_1,-39,gNB_4G_2,-88,0.335872,0,-1,0,52.7682,28
70.5,ue_n001_0003,gNB_4G_1,-46,gNB_4G_2,-62,0.548864,0,-1,0,27.2722,25
70.5,car_north_base_001_rider,gNB_4G_1,-41,gNB_4G_2,-71,0.8192,0,-1,0,68.3852,28
70.5,car_north_base_002_rider,gNB_4G_1,-40,gNB_4G_2,-83,0.8192,0,-1,0,60.7583,20
70.5,ue_n043_0002,gNB_4G_2,-56,gNB_5G,-67,0.147456,5,8.23993,1,46.057,28
70.5,ue_n001_0004,gNB_4G_1,-47,gNB_5G,-70,0.630784,0,-1,0,64.6335,28
70.5,ue_n043_0003,gNB_4G_2,-54,gNB_5G,-53,0.458752,1,0.239928,0,54.6474,28
70.5,car_north_base_003,gNB_4G_1,-38,gNB_5G,-77,0.581632,0,-1,0,61.7871,28
70.5,ue_n042_0004,gNB_4G_2,-54,gNB_5G,-66,0.8192,2,9.23993,0,35.5864,28
70.5,car_north_base_004,gNB_4G_1,-46,gNB_5G,-77,0.131072,0,-1,0,66.6385,16
70.5,car_north_base_005,gNB_4G_1,-48,gNB_5G,-77,0.229376,0,-1,0,62.2991,28
71.5,ue_n042_0001,gNB_4G_2,-43,gNB_5G,-63,0.270336,2,66.6399,1,59.3395,28
71.5,car_north_peak_001,gNB_4G_2,-45,gNB_5G,-57,0.090112,1,27.2399,0,24.723,28
71.5,car_north_peak_002_rider,gNB_4G_2,-44,gNB_5G,-52,0.319488,1,20.6399,0,66.1726,28
71.5,car_north_peak_003_rider,gNB_4G_2,-44,gNB_4G_1,-51,0.8192,1,15.4399,0,19.3897,28
71.5,ue_n042_0002,gNB_4G_2,-43,gNB_5G,-63,0.679936,2,63.6399,1,66.9756,28
71.5,ue_ujeongwon_0001,gNB_4G_1,-44,gNB_4G_2,-77,0.393216,0,-1,0,67.7,28
71.5,car_north_peak_004,gNB_4G_2,-44,gNB_4G_1,-50,0.16384,1,13.4399,0,64.1403,28
71.5,car_north_peak_005,gNB_4G_2,-45,gNB_4G_1,-45,0.4096,1,9.83993,0,19.9831,28
71.5,ue_n043_0001,gNB_5G,-50,gNB_4G_2,-51,0.352256,4,20.6399,1,63.33,28
71.5,ue_n042_0003,gNB_4G_2,-54,gNB_5G,-64,0.344064,2,45.6399,1,40.5108,28
71.5,ue_n001_0001,gNB_4G_1,-41,gNB_5G,-68,0.589824,0,-1,0,73.6775,28
71.5,ue_n001_0002,gNB_4G_1,-45,gNB_5G,-82,0.630784,0,-1,0,66.6786,28
71.5,ue_ujeongwon_0002,gNB_4G_1,-39,gNB_5G,-75,0.8192,0,-1,0,72.1465,28
71.5,ue_ujeongwon_0003,gNB_4G_1,-38,gNB_4G_2,-90,0.344064,0,-1,0,52.4434,15
71.5,ue_n001_0003,gNB_4G_1,-42,gNB_4G_2,-60,0.548864,0,-1,0,70.5287,28
71.5,car_north_base_001_rider,gNB_4G_1,-41,gNB_4G_2,-69,0.8192,0,-1,0,63.4797,28
71.5,car_north_base_002_rider,gNB_4G_1,-38,gNB_4G_2,-84,0.8192,0,-1,0,60.2137,24
71.5,ue_n043_0002,gNB_4G_2,-60,gNB_5G,-67,0.139264,5,9.23993,1,38.8642,28
71.5,ue_n001_0004,gNB_4G_1,-47,gNB_5G,-67,0.630784,0,-1,0,65.9145,28
71.5,ue_n043_0003,gNB_5G,-48,gNB_4G_2,-56,0.45056,2,0.639928,1,65.3061,28
71.5,car_north_base_003,gNB_4G_1,-39,gNB_5G,-78,0.589824,0,-1,0,70.9873,28
71.5,ue_n042_0004,gNB_4G_2,-57,gNB_5G,-68,0.8192,2,10.2399,0,36.4558,28
71.5,car_north_base_004,gNB_4G_1,-45,gNB_4G_2,-74,0.139264,0,-1,0,61.8131,25
71.5,car_north_base_005,gNB_4G_1,-48,gNB_5G,-76,0.229376,0,-1,0,38.2204,28
72.5,ue_n042_0001,gNB_4G_2,-47,gNB_5G,-63,0.278528,2,67.6399,1,64.5431,28
72.5,car_north_peak_001,gNB_4G_2,-44,gNB_5G,-59,0.098304,1,28.2399,0,66.5522,28
72.5,car_north_peak_002_rider,gNB_4G_2,-44,gNB_5G,-52,0.311296,1,21.6399,0,69.2884,28
72.5,car_north_peak_003_rider,gNB_4G_2,-43,gNB_4G_1,-51,0.8192,1,16.4399,0,20.7819,21
72.5,ue_n042_0002,gNB_4G_2,-43,gNB_5G,-63,0.688128,2,64.6399,1,66.2386,28
72.5,ue_ujeongwon_0001,gNB_4G_1,-42,gNB_4G_2,-67,0.385024,0,-1,0,67.7725,28
72.5,car_north_peak_004,gNB_4G_2,-45,gNB_4G_1,-50,0.16384,1,14.4399,0,66.5693,28
72.5,car_north_peak_005,gNB_4G_2,-46,gNB_4G_1,-49,0.4096,1,10.8399,0,18.9944,28
72.5,ue_n043_0001,gNB_5G,-50,gNB_4G_2,-51,0.352256,4,21.6399,1,63.8238,28
72.5,ue_n042_0003,gNB_4G_2,-56,gNB_5G,-65,0.344064,2,46.6399,1,42.3081,28
72.5,ue_n001_0001,gNB_4G_1,-38,gNB_5G,-66,0.581632,0,-1,0,66.4488,28
72.5,ue_n001_0002,gNB_4G_1,-43,gNB_4G_2,-102,0.630784,0,-1,0,66.0632,28
72.5,ue_ujeongwon_0002,gNB_4G_1,-40,gNB_5G,-75,0.8192,0,-1,0,57.506,28
72.5,ue_ujeongwon_0003,gNB_4G_1,-37,gNB_4G_2,-88,0.335872,0,-1,0,15.1922,18
72.5,ue_n001_0003,gNB_4G_1,-44,gNB_4G_2,-64,0.540672,0,-1,0,23.6357,21
72.5,car_north_base_001_rider,gNB_4G_1,-42,gNB_4G_2,-66,0.8192,0,-1,0,33.0511,28
72.5,car_north_base_002_rider,gNB_4G_1,-39,gNB_4G_2,-97,0.8192,0,-1,0,60.0555,27
72.5,ue_n043_0002,gNB_4G_2,-55,gNB_5G,-65,0.139264,5,10.2399,1,27.2663,28
72.5,ue_n001_0004,gNB_4G_1,-46,gNB_5G,-68,0.630784,0,-1,0,69.2543,28
72.5,ue_n043_0003,gNB_5G,-45,gNB_4G_2,-53,0.458752,2,1.63993,1,67.0041,28
72.5,car_north_base_003,gNB_4G_1,-42,gNB_4G_2,-82,0.581632,0,-1,0,52.8786,28
72.5,ue_n042_0004,gNB_4G_2,-58,gNB_5G,-68,0.8192,2,11.2399,0,40.7719,28
72.5,car_north_base_004,gNB_4G_1,-43,gNB_4G_2,-64,0.131072,0,-1,0,67.5956,16
72.5,car_north_base_005,gNB_4G_1,-50,gNB_5G,-73,0.229376,0,-1,0,58.401,28
73.5,ue_n042_0001,gNB_4G_2,-45,gNB_5G,-64,0.270336,2,68.6399,1,69.8151,28
73.5,car_north_peak_001,gNB_4G_2,-44,gNB_5G,-55,0.098304,1,29.2399,0,29.6453,28
73.5,car_north_peak_002_rider,gNB_4G_2,-43,gNB_5G,-52,0.311296,1,22.6399,0,66.4614,28
73.5,car_north_peak_003_rider,gNB_4G_2,-40,gNB_4G_1,-50,0.8192,1,17.4399,0,25.6129,27
73.5,ue_n042_0002,gNB_4G_2,-44,gNB_5G,-64,0.679936,2,65.6399,1,56.1406,28
73.5,ue_ujeongwon_0001,gNB_4G_1,-42,gNB_4G_2,-62,0.393216,0,-1,0,66.8224,28
73.5,car_north_peak_004,gNB_4G_2,-44,gNB_4G_1,-52,0.155648,1,15.4399,0,66.9988,28
73.5,car_north_peak_005,gNB_4G_2,-42,gNB_4G_1,-53,0.4096,1,11.8399,0,15.3146,28
73.5,ue_n043_0001,gNB_5G,-48,gNB_4G_2,-50,0.360448,4,22.6399,1,66.4184,28
73.5,ue_n042_0003,gNB_4G_2,-50,gNB_5G,-64,0.335872,2,47.6399,1,43.4332,28
73.5,ue_n001_0001,gNB_4G_1,-37,gNB_5G,-66,0.589824,0,-1,0,73.0606,28
73.5,ue_n001_0002,gNB_4G_1,-48,gNB_4G_2,-78,0.630784,0,-1,0,55.1143,28
73.5,ue_ujeongwon_0002,gNB_4G_1,-41,gNB_5G,-74,0.8192,0,-1,0,70.7248,28
73.5,ue_ujeongwon_0003,gNB_4G_1,-77,gNB_4G_2,-90,0.344064,0,-1,0,50.2925,28
73.5,ue_n001_0003,gNB_4G_1,-42,gNB_4G_2,-60,0.548864,0,-1,0,68.7349,28
73.5,car_north_base_001_rider,gNB_4G_1,-48,gNB_5G,-67,0.8192,0,-1,0,55.697,28
73.5,car_north_base_002_rider,gNB_4G_1,-41,gNB_5G,-96,0.8192,0,-1,0,32.126,28
73.5,ue_n043_0002,gNB_4G_2,-53,gNB_5G,-64,0.139264,5,11.2399,1,6.93397,28
73.5,ue_n001_0004,gNB_4G_1,-45,gNB_5G,-69,0.630784,0,-1,0,67.8398,28
73.5,ue_n043_0003,gNB_5G,-47,gNB_4G_2,-55,0.45056,2,2.63993,1,62.8934,28
73.5,car_north_base_003,gNB_4G_1,-38,gNB_5G,-73,0.589824,0,-1,0,45.4771,28
73.5,ue_n042_0004,gNB_4G_2,-58,gNB_5G,-64,0.8192,2,12.2399,0,40.8942,28
73.5,car_north_base_004,gNB_4G_1,-41,gNB_4G_2,-64,0.131072,0,-1,0,26.3533,24
73.5,car_north_base_005,gNB_4G_1,-54,gNB_4G_2,-73,0.229376,0,-1,0,63.025,28
74.5,ue_n042_0001,gNB_4G_2,-41,gNB_5G,-66,0.270336,2,69.6399,1,56.8857,28
74.5,car_north_peak_001,gNB_4G_2,-45,gNB_5G,-52,0.098304,1,30.2399,0,66.1059,28
74.5,car_north_peak_002_rider,gNB_4G_2,-43,gNB_5G,-53,0.319488,1,23.6399,0,67.0602,8
74.5,car_north_peak_003_rider,gNB_4G_2,-41,gNB_4G_1,-51,0.8192,1,18.4399,0,46.0805,28
74.5,ue_n042_0002,gNB_4G_2,-43,gNB_5G,-64,0.679936,2,66.6399,1,56.9964,28
74.5,ue_ujeongwon_0001,gNB_4G_1,-42,gNB_4G_2,-66,0.393216,0,-1,0,63.8744,28
74.5,car_north_peak_004,gNB_4G_2,-43,gNB_4G_1,-52,0.16384,1,16.4399,0,65.2291,28
74.5,car_north_peak_005,gNB_4G_2,-42,gNB_4G_1,-50,0.4096,1,12.8399,0,67.7597,21
74.5,ue_n043_0001,gNB_5G,-48,gNB_4G_2,-50,0.352256,4,23.6399,1,60.0003,28
74.5,ue_n042_0003,gNB_4G_2,-51,gNB_5G,-64,0.344064,2,48.6399,1,46.2433,28
74.5,ue_n001_0001,gNB_4G_1,-40,gNB_5G,-65,0.581632,0,-1,0,74.0719,28
74.5,ue_n001_0002,gNB_4G_1,-48,gNB_4G_2,-74,0.622592,0,-1,0,60.7391,28
74.5,ue_ujeongwon_0002,gNB_4G_1,-53,gNB_5G,-79,0.8192,0,-1,0,51.9591,28
74.5,ue_ujeongwon_0003,gNB_4G_1,-44,gNB_4G_2,-90,0.344064,0,-1,0,9.7082,16
74.5,ue_n001_0003,gNB_4G_1,-43,gNB_4G_2,-62,0.548864,0,-1,0,70.5039,28
74.5,car_north_base_001_rider,gNB_4G_1,-43,gNB_5G,-64,0.8192,0,-1,0,63.3782,28
74.5,car_north_base_002_rider,gNB_4G_1,-41,gNB_4G_2,-70,0.8192,0,-1,0,30.9318,28
74.5,ue_n043_0002,gNB_4G_2,-54,gNB_4G_1,-60,0.147456,5,12.2399,1,13.5476,28
74.5,ue_n001_0004,gNB_4G_1,-50,gNB_5G,-74,0.630784,0,-1,0,61.7423,28
74.5,ue_n043_0003,gNB_5G,-46,gNB_4G_2,-54,0.458752,2,3.63993,1,61.6825,28
74.5,car_north_base_003,gNB_4G_1,-39,gNB_5G,-65,0.581632,0,-1,0,40.7473,28
74.5,ue_n042_0004,gNB_4G_2,-58,gNB_5G,-71,0.8192,2,13.2399,0,34.444,28
74.5,car_north_base_004,gNB_4G_1,-43,gNB_4G_2,-66,0.139264,0,-1,0,67.8684,28
74.5,car_north_base_005,gNB_4G_1,-55,gNB_4G_2,-65,0.221184,0,-1,0,67.4356,14
75.5,ue_n042_0001,gNB_4G_2,-38,gNB_5G,-64,0.278528,2,70.6399,1,50.1627,28
75.5,car_north_peak_001,gNB_4G_2,-45,gNB_5G,-52,0.090112,1,31.2399,0,39.4199,28
75.5,car_north_peak_002_rider,gNB_4G_2,-44,gNB_5G,-49,0.311296,1,24.6399,0,67.6879,28
75.5,car_north_peak_003_rider,gNB_4G_2,-43,gNB_5G,-56,0.8192,1,19.4399,0,47.4478,28
75.5,ue_n042_0002,gNB_4G_2,-47,gNB_5G,-62,0.688128,2,67.6399,1,51.4683,28
75.5,ue_ujeongwon_0001,gNB_4G_1,-50,gNB_4G_2,-64,0.385024,0,-1,0,69.8145,28
75.5,car_north_peak_004,gNB_4G_2,-45,gNB_4G_1,-50,0.16384,1,17.4399,0,66.5318,28
75.5,car_north_peak_005,gNB_4G_2,-43,gNB_4G_1,-52,0.4096,1,13.8399,0,22.6508,19
75.5,ue_n043_0001,gNB_5G,-50,gNB_4G_2,-52,0.360448,4,24.6399,1,63.5089,28
75.5,ue_n042_0003,gNB_4G_2,-52,gNB_5G,-64,0.344064,2,49.6399,1,43.9514,28
75.5,ue_n001_0001,gNB_4G_1,-38,gNB_5G,-62,0.581632,0,-1,0,50.7551,28
75.5,ue_n001_0002,gNB_4G_1,-45,gNB_4G_2,-76,0.630784,0,-1,0,52.6179,28
75.5,ue_ujeongwon_0002,gNB_4G_1,-40,gNB_5G,-75,0.8192,0,-1,0,68.6594,28
75.5,ue_ujeongwon_0003,gNB_4G_1,-91,gNB_4G_2,-90,0.335872,0,-1,0,46.5215,28
75.5,ue_n001_0003,gNB_4G_1,-45,gNB_4G_2,-61,0.540672,0,-1,0,70.5257,28
75.5,car_north_base_001_rider,gNB_4G_1,-45,gNB_5G,-66,0.8192,0,-1,0,32.9436,28
75.5,car_north_base_002_rider,gNB_4G_1,-41,gNB_4G_2,-69,0.8192,0,-1,0,22.8672,24
75.5,ue_n043_0002,gNB_4G_2,-53,gNB_5G,-64,0.139264,5,13.2399,1,55.654,28
75.5,ue_n001_0004,gNB_4G_1,-46,gNB_5G,-74,0.630784,0,-1,0,42.2956,28
75.5,ue_n043_0003,gNB_5G,-56,gNB_4G_2,-52,0.458752,2,4.63993,1,65.1808,26
75.5,car_north_base_003,gNB_4G_1,-40,gNB_5G,-66,0.589824,0,-1,0,49.8341,28
75.5,ue_n042_0004,gNB_4G_2,-56,gNB_5G,-70,0.8192,2,14.2399,0,38.5273,28
75.5,car_north_base_004,gNB_4G_1,-44,gNB_4G_2,-64,0.131072,0,-1,0,35.6367,20
75.5,car_north_base_005,gNB_4G_1,-49,gNB_4G_2,-66,0.229376,0,-1,0,63.3718,28
75.5,ue_n043_0004,gNB_5G,-50,gNB_4G_2,-55,0.32768,0,-1,0,59.3629,28
76.5,ue_n042_0001,gNB_4G_2,-42,gNB_5G,-64,0.270336,2,71.6399,1,55.8736,28
76.5,car_north_peak_001,gNB_4G_2,-47,gNB_5G,-51,0.098304,1,32.2399,0,46.2195,28
76.5,car_north_peak_002_rider,gNB_4G_2,-43,gNB_5G,-52,0.319488,1,25.6399,0,34.9729,0
76.5,car_north_peak_003_rider,gNB_4G_2,-43,gNB_5G,-55,0.8192,1,20.4399,0,45.7478,24
76.5,ue_n042_0002,gNB_4G_2,-45,gNB_5G,-64,0.679936,2,68.6399,1,53.3067,25
76.5,ue_ujeongwon_0001,gNB_4G_1,-43,gNB_4G_2,-62,0.393216,0,-1,0,68.1347,28
76.5,car_north_peak_004,gNB_4G_2,-41,gNB_4G_1,-54,0.155648,1,18.4399,0,49.7292,28
76.5,car_north_peak_005,gNB_4G_2,-41,gNB_4G_1,-51,0.4096,1,14.8399,0,37.5841,28
76.5,ue_n043_0001,gNB_5G,-49,gNB_4G_2,-51,0.352256,4,25.6399,1,65.6453,28
76.5,ue_n042_0003,gNB_4G_2,-51,gNB_5G,-65,0.335872,2,50.6399,1,48.5211,28
76.5,ue_n001_0001,gNB_4G_1,-38,gNB_5G,-66,0.589824,0,-1,0,72.8679,28
76.5,ue_n001_0002,gNB_4G_1,-44,gNB_4G_2,-77,0.630784,0,-1,0,56.991,28
76.5,ue_ujeongwon_0002,gNB_4G_1,-40,gNB_4G_2,-68,0.8192,0,-1,0,75.7278,28
76.5,ue_ujeongwon_0003,gNB_4G_1,-65,gNB_4G_2,-117,0.278528,0,-1,0,-8.77254,0
76.5,ue_n001_0003,gNB_4G_1,-42,gNB_4G_2,-63,0.548864,0,-1,0,64.916,28
76.5,car_north_base_001_rider,gNB_4G_1,-49,gNB_5G,-60,0.8192,0,-1,0,58.2967,25
76.5,car_north_base_002_rider,gNB_4G_1,-42,gNB_4G_2,-66,0.811008,0,-1,0,56.218,28
76.5,ue_n043_0002,gNB_4G_2,-53,gNB_4G_1,-57,0.139264,5,14.2399,1,14.1666,18
76.5,ue_n001_0004,gNB_4G_1,-42,gNB_5G,-76,0.630784,0,-1,0,65.9457,28
76.5,ue_n043_0003,gNB_5G,-45,gNB_4G_2,-53,0.45056,2,5.63993,1,66.4072,28
76.5,car_north_base_003,gNB_4G_1,-41,gNB_5G,-65,0.581632,0,-1,0,53.8545,28
76.5,ue_n042_0004,gNB_4G_2,-56,gNB_5G,-68,0.8192,2,15.2399,0,36.8346,28
76.5,car_north_base_004,gNB_4G_1,-44,gNB_4G_2,-64,0.139264,0,-1,0,68.0993,28
76.5,car_north_base_005,gNB_4G_1,-42,gNB_4G_2,-67,0.229376,0,-1,0,67.5587,28
76.5,ue_n043_0004,gNB_5G,-49,gNB_4G_2,-55,0.745472,0,-1,0,61.5528,28
76.5,car_north_base_006_rider,gNB_4G_1,-44,gNB_4G_2,-79,0.057344,0,-1,0,63.0414,28
77.5,ue_n042_0001,gNB_4G_2,-40,gNB_5G,-63,0.270336,2,72.6399,1,51.3881,28
77.5,car_north_peak_001,gNB_4G_2,-47,gNB_5G,-60,0.098304,1,33.2399,0,24.2688,28
77.5,car_north_peak_002_rider,gNB_4G_2,-45,gNB_5G,-51,0.311296,1,26.6399,0,33.8835,28
77.5,car_north_peak_003_rider,gNB_4G_2,-44,gNB_5G,-57,0.8192,1,21.4399,0,34.0886,27
77.5,ue_n042_0002,gNB_4G_2,-41,gNB_5G,-66,0.679936,2,69.6399,1,70.9433,28
77.5,ue_ujeongwon_0001,gNB_4G_1,-40,gNB_4G_2,-63,0.385024,0,-1,0,61.5157,28
77.5,car_north_peak_004,gNB_4G_2,-43,gNB_5G,-58,0.16384,1,19.4399,0,39.7171,28
77.5,car_north_peak_005,gNB_4G_2,-43,gNB_4G_1,-56,0.4096,1,15.8399,0,29.6151,25
77.5,ue_n043_0001,gNB_5G,-49,gNB_4G_2,-49,0.360448,4,26.6399,1,65.4122,28
77.5,ue_n042_0003,gNB_4G_2,-50,gNB_5G,-62,0.344064,2,51.6399,1,48.1944,28
77.5,ue_n001_0001,gNB_4G_1,-40,gNB_5G,-67,0.581632,0,-1,0,77.7545,28
77.5,ue_n001_0002,gNB_4G_1,-47,gNB_5G,-73,0.630784,0,-1,0,63.6926,28
77.5,ue_ujeongwon_0002,gNB_4G_1,-40,gNB_5G,-81,0.8192,0,-1,0,71.5243,28
77.5,ue_ujeongwon_0003,gNB_4G_1,-87,gNB_4G_2,-117,0.303104,0,-1,0,43.9975,28
77.5,ue_n001_0003,gNB_4G_1,-38,gNB_4G_2,-64,0.548864,0,-1,0,68.1735,28
77.5,car_north_base_001_rider,gNB_4G_1,-47,gNB_5G,-61,0.8192,0,-1,0,55.3342,28
77.5,car_north_base_002_rider,gNB_4G_1,-42,gNB_4G_2,-67,0.827392,0,-1,0,27.4292,28
77.5,ue_n043_0002,gNB_4G_2,-54,gNB_4G_1,-61,0.147456,5,15.2399,1,57.6574,28
77.5,ue_n001_0004,gNB_4G_1,-43,gNB_5G,-77,0.622592,0,-1,0,62.4049,28
77.5,ue_n043_0003,gNB_5G,-47,gNB_4G_2,-53,0.458752,2,6.63993,1,61.4331,28
77.5,car_north_base_003,gNB_4G_1,-42,gNB_5G,-68,0.581632,0,-1,0,48.1234,28
77.5,ue_n042_0004,gNB_4G_2,-54,gNB_5G,-67,0.8192,2,16.2399,0,42.4117,28
77.5,car_north_base_004,gNB_4G_1,-42,gNB_4G_2,-71,0.131072,0,-1,0,73.7344,28
77.5,car_north_base_005,gNB_4G_1,-45,gNB_4G_2,-64,0.229376,0,-1,0,68.8768,28
77.5,ue_n043_0004,gNB_5G,-49,gNB_4G_2,-61,0.73728,0,-1,0,58.39,28
77.5,car_north_base_006_rider,gNB_4G_1,-44,gNB_4G_2,-77,0.131072,0,-1,0,66.798,28
78.5,ue_n042_0001,gNB_4G_2,-43,gNB_5G,-62,0.278528,2,73.6399,1,72.6051,28
78.5,car_north_peak_001,gNB_4G_2,-47,gNB_5G,-56,0.098304,1,34.2399,0,63.6926,28
78.5,car_north_peak_002_rider,gNB_4G_2,-44,gNB_5G,-50,0.319488,1,27.6399,0,25.6188,28
78.5,car_north_peak_003_rider,gNB_4G_2,-44,gNB_5G,-54,0.8192,1,22.4399,0,67.1022,28
78.5,ue_n042_0002,gNB_4G_2,-43,gNB_5G,-64,0.688128,2,70.6399,1,47.6017,28
78.5,ue_ujeongwon_0001,gNB_4G_1,-52,gNB_4G_2,-62,0.393216,0,-1,0,27.5926,28
78.5,car_north_peak_004,gNB_4G_2,-46,gNB_5G,-56,0.155648,1,20.4399,0,66.9819,28
78.5,car_north_peak_005,gNB_4G_2,-45,gNB_5G,-57,0.4096,1,16.8399,0,11.3907,28
78.5,ue_n043_0001,gNB_5G,-48,gNB_4G_2,-50,0.352256,4,27.6399,1,64.1358,28
78.5,ue_n042_0003,gNB_4G_2,-49,gNB_5G,-65,0.344064,2,52.6399,1,50.5078,28
78.5,ue_n001_0001,gNB_4G_1,-40,gNB_5G,-67,0.589824,0,-1,0,70.1269,28
78.5,ue_n001_0002,gNB_4G_1,-49,gNB_5G,-65,0.630784,0,-1,0,63.1172,28
78.5,ue_ujeongwon_0002,gNB_4G_1,-41,gNB_4G_2,-79,0.8192,0,-1,0,36.1514,28
78.5,ue_ujeongwon_0003,gNB_4G_1,-54,gNB_4G_2,-119,0.344064,0,-1,0,59.0627,28
78.5,ue_n001_0003,gNB_4G_1,-52,gNB_4G_2,-67,0.540672,0,-1,0,73.4109,28
78.5,car_north_base_001_rider,gNB_4G_1,-47,gNB_5G,-61,0.8192,0,-1,0,35.1583,28
78.5,car_north_base_002_rider,gNB_4G_1,-41,gNB_5G,-61,0.8192,0,-1,0,28.2875,28
78.5,ue_n043_0002,gNB_4G_2,-53,gNB_5G,-64,0.139264,5,16.2399,1,54.5638,28
78.5,ue_n001_0004,gNB_4G_1,-44,gNB_5G,-76,0.630784,0,-1,0,61.7511,28
78.5,ue_n043_0003,gNB_4G_2,-52,gNB_5G,-61,0.442368,3,0.639928,0,37.2616,28
78.5,car_north_base_003,gNB_4G_1,-39,gNB_5G,-70,0.589824,0,-1,0,68.6525,28
78.5,ue_n042_0004,gNB_4G_2,-55,gNB_5G,-71,0.8192,2,17.2399,0,39.7741,28
78.5,car_north_base_004,gNB_4G_1,-38,gNB_5G,-80,0.139264,0,-1,0,70.5379,25
78.5,car_north_base_005,gNB_4G_1,-45,gNB_4G_2,-64,0.221184,0,-1,0,29.4893,28
78.5,ue_n043_0004,gNB_5G,-51,gNB_4G_2,-59,0.745472,0,-1,0,59.2064,28
78.5,car_north_base_006_rider,gNB_4G_1,-45,gNB_4G_2,-78,0.131072,0,-1,0,35.2991,28
78.5,ue_n043_0005,gNB_5G,-55,gNB_4G_2,-66,0.229376,0,-1,0,58.2614,28
79.5,ue_n042_0001,gNB_4G_2,-45,gNB_5G,-61,0.270336,2,74.6399,1,69.6724,28
79.5,car_north_peak_001,gNB_4G_2,-47,gNB_5G,-55,0.090112,1,35.2399,0,64.8718,28
79.5,car_north_peak_002_rider,gNB_4G_2,-44,gNB_5G,-55,0.311296,1,28.6399,0,68.8415,28
79.5,car_north_peak_003_rider,gNB_4G_2,-44,gNB_5G,-53,0.8192,1,23.4399,0,16.8143,13
79.5,ue_n042_0002,gNB_4G_2,-44,gNB_5G,-64,0.679936,2,71.6399,1,69.3739,28
79.5,ue_ujeongwon_0001,gNB_4G_1,-43,gNB_4G_2,-67,0.393216,0,-1,0,37.442,28
79.5,car_north_peak_004,gNB_4G_2,-44,gNB_5G,-52,0.16384,1,21.4399,0,46.8008,28
79.5,car_north_peak_005,gNB_4G_2,-47,gNB_5G,-59,0.4096,1,17.8399,0,65.5788,28
79.5,ue_n043_0001,gNB_5G,-48,gNB_4G_2,-51,0.360448,4,28.6399,1,67.3109,28
79.5,ue_n042_0003,gNB_4G_2,-49,gNB_5G,-63,0.335872,2,53.6399,1,65.6467,28
79.5,ue_n001_0001,gNB_4G_1,-39,gNB_5G,-67,0.581632,0,-1,0,73.389,28
79.5,ue_n001_0002,gNB_4G_1,-49,gNB_5G,-68,0.630784,0,-1,0,61.7929,28
79.5,ue_ujeongwon_0002,gNB_4G_1,-40,gNB_4G_2,-70,0.8192,0,-1,0,72.5911,28
79.5,ue_ujeongwon_0003,gNB_4G_1,-46,gNB_4G_2,-110,0.335872,0,-1,0,41.9018,28
79.5,ue_n001_0003,gNB_4G_1,-41,gNB_4G_2,-65,0.548864,0,-1,0,67.1384,28
79.5,car_north_base_001_rider,gNB_4G_1,-49,gNB_5G,-60,0.794624,0,-1,0,61.8801,28
79.5,car_north_base_002_rider,gNB_4G_1,-45,gNB_5G,-66,0.8192,0,-1,0,38.1935,28
79.5,ue_n043_0002,gNB_4G_2,-55,gNB_5G,-67,0.139264,5,17.2399,1,58.3318,28
79.5,ue_n001_0004,gNB_4G_1,-47,gNB_5G,-87,0.630784,0,-1,0,66.8362,28
79.5,ue_n043_0003,gNB_4G_2,-54,gNB_5G,-58,0.442368,3,1.63993,0,20.8326,19
79.5,car_north_base_003,gNB_4G_1,-36,gNB_4G_2,-82,0.581632,0,-1,0,63.495,28
79.5,ue_n042_0004,gNB_4G_2,-55,gNB_5G,-69,0.8192,2,18.2399,0,31.9401,28
79.5,car_north_base_004,gNB_4G_1,-38,gNB_5G,-78,0.131072,0,-1,0,63.1117,28
79.5,car_north_base_005,gNB_4G_1,-45,gNB_4G_2,-62,0.229376,0,-1,0,73.5842,28
79.5,ue_n043_0004,gNB_5G,-50,gNB_4G_2,-56,0.745472,0,-1,0,57.2362,28
79.5,car_north_base_006_rider,gNB_4G_1,-46,gNB_4G_2,-76,0.12288,0,-1,0,34.0517,28
79.5,ue_n043_0005,gNB_5G,-54,gNB_4G_2,-65,0.483328,0,-1,0,58.3929,28
80.5,ue_n042_0001,gNB_4G_2,-41,gNB_5G,-61,0.270336,2,75.6399,1,61.8479,28
80.5,car_north_peak_001,gNB_4G_2,-46,gNB_5G,-53,0.098304,1,36.2399,0,25.0412,28
80.5,car_north_peak_002_rider,gNB_4G_2,-42,gNB_5G,-53,0.319488,1,29.6399,0,66.2298,28
80.5,car_north_peak_003_rider,gNB_4G_2,-45,gNB_5G,-54,0.8192,1,24.4399,0,33.1471,28
80.5,ue_n042_0002,gNB_4G_2,-40,gNB_5G,-63,0.679936,2,72.6399,1,67.8864,28
80.5,ue_ujeongwon_0001,gNB_4G_1,-44,gNB_5G,-74,0.385024,0,-1,0,66.276,28
80.5,car_north_peak_004,gNB_4G_2,-42,gNB_5G,-53,0.16384,1,22.4399,0,66.748,28
80.5,car_north_peak_005,gNB_4G_2,-44,gNB_5G,-59,0.4096,1,18.8399,0,46.0554,28
80.5,ue_n043_0001,gNB_5G,-47,gNB_4G_2,-48,0.352256,4,29.6399,1,64.1412,27
80.5,ue_n042_0003,gNB_4G_2,-44,gNB_5G,-63,0.344064,2,54.6399,1,59.2115,28
80.5,ue_n001_0001,gNB_4G_1,-39,gNB_5G,-69,0.589824,0,-1,0,74.3096,28
80.5,ue_n001_0002,gNB_4G_1,-48,gNB_5G,-65,0.630784,0,-1,0,41.3601,28
80.5,ue_ujeongwon_0002,gNB_4G_1,-39,gNB_4G_2,-73,0.8192,0,-1,0,41.0565,28
80.5,ue_ujeongwon_0003,gNB_4G_1,-39,gNB_4G_2,-89,0.344064,0,-1,0,51.5043,28
80.5,ue_n001_0003,gNB_4G_1,-39,gNB_5G,-77,0.548864,0,-1,0,50.3705,28
80.5,car_north_base_001_rider,gNB_4G_2,-46,gNB_4G_1,-52,0.647168,1,0.0399284,0,18.8582,20
80.5,car_north_base_002_rider,gNB_4G_1,-45,gNB_5G,-67,0.8192,0,-1,0,27.8066,28
80.5,ue_n043_0002,gNB_4G_2,-53,gNB_5G,-67,0.139264,5,18.2399,1,31.5915,28
80.5,ue_n001_0004,gNB_4G_1,-49,gNB_5G,-81,0.630784,0,-1,0,62.0861,28
80.5,ue_n043_0003,gNB_4G_2,-54,gNB_5G,-53,0.417792,3,2.63993,0,57.501,28
80.5,car_north_base_003,gNB_4G_1,-37,gNB_4G_2,-83,0.589824,0,-1,0,70.949,28
80.5,ue_n042_0004,gNB_4G_2,-58,gNB_5G,-68,0.8192,2,19.2399,0,52.0374,28
80.5,car_north_base_004,gNB_4G_1,-43,gNB_5G,-75,0.131072,0,-1,0,59.6426,28
80.5,car_north_base_005,gNB_4G_1,-44,gNB_4G_2,-72,0.229376,0,-1,0,63.8254,28
80.5,ue_n043_0004,gNB_5G,-49,gNB_4G_1,-60,0.745472,0,-1,0,60.0742,3
80.5,car_north_base_006_rider,gNB_4G_1,-47,gNB_4G_2,-77,0.131072,0,-1,0,32.8883,27
80.5,ue_n043_0005,gNB_5G,-51,gNB_4G_2,-60,0.475136,0,-1,0,58.376,28
81.5,ue_n042_0001,gNB_4G_2,-49,gNB_5G,-60,0.278528,2,76.6399,1,63.4692,28
81.5,car_north_peak_001,gNB_4G_2,-50,gNB_5G,-54,0.098304,1,37.2399,0,62.7545,28
81.5,car_north_peak_002_rider,gNB_4G_2,-44,gNB_5G,-53,0.311296,1,30.6399,0,28.7352,27
81.5,car_north_peak_003_rider,gNB_4G_2,-43,gNB_5G,-60,0.8192,1,25.4399,0,42.4348,20
81.5,ue_n042_0002,gNB_4G_2,-43,gNB_5G,-62,0.688128,2,73.6399,1,62.0722,28
81.5,ue_ujeongwon_0001,gNB_4G_1,-44,gNB_4G_2,-64,0.393216,0,-1,0,68.4576,28
81.5,car_north_peak_004,gNB_4G_2,-44,gNB_5G,-55,0.155648,1,23.4399,0,66.6778,28
81.5,car_north_peak_005,gNB_4G_2,-40,gNB_5G,-57,0.4096,1,19.8399,0,69.7263,28
81.5,ue_n043_0001,gNB_5G,-47,gNB_4G_2,-51,0.360448,4,30.6399,1,64.6307,28
81.5,ue_n042_0003,gNB_4G_2,-44,gNB_5G,-64,0.344064,2,55.6399,1,51.3335,28
81.5,ue_n001_0001,gNB_4G_1,-39,gNB_5G,-69,0.581632,0,-1,0,55.536,28
81.5,ue_n001_0002,gNB_4G_1,-47,gNB_5G,-62,0.630784,0,-1,0,62.6331,28
81.5,ue_ujeongwon_0002,gNB_4G_1,-40,gNB_5G,-76,0.8192,0,-1,0,50.2475,28
81.5,ue_ujeongwon_0003,gNB_4G_1,-40,gNB_4G_2,-80,0.344064,0,-1,0,43.5308,28
81.5,ue_n001_0003,gNB_4G_1,-44,gNB_5G,-75,0.540672,0,-1,0,53.5965,28
81.5,car_north_base_001_rider,gNB_4G_2,-45,gNB_4G_1,-53,0.802816,1,1.03993,0,69.0164,28
81.5,car_north_base_002_rider,gNB_4G_1,-46,gNB_5G,-65,0.8192,0,-1,0,21.2917,28
81.5,ue_n043_0002,gNB_4G_2,-52,gNB_5G,-68,0.131072,5,19.2399,1,10.2092,28
81.5,ue_n001_0004,gNB_4G_1,-46,gNB_5G,-77,0.630784,0,-1,0,68.5922,28
81.5,ue_n043_0003,gNB_5G,-48,gNB_4G_2,-53,0.458752,4,0.839928,1,67.4564,28
81.5,car_north_base_003,gNB_4G_1,-40,gNB_4G_2,-83,0.581632,0,-1,0,59.9121,28
81.5,ue_n042_0004,gNB_4G_2,-58,gNB_5G,-68,0.8192,2,20.2399,0,38.8897,28
81.5,car_north_base_004,gNB_4G_1,-40,gNB_4G_2,-83,0.139264,0,-1,0,72.6294,28
81.5,car_north_base_005,gNB_4G_1,-40,gNB_5G,-78,0.229376,0,-1,0,72.3711,28
81.5,ue_n043_0004,gNB_5G,-48,gNB_4G_2,-54,0.745472,0,-1,0,62.0763,28
81.5,car_north_base_006_rider,gNB_4G_1,-51,gNB_5G,-74,0.12288,0,-1,0,33.6841,28
81.5,ue_n043_0005,gNB_5G,-50,gNB_4G_2,-56,0.483328,0,-1,0,57.2372,20
82.5,ue_n042_0001,gNB_4G_2,-42,gNB_5G,-58,0.270336,2,77.6399,1,65.5352,28
82.5,car_north_peak_001,gNB_4G_2,-48,gNB_5G,-54,0.098304,1,38.2399,0,65.0175,28
82.5,car_north_peak_002_rider,gNB_4G_2,-45,gNB_5G,-52,0.319488,1,31.6399,0,66.1379,28
82.5,car_north_peak_003_rider,gNB_4G_2,-45,gNB_5G,-56,0.8192,1,26.4399,0,11.5915,28
82.5,ue_n042_0002,gNB_4G_2,-41,gNB_5G,-61,0.679936,2,74.6399,1,53.4611,28
82.5,ue_ujeongwon_0001,gNB_4G_1,-42,gNB_4G_2,-62,0.385024,0,-1,0,22.6063,24
82.5,car_north_peak_004,gNB_4G_2,-44,gNB_5G,-55,0.16384,1,24.4399,0,28.2771,28
82.5,car_north_peak_005,gNB_4G_2,-40,gNB_5G,-58,0.4096,1,20.8399,0,69.3115,28
82.5,ue_n043_0001,gNB_5G,-48,gNB_4G_2,-50,0.352256,4,31.6399,1,66.3568,28
82.5,ue_n042_0003,gNB_4G_2,-44,gNB_5G,-65,0.335872,2,56.6399,1,71.2224,28
82.5,ue_n001_0001,gNB_4G_1,-37,gNB_5G,-68,0.581632,0,-1,0,57.7362,28
82.5,ue_n001_0002,gNB_4G_1,-47,gNB_5G,-65,0.630784,0,-1,0,37.8541,28
82.5,ue_ujeongwon_0002,gNB_4G_1,-42,gNB_5G,-77,0.8192,0,-1,0,52.4681,28
82.5,ue_ujeongwon_0003,gNB_4G_1,-39,gNB_4G_2,-70,0.335872,0,-1,0,35.1969,28
82.5,ue_n001_0003,gNB_4G_1,-41,gNB_5G,-78,0.548864,0,-1,0,49.9705,28
82.5,car_north_base_001_rider,gNB_4G_2,-42,gNB_4G_1,-51,0.8192,1,2.03993,0,42.0787,28
82.5,car_north_base_002_rider,gNB_4G_1,-48,gNB_5G,-59,0.8192,0,-1,0,44.8387,28
82.5,ue_n043_0002,gNB_4G_2,-56,gNB_4G_1,-61,0.139264,5,20.2399,1,54.8701,28
82.5,ue_n001_0004,gNB_4G_1,-49,gNB_5G,-83,0.630784,0,-1,0,61.2619,28
82.5,ue_n043_0003,gNB_5G,-43,gNB_4G_2,-54,0.45056,4,1.83993,1,65.8001,28
82.5,car_north_base_003,gNB_4G_1,-41,gNB_4G_2,-86,0.589824,0,-1,0,65.4418,28
82.5,ue_n042_0004,gNB_4G_2,-55,gNB_5G,-69,0.8192,2,21.2399,0,46.1411,28
82.5,car_north_base_004,gNB_4G_1,-40,gNB_4G_2,-84,0.131072,0,-1,0,68.6603,28
82.5,car_north_base_005,gNB_4G_1,-38,gNB_5G,-77,0.229376,0,-1,0,70.4134,28
82.5,ue_n043_0004,gNB_5G,-48,gNB_4G_2,-55,0.745472,0,-1,0,63.8452,28
82.5,car_north_base_006_rider,gNB_4G_1,-49,gNB_4G_2,-78,0.131072,0,-1,0,65.6664,28
82.5,ue_n043_0005,gNB_5G,-49,gNB_4G_1,-60,0.483328,0,-1,0,60.0769,16
83.5,ue_n042_0001,gNB_4G_2,-42,gNB_5G,-59,0.270336,2,78.6399,1,69.6722,28
83.5,car_north_peak_001,gNB_4G_2,-46,gNB_4G_1,-56,0.098304,1,39.2399,0,62.7315,28
83.5,car_north_peak_002_rider,gNB_4G_2,-45,gNB_5G,-51,0.311296,1,32.6399,0,35.1673,28
83.5,car_north_peak_003_rider,gNB_4G_2,-44,gNB_5G,-58,0.8192,1,27.4399,0,29.2034,7
83.5,ue_n042_0002,gNB_4G_2,-39,gNB_5G,-61,0.679936,2,75.6399,1,45.5547,28
83.5,ue_ujeongwon_0001,gNB_4G_1,-45,gNB_4G_2,-62,0.393216,0,-1,0,25.1985,28
83.5,car_north_peak_004,gNB_4G_2,-45,gNB_5G,-57,0.155648,1,25.4399,0,19.2122,28
83.5,car_north_peak_005,gNB_4G_2,-42,gNB_5G,-50,0.4096,1,21.8399,0,24.1742,28
83.5,ue_n043_0001,gNB_5G,-51,gNB_4G_2,-49,0.360448,4,32.6399,1,64.7156,28
83.5,ue_n042_0003,gNB_4G_2,-44,gNB_5G,-64,0.344064,2,57.6399,1,49.5689,28
83.5,ue_n001_0001,gNB_4G_1,-37,gNB_5G,-68,0.589824,0,-1,0,74.6539,28
83.5,ue_n001_0002,gNB_4G_1,-48,gNB_5G,-63,0.630784,0,-1,0,64.4767,28
83.5,ue_ujeongwon_0002,gNB_4G_1,-42,gNB_5G,-78,0.8192,0,-1,0,71.8521,28
83.5,ue_ujeongwon_0003,gNB_4G_1,-39,gNB_4G_2,-84,0.344064,0,-1,0,49.8939,28
83.5,ue_n001_0003,gNB_4G_1,-38,gNB_5G,-78,0.548864,0,-1,0,55.9772,28
83.5,car_north_base_001_rider,gNB_4G_2,-46,gNB_5G,-59,0.8192,1,3.03993,0,16.9354,22
83.5,car_north_base_002_rider,gNB_4G_1,-49,gNB_5G,-56,0.745472,0,-1,0,56.4172,0
83.5,ue_n043_0002,gNB_4G_2,-56,gNB_4G_1,-57,0.131072,5,21.2399,1,10.0848,12
83.5,ue_n001_0004,gNB_4G_1,-55,gNB_5G,-90,0.630784,0,-1,0,61.7919,28
83.5,ue_n043_0003,gNB_5G,-44,gNB_4G_2,-56,0.458752,4,2.83993,1,60.4841,28
83.5,car_north_base_003,gNB_4G_1,-40,gNB_4G_2,-95,0.581632,0,-1,0,31.8354,28
83.5,ue_n042_0004,gNB_4G_2,-53,gNB_5G,-69,0.8192,2,22.2399,0,42.3394,28
83.5,car_north_base_004,gNB_4G_1,-38,gNB_4G_2,-83,0.139264,0,-1,0,37.393,28
83.5,car_north_base_005,gNB_4G_1,-42,gNB_5G,-77,0.221184,0,-1,0,76.8367,28
83.5,ue_n043_0004,gNB_5G,-51,gNB_4G_1,-57,0.745472,0,-1,0,59.7637,28
83.5,car_north_base_006_rider,gNB_4G_1,-46,gNB_5G,-74,0.131072,0,-1,0,33.7072,28
83.5,ue_n043_0005,gNB_5G,-48,gNB_4G_2,-54,0.483328,0,-1,0,52.5998,27
83.5,ue_ujeongwon_0004,gNB_4G_1,-61,gNB_4G_2,-78,0.057344,0,-1,0,52.3939,28
84.5,ue_n042_0001,gNB_4G_2,-39,gNB_5G,-61,0.278528,2,79.6399,1,68.2387,28
84.5,car_north_peak_001,gNB_4G_2,-48,gNB_5G,-53,0.090112,1,40.2399,0,64.3428,28
84.5,car_north_peak_002_rider,gNB_4G_2,-47,gNB_5G,-54,0.319488,1,33.6399,0,41.3355,28
84.5,car_north_peak_003_rider,gNB_4G_2,-43,gNB_5G,-53,0.8192,1,28.4399,0,66.4171,28
84.5,ue_n042_0002,gNB_4G_2,-49,gNB_5G,-60,0.688128,2,76.6399,1,67.8291,28
84.5,ue_ujeongwon_0001,gNB_4G_1,-46,gNB_4G_2,-66,0.393216,0,-1,0,26.5463,28
84.5,car_north_peak_004,gNB_4G_2,-45,gNB_4G_1,-56,0.16384,1,26.4399,0,66.8656,28
84.5,car_north_peak_005,gNB_4G_2,-44,gNB_5G,-54,0.4096,1,22.8399,0,66.1726,28
84.5,ue_n043_0001,gNB_5G,-49,gNB_4G_2,-51,0.352256,4,33.6399,1,65.2138,28
84.5,ue_n042_0003,gNB_4G_2,-41,gNB_5G,-62,0.344064,2,58.6399,1,66.2555,28
84.5,ue_n001_0001,gNB_4G_1,-38,gNB_5G,-69,0.581632,0,-1,0,71.3515,28
84.5,ue_n001_0002,gNB_4G_1,-54,gNB_5G,-66,0.630784,0,-1,0,62.4522,28
84.5,ue_ujeongwon_0002,gNB_4G_1,-42,gNB_4G_2,-82,0.8192,0,-1,0,49.2625,28
84.5,ue_ujeongwon_0003,gNB_4G_1,-39,gNB_4G_2,-78,0.335872,0,-1,0,24.0743,28
84.5,ue_n001_0003,gNB_4G_1,-40,gNB_5G,-85,0.540672,0,-1,0,63.611,28
84.5,car_north_base_001_rider,gNB_4G_2,-43,gNB_4G_1,-53,0.8192,1,4.03993,0,68.2981,28
84.5,car_north_base_002_rider,gNB_4G_2,-45,gNB_4G_1,-48,0.73728,1,0.239928,0,63.8228,28
84.5,ue_n043_0002,gNB_4G_2,-53,gNB_4G_1,-58,0.139264,5,22.2399,1,56.6805,28
84.5,ue_n001_0004,gNB_4G_1,-44,gNB_5G,-83,0.630784,0,-1,0,56.4379,28
84.5,ue_n043_0003,gNB_5G,-49,gNB_4G_2,-51,0.458752,4,3.83993,1,64.8153,28
84.5,car_north_base_003,gNB_4G_1,-41,gNB_4G_2,-70,0.581632,0,-1,0,65.2303,28
84.5,ue_n042_0004,gNB_4G_2,-53,gNB_5G,-67,0.8192,2,23.2399,0,59.6421,28
84.5,car_north_base_004,gNB_4G_1,-40,gNB_4G_2,-82,0.131072,0,-1,0,70.948,18
84.5,car_north_base_005,gNB_4G_1,-40,gNB_4G_2,-83,0.229376,0,-1,0,73.3133,28
84.5,ue_n043_0004,gNB_5G,-47,gNB_4G_2,-54,0.745472,0,-1,0,58.2971,28
84.5,car_north_base_006_rider,gNB_4G_1,-51,gNB_5G,-75,0.12288,0,-1,0,63.1017,28
84.5,ue_n043_0005,gNB_5G,-50,gNB_4G_2,-55,0.483328,0,-1,0,63.8443,28
84.5,ue_ujeongwon_0004,gNB_4G_1,-57,gNB_4G_2,-78,0.114688,0,-1,0,56.0258,28
85.5,ue_n042_0001,gNB_4G_2,-38,gNB_5G,-61,0.270336,2,80.6399,1,67.6158,28
85.5,car_north_peak_001,gNB_4G_2,-46,gNB_4G_1,-55,0.098304,1,41.2399,0,64.757,28
85.5,car_north_peak_002_rider,gNB_4G_2,-45,gNB_5G,-52,0.311296,1,34.6399,0,51.5287,26
85.5,car_north_peak_003_rider,gNB_4G_2,-44,gNB_5G,-53,0.8192,1,29.4399,0,65.7169,28
85.5,ue_n042_0002,gNB_4G_2,-42,gNB_5G,-58,0.679936,2,77.6399,1,56.5366,28
85.5,ue_ujeongwon_0001,gNB_4G_1,-43,gNB_4G_2,-64,0.385024,0,-1,0,59.2036,28
85.5,car_north_peak_004,gNB_4G_2,-44,gNB_5G,-55,0.16384,1,27.4399,0,67.0602,26
85.5,car_north_peak_005,gNB_4G_2,-44,gNB_5G,-51,0.4096,1,23.8399,0,69.9973,28
85.5,ue_n043_0001,gNB_5G,-46,gNB_4G_2,-50,0.360448,4,34.6399,1,64.7887,28
85.5,ue_n042_0003,gNB_4G_2,-43,gNB_5G,-64,0.335872,2,59.6399,1,69.7894,28
85.5,ue_n001_0001,gNB_4G_1,-38,gNB_5G,-71,0.589824,0,-1,0,74.6317,28
85.5,ue_n001_0002,gNB_4G_1,-50,gNB_5G,-67,0.630784,0,-1,0,27.1929,28
85.5,ue_ujeongwon_0002,gNB_4G_1,-41,gNB_4G_2,-82,0.8192,0,-1,0,57.2758,28
85.5,ue_ujeongwon_0003,gNB_4G_1,-38,gNB_4G_2,-66,0.344064,0,-1,0,29.3138,28
85.5,ue_n001_0003,gNB_4G_1,-44,gNB_5G,-72,0.548864,0,-1,0,48.9114,28
85.5,car_north_base_001_rider,gNB_4G_2,-42,gNB_4G_1,-53,0.8192,1,5.03993,0,70.0007,28
85.5,car_north_base_002_rider,gNB_4G_2,-45,gNB_4G_1,-49,0.827392,1,1.23993,0,14.1892,11
85.5,ue_n043_0002,gNB_4G_2,-54,gNB_4G_1,-58,0.139264,5,23.2399,1,55.9595,28
85.5,ue_n001_0004,gNB_4G_1,-40,gNB_5G,-79,0.630784,0,-1,0,68.2583,28
85.5,ue_n043_0003,gNB_5G,-49,gNB_4G_2,-52,0.45056,4,4.83993,1,64.3838,28
85.5,car_north_base_003,gNB_4G_1,-43,gNB_4G_2,-70,0.589824,0,-1,0,42.29,28
85.5,ue_n042_0004,gNB_4G_2,-52,gNB_5G,-69,0.8192,2,24.2399,0,58.4839,28
85.5,car_north_base_004,gNB_4G_1,-38,gNB_5G,-82,0.131072,0,-1,0,71.0845,28
85.5,car_north_base_005,gNB_4G_1,-39,gNB_4G_2,-82,0.229376,0,-1,0,53.9738,28
85.5,ue_n043_0004,gNB_5G,-47,gNB_4G_2,-55,0.745472,0,-1,0,60.7205,28
85.5,car_north_base_006_rider,gNB_4G_1,-44,gNB_4G_2,-65,0.131072,0,-1,0,63.2066,28
85.5,ue_n043_0005,gNB_5G,-51,gNB_4G_1,-57,0.475136,0,-1,0,57.301,28
85.5,ue_ujeongwon_0004,gNB_4G_1,-55,gNB_5G,-70,0.12288,0,-1,0,55.809,28
86.5,ue_n042_0001,gNB_4G_2,-43,gNB_5G,-61,0.270336,2,81.6399,1,70.9032,28
86.5,car_north_peak_001,gNB_4G_2,-46,gNB_4G_1,-55,0.098304,1,42.2399,0,61.5321,28
86.5,car_north_peak_002_rider,gNB_4G_2,-44,gNB_5G,-51,0.311296,1,35.6399,0,45.3536,28
86.5,car_north_peak_003_rider,gNB_4G_2,-45,gNB_5G,-52,0.8192,1,30.4399,0,65.3917,28
86.5,ue_n042_0002,gNB_4G_2,-42,gNB_5G,-59,0.679936,2,78.6399,1,59.565,28
86.5,ue_ujeongwon_0001,gNB_4G_1,-50,gNB_5G,-74,0.393216,0,-1,0,64.4484,28
86.5,car_north_peak_004,gNB_4G_2,-44,gNB_5G,-52,0.155648,1,28.4399,0,14.0224,28
86.5,car_north_peak_005,gNB_4G_2,-41,gNB_5G,-60,0.4096,1,24.8399,0,40.5042,28
86.5,ue_n043_0001,gNB_5G,-48,gNB_4G_2,-49,0.352256,4,35.6399,1,64.8096,28
86.5,ue_n042_0003,gNB_4G_2,-39,gNB_5G,-66,0.344064,2,60.6399,1,47.0776,28
86.5,ue_n001_0001,gNB_4G_1,-38,gNB_5G,-69,0.581632,0,-1,0,51.4662,28
86.5,ue_n001_0002,gNB_4G_1,-48,gNB_5G,-67,0.630784,0,-1,0,60.525,28
86.5,ue_ujeongwon_0002,gNB_4G_1,-41,gNB_5G,-77,0.8192,0,-1,0,45.2275,28
86.5,ue_ujeongwon_0003,gNB_4G_1,-38,gNB_4G_2,-75,0.344064,0,-1,0,41.5735,28
86.5,ue_n001_0003,gNB_4G_1,-42,gNB_5G,-78,0.548864,0,-1,0,65.6902,28
86.5,car_north_base_001_rider,gNB_4G_2,-41,gNB_4G_1,-51,0.8192,1,6.03993,0,68.1463,28
86.5,car_north_base_002_rider,gNB_4G_2,-44,gNB_5G,-60,0.827392,1,2.23993,0,43.3841,28
86.5,ue_n043_0002,gNB_4G_2,-55,gNB_4G_1,-62,0.147456,5,24.2399,1,56.2938,28
86.5,ue_n001_0004,gNB_4G_1,-46,gNB_5G,-78,0.630784,0,-1,0,64.2941,28
86.5,ue_n043_0003,gNB_5G,-47,gNB_4G_2,-55,0.458752,4,5.83993,1,66.3398,28
86.5,car_north_base_003,gNB_4G_1,-42,gNB_4G_2,-78,0.581632,0,-1,0,27.6466,28
86.5,ue_n042_0004,gNB_4G_2,-52,gNB_5G,-67,0.8192,2,25.2399,0,58.8615,28
86.5,car_north_base_004,gNB_4G_1,-40,gNB_5G,-69,0.139264,0,-1,0,55.1476,28
86.5,car_north_base_005,gNB_4G_1,-37,gNB_4G_2,-83,0.229376,0,-1,0,74.7015,28
86.5,ue_n043_0004,gNB_5G,-45,gNB_4G_2,-55,0.745472,0,-1,0,64.1385,28
86.5,car_north_base_006_rider,gNB_4G_1,-49,gNB_4G_2,-66,0.131072,0,-1,0,66.1873,28
86.5,ue_n043_0005,gNB_5G,-49,gNB_4G_2,-54,0.483328,0,-1,0,58.2973,28
86.5,ue_ujeongwon_0004,gNB_4G_1,-55,gNB_5G,-76,0.114688,0,-1,0,24.0752,27
87.5,ue_n042_0001,gNB_4G_2,-41,gNB_5G,-62,0.278528,2,82.6399,1,70.3826,28
87.5,car_north_peak_001,gNB_4G_2,-48,gNB_5G,-54,0.098304,1,43.2399,0,63.5324,28
87.5,car_north_peak_002_rider,gNB_4G_2,-46,gNB_5G,-48,0.319488,1,36.6399,0,63.1676,28
87.5,car_north_peak_003_rider,gNB_4G_2,-45,gNB_5G,-54,0.8192,1,31.4399,0,66.408,28
87.5,ue_n042_0002,gNB_4G_2,-39,gNB_5G,-61,0.688128,2,79.6399,1,53.6702,28
87.5,ue_ujeongwon_0001,gNB_4G_1,-47,gNB_4G_2,-71,0.393216,0,-1,0,57.2319,28
87.5,car_north_peak_004,gNB_4G_2,-43,gNB_5G,-52,0.16384,1,29.4399,0,65.0831,28
87.5,car_north_peak_005,gNB_4G_2,-42,gNB_5G,-60,0.4096,1,25.8399,0,68.2864,28
87.5,ue_n043_0001,gNB_5G,-49,gNB_4G_2,-49,0.360448,4,36.6399,1,63.4742,28
87.5,ue_n042_0003,gNB_4G_2,-41,gNB_5G,-64,0.344064,2,61.6399,1,52.6119,28
87.5,ue_n001_0001,gNB_4G_1,-37,gNB_5G,-66,0.589824,0,-1,0,51.0273,28
87.5,ue_n001_0002,gNB_4G_1,-47,gNB_5G,-64,0.622592,0,-1,0,29.6887,28
87.5,ue_ujeongwon_0002,gNB_4G_1,-41,gNB_4G_2,-80,0.8192,0,-1,0,47.3684,28
87.5,ue_ujeongwon_0003,gNB_4G_1,-39,gNB_4G_2,-84,0.344064,0,-1,0,47.5207,28
87.5,ue_n001_0003,gNB_4G_1,-42,gNB_5G,-78,0.540672,0,-1,0,74.3475,28
87.5,car_north_base_001_rider,gNB_4G_2,-42,gNB_4G_1,-49,0.8192,1,7.03993,0,69.2012,28
87.5,car_north_base_002_rider,gNB_4G_2,-42,gNB_4G_1,-57,0.8192,1,3.23993,0,69.4511,28
87.5,ue_n043_0002,gNB_4G_2,-54,gNB_4G_1,-61,0.139264,5,25.2399,1,18.1145,20
87.5,ue_n001_0004,gNB_4G_1,-43,gNB_5G,-77,0.630784,0,-1,0,68.2353,28
87.5,ue_n043_0003,gNB_5G,-44,gNB_4G_2,-52,0.45056,4,6.83993,1,66.1946,28
87.5,car_north_base_003,gNB_4G_1,-51,gNB_5G,-69,0.589824,0,-1,0,59.2868,28
87.5,ue_n042_0004,gNB_4G_2,-52,gNB_5G,-65,0.8192,2,26.2399,0,58.7376,28
87.5,car_north_base_004,gNB_4G_1,-40,gNB_5G,-66,0.131072,0,-1,0,47.7343,28
87.5,car_north_base_005,gNB_4G_1,-36,gNB_5G,-73,0.221184,0,-1,0,77.9864,28
87.5,ue_n043_0004,gNB_5G,-46,gNB_4G_2,-55,0.745472,0,-1,0,56.3751,28
87.5,car_north_base_006_rider,gNB_4G_1,-57,gNB_4G_2,-67,0.12288,0,-1,0,67.7384,28
87.5,ue_n043_0005,gNB_5G,-49,gNB_4G_2,-55,0.483328,0,-1,0,56.4975,28
87.5,ue_ujeongwon_0004,gNB_4G_1,-55,gNB_5G,-76,0.12288,0,-1,0,56.3097,28
87.5,ue_ujeongwon_0005,gNB_4G_1,-61,gNB_4G_2,-78,0.139264,0,-1,0,48.8994,28
88.5,ue_n042_0001,gNB_4G_2,-40,gNB_5G,-64,0.270336,2,83.6399,1,67.6031,28
88.5,car_north_peak_001,gNB_4G_2,-45,gNB_4G_1,-55,0.090112,1,44.2399,0,22.1963,28
88.5,car_north_peak_002_rider,gNB_4G_2,-47,gNB_5G,-50,0.311296,1,37.6399,0,65.8363,28
88.5,car_north_peak_003_rider,gNB_4G_2,-44,gNB_5G,-58,0.8192,1,32.4399,0,35.4272,28
88.5,ue_n042_0002,gNB_4G_2,-38,gNB_5G,-61,0.679936,2,80.6399,1,69.8792,28
88.5,ue_ujeongwon_0001,gNB_4G_1,-52,gNB_4G_2,-68,0.385024,0,-1,0,25.489,28
88.5,car_north_peak_004,gNB_4G_2,-45,gNB_5G,-50,0.155648,1,30.4399,0,67.9826,23
88.5,car_north_peak_005,gNB_4G_2,-43,gNB_5G,-58,0.4096,1,26.8399,0,67.3504,28
88.5,ue_n043_0001,gNB_5G,-47,gNB_4G_2,-50,0.352256,4,37.6399,1,64.6087,28
88.5,ue_n042_0003,gNB_4G_2,-44,gNB_5G,-65,0.335872,2,62.6399,1,68.3421,28
88.5,ue_n001_0001,gNB_4G_1,-42,gNB_5G,-67,0.581632,0,-1,0,52.1167,28
88.5,ue_n001_0002,gNB_4G_1,-47,gNB_5G,-64,0.630784,0,-1,0,59.8061,28
88.5,ue_ujeongwon_0002,gNB_4G_1,-41,gNB_4G_2,-80,0.8192,0,-1,0,39.3566,28
88.5,ue_ujeongwon_0003,gNB_4G_1,-39,gNB_4G_2,-83,0.335872,0,-1,0,47.1619,28
88.5,ue_n001_0003,gNB_4G_1,-39,gNB_5G,-79,0.548864,0,-1,0,51.5246,28
88.5,car_north_base_001_rider,gNB_4G_2,-42,gNB_4G_1,-52,0.802816,1,8.03993,0,62.3059,6
88.5,car_north_base_002_rider,gNB_4G_2,-42,gNB_4G_1,-49,0.8192,1,4.23993,0,14.3941,18
88.5,ue_n043_0002,gNB_4G_2,-52,gNB_4G_1,-66,0.139264,5,26.2399,1,59.3255,28
88.5,ue_n001_0004,gNB_4G_1,-45,gNB_4G_2,-103,0.630784,0,-1,0,37.4279,28
88.5,ue_n043_0003,gNB_5G,-46,gNB_4G_2,-50,0.458752,4,7.83993,1,67.0558,28
88.5,car_north_base_003,gNB_4G_1,-42,gNB_5G,-64,0.581632,0,-1,0,53.3487,28
88.5,ue_n042_0004,gNB_4G_2,-52,gNB_5G,-66,0.8192,2,27.2399,0,51.9678,28
88.5,car_north_base_004,gNB_4G_1,-36,gNB_5G,-66,0.131072,0,-1,0,71.0319,27
88.5,car_north_base_005,gNB_4G_1,-40,gNB_5G,-66,0.229376,0,-1,0,74.2727,28
88.5,ue_n043_0004,gNB_5G,-46,gNB_4G_2,-55,0.73728,0,-1,0,61.0829,28
88.5,car_north_base_006_rider,gNB_4G_1,-46,gNB_4G_2,-67,0.131072,0,-1,0,65.0913,28
88.5,ue_n043_0005,gNB_5G,-51,gNB_4G_2,-55,0.483328,0,-1,0,58.7403,28
88.5,ue_ujeongwon_0004,gNB_4G_1,-55,gNB_4G_2,-78,0.114688,0,-1,0,26.9633,26
88.5,ue_ujeongwon_0005,gNB_4G_1,-57,gNB_4G_2,-78,0.32768,0,-1,0,53.8712,28
89.5,ue_n042_0001,gNB_4G_2,-41,gNB_5G,-62,0.270336,2,84.6399,1,67.3005,28
89.5,car_north_peak_001,gNB_4G_2,-45,gNB_5G,-53,0.098304,1,45.2399,0,59.4438,28
89.5,car_north_peak_002_rider,gNB_4G_2,-45,gNB_5G,-59,0.319488,1,38.6399,0,65.3945,23
89.5,car_north_peak_003_rider,gNB_4G_2,-42,gNB_5G,-52,0.8192,1,33.4399,0,67.1844,27
89.5,ue_n042_0002,gNB_4G_2,-41,gNB_5G,-63,0.679936,2,81.6399,1,70.9031,28
89.5,ue_ujeongwon_0001,gNB_4G_1,-52,gNB_4G_2,-70,0.393216,0,-1,0,29.68,28
89.5,car_north_peak_004,gNB_4G_2,-43,gNB_5G,-50,0.16384,1,31.4399,0,66.0322,28
89.5,car_north_peak_005,gNB_4G_2,-44,gNB_5G,-57,0.4096,1,27.8399,0,26.3022,28
89.5,ue_n043_0001,gNB_5G,-48,gNB_4G_2,-48,0.360448,4,38.6399,1,65.9464,28
89.5,ue_n042_0003,gNB_4G_2,-43,gNB_5G,-63,0.344064,2,63.6399,1,54.5203,28
89.5,ue_n001_0001,gNB_4G_1,-37,gNB_5G,-67,0.581632,0,-1,0,76.3786,28
89.5,ue_n001_0002,gNB_4G_1,-50,gNB_5G,-66,0.630784,0,-1,0,58.4759,28
89.5,ue_ujeongwon_0002,gNB_4G_1,-39,gNB_5G,-80,0.8192,0,-1,0,27.2688,28
89.5,ue_ujeongwon_0003,gNB_4G_1,-39,gNB_4G_2,-73,0.344064,0,-1,0,27.0469,28
89.5,ue_n001_0003,gNB_4G_1,-41,gNB_5G,-79,0.548864,0,-1,0,57.2425,28
89.5,car_north_base_001_rider,gNB_4G_2,-47,gNB_4G_1,-50,0.802816,1,9.03993,0,65.9143,28
89.5,car_north_base_002_rider,gNB_4G_2,-42,gNB_4G_1,-49,0.811008,1,5.23993,0,14.616,14
89.5,ue_n043_0002,gNB_4G_2,-51,gNB_5G,-68,0.139264,5,27.2399,1,28.5593,28
89.5,ue_n001_0004,gNB_4G_1,-43,gNB_4G_2,-78,0.630784,0,-1,0,66.6693,28
89.5,ue_n043_0003,gNB_5G,-47,gNB_4G_2,-52,0.45056,4,8.83993,1,67.3239,28
89.5,car_north_base_003,gNB_4G_1,-45,gNB_5G,-63,0.589824,0,-1,0,61.8168,28
89.5,ue_n042_0004,gNB_4G_2,-54,gNB_5G,-66,0.8192,2,28.2399,0,59.0324,28
89.5,car_north_base_004,gNB_4G_1,-35,gNB_5G,-68,0.139264,0,-1,0,60.1704,28
89.5,car_north_base_005,gNB_4G_1,-37,gNB_5G,-72,0.229376,0,-1,0,53.669,28
89.5,ue_n043_0004,gNB_5G,-49,gNB_4G_2,-57,0.745472,0,-1,0,55.6479,28
89.5,car_north_base_006_rider,gNB_4G_1,-46,gNB_4G_2,-67,0.12288,0,-1,0,50.5684,28
89.5,ue_n043_0005,gNB_5G,-48,gNB_4G_2,-55,0.483328,0,-1,0,56.3765,28
89.5,ue_ujeongwon_0004,gNB_4G_1,-56,gNB_4G_2,-82,0.12288,0,-1,0,57.6628,28
89.5,ue_ujeongwon_0005,gNB_4G_1,-55,gNB_5G,-70,0.32768,0,-1,0,50.7273,28
90.5,ue_n042_0001,gNB_4G_2,-37,gNB_5G,-61,0.278528,2,85.6399,1,68.6485,28
90.5,car_north_peak_001,gNB_4G_2,-48,gNB_4G_1,-52,0.098304,1,46.2399,0,62.2159,28
90.5,car_north_peak_002_rider,gNB_4G_2,-45,gNB_4G_1,-55,0.311296,1,39.6399,0,61.4446,24
90.5,car_north_peak_003_rider,gNB_4G_2,-43,gNB_5G,-54,0.8192,1,34.4399,0,11.9012,28
90.5,ue_n042_0002,gNB_4G_2,-41,gNB_5G,-63,0.688128,2,82.6399,1,68.72,28
90.5,ue_ujeongwon_0001,gNB_4G_1,-50,gNB_4G_2,-69,0.393216,0,-1,0,30.2846,28
90.5,car_north_peak_004,gNB_4G_2,-44,gNB_5G,-52,0.16384,1,32.4399,0,64.9223,21
90.5,car_north_peak_005,gNB_4G_2,-44,gNB_5G,-53,0.4096,1,28.8399,0,67.5189,28
90.5,ue_n043_0001,gNB_5G,-49,gNB_4G_2,-48,0.352256,4,39.6399,1,62.9992,28
90.5,ue_n042_0003,gNB_4G_2,-43,gNB_5G,-63,0.344064,2,64.6399,1,52.6185,28
90.5,ue_n001_0001,gNB_4G_1,-38,gNB_5G,-66,0.589824,0,-1,0,73.1418,28
90.5,ue_n001_0002,gNB_4G_1,-49,gNB_5G,-66,0.630784,0,-1,0,63.0239,28
90.5,ue_ujeongwon_0002,gNB_4G_1,-40,gNB_4G_2,-71,0.8192,0,-1,0,29.7358,28
90.5,ue_ujeongwon_0003,gNB_4G_1,-39,gNB_4G_2,-73,0.335872,0,-1,0,18.6058,21
90.5,ue_n001_0003,gNB_4G_1,-40,gNB_5G,-76,0.540672,0,-1,0,74.433,28
90.5,car_north_base_001_rider,gNB_4G_2,-45,gNB_4G_1,-50,0.811008,1,10.0399,0,68.0741,12
90.5,car_north_base_002_rider,gNB_4G_2,-43,gNB_4G_1,-49,0.827392,1,6.23993,0,70.2128,28
90.5,ue_n043_0002,gNB_4G_2,-54,gNB_5G,-68,0.147456,5,28.2399,1,57.3776,28
90.5,ue_n001_0004,gNB_4G_1,-48,gNB_4G_2,-74,0.622592,0,-1,0,43.7298,28
90.5,ue_n043_0003,gNB_5G,-47,gNB_4G_2,-51,0.458752,4,9.83993,1,65.0293,28
90.5,car_north_base_003,gNB_4G_1,-46,gNB_5G,-64,0.581632,0,-1,0,36.8959,28
90.5,ue_n042_0004,gNB_4G_2,-54,gNB_5G,-68,0.8192,2,29.2399,0,38.0823,28
90.5,car_north_base_004,gNB_4G_1,-37,gNB_5G,-64,0.131072,0,-1,0,52.38,28
90.5,car_north_base_005,gNB_4G_1,-36,gNB_5G,-70,0.229376,0,-1,0,56.4701,28
90.5,ue_n043_0004,gNB_5G,-48,gNB_4G_1,-58,0.745472,0,-1,0,64.4665,28
90.5,car_north_base_006_rider,gNB_4G_1,-41,gNB_4G_2,-74,0.131072,0,-1,0,66.4418,28
90.5,ue_n043_0005,gNB_5G,-48,gNB_4G_2,-57,0.483328,0,-1,0,62.8137,16
90.5,ue_ujeongwon_0004,gNB_4G_1,-54,gNB_4G_2,-79,0.114688,0,-1,0,57.2252,28
90.5,ue_ujeongwon_0005,gNB_4G_1,-55,gNB_5G,-76,0.32768,0,-1,0,54.5777,28
90.5,ue_n001_0005,gNB_4G_1,-45,gNB_5G,-77,0.278528,0,-1,0,31.8327,28
91.5,ue_n042_0001,gNB_4G_2,-38,gNB_5G,-61,0.270336,2,86.6399,1,67.9216,28
91.5,car_north_peak_001,gNB_4G_2,-48,gNB_4G_1,-52,0.098304,1,47.2399,0,57.8684,28
91.5,car_north_peak_002_rider,gNB_4G_2,-46,gNB_5G,-51,0.311296,1,40.6399,0,0.14809,5
91.5,car_north_peak_003_rider,gNB_4G_2,-46,gNB_5G,-51,0.8192,1,35.4399,0,65.938,28
91.5,ue_n042_0002,gNB_4G_2,-39,gNB_5G,-64,0.679936,2,83.6399,1,67.6024,28
91.5,ue_ujeongwon_0001,gNB_4G_1,-45,gNB_4G_2,-73,0.385024,0,-1,0,66.2689,28
91.5,car_north_peak_004,gNB_4G_2,-46,gNB_5G,-50,0.155648,1,33.4399,0,65.6037,28
91.5,car_north_peak_005,gNB_4G_2,-44,gNB_5G,-55,0.4096,1,29.8399,0,31.5971,28
91.5,ue_n043_0001,gNB_5G,-48,gNB_4G_2,-47,0.360448,4,40.6399,1,64.5604,28
91.5,ue_n042_0003,gNB_4G_2,-44,gNB_5G,-64,0.335872,2,65.6399,1,70.0481,28
91.5,ue_n001_0001,gNB_4G_1,-39,gNB_5G,-66,0.581632,0,-1,0,76.7932,28
91.5,ue_n001_0002,gNB_4G_1,-45,gNB_5G,-67,0.630784,0,-1,0,65.2094,28
91.5,ue_ujeongwon_0002,gNB_4G_1,-40,gNB_4G_2,-65,0.8192,0,-1,0,31.5384,27
91.5,ue_ujeongwon_0003,gNB_4G_1,-40,gNB_4G_2,-69,0.344064,0,-1,0,29.6658,24
91.5,ue_n001_0003,gNB_4G_1,-40,gNB_5G,-76,0.548864,0,-1,0,57.7301,28
91.5,car_north_base_001_rider,gNB_4G_2,-43,gNB_4G_1,-53,0.8192,1,11.0399,0,68.3092,25
91.5,car_north_base_002_rider,gNB_4G_2,-42,gNB_4G_1,-49,0.811008,1,7.23993,0,12.2497,15
91.5,ue_n043_0002,gNB_4G_2,-53,gNB_4G_1,-57,0.139264,5,29.2399,1,57.1318,28
91.5,ue_n001_0004,gNB_4G_1,-51,gNB_4G_2,-77,0.630784,0,-1,0,25.2081,22
91.5,ue_n043_0003,gNB_5G,-49,gNB_4G_2,-53,0.45056,4,10.8399,1,67.8836,28
91.5,car_north_base_003,gNB_4G_1,-46,gNB_5G,-63,0.581632,0,-1,0,59.9162,28
91.5,ue_n042_0004,gNB_4G_2,-57,gNB_5G,-67,0.8192,2,30.2399,0,58.8595,28
91.5,car_north_base_004,gNB_4G_1,-36,gNB_5G,-65,0.139264,0,-1,0,68.695,28
91.5,car_north_base_005,gNB_4G_1,-36,gNB_5G,-65,0.229376,0,-1,0,71.1894,28
91.5,ue_n043_0004,gNB_5G,-46,gNB_4G_2,-56,0.745472,0,-1,0,62.9489,28
91.5,car_north_base_006_rider,gNB_4G_1,-38,gNB_5G,-80,0.131072,0,-1,0,73.3996,28
91.5,ue_n043_0005,gNB_5G,-48,gNB_4G_2,-57,0.475136,0,-1,0,62.7753,28
91.5,ue_ujeongwon_0004,gNB_4G_1,-53,gNB_4G_2,-77,0.12288,0,-1,0,57.5507,28
91.5,ue_ujeongwon_0005,gNB_4G_1,-55,gNB_5G,-76,0.32768,0,-1,0,55.8957,28
91.5,ue_n001_0005,gNB_4G_1,-47,gNB_4G_2,-75,0.581632,0,-1,0,63.3714,15
91.5,ue_ujeongwon_0006,gNB_4G_1,-56,gNB_4G_2,-76,0.237568,0,-1,0,27.5508,27
92.5,ue_n042_0001,gNB_4G_2,-43,gNB_5G,-60,0.270336,2,87.6399,1,69.1618,28
92.5,car_north_peak_001,gNB_4G_2,-48,gNB_4G_1,-55,0.090112,1,48.2399,0,63.655,28
92.5,car_north_peak_002_rider,gNB_4G_2,-51,gNB_5G,-49,0.319488,1,41.6399,0,19.5035,28
92.5,car_north_peak_003_rider,gNB_4G_2,-45,gNB_5G,-54,0.8192,1,36.4399,0,61.1641,28
92.5,ue_n042_0002,gNB_4G_2,-41,gNB_5G,-62,0.679936,2,84.6399,1,54.3858,28
92.5,ue_ujeongwon_0001,gNB_4G_1,-46,gNB_4G_2,-72,0.393216,0,-1,0,57.6546,28
92.5,car_north_peak_004,gNB_4G_2,-45,gNB_5G,-51,0.16384,1,34.4399,0,28.1098,28
92.5,car_north_peak_005,gNB_4G_2,-44,gNB_5G,-55,0.4096,1,30.8399,0,27.8732,28
92.5,ue_n043_0001,gNB_5G,-49,gNB_4G_2,-47,0.352256,4,41.6399,1,65.4614,28
92.5,ue_n042_0003,gNB_4G_2,-43,gNB_5G,-64,0.344064,2,66.6399,1,57.1398,28
92.5,ue_n001_0001,gNB_4G_1,-38,gNB_5G,-65,0.589824,0,-1,0,76.7004,28
92.5,ue_n001_0002,gNB_4G_1,-48,gNB_5G,-68,0.630784,0,-1,0,63.6698,28
92.5,ue_ujeongwon_0002,gNB_4G_1,-40,gNB_4G_2,-64,0.8192,0,-1,0,27.6272,27
92.5,ue_ujeongwon_0003,gNB_4G_1,-39,gNB_4G_2,-68,0.344064,0,-1,0,45.272,28
92.5,ue_n001_0003,gNB_4G_1,-39,gNB_5G,-81,0.548864,0,-1,0,73.4231,28
92.5,car_north_base_001_rider,gNB_4G_2,-42,gNB_4G_1,-50,0.827392,1,12.0399,0,13.6033,20
92.5,car_north_base_002_rider,gNB_4G_2,-42,gNB_4G_1,-50,0.827392,1,8.23993,0,31.1763,28
92.5,ue_n043_0002,gNB_4G_2,-54,gNB_4G_1,-57,0.139264,5,30.2399,1,57.9882,28
92.5,ue_n001_0004,gNB_4G_1,-43,gNB_4G_2,-74,0.630784,0,-1,0,60.1375,28
92.5,ue_n043_0003,gNB_5G,-43,gNB_4G_2,-51,0.458752,4,11.8399,1,64.9611,28
92.5,car_north_base_003,gNB_4G_1,-50,gNB_5G,-57,0.581632,0,-1,0,54.8151,28
92.5,ue_n042_0004,gNB_4G_2,-53,gNB_5G,-69,0.8192,2,31.2399,0,59.0811,28
92.5,car_north_base_004,gNB_4G_1,-35,gNB_4G_2,-81,0.131072,0,-1,0,71.8428,28
92.5,car_north_base_005,gNB_4G_1,-37,gNB_5G,-70,0.221184,0,-1,0,76.8307,28
92.5,ue_n043_0004,gNB_5G,-45,gNB_4G_2,-55,0.745472,0,-1,0,62.0847,28
92.5,car_north_base_006_rider,gNB_4G_1,-38,gNB_5G,-78,0.12288,0,-1,0,67.2392,28
92.5,ue_n043_0005,gNB_5G,-46,gNB_4G_1,-56,0.483328,0,-1,0,62.729,28
92.5,ue_ujeongwon_0004,gNB_4G_1,-52,gNB_5G,-75,0.114688,0,-1,0,59.2252,28
92.5,ue_ujeongwon_0005,gNB_4G_1,-55,gNB_4G_2,-78,0.32768,0,-1,0,57.6243,17
92.5,ue_n001_0005,gNB_4G_1,-48,gNB_5G,-72,0.589824,0,-1,0,35.2732,27
92.5,ue_ujeongwon_0006,gNB_4G_1,-54,gNB_4G_2,-76,0.540672,0,-1,0,50.1323,28
93.5,ue_n042_0001,gNB_4G_2,-42,gNB_5G,-59,0.278528,2,88.6399,1,71.2989,28
93.5,car_north_peak_001,gNB_4G_2,-48,gNB_5G,-56,0.098304,1,49.2399,0,64.9491,28
93.5,car_north_peak_002_rider,gNB_4G_2,-45,gNB_5G,-53,0.319488,1,42.6399,0,63.0887,28
93.5,car_north_peak_003_rider,gNB_4G_2,-48,gNB_5G,-53,0.8192,1,37.4399,0,68.1402,28
93.5,ue_n042_0002,gNB_4G_2,-39,gNB_5G,-61,0.688128,2,85.6399,1,67.2456,28
93.5,ue_ujeongwon_0001,gNB_4G_1,-49,gNB_4G_2,-69,0.385024,0,-1,0,58.9072,28
93.5,car_north_peak_004,gNB_4G_2,-47,gNB_5G,-52,0.155648,1,35.4399,0,65.7651,0
93.5,car_north_peak_005,gNB_4G_2,-44,gNB_5G,-52,0.4096,1,31.8399,0,66.5522,28
93.5,ue_n043_0001,gNB_5G,-48,gNB_4G_2,-48,0.360448,4,42.6399,1,68.3969,28
93.5,ue_n042_0003,gNB_4G_2,-47,gNB_5G,-62,0.344064,2,67.6399,1,69.1829,28
93.5,ue_n001_0001,gNB_4G_1,-38,gNB_5G,-66,0.581632,0,-1,0,74.8559,28
93.5,ue_n001_0002,gNB_4G_1,-49,gNB_5G,-68,0.630784,0,-1,0,31.9508,28
93.5,ue_ujeongwon_0002,gNB_4G_1,-42,gNB_4G_2,-63,0.8192,0,-1,0,49.5099,28
93.5,ue_ujeongwon_0003,gNB_4G_1,-38,gNB_4G_2,-77,0.344064,0,-1,0,39.4906,28
93.5,ue_n001_0003,gNB_4G_1,-39,gNB_5G,-78,0.540672,0,-1,0,75.5317,28
93.5,car_north_base_001_rider,gNB_4G_2,-43,gNB_4G_1,-52,0.811008,1,13.0399,0,16.7894,28
93.5,car_north_base_002_rider,gNB_4G_2,-42,gNB_4G_1,-50,0.8192,1,9.23993,0,63.323,28
93.5,ue_n043_0002,gNB_4G_2,-53,gNB_4G_1,-56,0.131072,5,31.2399,1,60.4166,28
93.5,ue_n001_0004,gNB_4G_1,-46,gNB_5G,-72,0.630784,0,-1,0,35.5755,28
93.5,ue_n043_0003,gNB_5G,-47,gNB_4G_2,-49,0.458752,4,12.8399,1,60.6278,28
93.5,car_north_base_003,gNB_4G_2,-45,gNB_4G_1,-49,0.548864,1,0.239928,0,61.8716,28
93.5,ue_n042_0004,gNB_4G_2,-53,gNB_5G,-72,0.8192,2,32.2399,0,51.4191,28
93.5,car_north_base_004,gNB_4G_1,-39,gNB_4G_2,-81,0.131072,0,-1,0,68.9076,28
93.5,car_north_base_005,gNB_4G_1,-39,gNB_5G,-69,0.229376,0,-1,0,74.6126,28
93.5,ue_n043_0004,gNB_5G,-48,gNB_4G_2,-57,0.745472,0,-1,0,64.9626,28
93.5,car_north_base_006_rider,gNB_4G_1,-38,gNB_5G,-75,0.131072,0,-1,0,35.3283,28
93.5,ue_n043_0005,gNB_5G,-46,gNB_4G_2,-55,0.483328,0,-1,0,59.0272,28
93.5,ue_ujeongwon_0004,gNB_4G_1,-53,gNB_4G_2,-79,0.12288,0,-1,0,59.061,28
93.5,ue_ujeongwon_0005,gNB_4G_1,-56,gNB_4G_2,-82,0.32768,0,-1,0,53.9805,16
93.5,ue_n001_0005,gNB_4G_1,-44,gNB_5G,-72,0.581632,0,-1,0,37.6701,28
93.5,ue_ujeongwon_0006,gNB_4G_1,-55,gNB_5G,-76,0.548864,0,-1,0,51.049,25
93.5,ue_n042_0005,gNB_4G_2,-65,gNB_5G,-63,0.352256,0,-1,0,23.9377,28
94.5,ue_n042_0001,gNB_4G_2,-42,gNB_5G,-61,0.270336,2,89.6399,1,70.1792,28
94.5,car_north_peak_001,gNB_4G_2,-46,gNB_5G,-54,0.098304,1,50.2399,0,56.5939,28
94.5,car_north_peak_002_rider,gNB_4G_2,-48,gNB_5G,-52,0.311296,1,43.6399,0,61.5321,28
94.5,car_north_peak_003_rider,gNB_4G_2,-43,gNB_5G,-51,0.8192,1,38.4399,0,64.8983,28
94.5,ue_n042_0002,gNB_4G_2,-38,gNB_5G,-61,0.679936,2,86.6399,1,70.4779,28
94.5,ue_ujeongwon_0001,gNB_4G_1,-46,gNB_5G,-70,0.393216,0,-1,0,60.8526,28
94.5,car_north_peak_004,gNB_4G_2,-45,gNB_5G,-52,0.16384,1,36.4399,0,62.2368,28
94.5,car_north_peak_005,gNB_4G_2,-44,gNB_5G,-49,0.4096,1,32.8399,0,64.5951,28
94.5,ue_n043_0001,gNB_5G,-46,gNB_4G_2,-46,0.352256,4,43.6399,1,64.9804,27
94.5,ue_n042_0003,gNB_4G_2,-45,gNB_5G,-64,0.335872,2,68.6399,1,69.8155,28
94.5,ue_n001_0001,gNB_4G_1,-38,gNB_5G,-61,0.589824,0,-1,0,69.3958,28
94.5,ue_n001_0002,gNB_4G_1,-52,gNB_5G,-67,0.630784,0,-1,0,31.4023,28
94.5,ue_ujeongwon_0002,gNB_4G_1,-44,gNB_4G_2,-76,0.8192,0,-1,0,30.4528,28
94.5,ue_ujeongwon_0003,gNB_4G_1,-40,gNB_4G_2,-85,0.335872,0,-1,0,48.1544,28
94.5,ue_n001_0003,gNB_4G_1,-39,gNB_5G,-82,0.548864,0,-1,0,58.2196,28
94.5,car_north_base_001_rider,gNB_4G_2,-44,gNB_4G_1,-51,0.827392,1,14.0399,0,20.233,28
94.5,car_north_base_002_rider,gNB_4G_2,-46,gNB_4G_1,-51,0.8192,1,10.2399,0,63.9578,28
94.5,ue_n043_0002,gNB_4G_2,-50,gNB_4G_1,-61,0.147456,5,32.2399,1,56.7596,28
94.5,ue_n001_0004,gNB_4G_1,-56,gNB_5G,-70,0.630784,0,-1,0,65.542,28
94.5,ue_n043_0003,gNB_5G,-48,gNB_4G_2,-53,0.45056,4,13.8399,1,65.4719,28
94.5,car_north_base_003,gNB_4G_2,-44,gNB_5G,-60,0.589824,1,1.23993,0,39.4548,28
94.5,ue_n042_0004,gNB_4G_2,-57,gNB_5G,-73,0.8192,2,33.2399,0,47.6433,28
94.5,car_north_base_004,gNB_4G_1,-39,gNB_4G_2,-83,0.139264,0,-1,0,68.4486,28
94.5,car_north_base_005,gNB_4G_1,-36,gNB_5G,-66,0.229376,0,-1,0,73.756,28
94.5,ue_n043_0004,gNB_5G,-47,gNB_4G_2,-54,0.745472,0,-1,0,63.1981,28
94.5,car_north_base_006_rider,gNB_4G_1,-42,gNB_4G_2,-75,0.131072,0,-1,0,76.7566,28
94.5,ue_n043_0005,gNB_5G,-48,gNB_4G_2,-55,0.483328,0,-1,0,62.594,28
94.5,ue_ujeongwon_0004,gNB_4G_1,-54,gNB_4G_2,-78,0.114688,0,-1,0,56.4077,28
94.5,ue_ujeongwon_0005,gNB_4G_1,-54,gNB_4G_2,-79,0.32768,0,-1,0,56.8542,16
94.5,ue_n001_0005,gNB_4G_1,-44,gNB_4G_2,-77,0.589824,0,-1,0,34.4413,28
94.5,ue_ujeongwon_0006,gNB_4G_1,-55,gNB_5G,-76,0.548864,0,-1,0,52.5892,28
94.5,ue_n042_0005,gNB_4G_2,-64,gNB_5G,-63,0.811008,0,-1,0,26.0453,28
95.5,ue_n042_0001,gNB_4G_2,-40,gNB_5G,-62,0.270336,2,90.6399,1,72.6578,28
95.5,car_north_peak_001,gNB_4G_2,-50,gNB_5G,-54,0.098304,1,51.2399,0,63.3472,28
95.5,car_north_peak_002_rider,gNB_4G_2,-49,gNB_5G,-52,0.311296,1,44.6399,0,10.9489,16
95.5,car_north_peak_003_rider,gNB_4G_2,-46,gNB_5G,-59,0.8192,1,39.4399,0,63.4646,28
95.5,ue_n042_0002,gNB_4G_2,-43,gNB_5G,-61,0.679936,2,87.6399,1,51.5354,28
95.5,ue_ujeongwon_0001,gNB_4G_1,-49,gNB_4G_2,-71,0.385024,0,-1,0,11.1248,16
95.5,car_north_peak_004,gNB_4G_2,-48,gNB_5G,-49,0.16384,1,37.4399,0,62.3262,28
95.5,car_north_peak_005,gNB_4G_2,-45,gNB_5G,-54,0.4096,1,33.8399,0,65.4319,28
95.5,ue_n043_0001,gNB_5G,-49,gNB_4G_2,-48,0.352256,4,44.6399,1,61.3238,28
95.5,ue_n042_0003,gNB_4G_2,-41,gNB_5G,-66,0.344064,2,69.6399,1,68.3676,28
95.5,ue_n001_0001,gNB_4G_1,-37,gNB_5G,-68,0.581632,0,-1,0,54.5912,28
95.5,ue_n001_0002,gNB_4G_1,-48,gNB_5G,-67,0.630784,0,-1,0,65.8751,28
95.5,ue_ujeongwon_0002,gNB_4G_1,-42,gNB_4G_2,-67,0.8192,0,-1,0,27.2437,27
95.5,ue_ujeongwon_0003,gNB_4G_1,-52,gNB_4G_2,-84,0.344064,0,-1,0,49.6258,28
95.5,ue_n001_0003,gNB_4G_1,-42,gNB_5G,-81,0.548864,0,-1,0,69.8177,28
95.5,car_north_base_001_rider,gNB_4G_2,-45,gNB_5G,-52,0.8192,1,15.0399,0,24.3879,28
95.5,car_north_base_002_rider,gNB_4G_2,-47,gNB_4G_1,-53,0.8192,1,11.2399,0,68.7858,28
95.5,ue_n043_0002,gNB_4G_2,-54,gNB_5G,-63,0.139264,5,33.2399,1,54.4557,28
95.5,ue_n001_0004,gNB_4G_1,-49,gNB_5G,-73,0.630784,0,-1,0,64.5417,28
95.5,ue_n043_0003,gNB_5G,-47,gNB_4G_2,-52,0.458752,4,14.8399,1,64.3629,28
95.5,car_north_base_003,gNB_4G_2,-43,gNB_4G_1,-55,0.581632,1,2.23993,0,69.1984,28
95.5,ue_n042_0004,gNB_4G_2,-56,gNB_5G,-68,0.8192,2,34.2399,0,46.8018,28
95.5,car_north_base_004,gNB_4G_1,-39,gNB_4G_2,-68,0.131072,0,-1,0,66.6089,28
95.5,car_north_base_005,gNB_4G_1,-38,gNB_4G_2,-83,0.229376,0,-1,0,74.0714,28
95.5,ue_n043_0004,gNB_5G,-47,gNB_4G_2,-56,0.745472,0,-1,0,65.2951,28
95.5,car_north_base_006_rider,gNB_4G_1,-43,gNB_5G,-77,0.12288,0,-1,0,73.3463,28
95.5,ue_n043_0005,gNB_5G,-47,gNB_4G_2,-56,0.483328,0,-1,0,64.7262,28
95.5,ue_ujeongwon_0004,gNB_4G_1,-51,gNB_4G_2,-75,0.12288,0,-1,0,61.421,28
95.5,ue_ujeongwon_0005,gNB_4G_1,-53,gNB_4G_2,-77,0.32768,0,-1,0,52.8446,25
95.5,ue_n001_0005,gNB_4G_1,-47,gNB_5G,-74,0.581632,0,-1,0,31.7536,28
95.5,ue_ujeongwon_0006,gNB_4G_1,-55,gNB_5G,-76,0.540672,0,-1,0,56.3092,28
95.5,ue_n042_0005,gNB_4G_2,-64,gNB_5G,-64,0.827392,0,-1,0,41.9051,28
95.5,ue_n043_0006,gNB_5G,-51,gNB_4G_2,-60,0.253952,0,-1,0,48.5741,28
96.5,ue_n042_0001,gNB_4G_2,-44,gNB_5G,-63,0.278528,2,91.6399,1,69.4217,28
96.5,car_north_peak_001,gNB_4G_2,-49,gNB_5G,-55,0.090112,1,52.2399,0,52.5806,28
96.5,car_north_peak_002_rider,gNB_4G_2,-47,gNB_4G_1,-52,0.319488,1,45.6399,0,63.9253,28
96.5,car_north_peak_003_rider,gNB_4G_2,-47,gNB_4G_1,-55,0.8192,1,40.4399,0,63.5522,28
96.5,ue_n042_0002,gNB_4G_2,-43,gNB_5G,-61,0.688128,2,88.6399,1,48.0737,28
96.5,ue_ujeongwon_0001,gNB_4G_1,-50,gNB_4G_2,-65,0.393216,0,-1,0,54.093,28
96.5,car_north_peak_004,gNB_4G_2,-48,gNB_5G,-50,0.155648,1,38.4399,0,64.8411,28
96.5,car_north_peak_005,gNB_4G_2,-46,gNB_5G,-54,0.4096,1,34.8399,0,32.7812,26
96.5,ue_n043_0001,gNB_5G,-46,gNB_4G_2,-46,0.360448,4,45.6399,1,63.1397,28
96.5,ue_n042_0003,gNB_4G_2,-44,gNB_5G,-64,0.344064,2,70.6399,1,62.3244,28
96.5,ue_n001_0001,gNB_4G_1,-39,gNB_5G,-67,0.581632,0,-1,0,53.4866,28
96.5,ue_n001_0002,gNB_4G_1,-51,gNB_5G,-67,0.630784,0,-1,0,65.707,28
96.5,ue_ujeongwon_0002,gNB_4G_1,-41,gNB_4G_2,-64,0.811008,0,-1,0,27.7787,27
96.5,ue_ujeongwon_0003,gNB_4G_1,-42,gNB_4G_2,-84,0.344064,0,-1,0,52.2988,16
96.5,ue_n001_0003,gNB_4G_1,-39,gNB_5G,-75,0.540672,0,-1,0,69.2883,28
96.5,car_north_base_001_rider,gNB_4G_2,-41,gNB_4G_1,-55,0.8192,1,16.0399,0,68.731,28
96.5,car_north_base_002_rider,gNB_4G_2,-43,gNB_4G_1,-50,0.8192,1,12.2399,0,64.1403,28
96.5,ue_n043_0002,gNB_4G_2,-56,gNB_5G,-64,0.139264,5,34.2399,1,55.6022,28
96.5,ue_n001_0004,gNB_4G_1,-49,gNB_5G,-69,0.630784,0,-1,0,41.2074,28
96.5,ue_n043_0003,gNB_5G,-51,gNB_4G_2,-49,0.45056,4,15.8399,1,67.237,28
96.5,car_north_base_003,gNB_4G_2,-43,gNB_4G_1,-50,0.581632,1,3.23993,0,18.0737,23
96.5,ue_n042_0004,gNB_4G_2,-57,gNB_5G,-67,0.8192,2,35.2399,0,54.4748,28
96.5,car_north_base_004,gNB_4G_1,-41,gNB_4G_2,-93,0.139264,0,-1,0,65.6921,28
96.5,car_north_base_005,gNB_4G_1,-37,gNB_4G_2,-82,0.221184,0,-1,0,71.8856,28
96.5,ue_n043_0004,gNB_5G,-45,gNB_4G_2,-53,0.745472,0,-1,0,66.2915,28
96.5,car_north_base_006_rider,gNB_4G_1,-42,gNB_5G,-76,0.131072,0,-1,0,48.9341,28
96.5,ue_n043_0005,gNB_5G,-47,gNB_4G_2,-53,0.483328,0,-1,0,61.529,28
96.5,ue_ujeongwon_0004,gNB_4G_1,-51,gNB_4G_2,-75,0.114688,0,-1,0,57.3732,28
96.5,ue_ujeongwon_0005,gNB_4G_1,-54,gNB_5G,-75,0.32768,0,-1,0,56.4419,28
96.5,ue_n001_0005,gNB_4G_1,-48,gNB_4G_2,-77,0.589824,0,-1,0,37.6363,28
96.5,ue_ujeongwon_0006,gNB_4G_1,-55,gNB_4G_2,-78,0.548864,0,-1,0,48.5998,28
96.5,ue_n042_0005,gNB_4G_2,-67,gNB_5G,-68,0.8192,0,-1,0,26.0297,28
96.5,ue_n043_0006,gNB_5G,-49,gNB_4G_2,-60,0.581632,0,-1,0,63.3385,28
96.5,ue_ujeongwon_0007,gNB_4G_1,-60,gNB_5G,-62,0.385024,0,-1,0,46.8025,13
97.5,ue_n042_0001,gNB_4G_2,-41,gNB_5G,-63,0.270336,2,92.6399,1,57.7623,28
97.5,car_north_peak_001,gNB_4G_2,-50,gNB_5G,-58,0.098304,1,53.2399,0,20.0672,28
97.5,car_north_peak_002_rider,gNB_4G_2,-47,gNB_5G,-53,0.319488,1,46.6399,0,62.6385,28
97.5,car_north_peak_003_rider,gNB_4G_2,-47,gNB_5G,-59,0.8192,1,41.4399,0,50.5511,28
97.5,ue_n042_0002,gNB_4G_2,-38,gNB_5G,-61,0.679936,2,89.6399,1,52.1651,28
97.5,ue_ujeongwon_0001,gNB_4G_1,-49,gNB_4G_2,-67,0.393216,0,-1,0,66.8226,28
97.5,car_north_peak_004,gNB_4G_2,-46,gNB_5G,-52,0.16384,1,39.4399,0,64.7592,28
97.5,car_north_peak_005,gNB_4G_2,-45,gNB_5G,-51,0.4096,1,35.8399,0,64.1057,28
97.5,ue_n043_0001,gNB_5G,-48,gNB_4G_2,-46,0.352256,4,46.6399,1,65.4709,28
97.5,ue_n042_0003,gNB_4G_2,-44,gNB_5G,-64,0.335872,2,71.6399,1,69.3734,28
97.5,ue_n001_0001,gNB_4G_1,-35,gNB_5G,-64,0.589824,0,-1,0,56.4344,28
97.5,ue_n001_0002,gNB_4G_1,-53,gNB_5G,-71,0.630784,0,-1,0,65.6401,28
97.5,ue_ujeongwon_0002,gNB_4G_1,-41,gNB_4G_2,-64,0.827392,0,-1,0,23.6645,27
97.5,ue_ujeongwon_0003,gNB_4G_1,-42,gNB_4G_2,-95,0.335872,0,-1,0,50.4994,28
97.5,ue_n001_0003,gNB_4G_1,-39,gNB_5G,-77,0.548864,0,-1,0,51.2775,28
97.5,car_north_base_001_rider,gNB_4G_2,-42,gNB_5G,-55,0.8192,1,17.0399,0,44.0967,28
97.5,car_north_base_002_rider,gNB_4G_2,-46,gNB_4G_1,-50,0.811008,1,13.2399,0,10.0812,26
97.5,ue_n043_0002,gNB_4G_2,-55,gNB_5G,-64,0.139264,5,35.2399,1,54.7391,28
97.5,ue_n001_0004,gNB_4G_1,-50,gNB_5G,-71,0.630784,0,-1,0,33.5369,28
97.5,ue_n043_0003,gNB_5G,-48,gNB_4G_2,-48,0.458752,4,16.8399,1,66.9741,28
97.5,car_north_base_003,gNB_4G_2,-43,gNB_4G_1,-50,0.581632,1,4.23993,0,6.77304,12
97.5,ue_n042_0004,gNB_4G_2,-57,gNB_5G,-68,0.8192,2,36.2399,0,47.3482,28
97.5,car_north_base_004,gNB_4G_1,-40,gNB_4G_2,-96,0.131072,0,-1,0,68.3109,28
97.5,car_north_base_005,gNB_4G_1,-37,gNB_4G_2,-80,0.229376,0,-1,0,70.682,28
97.5,ue_n043_0004,gNB_5G,-45,gNB_4G_2,-53,0.745472,0,-1,0,66.4017,28
97.5,car_north_base_006_rider,gNB_4G_1,-37,gNB_4G_2,-84,0.12288,0,-1,0,45.265,28
97.5,ue_n043_0005,gNB_5G,-46,gNB_4G_2,-56,0.475136,0,-1,0,65.6104,28
97.5,ue_ujeongwon_0004,gNB_4G_1,-52,gNB_4G_2,-73,0.12288,0,-1,0,28.1811,28
97.5,ue_ujeongwon_0005,gNB_4G_1,-53,gNB_4G_2,-79,0.32768,0,-1,0,53.4294,28
97.5,ue_n001_0005,gNB_4G_1,-48,gNB_4G_2,-77,0.581632,0,-1,0,30.6558,16
97.5,ue_ujeongwon_0006,gNB_4G_1,-56,gNB_4G_2,-82,0.548864,0,-1,0,52.9277,28
97.5,ue_n042_0005,gNB_4G_2,-67,gNB_5G,-66,0.811008,0,-1,0,44.979,27
97.5,ue_n043_0006,gNB_5G,-50,gNB_4G_2,-59,0.589824,0,-1,0,57.4318,28
97.5,ue_ujeongwon_0007,gNB_4G_1,-62,gNB_5G,-62,0.8192,0,-1,0,48.3363,15
98.5,ue_n042_0001,gNB_4G_2,-44,gNB_5G,-65,0.270336,2,93.6399,1,68.3151,28
98.5,car_north_peak_001,gNB_5G,-54,gNB_4G_2,-76,0.098304,2,0.839928,0,54.3623,28
98.5,car_north_peak_002_rider,gNB_4G_2,-48,gNB_4G_1,-57,0.311296,1,47.6399,0,62.8801,28
98.5,car_north_peak_003_rider,gNB_4G_2,-44,gNB_5G,-57,0.8192,1,42.4399,0,65.8588,28
98.5,ue_n042_0002,gNB_4G_2,-38,gNB_5G,-59,0.679936,2,90.6399,1,65.2793,28
98.5,ue_ujeongwon_0001,gNB_4G_1,-47,gNB_4G_2,-71,0.385024,0,-1,0,35.8893,28
98.5,car_north_peak_004,gNB_4G_2,-46,gNB_5G,-53,0.16384,1,40.4399,0,64.9616,28
98.5,car_north_peak_005,gNB_4G_2,-46,gNB_5G,-49,0.4096,1,36.8399,0,65.5478,28
98.5,ue_n043_0001,gNB_5G,-48,gNB_4G_2,-46,0.360448,4,47.6399,1,65.7001,28
98.5,ue_n042_0003,gNB_4G_2,-40,gNB_5G,-63,0.344064,2,72.6399,1,67.8868,28
98.5,ue_n001_0001,gNB_4G_1,-35,gNB_5G,-66,0.581632,0,-1,0,50.5985,28
98.5,ue_n001_0002,gNB_4G_1,-53,gNB_5G,-71,0.630784,0,-1,0,62.0449,28
98.5,ue_ujeongwon_0002,gNB_4G_1,-41,gNB_4G_2,-67,0.8192,0,-1,0,24.121,24
98.5,ue_ujeongwon_0003,gNB_4G_1,-40,gNB_5G,-98,0.344064,0,-1,0,49.7619,28
98.5,ue_n001_0003,gNB_4G_1,-38,gNB_5G,-77,0.548864,0,-1,0,74.634,28
98.5,car_north_base_001_rider,gNB_4G_2,-42,gNB_5G,-58,0.8192,1,18.0399,0,66.2896,28
98.5,car_north_base_002_rider,gNB_4G_2,-43,gNB_4G_1,-49,0.827392,1,14.2399,0,69.101,28
98.5,ue_n043_0002,gNB_4G_2,-56,gNB_5G,-65,0.139264,5,36.2399,1,5.87768,5
98.5,ue_n001_0004,gNB_4G_1,-47,gNB_5G,-65,0.630784,0,-1,0,33.4653,28
98.5,ue_n043_0003,gNB_5G,-51,gNB_4G_2,-52,0.45056,4,17.8399,1,66.1328,28
98.5,car_north_base_003,gNB_4G_2,-43,gNB_4G_1,-50,0.557056,1,5.23993,0,61.5512,28
98.5,ue_n042_0004,gNB_4G_2,-56,gNB_5G,-70,0.8192,2,37.2399,0,42.9406,28
98.5,car_north_base_004,gNB_4G_1,-41,gNB_5G,-90,0.131072,0,-1,0,29.8899,28
98.5,car_north_base_005,gNB_4G_1,-38,gNB_4G_2,-85,0.229376,0,-1,0,63.0433,28
98.5,ue_n043_0004,gNB_5G,-47,gNB_4G_2,-55,0.745472,0,-1,0,62.5461,28
98.5,car_north_base_006_rider,gNB_4G_1,-44,gNB_4G_2,-87,0.131072,0,-1,0,40.5607,28
98.5,ue_n043_0005,gNB_5G,-45,gNB_4G_2,-58,0.483328,0,-1,0,62.9677,28
98.5,ue_ujeongwon_0004,gNB_4G_1,-49,gNB_4G_2,-74,0.114688,0,-1,0,60.1541,28
98.5,ue_ujeongwon_0005,gNB_4G_1,-53,gNB_4G_2,-78,0.32768,0,-1,0,52.2367,28
98.5,ue_n001_0005,gNB_4G_1,-51,gNB_4G_2,-75,0.581632,0,-1,0,42.0458,28
98.5,ue_ujeongwon_0006,gNB_4G_1,-54,gNB_4G_2,-79,0.540672,0,-1,0,52.4629,28
98.5,ue_n042_0005,gNB_4G_2,-66,gNB_5G,-71,0.827392,0,-1,0,46.6955,28
98.5,ue_n043_0006,gNB_5G,-51,gNB_4G_2,-65,0.581632,0,-1,0,52.664,28
98.5,ue_ujeongwon_0007,gNB_4G_1,-61,gNB_5G,-62,0.8192,0,-1,0,48.6233,28
98.5,ue_ujeongwon_0008,gNB_4G_1,-59,gNB_5G,-63,0.172032,0,-1,0,51.4309,28
99.5,ue_n042_0001,gNB_4G_2,-43,gNB_5G,-63,0.278528,2,94.6399,1,57.6406,28
99.5,car_north_peak_001,gNB_5G,-56,gNB_4G_1,-56,0.098304,2,1.83993,0,55.7535,28
99.5,car_north_peak_002_rider,gNB_4G_2,-48,gNB_4G_1,-54,0.311296,1,48.6399,0,65.3861,28
99.5,car_north_peak_003_rider,gNB_4G_2,-45,gNB_5G,-55,0.8192,1,43.4399,0,63.2325,28
99.5,ue_n042_0002,gNB_4G_2,-48,gNB_5G,-62,0.688128,2,91.6399,1,59.1606,28
99.5,ue_ujeongwon_0001,gNB_4G_1,-47,gNB_5G,-76,0.393216,0,-1,0,31.84,28
99.5,car_north_peak_004,gNB_4G_2,-46,gNB_5G,-48,0.155648,1,41.4399,0,59.1483,28
99.5,car_north_peak_005,gNB_4G_2,-45,gNB_5G,-51,0.4096,1,37.8399,0,65.4378,28
99.5,ue_n043_0001,gNB_5G,-48,gNB_4G_2,-48,0.352256,4,48.6399,1,62.5476,26
99.5,ue_n042_0003,gNB_4G_2,-43,gNB_5G,-62,0.344064,2,73.6399,1,58.1796,28
99.5,ue_n001_0001,gNB_4G_1,-37,gNB_5G,-65,0.589824,0,-1,0,75.2547,28
99.5,ue_n001_0002,gNB_4G_1,-47,gNB_5G,-67,0.622592,0,-1,0,36.9157,28
99.5,ue_ujeongwon_0002,gNB_4G_1,-40,gNB_4G_2,-65,0.8192,0,-1,0,22.7913,26
99.5,ue_ujeongwon_0003,gNB_4G_1,-40,gNB_4G_2,-97,0.344064,0,-1,0,49.4798,28
99.5,ue_n001_0003,gNB_4G_1,-36,gNB_5G,-81,0.540672,0,-1,0,71.3962,28
99.5,car_north_base_001_rider,gNB_4G_2,-44,gNB_5G,-58,0.8192,1,19.0399,0,41.3337,28
99.5,car_north_base_002_rider,gNB_4G_2,-42,gNB_4G_1,-54,0.8192,1,15.2399,0,69.269,28
99.5,ue_n043_0002,gNB_4G_2,-58,gNB_4G_1,-58,0.131072,5,37.2399,1,49.4595,28
99.5,ue_n001_0004,gNB_4G_1,-50,gNB_5G,-63,0.630784,0,-1,0,64.4544,28
99.5,ue_n043_0003,gNB_5G,-50,gNB_4G_2,-52,0.458752,4,18.8399,1,66.1613,28
99.5,car_north_base_003,gNB_4G_2,-46,gNB_4G_1,-49,0.557056,1,6.23993,0,63.7932,28
99.5,ue_n042_0004,gNB_4G_2,-54,gNB_5G,-70,0.8192,2,38.2399,0,43.1832,28
99.5,car_north_base_004,gNB_4G_1,-40,gNB_4G_2,-74,0.139264,0,-1,0,26.0016,24
99.5,car_north_base_005,gNB_4G_1,-39,gNB_4G_2,-94,0.229376,0,-1,0,61.584,28
99.5,ue_n043_0004,gNB_5G,-48,gNB_4G_2,-55,0.73728,0,-1,0,65.6125,28
99.5,car_north_base_006_rider,gNB_4G_1,-52,gNB_4G_2,-87,0.131072,0,-1,0,55.1129,28
99.5,ue_n043_0005,gNB_5G,-46,gNB_4G_2,-55,0.483328,0,-1,0,63.16,20
99.5,ue_ujeongwon_0004,gNB_4G_1,-50,gNB_4G_2,-84,0.12288,0,-1,0,44.6515,28
99.5,ue_ujeongwon_0005,gNB_4G_1,-58,gNB_4G_2,-79,0.32768,0,-1,0,59.6898,28
99.5,ue_n001_0005,gNB_4G_1,-47,gNB_4G_2,-77,0.589824,0,-1,0,34.8303,28
99.5,ue_ujeongwon_0006,gNB_4G_1,-53,gNB_4G_2,-77,0.548864,0,-1,0,32.2919,27
99.5,ue_n042_0005,gNB_4G_2,-64,gNB_5G,-68,0.8192,0,-1,0,33.5819,28
99.5,ue_n043_0006,gNB_5G,-53,gNB_4G_2,-59,0.589824,0,-1,0,57.905,28
99.5,ue_ujeongwon_0007,gNB_4G_1,-58,gNB_5G,-75,0.8192,0,-1,0,47.9737,28
99.5,ue_ujeongwon_0008,gNB_4G_1,-60,gNB_5G,-63,0.360448,0,-1,0,47.037,28
100.5,ue_n042_0001,gNB_4G_2,-43,gNB_5G,-59,0.270336,2,95.6399,1,56.5232,28
100.5,car_north_peak_001,gNB_5G,-55,gNB_4G_1,-65,0.098304,2,2.83993,0,58.4427,28
100.5,car_north_peak_002_rider,gNB_4G_2,-45,gNB_5G,-54,0.319488,1,49.6399,0,65.3658,28
100.5,car_north_peak_003_rider,gNB_4G_2,-48,gNB_5G,-56,0.8192,1,44.4399,0,61.0649,28
100.5,ue_n042_0002,gNB_4G_2,-40,gNB_5G,-63,0.679936,2,92.6399,1,59.6647,28
100.5,ue_ujeongwon_0001,gNB_4G_1,-48,gNB_5G,-76,0.393216,0,-1,0,40.1921,28
100.5,car_north_peak_004,gNB_4G_2,-47,gNB_5G,-55,0.16384,1,42.4399,0,61.9754,28
100.5,car_north_peak_005,gNB_4G_2,-45,gNB_5G,-52,0.4096,1,38.8399,0,63.6743,28
100.5,ue_n043_0001,gNB_5G,-48,gNB_4G_2,-48,0.360448,4,49.6399,1,62.1895,28
100.5,ue_n042_0003,gNB_4G_2,-45,gNB_5G,-61,0.335872,2,74.6399,1,54.1528,28
100.5,ue_n001_0001,gNB_4G_1,-36,gNB_5G,-64,0.581632,0,-1,0,74.0426,28
100.5,ue_n001_0002,gNB_4G_1,-46,gNB_5G,-69,0.630784,0,-1,0,65.6355,28
100.5,ue_ujeongwon_0002,gNB_4G_1,-50,gNB_4G_2,-63,0.8192,0,-1,0,28.0851,25
100.5,ue_ujeongwon_0003,gNB_4G_1,-46,gNB_5G,-97,0.335872,0,-1,0,56.5386,28
100.5,ue_n001_0003,gNB_4G_1,-42,gNB_4G_2,-83,0.548864,0,-1,0,70.3249,28
100.5,car_north_base_001_rider,gNB_4G_2,-44,gNB_5G,-53,0.8192,1,20.0399,0,11.4692,16
100.5,car_north_base_002_rider,gNB_4G_2,-42,gNB_4G_1,-54,0.8192,1,16.2399,0,20.8372,28
100.5,ue_n043_0002,gNB_4G_1,-57,gNB_4G_2,-61,0.12288,6,0.439928,0,54.3112,28
100.5,ue_n001_0004,gNB_4G_1,-47,gNB_5G,-68,0.630784,0,-1,0,64.3397,28
100.5,ue_n043_0003,gNB_5G,-44,gNB_4G_2,-48,0.45056,4,19.8399,1,63.8192,28
100.5,car_north_base_003,gNB_4G_2,-47,gNB_4G_1,-52,0.57344,1,7.23993,0,57.5347,28
100.5,ue_n042_0004,gNB_4G_2,-53,gNB_5G,-68,0.8192,2,39.2399,0,39.9928,28
100.5,car_north_base_004,gNB_4G_1,-43,gNB_4G_2,-68,0.131072,0,-1,0,66.0812,18
100.5,car_north_base_005,gNB_4G_1,-41,gNB_4G_2,-96,0.229376,0,-1,0,62.3708,28
100.5,ue_n043_0004,gNB_5G,-46,gNB_4G_2,-58,0.745472,0,-1,0,62.853,28
100.5,car_north_base_006_rider,gNB_4G_1,-53,gNB_5G,-76,0.12288,0,-1,0,57.3721,28
100.5,ue_n043_0005,gNB_5G,-48,gNB_4G_2,-55,0.483328,0,-1,0,67.0179,28
100.5,ue_ujeongwon_0004,gNB_4G_1,-51,gNB_5G,-85,0.114688,0,-1,0,62.7684,28
100.5,ue_ujeongwon_0005,gNB_4G_1,-58,gNB_4G_2,-79,0.32768,0,-1,0,26.5823,28
100.5,ue_n001_0005,gNB_4G_1,-48,gNB_4G_2,-75,0.581632,0,-1,0,33.0075,25
100.5,ue_ujeongwon_0006,gNB_4G_1,-54,gNB_5G,-75,0.548864,0,-1,0,31.0223,28
100.5,ue_n042_0005,gNB_5G,-63,gNB_4G_2,-67,0.811008,1,0.439928,0,44.9833,28
100.5,ue_n043_0006,gNB_5G,-51,gNB_4G_2,-57,0.581632,0,-1,0,56.2671,28
100.5,ue_ujeongwon_0007,gNB_4G_1,-58,gNB_5G,-92,0.8192,0,-1,0,48.4073,28
100.5,ue_ujeongwon_0008,gNB_4G_1,-61,gNB_5G,-62,0.352256,0,-1,0,52.5213,28
100.5,ue_n043_0007,gNB_5G,-51,gNB_4G_2,-60,0.188416,0,-1,0,47.7402,28
100.5,ue_ujeongwon_0009,gNB_4G_1,-56,gNB_4G_2,-76,0.278528,0,-1,0,33.6,28
101.5,ue_n042_0001,gNB_4G_2,-41,gNB_5G,-62,0.270336,2,96.6399,1,71.9599,28
101.5,car_north_peak_001,gNB_5G,-53,gNB_4G_2,-52,0.090112,2,3.83993,0,56.4906,28
101.5,car_north_peak_002_rider,gNB_4G_2,-45,gNB_5G,-57,0.311296,1,50.6399,0,63.8091,28
101.5,car_north_peak_003_rider,gNB_4G_2,-50,gNB_4G_1,-57,0.8192,1,45.4399,0,59.3476,28
101.5,ue_n042_0002,gNB_4G_2,-44,gNB_5G,-63,0.679936,2,93.6399,1,58.2088,28
101.5,ue_ujeongwon_0001,gNB_4G_1,-49,gNB_5G,-76,0.385024,0,-1,0,63.6686,28
101.5,car_north_peak_004,gNB_4G_2,-47,gNB_4G_1,-61,0.155648,1,43.4399,0,36.0741,28
101.5,car_north_peak_005,gNB_4G_2,-47,gNB_5G,-53,0.4096,1,39.8399,0,64.8718,20
101.5,ue_n043_0001,gNB_5G,-49,gNB_4G_2,-46,0.352256,4,50.6399,1,68.2054,28
101.5,ue_n042_0003,gNB_4G_2,-41,gNB_5G,-61,0.344064,2,75.6399,1,61.8602,28
101.5,ue_n001_0001,gNB_4G_1,-40,gNB_5G,-64,0.589824,0,-1,0,74.6147,28
101.5,ue_n001_0002,gNB_4G_1,-47,gNB_5G,-71,0.630784,0,-1,0,65.2338,23
101.5,ue_ujeongwon_0002,gNB_4G_1,-41,gNB_4G_2,-63,0.8192,0,-1,0,25.1109,27
101.5,ue_ujeongwon_0003,gNB_4G_1,-41,gNB_4G_2,-97,0.344064,0,-1,0,60.3977,28
101.5,ue_n001_0003,gNB_4G_1,-38,gNB_4G_2,-84,0.548864,0,-1,0,60.2703,28
101.5,car_north_base_001_rider,gNB_4G_2,-44,gNB_5G,-53,0.8192,1,21.0399,0,64.4118,28
101.5,car_north_base_002_rider,gNB_4G_2,-41,gNB_4G_1,-52,0.8192,1,17.2399,0,68.731,28
101.5,ue_n043_0002,gNB_4G_1,-57,gNB_4G_2,-58,0.131072,6,1.43993,0,18.9135,16
101.5,ue_n001_0004,gNB_4G_1,-46,gNB_5G,-69,0.630784,0,-1,0,30.3037,28
101.5,ue_n043_0003,gNB_5G,-45,gNB_4G_2,-49,0.458752,4,20.8399,1,66.4267,28
101.5,car_north_base_003,gNB_4G_2,-47,gNB_4G_1,-51,0.548864,1,8.23993,0,5.03567,21
101.5,ue_n042_0004,gNB_4G_2,-58,gNB_5G,-65,0.8192,2,40.2399,0,41.0107,28
101.5,car_north_base_004,gNB_4G_1,-41,gNB_4G_2,-66,0.139264,0,-1,0,28.1478,28
101.5,car_north_base_005,gNB_4G_1,-41,gNB_4G_2,-70,0.221184,0,-1,0,66.9832,28
101.5,ue_n043_0004,gNB_5G,-46,gNB_4G_2,-55,0.745472,0,-1,0,62.9713,28
101.5,car_north_base_006_rider,gNB_4G_1,-53,gNB_5G,-65,0.131072,0,-1,0,60.9914,28
101.5,ue_n043_0005,gNB_5G,-48,gNB_4G_2,-55,0.483328,0,-1,0,65.3983,17
101.5,ue_ujeongwon_0004,gNB_4G_1,-48,gNB_4G_2,-90,0.12288,0,-1,0,64.1039,28
101.5,ue_ujeongwon_0005,gNB_4G_1,-54,gNB_4G_2,-78,0.32768,0,-1,0,56.5758,28
101.5,ue_n001_0005,gNB_4G_1,-47,gNB_4G_2,-75,0.589824,0,-1,0,28.3697,28
101.5,ue_ujeongwon_0006,gNB_4G_1,-53,gNB_4G_2,-81,0.540672,0,-1,0,52.7553,28
101.5,ue_n042_0005,gNB_4G_2,-58,gNB_5G,-65,0.8192,2,0.239928,1,34.0696,28
101.5,ue_n043_0006,gNB_5G,-53,gNB_4G_1,-58,0.589824,0,-1,0,59.9157,28
101.5,ue_ujeongwon_0007,gNB_4G_1,-57,gNB_5G,-102,0.8192,0,-1,0,46.6121,10
101.5,ue_ujeongwon_0008,gNB_4G_1,-58,gNB_5G,-75,0.360448,0,-1,0,51.9097,28
101.5,ue_n043_0007,gNB_5G,-52,gNB_4G_2,-60,0.4096,0,-1,0,63.3352,28
101.5,ue_ujeongwon_0009,gNB_4G_1,-54,gNB_4G_2,-76,0.581632,0,-1,0,57.2085,28
102.5,ue_n042_0001,gNB_4G_2,-41,gNB_5G,-64,0.278528,2,97.6399,1,68.3874,28
102.5,car_north_peak_001,gNB_4G_2,-46,gNB_5G,-54,0.098304,3,0.839928,0,62.9429,28
102.5,car_north_peak_002_rider,gNB_4G_2,-47,gNB_5G,-53,0.319488,1,51.6399,0,63.3158,28
102.5,car_north_peak_003_rider,gNB_4G_2,-51,gNB_5G,-49,0.811008,1,46.4399,0,12.3627,13
102.5,ue_n042_0002,gNB_4G_2,-43,gNB_5G,-59,0.688128,2,94.6399,1,55.2994,28
102.5,ue_ujeongwon_0001,gNB_4G_1,-47,gNB_5G,-77,0.393216,0,-1,0,63.8591,28
102.5,car_north_peak_004,gNB_4G_2,-48,gNB_5G,-60,0.16384,1,44.4399,0,65.0175,28
102.5,car_north_peak_005,gNB_4G_2,-46,gNB_5G,-54,0.4096,1,40.8399,0,62.4278,28
102.5,ue_n043_0001,gNB_5G,-47,gNB_4G_2,-47,0.360448,4,51.6399,1,64.1125,28
102.5,ue_n042_0003,gNB_4G_2,-49,gNB_5G,-60,0.344064,2,76.6399,1,56.8712,28
102.5,ue_n001_0001,gNB_4G_1,-38,gNB_5G,-67,0.581632,0,-1,0,50.4768,28
102.5,ue_n001_0002,gNB_4G_1,-48,gNB_4G_2,-64,0.630784,0,-1,0,67.0651,28
102.5,ue_ujeongwon_0002,gNB_4G_1,-43,gNB_4G_2,-61,0.8192,0,-1,0,27.3468,28
102.5,ue_ujeongwon_0003,gNB_4G_1,-41,gNB_4G_2,-97,0.344064,0,-1,0,53.0597,28
102.5,ue_n001_0003,gNB_4G_1,-44,gNB_4G_2,-84,0.540672,0,-1,0,59.9687,28
102.5,car_north_base_001_rider,gNB_4G_2,-45,gNB_5G,-51,0.8192,1,22.0399,0,69.9973,28
102.5,car_north_base_002_rider,gNB_4G_2,-42,gNB_5G,-54,0.8192,1,18.2399,0,69.3811,28
102.5,ue_n043_0002,gNB_4G_1,-60,gNB_5G,-67,0.131072,6,2.43993,0,3.59682,4
102.5,ue_n001_0004,gNB_4G_1,-48,gNB_5G,-69,0.630784,0,-1,0,66.591,28
102.5,ue_n043_0003,gNB_5G,-50,gNB_4G_2,-51,0.458752,4,21.8399,1,60.0043,28
102.5,car_north_base_003,gNB_4G_2,-47,gNB_4G_1,-49,0.589824,1,9.23993,0,21.4697,28
102.5,ue_n042_0004,gNB_4G_2,-53,gNB_5G,-65,0.8192,2,41.2399,0,55.8322,28
102.5,car_north_base_004,gNB_4G_1,-51,gNB_5G,-67,0.131072,0,-1,0,48.2809,28
102.5,car_north_base_005,gNB_4G_1,-46,gNB_4G_2,-66,0.229376,0,-1,0,62.5028,28
102.5,ue_n043_0004,gNB_5G,-49,gNB_4G_2,-53,0.745472,0,-1,0,61.5684,28
102.5,car_north_base_006_rider,gNB_4G_1,-49,gNB_5G,-74,0.12288,0,-1,0,61.9099,28
102.5,ue_n043_0005,gNB_5G,-46,gNB_4G_2,-58,0.475136,0,-1,0,62.8568,28
102.5,ue_ujeongwon_0004,gNB_4G_1,-47,gNB_4G_2,-89,0.114688,0,-1,0,66.5904,28
102.5,ue_ujeongwon_0005,gNB_4G_1,-53,gNB_4G_2,-78,0.32768,0,-1,0,62.214,26
102.5,ue_n001_0005,gNB_4G_1,-47,gNB_4G_2,-70,0.581632,0,-1,0,20.9982,21
102.5,ue_ujeongwon_0006,gNB_4G_1,-53,gNB_4G_2,-79,0.548864,0,-1,0,53.4505,28
102.5,ue_n042_0005,gNB_4G_2,-55,gNB_5G,-65,0.8192,2,1.23993,1,40.7031,28
102.5,ue_n043_0006,gNB_5G,-54,gNB_4G_2,-55,0.581632,0,-1,0,40.6279,28
102.5,ue_ujeongwon_0007,gNB_4G_1,-57,gNB_5G,-66,0.8192,0,-1,0,41.4504,22
102.5,ue_ujeongwon_0008,gNB_4G_1,-58,gNB_5G,-92,0.352256,0,-1,0,52.87,28
102.5,ue_n043_0007,gNB_5G,-50,gNB_4G_2,-59,0.4096,0,-1,0,58.2678,28
102.5,ue_ujeongwon_0009,gNB_4G_1,-55,gNB_5G,-76,0.589824,0,-1,0,54.3951,28
103.5,ue_n042_0001,gNB_4G_2,-44,gNB_5G,-63,0.270336,2,98.6399,1,67.7279,28
103.5,car_north_peak_001,gNB_4G_2,-48,gNB_5G,-92,0.098304,3,1.83993,0,31.9275,28
103.5,car_north_peak_002_rider,gNB_4G_2,-47,gNB_5G,-63,0.311296,1,52.6399,0,64.9401,28
103.5,car_north_peak_003_rider,gNB_4G_2,-50,gNB_4G_1,-56,0.827392,1,47.4399,0,15.3705,15
103.5,ue_n042_0002,gNB_4G_2,-42,gNB_5G,-58,0.679936,2,95.6399,1,69.4409,28
103.5,ue_ujeongwon_0001,gNB_4G_1,-45,gNB_4G_2,-78,0.393216,0,-1,0,62.267,28
103.5,car_north_peak_004,gNB_4G_2,-46,gNB_5G,-57,0.16384,1,45.4399,0,61.5174,28
103.5,car_north_peak_005,gNB_4G_2,-48,gNB_5G,-51,0.4096,1,41.8399,0,63.1023,28
103.5,ue_n043_0001,gNB_4G_2,-46,gNB_5G,-50,0.352256,5,0.439928,0,65.6808,28
103.5,ue_n042_0003,gNB_4G_2,-42,gNB_5G,-58,0.335872,2,77.6399,1,65.5382,28
103.5,ue_n001_0001,gNB_4G_1,-36,gNB_5G,-65,0.581632,0,-1,0,72.012,28
103.5,ue_n001_0002,gNB_4G_1,-51,gNB_4G_2,-63,0.630784,0,-1,0,65.3808,28
103.5,ue_ujeongwon_0002,gNB_4G_1,-42,gNB_4G_2,-66,0.8192,0,-1,0,25.4343,25
103.5,ue_ujeongwon_0003,gNB_4G_1,-43,gNB_4G_2,-91,0.335872,0,-1,0,35.0702,28
103.5,ue_n001_0003,gNB_4G_1,-49,gNB_4G_2,-84,0.548864,0,-1,0,37.2851,28
103.5,car_north_base_001_rider,gNB_4G_2,-41,gNB_5G,-59,0.8192,1,23.0399,0,66.9859,28
103.5,car_north_base_002_rider,gNB_4G_2,-41,gNB_5G,-55,0.8192,1,19.2399,0,61.6565,28
103.5,ue_n043_0002,gNB_4G_2,-60,gNB_5G,-65,0.131072,7,0.439928,0,14.7545,19
103.5,ue_n001_0004,gNB_4G_1,-51,gNB_5G,-70,0.622592,0,-1,0,64.2721,28
103.5,ue_n043_0003,gNB_5G,-49,gNB_4G_2,-52,0.45056,4,22.8399,1,67.0443,28
103.5,car_north_base_003,gNB_4G_2,-47,gNB_4G_1,-50,0.581632,1,10.2399,0,25.2379,28
103.5,ue_n042_0004,gNB_4G_2,-57,gNB_5G,-66,0.8192,2,42.2399,0,40.8345,28
103.5,car_north_base_004,gNB_4G_1,-43,gNB_5G,-64,0.131072,0,-1,0,27.7012,28
103.5,car_north_base_005,gNB_4G_1,-43,gNB_4G_2,-79,0.229376,0,-1,0,63.8559,28
103.5,ue_n043_0004,gNB_5G,-47,gNB_4G_2,-53,0.745472,0,-1,0,61.4182,28
103.5,car_north_base_006_rider,gNB_4G_1,-51,gNB_5G,-67,0.131072,0,-1,0,60.6373,28
103.5,ue_n043_0005,gNB_5G,-45,gNB_4G_2,-55,0.483328,0,-1,0,62.971,20
103.5,ue_ujeongwon_0004,gNB_4G_1,-44,gNB_4G_2,-89,0.12288,0,-1,0,65.4,28
103.5,ue_ujeongwon_0005,gNB_4G_1,-52,gNB_4G_2,-83,0.32768,0,-1,0,61.4647,28
103.5,ue_n001_0005,gNB_4G_1,-47,gNB_4G_2,-70,0.589824,0,-1,0,33.3535,21
103.5,ue_ujeongwon_0006,gNB_4G_1,-58,gNB_4G_2,-77,0.548864,0,-1,0,43.4684,28
103.5,ue_n042_0005,gNB_4G_2,-56,gNB_5G,-67,0.8192,2,2.23993,1,56.1185,28
103.5,ue_n043_0006,gNB_5G,-57,gNB_4G_2,-58,0.581632,0,-1,0,55.5435,28
103.5,ue_ujeongwon_0007,gNB_4G_1,-59,gNB_5G,-65,0.8192,0,-1,0,37.585,28
103.5,ue_ujeongwon_0008,gNB_4G_1,-57,gNB_5G,-102,0.352256,0,-1,0,54.9885,28
103.5,ue_n043_0007,gNB_5G,-54,gNB_4G_2,-65,0.4096,0,-1,0,57.7603,28
103.5,ue_ujeongwon_0009,gNB_4G_1,-55,gNB_5G,-76,0.581632,0,-1,0,55.4485,28
104.5,ue_n042_0001,gNB_4G_2,-43,gNB_5G,-63,0.270336,2,99.6399,1,46.1855,28
104.5,car_north_peak_001,gNB_4G_2,-47,gNB_4G_1,-73,0.098304,3,2.83993,0,61.6133,27
104.5,car_north_peak_002_rider,gNB_4G_2,-46,gNB_5G,-55,0.319488,1,53.6399,0,63.6535,28
104.5,car_north_peak_003_rider,gNB_4G_2,-47,gNB_4G_1,-54,0.8192,1,48.4399,0,8.83695,14
104.5,ue_n042_0002,gNB_4G_2,-41,gNB_5G,-60,0.679936,2,96.6399,1,66.3893,28
104.5,ue_ujeongwon_0001,gNB_4G_1,-45,gNB_5G,-77,0.385024,0,-1,0,64.037,28
104.5,car_north_peak_004,gNB_4G_2,-49,gNB_4G_1,-56,0.155648,1,46.4399,0,18.2746,28
104.5,car_north_peak_005,gNB_4G_2,-48,gNB_5G,-50,0.4096,1,42.8399,0,66.6304,18
104.5,ue_n043_0001,gNB_4G_2,-45,gNB_5G,-47,0.360448,5,1.43993,0,63.817,28
104.5,ue_n042_0003,gNB_4G_2,-42,gNB_5G,-59,0.344064,2,78.6399,1,52.5051,28
104.5,ue_n001_0001,gNB_4G_1,-44,gNB_5G,-62,0.589824,0,-1,0,61.7107,28
104.5,ue_n001_0002,gNB_4G_1,-47,gNB_4G_2,-61,0.630784,0,-1,0,57.4202,28
104.5,ue_ujeongwon_0002,gNB_4G_1,-42,gNB_4G_2,-60,0.8192,0,-1,0,39.2967,28
104.5,ue_ujeongwon_0003,gNB_4G_1,-41,gNB_4G_2,-71,0.344064,0,-1,0,41.6021,28
104.5,ue_n001_0003,gNB_4G_1,-62,gNB_4G_2,-84,0.548864,0,-1,0,47.9803,28
104.5,car_north_base_001_rider,gNB_4G_2,-44,gNB_5G,-51,0.8192,1,24.0399,0,33.2088,28
104.5,car_north_base_002_rider,gNB_4G_2,-44,gNB_5G,-57,0.8192,1,20.2399,0,67.2662,28
104.5,ue_n043_0002,gNB_4G_2,-56,gNB_5G,-63,0.139264,7,1.43993,0,54.3752,28
104.5,ue_n001_0004,gNB_4G_1,-51,gNB_5G,-70,0.630784,0,-1,0,63.5043,28
104.5,ue_n043_0003,gNB_5G,-48,gNB_4G_2,-51,0.458752,4,23.8399,1,65.6473,28
104.5,car_north_base_003,gNB_4G_2,-42,gNB_4G_1,-50,0.581632,1,11.2399,0,66.5797,28
104.5,ue_n042_0004,gNB_4G_2,-54,gNB_5G,-65,0.8192,2,43.2399,0,36.5308,28
104.5,car_north_base_004,gNB_4G_1,-45,gNB_5G,-66,0.139264,0,-1,0,31.4989,18
104.5,car_north_base_005,gNB_4G_1,-43,gNB_5G,-68,0.229376,0,-1,0,30.258,28
104.5,ue_n043_0004,gNB_4G_2,-53,gNB_5G,-62,0.745472,1,0.439928,0,30.2892,28
104.5,car_north_base_006_rider,gNB_4G_1,-50,gNB_5G,-71,0.131072,0,-1,0,41.3443,28
104.5,ue_n043_0005,gNB_5G,-49,gNB_4G_2,-53,0.483328,0,-1,0,60.5202,28
104.5,ue_ujeongwon_0004,gNB_4G_1,-45,gNB_4G_2,-90,0.114688,0,-1,0,67.8148,28
104.5,ue_ujeongwon_0005,gNB_4G_1,-50,gNB_5G,-87,0.32768,0,-1,0,62.6787,28
104.5,ue_n001_0005,gNB_4G_1,-46,gNB_4G_2,-71,0.581632,0,-1,0,25.35,28
104.5,ue_ujeongwon_0006,gNB_4G_1,-58,gNB_4G_2,-77,0.540672,0,-1,0,60.181,28
104.5,ue_n042_0005,gNB_4G_2,-57,gNB_5G,-68,0.8192,2,3.23993,1,34.3795,28
104.5,ue_n043_0006,gNB_5G,-52,gNB_4G_2,-57,0.589824,0,-1,0,56.3454,28
104.5,ue_ujeongwon_0007,gNB_4G_1,-57,gNB_5G,-92,0.8192,0,-1,0,36.5916,28
104.5,ue_ujeongwon_0008,gNB_4G_1,-57,gNB_5G,-66,0.360448,0,-1,0,49.7671,27
104.5,ue_n043_0007,gNB_5G,-55,gNB_4G_2,-59,0.4096,0,-1,0,58.0502,28
104.5,ue_ujeongwon_0009,gNB_4G_1,-55,gNB_5G,-76,0.589824,0,-1,0,55.7215,28
105.5,ue_n042_0001,gNB_4G_2,-64,gNB_5G,-97,0.278528,2,100.64,1,43.7327,28
105.5,car_north_peak_001,gNB_4G_2,-49,gNB_5G,-68,0.090112,3,3.83993,0,18.1684,28
105.5,car_north_peak_002_rider,gNB_4G_2,-47,gNB_5G,-59,0.311296,1,54.6399,0,60.2627,26
105.5,car_north_peak_003_rider,gNB_4G_2,-48,gNB_5G,-53,0.8192,1,49.4399,0,16.1893,22
105.5,ue_n042_0002,gNB_4G_2,-47,gNB_5G,-65,0.688128,2,97.6399,1,56.6564,28
105.5,ue_ujeongwon_0001,gNB_4G_1,-45,gNB_5G,-77,0.393216,0,-1,0,29.7296,28
105.5,car_north_peak_004,gNB_4G_2,-47,gNB_5G,-54,0.16384,1,47.4399,0,61.1152,16
105.5,car_north_peak_005,gNB_4G_2,-44,gNB_5G,-51,0.4096,1,43.8399,0,64.7875,25
105.5,ue_n043_0001,gNB_4G_2,-47,gNB_5G,-50,0.352256,5,2.43993,0,66.1637,28
105.5,ue_n042_0003,gNB_4G_2,-39,gNB_5G,-61,0.344064,2,79.6399,1,68.2364,28
105.5,ue_n001_0001,gNB_4G_1,-41,gNB_5G,-62,0.581632,0,-1,0,72.0397,28
105.5,ue_n001_0002,gNB_4G_1,-45,gNB_4G_2,-60,0.630784,0,-1,0,62.2956,28
105.5,ue_ujeongwon_0002,gNB_4G_1,-43,gNB_5G,-74,0.8192,0,-1,0,19.678,22
105.5,ue_ujeongwon_0003,gNB_4G_1,-45,gNB_4G_2,-77,0.344064,0,-1,0,33.0571,26
105.5,ue_n001_0003,gNB_4G_1,-68,gNB_4G_2,-84,0.540672,0,-1,0,79.4527,28
105.5,car_north_base_001_rider,gNB_4G_2,-48,gNB_5G,-56,0.8192,1,25.0399,0,16.9188,22
105.5,car_north_base_002_rider,gNB_4G_2,-44,gNB_5G,-54,0.811008,1,21.2399,0,67.1732,28
105.5,ue_n043_0002,gNB_4G_2,-56,gNB_5G,-65,0.139264,7,2.43993,0,31.4625,28
105.5,ue_n001_0004,gNB_4G_1,-52,gNB_5G,-68,0.630784,0,-1,0,65.6025,28
105.5,ue_n043_0003,gNB_5G,-49,gNB_4G_2,-48,0.45056,4,24.8399,1,65.4138,28
105.5,car_north_base_003,gNB_4G_2,-43,gNB_4G_1,-51,0.581632,1,12.2399,0,66.1617,28
105.5,ue_n042_0004,gNB_4G_2,-55,gNB_5G,-64,0.8192,2,44.2399,0,56.9072,28
105.5,car_north_base_004,gNB_4G_1,-45,gNB_5G,-67,0.131072,0,-1,0,26.985,20
105.5,car_north_base_005,gNB_4G_1,-42,gNB_5G,-68,0.221184,0,-1,0,63.3039,28
105.5,ue_n043_0004,gNB_5G,-47,gNB_4G_2,-54,0.73728,2,0.639928,1,61.7689,28
105.5,car_north_base_006_rider,gNB_4G_1,-48,gNB_4G_2,-79,0.12288,0,-1,0,28.7579,28
105.5,ue_n043_0005,gNB_5G,-52,gNB_4G_2,-53,0.483328,0,-1,0,61.4184,28
105.5,ue_ujeongwon_0004,gNB_4G_1,-43,gNB_4G_2,-89,0.12288,0,-1,0,65.5602,28
105.5,ue_ujeongwon_0005,gNB_4G_1,-49,gNB_4G_2,-90,0.32768,0,-1,0,62.4585,28
105.5,ue_n001_0005,gNB_4G_1,-45,gNB_4G_2,-74,0.581632,0,-1,0,27.7874,28
105.5,ue_ujeongwon_0006,gNB_4G_1,-54,gNB_4G_2,-78,0.548864,0,-1,0,53.6733,28
105.5,ue_n042_0005,gNB_4G_2,-57,gNB_5G,-66,0.8192,2,4.23993,1,39.9796,28
105.5,ue_n043_0006,gNB_5G,-53,gNB_4G_2,-56,0.581632,0,-1,0,53.5576,28
105.5,ue_ujeongwon_0007,gNB_4G_1,-56,gNB_5G,-74,0.8192,0,-1,0,34.9985,28
105.5,ue_ujeongwon_0008,gNB_4G_1,-59,gNB_5G,-65,0.352256,0,-1,0,48.9341,28
105.5,ue_n043_0007,gNB_5G,-53,gNB_4G_2,-57,0.4096,0,-1,0,56.2975,28
105.5,ue_ujeongwon_0009,gNB_4G_1,-55,gNB_4G_2,-78,0.581632,0,-1,0,57.8092,28
106.5,ue_n042_0001,gNB_4G_2,-65,gNB_5G,-100,0.270336,2,101.64,1,42.3877,28
106.5,car_north_peak_001,gNB_4G_1,-66,gNB_4G_2,-82,0.073728,4,0.0399284,0,25.6929,6
106.5,car_north_peak_002_rider,gNB_4G_2,-51,gNB_5G,-53,0.278528,1,55.6399,0,31.5269,28
106.5,car_north_peak_003_rider,gNB_4G_2,-47,gNB_5G,-54,0.811008,1,50.4399,0,28.3233,23
106.5,ue_n042_0002,gNB_4G_2,-44,gNB_5G,-63,0.679936,2,98.6399,1,70.2979,28
106.5,ue_ujeongwon_0001,gNB_4G_1,-49,gNB_5G,-74,0.385024,0,-1,0,53.457,28
106.5,car_north_peak_004,gNB_4G_2,-49,gNB_5G,-51,0.155648,1,48.4399,0,57.6803,28
106.5,car_north_peak_005,gNB_4G_2,-46,gNB_5G,-53,0.4096,1,44.8399,0,22.3775,28
106.5,ue_n043_0001,gNB_4G_2,-45,gNB_5G,-47,0.360448,5,3.43993,0,63.0853,28
106.5,ue_n042_0003,gNB_4G_2,-38,gNB_5G,-61,0.335872,2,80.6399,1,69.8796,28
106.5,ue_n001_0001,gNB_4G_1,-40,gNB_5G,-67,0.589824,0,-1,0,75.579,28
106.5,ue_n001_0002,gNB_4G_1,-48,gNB_4G_2,-61,0.630784,0,-1,0,60.929,28
106.5,ue_ujeongwon_0002,gNB_4G_1,-45,gNB_4G_2,-62,0.8192,0,-1,0,34.5905,26
106.5,ue_ujeongwon_0003,gNB_4G_1,-44,gNB_4G_2,-72,0.335872,0,-1,0,30.1203,28
106.5,ue_n001_0003,gNB_4G_1,-43,gNB_4G_2,-83,0.548864,0,-1,0,57.3133,28
106.5,car_north_base_001_rider,gNB_4G_2,-44,gNB_5G,-58,0.8192,1,26.0399,0,65.0831,28
106.5,car_north_base_002_rider,gNB_4G_2,-44,gNB_5G,-54,0.827392,1,22.2399,0,13.4372,28
106.5,ue_n043_0002,gNB_4G_2,-56,gNB_5G,-65,0.114688,7,3.43993,0,1.76065,28
106.5,ue_n001_0004,gNB_4G_1,-50,gNB_5G,-67,0.630784,0,-1,0,63.5586,28
106.5,ue_n043_0003,gNB_5G,-48,gNB_4G_2,-50,0.458752,4,25.8399,1,63.1545,28
106.5,car_north_base_003,gNB_4G_2,-43,gNB_5G,-58,0.589824,1,13.2399,0,70.5111,20
106.5,ue_n042_0004,gNB_4G_2,-53,gNB_5G,-65,0.8192,2,45.2399,0,40.0291,28
106.5,car_north_base_004,gNB_4G_1,-45,gNB_5G,-65,0.131072,0,-1,0,25.699,25
106.5,car_north_base_005,gNB_4G_1,-44,gNB_5G,-66,0.229376,0,-1,0,18.7136,21
106.5,ue_n043_0004,gNB_4G_2,-53,gNB_5G,-58,0.704512,3,0.439928,1,2.56567,7
106.5,car_north_base_006_rider,gNB_4G_1,-52,gNB_4G_2,-78,0.131072,0,-1,0,60.9037,28
106.5,ue_n043_0005,gNB_4G_2,-53,gNB_5G,-62,0.483328,1,0.639928,0,51.451,28
106.5,ue_ujeongwon_0004,gNB_4G_1,-45,gNB_4G_2,-89,0.114688,0,-1,0,53.9619,28
106.5,ue_ujeongwon_0005,gNB_4G_1,-48,gNB_4G_2,-90,0.32768,0,-1,0,52.1648,28
106.5,ue_n001_0005,gNB_4G_1,-47,gNB_4G_2,-69,0.589824,0,-1,0,44.9773,28
106.5,ue_ujeongwon_0006,gNB_4G_1,-52,gNB_4G_2,-78,0.548864,0,-1,0,58.2721,28
106.5,ue_n042_0005,gNB_4G_2,-57,gNB_5G,-66,0.8192,2,5.23993,1,33.7668,28
106.5,ue_n043_0006,gNB_5G,-54,gNB_4G_2,-57,0.589824,0,-1,0,50.9591,28
106.5,ue_ujeongwon_0007,gNB_4G_1,-56,gNB_5G,-67,0.8192,0,-1,0,39.809,28
106.5,ue_ujeongwon_0008,gNB_4G_1,-57,gNB_5G,-66,0.360448,0,-1,0,54.6482,28
106.5,ue_n043_0007,gNB_5G,-53,gNB_4G_1,-58,0.4096,0,-1,0,55.6983,26
106.5,ue_ujeongwon_0009,gNB_4G_1,-56,gNB_4G_2,-82,0.589824,0,-1,0,31.0801,28
107.5,ue_n042_0001,gNB_4G_2,-73,gNB_5G,-96,0.270336,2,102.64,1,45.688,28
107.5,car_north_peak_001,gNB_4G_1,-62,gNB_5G,-76,0.098304,4,1.03993,0,43.3154,28
107.5,car_north_peak_002_rider,gNB_5G,-54,gNB_4G_1,-56,0.294912,2,0.839928,0,53.9141,28
107.5,car_north_peak_003_rider,gNB_4G_2,-46,gNB_4G_1,-53,0.8192,1,51.4399,0,65.7432,28
107.5,ue_n042_0002,gNB_4G_2,-46,gNB_5G,-63,0.679936,2,99.6399,1,43.1356,28
107.5,ue_ujeongwon_0001,gNB_4G_1,-51,gNB_4G_2,-78,0.393216,0,-1,0,60.8513,28
107.5,car_north_peak_004,gNB_4G_2,-48,gNB_4G_1,-55,0.16384,1,49.4399,0,64.1514,28
107.5,car_north_peak_005,gNB_4G_2,-46,gNB_4G_1,-57,0.4096,1,45.8399,0,19.337,28
107.5,ue_n043_0001,gNB_4G_2,-46,gNB_5G,-47,0.352256,5,4.43993,0,65.8793,28
107.5,ue_n042_0003,gNB_4G_2,-41,gNB_5G,-63,0.344064,2,81.6399,1,60.1155,28
107.5,ue_n001_0001,gNB_4G_1,-39,gNB_5G,-68,0.581632,0,-1,0,38.0253,28
107.5,ue_n001_0002,gNB_4G_1,-47,gNB_4G_2,-61,0.630784,0,-1,0,30.8258,27
107.5,ue_ujeongwon_0002,gNB_4G_1,-42,gNB_4G_2,-62,0.8192,0,-1,0,24.6181,26
107.5,ue_ujeongwon_0003,gNB_4G_1,-41,gNB_4G_2,-71,0.344064,0,-1,0,56.8383,28
107.5,ue_n001_0003,gNB_4G_1,-39,gNB_4G_2,-83,0.548864,0,-1,0,77.4027,28
107.5,car_north_base_001_rider,gNB_4G_2,-45,gNB_5G,-50,0.8192,1,27.0399,0,24.6319,27
107.5,car_north_base_002_rider,gNB_4G_2,-44,gNB_5G,-51,0.8192,1,23.2399,0,31.5897,28
107.5,ue_n043_0002,gNB_4G_2,-58,gNB_4G_1,-59,0.155648,7,4.43993,0,52.2712,28
107.5,ue_n001_0004,gNB_4G_1,-46,gNB_5G,-67,0.630784,0,-1,0,66.131,28
107.5,ue_n043_0003,gNB_5G,-47,gNB_4G_2,-49,0.45056,4,26.8399,1,67.3118,28
107.5,car_north_base_003,gNB_4G_2,-41,gNB_4G_1,-58,0.581632,1,14.2399,0,63.9663,28
107.5,ue_n042_0004,gNB_4G_2,-51,gNB_5G,-64,0.8192,2,46.2399,0,43.4034,28
107.5,car_north_base_004,gNB_4G_1,-44,gNB_5G,-59,0.139264,0,-1,0,58.5202,19
107.5,car_north_base_005,gNB_4G_1,-46,gNB_5G,-64,0.229376,0,-1,0,58.3978,28
107.5,ue_n043_0004,gNB_5G,-48,gNB_4G_2,-53,0.761856,4,0.439928,1,63.6476,26
107.5,car_north_base_006_rider,gNB_4G_1,-50,gNB_4G_2,-77,0.131072,0,-1,0,58.9858,28
107.5,ue_n043_0005,gNB_5G,-46,gNB_4G_2,-54,0.475136,2,0.439928,1,61.7682,28
107.5,ue_ujeongwon_0004,gNB_4G_1,-43,gNB_4G_2,-90,0.12288,0,-1,0,72.2391,28
107.5,ue_ujeongwon_0005,gNB_4G_1,-48,gNB_4G_2,-89,0.32768,0,-1,0,62.5921,28
107.5,ue_n001_0005,gNB_4G_1,-45,gNB_4G_2,-68,0.581632,0,-1,0,32.5152,28
107.5,ue_ujeongwon_0006,gNB_4G_1,-52,gNB_4G_2,-83,0.540672,0,-1,0,62.1753,28
107.5,ue_n042_0005,gNB_4G_2,-58,gNB_5G,-63,0.8192,2,6.23993,1,35.0346,28
107.5,ue_n043_0006,gNB_5G,-53,gNB_4G_2,-58,0.581632,0,-1,0,55.1965,28
107.5,ue_ujeongwon_0007,gNB_4G_1,-57,gNB_5G,-63,0.8192,0,-1,0,39.9715,28
107.5,ue_ujeongwon_0008,gNB_4G_1,-56,gNB_5G,-88,0.352256,0,-1,0,52.8119,28
107.5,ue_n043_0007,gNB_5G,-51,gNB_4G_2,-60,0.4096,0,-1,0,56.4158,21
107.5,ue_ujeongwon_0009,gNB_4G_1,-54,gNB_4G_2,-79,0.581632,0,-1,0,31.7976,27
108.5,ue_n042_0001,gNB_4G_2,-70,gNB_5G,-94,0.278528,2,103.64,1,40.5164,28
108.5,car_north_peak_001,gNB_4G_1,-59,gNB_5G,-68,0.098304,4,2.03993,0,30.1374,28
108.5,car_north_peak_002_rider,gNB_5G,-56,gNB_4G_1,-56,0.319488,2,1.83993,0,57.7913,28
108.5,car_north_peak_003_rider,gNB_4G_2,-48,gNB_4G_1,-51,0.8192,1,52.4399,0,14.8312,18
108.5,ue_n042_0002,gNB_4G_2,-64,gNB_5G,-97,0.688128,2,100.64,1,40.4915,28
108.5,ue_ujeongwon_0001,gNB_4G_1,-49,gNB_5G,-75,0.393216,0,-1,0,62.3505,28
108.5,car_north_peak_004,gNB_4G_2,-47,gNB_4G_1,-54,0.16384,1,50.4399,0,63.9155,28
108.5,car_north_peak_005,gNB_4G_2,-47,gNB_5G,-50,0.4096,1,46.8399,0,63.0887,14
108.5,ue_n043_0001,gNB_4G_2,-45,gNB_5G,-48,0.352256,5,5.43993,0,23.5427,24
108.5,ue_n042_0003,gNB_4G_2,-41,gNB_5G,-63,0.344064,2,82.6399,1,54.4381,28
108.5,ue_n001_0001,gNB_4G_1,-39,gNB_5G,-65,0.589824,0,-1,0,31.7739,28
108.5,ue_n001_0002,gNB_4G_1,-53,gNB_4G_2,-61,0.622592,0,-1,0,21.7134,22
108.5,ue_ujeongwon_0002,gNB_4G_1,-41,gNB_4G_2,-63,0.8192,0,-1,0,26.6535,27
108.5,ue_ujeongwon_0003,gNB_4G_1,-41,gNB_4G_2,-69,0.344064,0,-1,0,36.8878,28
108.5,ue_n001_0003,gNB_4G_1,-38,gNB_4G_2,-84,0.540672,0,-1,0,72.382,28
108.5,car_north_base_001_rider,gNB_4G_2,-44,gNB_5G,-57,0.8192,1,28.0399,0,66.408,28
108.5,car_north_base_002_rider,gNB_4G_2,-41,gNB_5G,-58,0.8192,1,24.2399,0,69.977,27
108.5,ue_n043_0002,gNB_4G_2,-59,gNB_4G_1,-59,0.098304,7,5.43993,0,48.3191,28
108.5,ue_n001_0004,gNB_4G_1,-47,gNB_5G,-68,0.630784,0,-1,0,63.4762,28
108.5,ue_n043_0003,gNB_5G,-46,gNB_4G_2,-50,0.458752,4,27.8399,1,64.1414,28
108.5,car_north_base_003,gNB_4G_2,-42,gNB_5G,-56,0.589824,1,15.2399,0,48.85,28
108.5,ue_n042_0004,gNB_4G_2,-51,gNB_5G,-64,0.8192,2,47.2399,0,58.5466,28
108.5,car_north_base_004,gNB_4G_1,-48,gNB_5G,-56,0.131072,0,-1,0,58.1202,14
108.5,car_north_base_005,gNB_4G_1,-46,gNB_5G,-63,0.229376,0,-1,0,58.7532,28
108.5,ue_n043_0004,gNB_5G,-48,gNB_4G_2,-53,0.745472,4,1.43993,1,63.5376,28
108.5,car_north_base_006_rider,gNB_4G_1,-51,gNB_4G_2,-90,0.12288,0,-1,0,29.7892,28
108.5,ue_n043_0005,gNB_4G_2,-53,gNB_5G,-58,0.475136,3,0.439928,1,57.7698,28
108.5,ue_ujeongwon_0004,gNB_4G_1,-35,gNB_4G_2,-90,0.114688,0,-1,0,47.1642,28
108.5,ue_ujeongwon_0005,gNB_4G_1,-44,gNB_4G_2,-89,0.32768,0,-1,0,64.8256,27
108.5,ue_n001_0005,gNB_4G_1,-45,gNB_4G_2,-70,0.589824,0,-1,0,49.5654,28
108.5,ue_ujeongwon_0006,gNB_4G_1,-50,gNB_5G,-87,0.548864,0,-1,0,45.268,28
108.5,ue_n042_0005,gNB_4G_2,-59,gNB_5G,-68,0.8192,2,7.23993,1,47.7381,28
108.5,ue_n043_0006,gNB_5G,-53,gNB_4G_2,-58,0.589824,0,-1,0,53.4436,28
108.5,ue_ujeongwon_0007,gNB_4G_1,-53,gNB_5G,-67,0.8192,0,-1,0,39.9138,28
108.5,ue_ujeongwon_0008,gNB_4G_1,-55,gNB_5G,-79,0.360448,0,-1,0,53.9151,28
108.5,ue_n043_0007,gNB_5G,-54,gNB_4G_2,-56,0.4096,0,-1,0,56.3665,28
108.5,ue_ujeongwon_0009,gNB_4G_1,-53,gNB_4G_2,-77,0.581632,0,-1,0,57.5581,28
109.5,ue_n042_0001,gNB_4G_2,-70,gNB_5G,-95,0.270336,2,104.64,1,27.2381,28
109.5,car_north_peak_001,gNB_4G_1,-74,gNB_5G,-77,0.090112,4,3.03993,0,0.850188,3
109.5,car_north_peak_002_rider,gNB_4G_2,-47,gNB_5G,-53,0.311296,3,0.639928,1,58.8834,28
109.5,car_north_peak_003_rider,gNB_4G_2,-52,gNB_4G_1,-55,0.811008,1,53.4399,0,4.45813,10
109.5,ue_n042_0002,gNB_4G_2,-65,gNB_5G,-100,0.679936,2,101.64,1,40.4097,28
109.5,ue_ujeongwon_0001,gNB_4G_1,-47,gNB_4G_2,-77,0.385024,0,-1,0,36.4561,28
109.5,car_north_peak_004,gNB_4G_2,-49,gNB_4G_1,-53,0.155648,1,51.4399,0,59.3073,28
109.5,car_north_peak_005,gNB_4G_2,-48,gNB_5G,-51,0.4096,1,47.8399,0,61.5321,28
109.5,ue_n043_0001,gNB_4G_2,-47,gNB_5G,-49,0.360448,5,6.43993,0,60.6586,28
109.5,ue_n042_0003,gNB_4G_2,-39,gNB_5G,-64,0.335872,2,83.6399,1,67.6027,28
109.5,ue_n001_0001,gNB_4G_1,-40,gNB_5G,-64,0.581632,0,-1,0,31.8456,28
109.5,ue_n001_0002,gNB_4G_1,-51,gNB_4G_2,-60,0.638976,0,-1,0,62.118,28
109.5,ue_ujeongwon_0002,gNB_4G_1,-46,gNB_4G_2,-60,0.8192,0,-1,0,20.8742,26
109.5,ue_ujeongwon_0003,gNB_4G_1,-40,gNB_4G_2,-68,0.335872,0,-1,0,25.4698,28
109.5,ue_n001_0003,gNB_4G_1,-41,gNB_4G_2,-82,0.548864,0,-1,0,59.0039,28
109.5,car_north_base_001_rider,gNB_4G_2,-44,gNB_5G,-59,0.811008,1,29.0399,0,13.2087,19
109.5,car_north_base_002_rider,gNB_4G_2,-41,gNB_5G,-61,0.8192,1,25.2399,0,37.7452,28
109.5,ue_n043_0002,gNB_4G_1,-58,gNB_4G_2,-62,0.08192,8,0.439928,0,32.9915,28
109.5,ue_n001_0004,gNB_4G_1,-47,gNB_5G,-70,0.630784,0,-1,0,67.7215,28
109.5,ue_n043_0003,gNB_5G,-47,gNB_4G_2,-51,0.45056,4,28.8399,1,64.6317,28
109.5,car_north_base_003,gNB_4G_2,-41,gNB_5G,-55,0.581632,1,16.2399,0,69.7209,28
109.5,ue_n042_0004,gNB_4G_2,-52,gNB_5G,-64,0.8192,2,48.2399,0,47.8095,28
109.5,car_north_base_004,gNB_4G_2,-45,gNB_4G_1,-50,0.114688,1,0.439928,0,-0.283664,0
109.5,car_north_base_005,gNB_4G_1,-47,gNB_5G,-61,0.229376,0,-1,0,54.5025,28
109.5,ue_n043_0004,gNB_4G_2,-54,gNB_5G,-59,0.729088,5,0.439928,1,16.0134,19
109.5,car_north_base_006_rider,gNB_4G_1,-53,gNB_4G_2,-74,0.131072,0,-1,0,59.137,28
109.5,ue_n043_0005,gNB_5G,-48,gNB_4G_2,-53,0.483328,4,0.439928,1,63.6491,28
109.5,ue_ujeongwon_0004,gNB_4G_1,-45,gNB_4G_2,-90,0.12288,0,-1,0,56.6611,28
109.5,ue_ujeongwon_0005,gNB_4G_1,-45,gNB_4G_2,-90,0.32768,0,-1,0,66.1096,28
109.5,ue_n001_0005,gNB_4G_1,-45,gNB_4G_2,-67,0.581632,0,-1,0,25.9584,28
109.5,ue_ujeongwon_0006,gNB_4G_1,-50,gNB_4G_2,-88,0.548864,0,-1,0,58.2753,28
109.5,ue_n042_0005,gNB_4G_2,-60,gNB_5G,-65,0.8192,2,8.23993,1,40.1443,28
109.5,ue_n043_0006,gNB_5G,-56,gNB_4G_2,-59,0.581632,0,-1,0,50.4305,28
109.5,ue_ujeongwon_0007,gNB_4G_1,-53,gNB_5G,-67,0.8192,0,-1,0,38.6081,28
109.5,ue_ujeongwon_0008,gNB_4G_1,-56,gNB_5G,-74,0.352256,0,-1,0,53.6781,28
109.5,ue_n043_0007,gNB_5G,-54,gNB_4G_2,-58,0.4096,0,-1,0,56.6706,28
109.5,ue_ujeongwon_0009,gNB_4G_1,-52,gNB_5G,-75,0.589824,0,-1,0,28.908,28
110.5,ue_n042_0001,gNB_4G_2,-73,gNB_5G,-93,0.270336,2,105.64,1,39.8887,28
110.5,car_north_peak_001,gNB_5G,-81,gNB_4G_2,-93,0.08192,5,0.839928,0,-1.93449,27
110.5,car_north_peak_002_rider,gNB_4G_2,-52,gNB_5G,-52,0.319488,3,1.63993,1,57.4303,28
110.5,car_north_peak_003_rider,gNB_4G_2,-50,gNB_5G,-55,0.8192,1,54.4399,0,12.6657,15
110.5,ue_n042_0002,gNB_4G_2,-67,gNB_5G,-99,0.679936,2,102.64,1,42.0005,28
110.5,ue_ujeongwon_0001,gNB_4G_1,-44,gNB_5G,-75,0.393216,0,-1,0,38.549,28
110.5,car_north_peak_004,gNB_4G_2,-49,gNB_5G,-51,0.155648,1,52.4399,0,63.307,28
110.5,car_north_peak_005,gNB_4G_2,-49,gNB_5G,-52,0.4096,1,48.8399,0,21.7948,18
110.5,ue_n043_0001,gNB_4G_2,-47,gNB_5G,-50,0.360448,5,7.43993,0,67.0225,28
110.5,ue_n042_0003,gNB_4G_2,-41,gNB_5G,-62,0.344064,2,84.6399,1,53.9622,28
110.5,ue_n001_0001,gNB_4G_1,-42,gNB_4G_2,-65,0.581632,0,-1,0,75.2375,28
110.5,ue_n001_0002,gNB_4G_1,-46,gNB_4G_2,-62,0.630784,0,-1,0,63.4053,28
110.5,ue_ujeongwon_0002,gNB_4G_1,-45,gNB_4G_2,-64,0.8192,0,-1,0,27.3788,28
110.5,ue_ujeongwon_0003,gNB_4G_1,-44,gNB_4G_2,-69,0.344064,0,-1,0,32.3434,27
110.5,ue_n001_0003,gNB_4G_1,-39,gNB_5G,-79,0.548864,0,-1,0,78.3375,28
110.5,car_north_base_001_rider,gNB_4G_2,-45,gNB_5G,-55,0.827392,1,30.0399,0,18.0615,23
110.5,car_north_base_002_rider,gNB_4G_2,-48,gNB_5G,-57,0.811008,1,26.2399,0,8.90073,15
110.5,ue_n043_0002,gNB_4G_2,-63,gNB_5G,-70,0.106496,9,0.639928,1,16.265,21
110.5,ue_n001_0004,gNB_4G_1,-50,gNB_5G,-70,0.630784,0,-1,0,31.3038,28
110.5,ue_n043_0003,gNB_5G,-50,gNB_4G_2,-49,0.458752,4,29.8399,1,66.3626,28
110.5,car_north_base_003,gNB_4G_2,-40,gNB_5G,-57,0.581632,1,17.2399,0,25.058,28
110.5,ue_n042_0004,gNB_4G_2,-52,gNB_5G,-64,0.8192,2,49.2399,0,47.2346,28
110.5,car_north_base_004,gNB_4G_1,-49,gNB_5G,-57,0.139264,2,0.639928,1,57.9786,28
110.5,car_north_base_005,gNB_4G_1,-48,gNB_5G,-61,0.221184,0,-1,0,56.1712,28
110.5,ue_n043_0004,gNB_5G,-46,gNB_4G_2,-52,0.745472,6,0.639928,1,68.4749,28
110.5,car_north_base_006_rider,gNB_4G_1,-52,gNB_4G_2,-71,0.131072,0,-1,0,42.0931,28
110.5,ue_n043_0005,gNB_5G,-48,gNB_4G_2,-53,0.483328,4,1.43993,1,63.5377,28
110.5,ue_ujeongwon_0004,gNB_4G_1,-43,gNB_4G_2,-91,0.114688,0,-1,0,68.6664,28
110.5,ue_ujeongwon_0005,gNB_4G_1,-47,gNB_4G_2,-89,0.32768,0,-1,0,61.5159,28
110.5,ue_n001_0005,gNB_4G_1,-47,gNB_4G_2,-70,0.581632,0,-1,0,15.9234,28
110.5,ue_ujeongwon_0006,gNB_4G_1,-48,gNB_4G_2,-90,0.540672,0,-1,0,61.4449,28
110.5,ue_n042_0005,gNB_4G_2,-58,gNB_5G,-67,0.8192,2,9.23993,1,45.6475,28
110.5,ue_n043_0006,gNB_5G,-56,gNB_4G_2,-57,0.581632,0,-1,0,54.4574,28
110.5,ue_ujeongwon_0007,gNB_4G_1,-52,gNB_5G,-87,0.8192,0,-1,0,42.4563,28
110.5,ue_ujeongwon_0008,gNB_4G_1,-56,gNB_5G,-66,0.360448,0,-1,0,56.6572,28
110.5,ue_n043_0007,gNB_5G,-54,gNB_4G_2,-56,0.4096,0,-1,0,56.8888,19
110.5,ue_ujeongwon_0009,gNB_4G_1,-53,gNB_4G_2,-79,0.581632,0,-1,0,59.1057,28
111.5,ue_n042_0001,gNB_4G_2,-72,gNB_5G,-96,0.278528,2,106.64,1,41.4257,28
111.5,car_north_peak_001,gNB_4G_2,-89,gNB_4G_1,-98,0.106496,6,0.439928,0,16.1535,26
111.5,car_north_peak_002_rider,gNB_4G_2,-49,gNB_4G_1,-92,0.311296,3,2.63993,1,62.1397,28
111.5,car_north_peak_003_rider,gNB_4G_2,-47,gNB_5G,-56,0.827392,1,55.4399,0,57.5807,28
111.5,ue_n042_0002,gNB_4G_2,-68,gNB_5G,-98,0.688128,2,103.64,1,42.0652,28
111.5,ue_ujeongwon_0001,gNB_4G_1,-54,gNB_5G,-77,0.393216,0,-1,0,41.5437,28
111.5,car_north_peak_004,gNB_4G_2,-48,gNB_4G_1,-54,0.155648,1,53.4399,0,11.9596,28
111.5,car_north_peak_005,gNB_4G_2,-47,gNB_5G,-55,0.4096,1,49.8399,0,8.89008,19
111.5,ue_n043_0001,gNB_4G_2,-44,gNB_5G,-48,0.352256,5,8.43993,0,23.1741,24
111.5,ue_n042_0003,gNB_4G_2,-37,gNB_5G,-61,0.344064,2,85.6399,1,64.5298,28
111.5,ue_n001_0001,gNB_4G_1,-38,gNB_5G,-67,0.589824,0,-1,0,64.6196,28
111.5,ue_n001_0002,gNB_4G_1,-46,gNB_4G_2,-67,0.630784,0,-1,0,60.3153,28
111.5,ue_ujeongwon_0002,gNB_4G_1,-47,gNB_4G_2,-71,0.8192,0,-1,0,32.8122,28
111.5,ue_ujeongwon_0003,gNB_4G_1,-43,gNB_4G_2,-67,0.344064,0,-1,0,35.7506,28
111.5,ue_n001_0003,gNB_4G_1,-36,gNB_5G,-71,0.540672,0,-1,0,66.2935,28
111.5,car_north_base_001_rider,gNB_4G_2,-44,gNB_5G,-54,0.811008,1,31.0399,0,19.2537,22
111.5,car_north_base_002_rider,gNB_4G_2,-44,gNB_5G,-58,0.827392,1,27.2399,0,65.2023,25
111.5,ue_n043_0002,gNB_4G_2,-63,gNB_5G,-70,0.147456,9,1.63993,1,56.9056,28
111.5,ue_n001_0004,gNB_4G_1,-48,gNB_5G,-66,0.630784,0,-1,0,66.5067,28
111.5,ue_n043_0003,gNB_5G,-50,gNB_4G_2,-49,0.458752,4,30.8399,1,64.8316,28
111.5,car_north_base_003,gNB_4G_2,-43,gNB_5G,-56,0.589824,1,18.2399,0,28.9907,28
111.5,ue_n042_0004,gNB_4G_2,-52,gNB_5G,-64,0.8192,2,50.2399,0,60.337,28
111.5,car_north_base_004,gNB_4G_2,-44,gNB_4G_1,-51,0.139264,3,0.439928,1,45.3201,28
111.5,car_north_base_005,gNB_4G_1,-49,gNB_5G,-60,0.221184,0,-1,0,53.9376,28
111.5,ue_n043_0004,gNB_5G,-42,gNB_4G_2,-50,0.745472,6,1.63993,1,64.3717,28
111.5,car_north_base_006_rider,gNB_4G_1,-48,gNB_4G_2,-72,0.12288,0,-1,0,60.3445,28
111.5,ue_n043_0005,gNB_4G_2,-54,gNB_5G,-59,0.483328,5,0.439928,1,14.5341,16
111.5,ue_ujeongwon_0004,gNB_4G_1,-43,gNB_4G_2,-92,0.114688,0,-1,0,73.7678,28
111.5,ue_ujeongwon_0005,gNB_4G_1,-46,gNB_4G_2,-89,0.32768,0,-1,0,68.5039,28
111.5,ue_n001_0005,gNB_4G_1,-48,gNB_4G_2,-68,0.589824,0,-1,0,23.6955,28
111.5,ue_ujeongwon_0006,gNB_4G_1,-45,gNB_4G_2,-87,0.548864,0,-1,0,48.1917,28
111.5,ue_n042_0005,gNB_4G_2,-54,gNB_5G,-69,0.8192,2,10.2399,1,54.1335,28
111.5,ue_n043_0006,gNB_5G,-54,gNB_4G_2,-56,0.589824,0,-1,0,53.5818,28
111.5,ue_ujeongwon_0007,gNB_4G_1,-52,gNB_5G,-80,0.8192,0,-1,0,43.6982,25
111.5,ue_ujeongwon_0008,gNB_4G_1,-56,gNB_5G,-66,0.352256,0,-1,0,55.3102,28
111.5,ue_n043_0007,gNB_5G,-56,gNB_4G_2,-55,0.4096,0,-1,0,55.4267,16
111.5,ue_ujeongwon_0009,gNB_4G_1,-52,gNB_4G_2,-77,0.589824,0,-1,0,60.513,28
112.5,ue_n042_0001,gNB_4G_2,-72,gNB_5G,-96,0.270336,2,107.64,1,28.9608,28
112.5,car_north_peak_001,gNB_5G,-90,gNB_4G_2,-94,0.098304,7,0.239928,1,-8.98995,0
112.5,car_north_peak_002_rider,gNB_4G_2,-49,gNB_4G_1,-88,0.311296,3,3.63993,1,61.9556,28
112.5,car_north_peak_003_rider,gNB_4G_2,-47,gNB_5G,-56,0.8192,1,56.4399,0,61.5281,28
112.5,ue_n042_0002,gNB_4G_2,-70,gNB_5G,-99,0.679936,2,104.64,1,41.7522,28
112.5,ue_ujeongwon_0001,gNB_4G_1,-40,gNB_5G,-79,0.385024,0,-1,0,69.3337,28
112.5,car_north_peak_004,gNB_4G_2,-48,gNB_5G,-55,0.16384,1,54.4399,0,14.4294,21
112.5,car_north_peak_005,gNB_4G_2,-46,gNB_4G_1,-51,0.4096,1,50.8399,0,63.3733,28
112.5,ue_n043_0001,gNB_4G_2,-46,gNB_5G,-48,0.360448,5,9.43993,0,65.8056,0
112.5,ue_n042_0003,gNB_4G_2,-38,gNB_5G,-61,0.335872,2,86.6399,1,67.9277,28
112.5,ue_n001_0001,gNB_4G_1,-39,gNB_5G,-70,0.581632,0,-1,0,55.6904,28
112.5,ue_n001_0002,gNB_4G_1,-49,gNB_4G_2,-66,0.630784,0,-1,0,35.1797,28
112.5,ue_ujeongwon_0002,gNB_4G_1,-45,gNB_5G,-73,0.8192,0,-1,0,29.239,28
112.5,ue_ujeongwon_0003,gNB_4G_1,-42,gNB_4G_2,-67,0.335872,0,-1,0,26.5275,26
112.5,ue_n001_0003,gNB_4G_1,-39,gNB_4G_2,-82,0.548864,0,-1,0,57.1678,28
112.5,car_north_base_001_rider,gNB_4G_2,-43,gNB_5G,-52,0.827392,1,32.0399,0,66.1379,28
112.5,car_north_base_002_rider,gNB_4G_2,-45,gNB_5G,-59,0.8192,1,28.2399,0,67.9826,28
112.5,ue_n043_0002,gNB_4G_2,-54,gNB_5G,-77,0.139264,9,2.63993,1,57.1591,28
112.5,ue_n001_0004,gNB_4G_1,-46,gNB_5G,-67,0.630784,0,-1,0,64.4966,28
112.5,ue_n043_0003,gNB_5G,-50,gNB_4G_2,-49,0.45056,4,31.8399,1,65.2129,28
112.5,car_north_base_003,gNB_4G_2,-46,gNB_5G,-52,0.581632,1,19.2399,0,66.1772,28
112.5,ue_n042_0004,gNB_4G_2,-50,gNB_5G,-64,0.8192,2,51.2399,0,52.0511,28
112.5,car_north_base_004,gNB_4G_2,-44,gNB_5G,-64,0.131072,3,1.43993,1,35.0368,28
112.5,car_north_base_005,gNB_4G_2,-44,gNB_4G_1,-50,0.221184,1,0.439928,0,65.0803,28
112.5,ue_n043_0004,gNB_5G,-46,gNB_4G_2,-55,0.745472,6,2.63993,1,62.6201,28
112.5,car_north_base_006_rider,gNB_4G_1,-46,gNB_4G_2,-89,0.131072,0,-1,0,55.989,28
112.5,ue_n043_0005,gNB_5G,-46,gNB_4G_2,-52,0.483328,6,0.639928,1,60.5674,28
112.5,ue_ujeongwon_0004,gNB_4G_1,-37,gNB_4G_2,-92,0.12288,0,-1,0,58.1997,28
112.5,ue_ujeongwon_0005,gNB_4G_1,-43,gNB_4G_2,-90,0.32768,0,-1,0,65.6981,28
112.5,ue_n001_0005,gNB_4G_1,-45,gNB_4G_2,-66,0.581632,0,-1,0,25.6595,28
112.5,ue_ujeongwon_0006,gNB_4G_1,-45,gNB_4G_2,-89,0.548864,0,-1,0,65.3865,28
112.5,ue_n042_0005,gNB_4G_2,-55,gNB_5G,-68,0.8192,2,11.2399,1,34.6827,28
112.5,ue_n043_0006,gNB_4G_2,-55,gNB_5G,-61,0.524288,1,0.639928,0,-0.503097,5
112.5,ue_ujeongwon_0007,gNB_4G_1,-53,gNB_5G,-74,0.8192,0,-1,0,42.8517,28
112.5,ue_ujeongwon_0008,gNB_4G_1,-54,gNB_5G,-72,0.360448,0,-1,0,38.9834,28
112.5,ue_n043_0007,gNB_5G,-55,gNB_4G_2,-58,0.4096,0,-1,0,55.1951,16
112.5,ue_ujeongwon_0009,gNB_4G_1,-57,gNB_4G_2,-77,0.581632,0,-1,0,43.5798,28
113.5,ue_n042_0001,gNB_4G_2,-70,gNB_5G,-100,0.270336,2,108.64,1,38.8059,28
113.5,car_north_peak_001,gNB_4G_2,-94,gNB_4G_1,-103,0.090112,8,0.439928,1,15.3896,22
113.5,car_north_peak_002_rider,gNB_4G_2,-49,gNB_4G_1,-58,0.319488,3,4.63993,1,63.0934,28
113.5,car_north_peak_003_rider,gNB_4G_2,-48,gNB_5G,-54,0.8192,1,57.4399,0,61.7712,28
113.5,ue_n042_0002,gNB_4G_2,-51,gNB_5G,-82,0.679936,2,105.64,1,62.6897,28
113.5,ue_ujeongwon_0001,gNB_4G_1,-40,gNB_5G,-74,0.393216,0,-1,0,42.8018,28
113.5,car_north_peak_004,gNB_4G_2,-48,gNB_5G,-54,0.16384,1,55.4399,0,62.5211,28
113.5,car_north_peak_005,gNB_4G_2,-47,gNB_4G_1,-50,0.393216,1,51.8399,0,7.87221,12
113.5,ue_n043_0001,gNB_4G_2,-44,gNB_5G,-49,0.352256,5,10.4399,0,67.0456,28
113.5,ue_n042_0003,gNB_4G_2,-43,gNB_5G,-60,0.344064,2,87.6399,1,70.8807,28
113.5,ue_n001_0001,gNB_4G_1,-41,gNB_5G,-65,0.589824,0,-1,0,62.3387,28
113.5,ue_n001_0002,gNB_4G_1,-48,gNB_4G_2,-66,0.622592,0,-1,0,65.5277,28
113.5,ue_ujeongwon_0002,gNB_4G_1,-51,gNB_4G_2,-74,0.8192,0,-1,0,26.7337,27
113.5,ue_ujeongwon_0003,gNB_4G_1,-43,gNB_4G_2,-69,0.344064,0,-1,0,45.6067,28
113.5,ue_n001_0003,gNB_4G_1,-35,gNB_4G_2,-82,0.548864,0,-1,0,58.4251,28
113.5,car_north_base_001_rider,gNB_4G_2,-45,gNB_5G,-51,0.8192,1,33.0399,0,60.7833,28
113.5,car_north_base_002_rider,gNB_4G_2,-43,gNB_5G,-51,0.8192,1,29.2399,0,66.9352,24
113.5,ue_n043_0002,gNB_4G_2,-54,gNB_5G,-69,0.139264,9,3.63993,1,56.0648,28
113.5,ue_n001_0004,gNB_4G_1,-44,gNB_5G,-69,0.630784,0,-1,0,29.8661,28
113.5,ue_n043_0003,gNB_5G,-48,gNB_4G_2,-50,0.458752,4,32.8399,1,65.3504,28
113.5,car_north_base_003,gNB_4G_2,-43,gNB_5G,-61,0.589824,1,20.2399,0,69.977,28
113.5,ue_n042_0004,gNB_4G_2,-50,gNB_5G,-63,0.8192,2,52.2399,0,48.8777,28
113.5,car_north_base_004,gNB_4G_2,-47,gNB_5G,-60,0.131072,3,2.43993,1,66.9577,28
113.5,car_north_base_005,gNB_4G_2,-46,gNB_4G_1,-49,0.229376,1,1.43993,0,63.0248,28
113.5,ue_n043_0004,gNB_5G,-48,gNB_4G_2,-53,0.745472,6,3.63993,1,64.3814,28
113.5,car_north_base_006_rider,gNB_4G_1,-39,gNB_4G_2,-89,0.12288,0,-1,0,52.1783,28
113.5,ue_n043_0005,gNB_5G,-49,gNB_4G_2,-50,0.483328,6,1.63993,1,64.3726,28
113.5,ue_ujeongwon_0004,gNB_4G_1,-38,gNB_4G_2,-90,0.114688,0,-1,0,53.8179,28
113.5,ue_ujeongwon_0005,gNB_4G_1,-34,gNB_4G_2,-90,0.32768,0,-1,0,70.3617,28
113.5,ue_n001_0005,gNB_4G_1,-44,gNB_4G_2,-66,0.581632,0,-1,0,24.9424,28
113.5,ue_ujeongwon_0006,gNB_4G_1,-45,gNB_4G_2,-90,0.540672,0,-1,0,63.1811,28
113.5,ue_n042_0005,gNB_4G_2,-59,gNB_5G,-68,0.8192,2,12.2399,1,32.6761,28
113.5,ue_n043_0006,gNB_4G_2,-58,gNB_4G_1,-56,0.53248,1,1.63993,0,6.12623,6
113.5,ue_ujeongwon_0007,gNB_4G_1,-51,gNB_5G,-67,0.8192,0,-1,0,44.7085,28
113.5,ue_ujeongwon_0008,gNB_4G_1,-55,gNB_5G,-82,0.352256,0,-1,0,58.6991,28
113.5,ue_n043_0007,gNB_5G,-55,gNB_4G_2,-58,0.4096,0,-1,0,57.5073,13
113.5,ue_ujeongwon_0009,gNB_4G_1,-57,gNB_4G_2,-77,0.589824,0,-1,0,58.4213,15
114.5,ue_n042_0001,gNB_4G_2,-72,gNB_5G,-98,0.278528,2,109.64,1,58.2187,28
114.5,car_north_peak_002_rider,gNB_4G_2,-48,gNB_5G,-62,0.311296,3,5.63993,1,62.4424,28
114.5,car_north_peak_003_rider,gNB_4G_2,-49,gNB_5G,-58,0.8192,1,58.4399,0,57.4507,28
114.5,ue_n042_0002,gNB_4G_2,-45,gNB_5G,-64,0.688128,2,106.64,1,64.1622,28
114.5,ue_ujeongwon_0001,gNB_4G_1,-46,gNB_5G,-73,0.385024,0,-1,0,64.6925,28
114.5,car_north_peak_004,gNB_4G_2,-48,gNB_5G,-54,0.155648,1,56.4399,0,53.8171,28
114.5,car_north_peak_005,gNB_4G_2,-48,gNB_4G_1,-51,0.4096,1,52.8399,0,16.6667,19
114.5,ue_n043_0001,gNB_4G_2,-45,gNB_5G,-48,0.360448,5,11.4399,0,34.4336,28
114.5,ue_n042_0003,gNB_4G_2,-42,gNB_5G,-59,0.344064,2,88.6399,1,71.3034,28
114.5,ue_n001_0001,gNB_4G_1,-41,gNB_5G,-62,0.581632,0,-1,0,51.8548,28
114.5,ue_n001_0002,gNB_4G_1,-54,gNB_5G,-63,0.630784,0,-1,0,52.2688,28
114.5,ue_ujeongwon_0002,gNB_4G_1,-47,gNB_4G_2,-66,0.8192,0,-1,0,66.2427,28
114.5,ue_ujeongwon_0003,gNB_4G_1,-43,gNB_4G_2,-84,0.344064,0,-1,0,31.5653,28
114.5,ue_n001_0003,gNB_4G_1,-37,gNB_4G_2,-84,0.540672,0,-1,0,80.7645,28
114.5,car_north_base_001_rider,gNB_4G_2,-47,gNB_5G,-56,0.8192,1,34.0399,0,46.0794,28
114.5,car_north_base_002_rider,gNB_4G_2,-44,gNB_5G,-52,0.8192,1,30.2399,0,16.0905,20
114.5,ue_n043_0002,gNB_4G_2,-55,gNB_5G,-65,0.139264,9,4.63993,1,56.2106,28
114.5,ue_n001_0004,gNB_4G_1,-47,gNB_5G,-70,0.630784,0,-1,0,63.0715,28
114.5,ue_n043_0003,gNB_5G,-46,gNB_4G_2,-48,0.45056,4,33.8399,1,64.8119,28
114.5,car_north_base_003,gNB_4G_2,-41,gNB_5G,-62,0.581632,1,21.2399,0,31.3063,28
114.5,ue_n042_0004,gNB_4G_2,-45,gNB_5G,-63,0.8192,2,53.2399,0,59.2587,28
114.5,car_north_base_004,gNB_4G_2,-42,gNB_4G_1,-51,0.139264,3,3.43993,1,68.4053,28
114.5,car_north_base_005,gNB_4G_2,-47,gNB_4G_1,-50,0.212992,1,2.43993,0,43.8234,28
114.5,ue_n043_0004,gNB_5G,-49,gNB_4G_2,-52,0.745472,6,4.63993,1,59.2526,28
114.5,car_north_base_006_rider,gNB_4G_1,-43,gNB_4G_2,-89,0.131072,0,-1,0,72.6106,28
114.5,ue_n043_0005,gNB_5G,-47,gNB_4G_2,-55,0.475136,6,2.63993,1,62.6181,26
114.5,ue_ujeongwon_0004,gNB_4G_1,-40,gNB_4G_2,-90,0.12288,0,-1,0,52.1708,28
114.5,ue_ujeongwon_0005,gNB_4G_1,-39,gNB_4G_2,-89,0.32768,0,-1,0,70.4866,28
114.5,ue_n001_0005,gNB_4G_1,-44,gNB_4G_2,-67,0.589824,0,-1,0,22.2144,28
114.5,ue_ujeongwon_0006,gNB_4G_1,-43,gNB_4G_2,-89,0.548864,0,-1,0,51.6397,28
114.5,ue_n042_0005,gNB_4G_2,-59,gNB_5G,-68,0.8192,2,13.2399,1,31.2602,28
114.5,ue_n043_0006,gNB_4G_2,-56,gNB_4G_1,-57,0.581632,1,2.63993,0,54.7414,28
114.5,ue_ujeongwon_0007,gNB_4G_1,-51,gNB_5G,-72,0.8192,0,-1,0,44.3437,28
114.5,ue_ujeongwon_0008,gNB_4G_1,-55,gNB_5G,-80,0.360448,0,-1,0,37.8797,28
114.5,ue_n043_0007,gNB_5G,-56,gNB_4G_2,-56,0.4096,0,-1,0,55.0867,16
114.5,ue_ujeongwon_0009,gNB_4G_1,-54,gNB_4G_2,-78,0.581632,0,-1,0,24.9967,27
115.5,ue_n042_0001,gNB_4G_2,-54,gNB_5G,-79,0.270336,2,110.64,1,25.5321,25
115.5,ue_n001_0006,gNB_4G_1,-60,gNB_4G_2,-82,0.24576,0,-1,0,41.1485,28
115.5,car_north_peak_002_rider,gNB_4G_2,-48,gNB_5G,-62,0.319488,3,6.63993,1,52.1953,28
115.5,car_north_peak_003_rider,gNB_4G_2,-47,gNB_5G,-57,0.8192,1,59.4399,0,63.6535,28
115.5,ue_n042_0002,gNB_4G_2,-45,gNB_5G,-64,0.679936,2,107.64,1,61.7305,28
115.5,ue_ujeongwon_0001,gNB_4G_1,-49,gNB_5G,-79,0.393216,0,-1,0,34.2568,28
115.5,car_north_peak_004,gNB_4G_2,-47,gNB_5G,-54,0.16384,1,57.4399,0,62.8967,28
115.5,car_north_peak_005,gNB_4G_2,-49,gNB_5G,-51,0.4096,1,53.8399,0,66.1101,10
115.5,ue_n043_0001,gNB_4G_2,-45,gNB_5G,-49,0.352256,5,12.4399,0,43.6179,28
115.5,ue_n042_0003,gNB_4G_2,-42,gNB_5G,-61,0.335872,2,89.6399,1,55.6755,28
115.5,ue_n001_0001,gNB_4G_1,-38,gNB_5G,-64,0.589824,0,-1,0,40.4071,28
115.5,ue_n001_0002,gNB_4G_1,-48,gNB_5G,-64,0.630784,0,-1,0,64.3905,28
115.5,ue_ujeongwon_0002,gNB_4G_1,-52,gNB_4G_2,-69,0.8192,0,-1,0,42.6398,28
115.5,ue_ujeongwon_0003,gNB_4G_1,-43,gNB_4G_2,-70,0.335872,0,-1,0,27.0515,28
115.5,ue_n001_0003,gNB_4G_1,-36,gNB_4G_2,-82,0.548864,0,-1,0,58.4004,28
115.5,car_north_base_001_rider,gNB_4G_2,-45,gNB_5G,-50,0.8192,1,35.0399,0,64.7592,28
115.5,car_north_base_002_rider,gNB_4G_2,-46,gNB_5G,-50,0.8192,1,31.2399,0,65.5229,11
115.5,ue_n043_0002,gNB_4G_2,-55,gNB_5G,-68,0.147456,9,5.63993,1,47.5834,28
115.5,ue_n001_0004,gNB_4G_1,-46,gNB_4G_2,-68,0.630784,0,-1,0,60.2434,28
115.5,ue_n043_0003,gNB_5G,-48,gNB_4G_2,-48,0.458752,4,34.8399,1,64.9169,28
115.5,car_north_base_003,gNB_4G_2,-47,gNB_5G,-57,0.589824,1,22.2399,0,64.8216,28
115.5,ue_n042_0004,gNB_4G_2,-44,gNB_5G,-64,0.8192,2,54.2399,0,53.7647,28
115.5,car_north_base_004,gNB_4G_2,-42,gNB_4G_1,-52,0.131072,3,4.43993,1,68.197,28
115.5,car_north_base_005,gNB_4G_2,-44,gNB_5G,-58,0.229376,1,3.43993,0,69.4511,28
115.5,ue_n043_0004,gNB_5G,-48,gNB_4G_2,-51,0.745472,6,5.63993,1,67.0542,28
115.5,car_north_base_006_rider,gNB_4G_1,-40,gNB_4G_2,-90,0.131072,0,-1,0,72.5028,28
115.5,ue_n043_0005,gNB_5G,-48,gNB_4G_2,-53,0.483328,6,3.63993,1,64.3816,28
115.5,ue_ujeongwon_0004,gNB_4G_1,-42,gNB_4G_2,-90,0.114688,0,-1,0,51.1617,28
115.5,ue_ujeongwon_0005,gNB_4G_1,-40,gNB_4G_2,-92,0.32768,0,-1,0,68.8309,28
115.5,ue_n001_0005,gNB_4G_1,-45,gNB_4G_2,-64,0.581632,0,-1,0,5.91897,11
115.5,ue_ujeongwon_0006,gNB_4G_1,-45,gNB_4G_2,-89,0.548864,0,-1,0,68.2789,28
115.5,ue_n042_0005,gNB_4G_2,-57,gNB_5G,-66,0.8192,2,14.2399,1,51.8562,28
115.5,ue_n043_0006,gNB_4G_2,-56,gNB_5G,-60,0.540672,1,3.63993,0,20.2334,25
115.5,ue_ujeongwon_0007,gNB_4G_1,-49,gNB_5G,-73,0.8192,0,-1,0,42.0658,28
115.5,ue_ujeongwon_0008,gNB_4G_1,-53,gNB_5G,-73,0.352256,0,-1,0,34.6927,28
115.5,ue_n043_0007,gNB_4G_2,-55,gNB_5G,-57,0.4096,1,0.439928,0,22.8193,22
115.5,ue_ujeongwon_0009,gNB_4G_1,-53,gNB_4G_2,-77,0.581632,0,-1,0,43.6167,26
116.5,ue_n042_0001,gNB_4G_2,-58,gNB_5G,-62,0.270336,2,111.64,1,31.6282,26
116.5,ue_n001_0006,gNB_4G_1,-53,gNB_4G_2,-78,0.679936,0,-1,0,38.9076,28
116.5,car_north_peak_002_rider,gNB_4G_2,-49,gNB_5G,-62,0.311296,3,7.63993,1,57.631,28
116.5,car_north_peak_003_rider,gNB_4G_2,-47,gNB_5G,-56,0.8192,1,60.4399,0,59.6364,28
116.5,ue_n042_0002,gNB_4G_2,-42,gNB_5G,-62,0.679936,2,108.64,1,61.5037,28
116.5,ue_ujeongwon_0001,gNB_4G_1,-50,gNB_5G,-78,0.393216,0,-1,0,65.5127,28
116.5,car_north_peak_004,gNB_4G_2,-47,gNB_5G,-50,0.155648,1,58.4399,0,52.6244,28
116.5,car_north_peak_005,gNB_4G_2,-45,gNB_5G,-52,0.4096,1,54.8399,0,63.655,28
116.5,ue_n043_0001,gNB_4G_2,-45,gNB_5G,-49,0.360448,5,13.4399,0,67.0535,28
116.5,ue_n042_0003,gNB_4G_2,-40,gNB_5G,-62,0.344064,2,90.6399,1,61.0507,28
116.5,ue_n001_0001,gNB_4G_1,-34,gNB_4G_2,-73,0.581632,0,-1,0,45.4421,28
116.5,ue_n001_0002,gNB_4G_1,-57,gNB_5G,-63,0.630784,0,-1,0,66.4602,28
116.5,ue_ujeongwon_0002,gNB_4G_1,-46,gNB_4G_2,-71,0.8192,0,-1,0,41.4363,26
116.5,ue_ujeongwon_0003,gNB_4G_1,-45,gNB_4G_2,-74,0.344064,0,-1,0,34.3651,28
116.5,ue_n001_0003,gNB_4G_1,-35,gNB_5G,-66,0.548864,0,-1,0,75.4272,28
116.5,car_north_base_001_rider,gNB_4G_2,-47,gNB_5G,-51,0.8192,1,36.0399,0,62.5174,28
116.5,car_north_base_002_rider,gNB_4G_2,-45,gNB_5G,-52,0.8192,1,32.2399,0,63.9494,28
116.5,ue_n043_0002,gNB_4G_2,-63,gNB_5G,-64,0.139264,9,6.63993,1,47.8656,28
116.5,ue_n001_0004,gNB_4G_1,-47,gNB_4G_2,-69,0.622592,0,-1,0,67.897,28
116.5,ue_n043_0003,gNB_5G,-48,gNB_4G_2,-50,0.45056,4,35.8399,1,64.6108,28
116.5,car_north_base_003,gNB_4G_2,-44,gNB_5G,-54,0.581632,1,23.2399,0,19.0569,28
116.5,ue_n042_0004,gNB_4G_2,-44,gNB_5G,-64,0.8192,2,55.2399,0,66.4844,28
116.5,car_north_base_004,gNB_4G_2,-43,gNB_4G_1,-49,0.12288,3,5.43993,1,56.7801,28
116.5,car_north_base_005,gNB_4G_2,-41,gNB_4G_1,-48,0.229376,1,4.43993,0,68.4498,28
116.5,ue_n043_0004,gNB_5G,-47,gNB_4G_2,-52,0.745472,6,6.63993,1,67.323,28
116.5,car_north_base_006_rider,gNB_4G_1,-41,gNB_4G_2,-76,0.12288,0,-1,0,74.7433,28
116.5,ue_n043_0005,gNB_5G,-49,gNB_4G_2,-52,0.483328,6,4.63993,1,59.253,28
116.5,ue_ujeongwon_0004,gNB_4G_1,-41,gNB_4G_2,-93,0.12288,0,-1,0,67.9356,28
116.5,ue_ujeongwon_0005,gNB_4G_1,-41,gNB_4G_2,-93,0.32768,0,-1,0,73.4497,28
116.5,ue_n001_0005,gNB_4G_1,-46,gNB_4G_2,-64,0.581632,0,-1,0,26.553,22
116.5,ue_ujeongwon_0006,gNB_4G_1,-43,gNB_4G_2,-90,0.540672,0,-1,0,76.8221,28
116.5,ue_n042_0005,gNB_4G_2,-58,gNB_5G,-68,0.8192,2,15.2399,1,56.3117,28
116.5,ue_n043_0006,gNB_4G_2,-62,gNB_5G,-62,0.581632,1,4.63993,0,54.4002,28
116.5,ue_ujeongwon_0007,gNB_4G_1,-52,gNB_5G,-75,0.8192,0,-1,0,37.3833,28
116.5,ue_ujeongwon_0008,gNB_4G_1,-52,gNB_5G,-63,0.360448,0,-1,0,60.0786,28
116.5,ue_n043_0007,gNB_4G_2,-60,gNB_5G,-59,0.4096,1,1.43993,0,54.895,28
116.5,ue_ujeongwon_0009,gNB_4G_1,-52,gNB_4G_2,-83,0.589824,0,-1,0,62.175,28
117.5,ue_n042_0001,gNB_4G_2,-68,gNB_5G,-94,0.278528,2,112.64,1,41.5627,28
117.5,ue_n001_0006,gNB_4G_1,-49,gNB_5G,-75,0.688128,0,-1,0,29.274,26
117.5,car_north_peak_002_rider,gNB_4G_2,-48,gNB_4G_1,-84,0.319488,3,8.63993,1,23.823,28
117.5,car_north_peak_003_rider,gNB_4G_2,-50,gNB_5G,-55,0.811008,1,61.4399,0,24.8553,28
117.5,ue_n042_0002,gNB_4G_2,-41,gNB_5G,-64,0.688128,2,109.64,1,60.923,28
117.5,ue_ujeongwon_0001,gNB_4G_1,-47,gNB_4G_2,-78,0.385024,0,-1,0,37.1699,28
117.5,car_north_peak_004,gNB_4G_2,-50,gNB_5G,-55,0.16384,1,59.4399,0,65.5184,28
117.5,car_north_peak_005,gNB_4G_2,-47,gNB_5G,-53,0.4096,1,55.8399,0,59.1566,28
117.5,ue_n043_0001,gNB_4G_2,-44,gNB_5G,-51,0.352256,5,14.4399,0,66.7033,28
117.5,ue_n042_0003,gNB_4G_2,-49,gNB_5G,-62,0.344064,2,91.6399,1,51.2566,28
117.5,ue_n001_0001,gNB_4G_1,-35,gNB_4G_2,-69,0.581632,0,-1,0,54.7238,28
117.5,ue_n001_0002,gNB_4G_1,-57,gNB_5G,-62,0.630784,0,-1,0,24.7711,22
117.5,ue_ujeongwon_0002,gNB_4G_1,-44,gNB_4G_2,-70,0.8192,0,-1,0,31.4025,28
117.5,ue_ujeongwon_0003,gNB_4G_1,-43,gNB_4G_2,-68,0.335872,0,-1,0,62.1465,28
117.5,ue_n001_0003,gNB_4G_1,-38,gNB_5G,-65,0.540672,0,-1,0,44.707,28
117.5,car_north_base_001_rider,gNB_4G_2,-48,gNB_5G,-49,0.8192,1,37.0399,0,63.1676,28
117.5,car_north_base_002_rider,gNB_4G_2,-47,gNB_4G_1,-52,0.8192,1,33.2399,0,64.6151,16
117.5,ue_n043_0002,gNB_4G_2,-63,gNB_5G,-67,0.139264,9,7.63993,1,32.6385,28
117.5,ue_n001_0004,gNB_4G_1,-47,gNB_4G_2,-70,0.630784,0,-1,0,26.8328,27
117.5,ue_n043_0003,gNB_5G,-48,gNB_4G_2,-48,0.458752,4,36.8399,1,65.947,28
117.5,car_north_base_003,gNB_4G_2,-43,gNB_5G,-51,0.581632,1,24.2399,0,23.4935,25
117.5,ue_n042_0004,gNB_4G_2,-40,gNB_5G,-64,0.8192,2,56.2399,0,67.4704,28
117.5,car_north_base_004,gNB_4G_2,-48,gNB_4G_1,-49,0.131072,3,6.43993,1,65.9621,28
117.5,car_north_base_005,gNB_4G_2,-42,gNB_4G_1,-50,0.221184,1,5.43993,0,13.5786,15
117.5,ue_n043_0004,gNB_5G,-47,gNB_4G_2,-51,0.745472,6,7.63993,1,67.2173,28
117.5,car_north_base_006_rider,gNB_4G_1,-40,gNB_4G_2,-76,0.131072,0,-1,0,75.4609,28
117.5,ue_n043_0005,gNB_5G,-48,gNB_4G_2,-51,0.483328,6,5.63993,1,67.0538,28
117.5,ue_ujeongwon_0004,gNB_4G_1,-44,gNB_4G_2,-89,0.114688,0,-1,0,52.344,28
117.5,ue_ujeongwon_0005,gNB_4G_1,-41,gNB_4G_2,-92,0.32768,0,-1,0,74.4714,28
117.5,ue_n001_0005,gNB_4G_1,-44,gNB_4G_2,-64,0.581632,0,-1,0,23.2866,28
117.5,ue_ujeongwon_0006,gNB_4G_1,-34,gNB_4G_2,-90,0.548864,0,-1,0,58.6256,28
117.5,ue_n042_0005,gNB_4G_2,-54,gNB_5G,-67,0.8192,2,16.2399,1,55.6634,28
117.5,ue_n043_0006,gNB_4G_2,-57,gNB_5G,-61,0.581632,1,5.63993,0,54.1207,28
117.5,ue_ujeongwon_0007,gNB_4G_1,-51,gNB_5G,-76,0.8192,0,-1,0,39.3653,28
117.5,ue_ujeongwon_0008,gNB_4G_1,-51,gNB_5G,-70,0.352256,0,-1,0,40.3394,28
117.5,ue_n043_0007,gNB_4G_2,-56,gNB_5G,-61,0.335872,1,2.43993,0,52.2596,28
117.5,ue_ujeongwon_0009,gNB_4G_1,-50,gNB_5G,-87,0.581632,0,-1,0,59.747,28
118.5,ue_n042_0001,gNB_4G_2,-67,gNB_5G,-95,0.270336,2,113.64,1,36.8179,28
118.5,ue_n001_0006,gNB_4G_1,-45,gNB_5G,-75,0.679936,0,-1,0,37.4207,28
118.5,car_north_peak_002_rider,gNB_4G_2,-51,gNB_4G_1,-55,0.311296,3,9.63993,1,61.9771,28
118.5,car_north_peak_003_rider,gNB_5G,-52,gNB_4G_2,-82,0.8192,2,0.839928,0,54.3623,28
118.5,ue_n042_0002,gNB_4G_2,-43,gNB_5G,-64,0.679936,2,110.64,1,52.46,28
118.5,ue_ujeongwon_0001,gNB_4G_1,-47,gNB_5G,-81,0.393216,0,-1,0,64.0315,28
118.5,car_north_peak_004,gNB_4G_2,-48,gNB_5G,-58,0.16384,1,60.4399,0,59.3238,28
118.5,car_north_peak_005,gNB_4G_2,-46,gNB_5G,-53,0.4096,1,56.8399,0,64.532,28
118.5,ue_n043_0001,gNB_4G_2,-44,gNB_5G,-50,0.352256,5,15.4399,0,66.7082,28
118.5,ue_n042_0003,gNB_4G_2,-44,gNB_5G,-61,0.335872,2,92.6399,1,69.2844,28
118.5,ue_n001_0001,gNB_4G_1,-39,gNB_5G,-80,0.589824,0,-1,0,38.9817,28
118.5,ue_n001_0002,gNB_4G_1,-44,gNB_4G_2,-64,0.630784,0,-1,0,65.5103,28
118.5,ue_ujeongwon_0002,gNB_4G_1,-55,gNB_4G_2,-69,0.8192,0,-1,0,30.1373,28
118.5,ue_ujeongwon_0003,gNB_4G_1,-46,gNB_4G_2,-70,0.344064,0,-1,0,34.3946,28
118.5,ue_n001_0003,gNB_4G_1,-39,gNB_5G,-64,0.548864,0,-1,0,57.9306,28
118.5,car_north_base_001_rider,gNB_4G_2,-49,gNB_5G,-51,0.811008,1,38.0399,0,12.3781,16
118.5,car_north_base_002_rider,gNB_4G_2,-46,gNB_5G,-58,0.8192,1,34.2399,0,43.4483,22
118.5,ue_n043_0002,gNB_4G_2,-63,gNB_5G,-65,0.139264,9,8.63993,1,43.7843,28
118.5,ue_n001_0004,gNB_4G_1,-49,gNB_4G_2,-65,0.630784,0,-1,0,23.8493,26
118.5,ue_n043_0003,gNB_5G,-49,gNB_4G_2,-48,0.45056,4,37.8399,1,62.9998,25
118.5,car_north_base_003,gNB_4G_2,-44,gNB_5G,-49,0.581632,1,25.2399,0,12.9891,16
118.5,ue_n042_0004,gNB_4G_2,-40,gNB_5G,-62,0.8192,2,57.2399,0,56.647,28
118.5,car_north_base_004,gNB_4G_2,-42,gNB_4G_1,-49,0.131072,3,7.43993,1,65.5522,28
118.5,car_north_base_005,gNB_4G_2,-42,gNB_4G_1,-50,0.237568,1,6.43993,0,65.4621,28
118.5,ue_n043_0004,gNB_5G,-47,gNB_4G_2,-50,0.745472,6,8.63993,1,65.0706,28
118.5,car_north_base_006_rider,gNB_4G_1,-41,gNB_4G_2,-76,0.131072,0,-1,0,46.188,28
118.5,ue_n043_0005,gNB_5G,-47,gNB_4G_2,-52,0.483328,6,6.63993,1,60.7576,28
118.5,ue_ujeongwon_0004,gNB_4G_1,-41,gNB_4G_2,-90,0.12288,0,-1,0,73.3059,28
118.5,ue_ujeongwon_0005,gNB_4G_1,-37,gNB_4G_2,-92,0.32768,0,-1,0,60.7413,28
118.5,ue_n001_0005,gNB_4G_1,-45,gNB_4G_2,-64,0.589824,0,-1,0,21.3294,23
118.5,ue_ujeongwon_0006,gNB_4G_1,-39,gNB_4G_2,-89,0.548864,0,-1,0,70.6766,28
118.5,ue_n042_0005,gNB_4G_2,-55,gNB_5G,-66,0.8192,2,17.2399,1,36.4135,28
118.5,ue_n043_0006,gNB_4G_2,-55,gNB_5G,-60,0.589824,1,6.63993,0,34.3059,27
118.5,ue_ujeongwon_0007,gNB_4G_1,-45,gNB_4G_2,-76,0.8192,0,-1,0,43.0785,19
118.5,ue_ujeongwon_0008,gNB_4G_1,-53,gNB_5G,-76,0.360448,0,-1,0,61.518,28
118.5,ue_n043_0007,gNB_4G_2,-58,gNB_5G,-56,0.237568,1,3.43993,0,53.1627,28
118.5,ue_ujeongwon_0009,gNB_4G_1,-49,gNB_4G_2,-90,0.589824,0,-1,0,61.8827,28
119.5,ue_n042_0001,gNB_4G_2,-68,gNB_5G,-94,0.270336,2,114.64,1,46.0522,28
119.5,ue_n001_0006,gNB_4G_1,-44,gNB_5G,-75,0.679936,0,-1,0,42.6339,28
119.5,car_north_peak_002_rider,gNB_4G_2,-49,gNB_4G_1,-54,0.319488,3,10.6399,1,26.7288,28
119.5,car_north_peak_003_rider,gNB_5G,-56,gNB_4G_1,-56,0.8192,2,1.83993,0,57.9588,28
119.5,ue_n042_0002,gNB_4G_2,-42,gNB_5G,-61,0.679936,2,111.64,1,56.0621,28
119.5,ue_ujeongwon_0001,gNB_4G_1,-46,gNB_5G,-76,0.385024,0,-1,0,66.1207,28
119.5,car_north_peak_004,gNB_4G_2,-50,gNB_5G,-58,0.155648,1,61.4399,0,26.5899,28
119.5,car_north_peak_005,gNB_4G_2,-46,gNB_5G,-61,0.4096,1,57.8399,0,61.3781,28
119.5,ue_n043_0001,gNB_4G_2,-44,gNB_5G,-52,0.360448,5,16.4399,0,66.692,28
119.5,ue_n042_0003,gNB_4G_2,-44,gNB_5G,-65,0.344064,2,93.6399,1,50.1337,28
119.5,ue_n001_0001,gNB_4G_1,-37,gNB_5G,-80,0.581632,0,-1,0,64.7325,28
119.5,ue_n001_0002,gNB_4G_1,-44,gNB_5G,-64,0.630784,0,-1,0,29.6787,25
119.5,ue_ujeongwon_0002,gNB_4G_1,-50,gNB_4G_2,-72,0.8192,0,-1,0,25.6962,26
119.5,ue_ujeongwon_0003,gNB_4G_1,-46,gNB_4G_2,-71,0.344064,0,-1,0,26.0447,26
119.5,ue_n001_0003,gNB_4G_1,-37,gNB_4G_2,-84,0.548864,0,-1,0,76.7128,28
119.5,car_north_base_001_rider,gNB_4G_2,-49,gNB_5G,-51,0.827392,1,39.0399,0,17.0172,19
119.5,car_north_base_002_rider,gNB_4G_2,-46,gNB_5G,-53,0.8192,1,35.2399,0,62.2183,28
119.5,ue_n043_0002,gNB_4G_2,-67,gNB_5G,-66,0.147456,9,9.63993,1,22.7603,25
119.5,ue_n001_0004,gNB_4G_1,-46,gNB_4G_2,-62,0.630784,0,-1,0,21.5237,21
119.5,ue_n043_0003,gNB_5G,-49,gNB_4G_2,-47,0.458752,4,38.8399,1,64.6394,22
119.5,car_north_base_003,gNB_4G_2,-47,gNB_5G,-52,0.589824,1,26.2399,0,19.0742,28
119.5,ue_n042_0004,gNB_4G_2,-40,gNB_5G,-63,0.8192,2,58.2399,0,47.3704,28
119.5,car_north_base_004,gNB_4G_2,-45,gNB_4G_1,-51,0.139264,3,8.43993,1,63.323,28
119.5,car_north_base_005,gNB_4G_2,-45,gNB_4G_1,-50,0.221184,1,7.43993,0,64.7288,28
119.5,ue_n043_0004,gNB_5G,-54,gNB_4G_2,-51,0.745472,6,9.63993,1,60.495,28
119.5,car_north_base_006_rider,gNB_4G_1,-39,gNB_4G_2,-82,0.12288,0,-1,0,78.2467,28
119.5,ue_n043_0005,gNB_5G,-48,gNB_4G_2,-53,0.475136,6,7.63993,1,67.2171,28
119.5,ue_ujeongwon_0004,gNB_4G_1,-38,gNB_4G_2,-88,0.114688,0,-1,0,66.2243,28
119.5,ue_ujeongwon_0005,gNB_4G_1,-40,gNB_4G_2,-90,0.32768,0,-1,0,62.3633,22
119.5,ue_n001_0005,gNB_4G_1,-44,gNB_4G_2,-63,0.581632,0,-1,0,19.1639,28
119.5,ue_ujeongwon_0006,gNB_4G_1,-40,gNB_4G_2,-92,0.540672,0,-1,0,71.8318,28
119.5,ue_n042_0005,gNB_4G_2,-56,gNB_5G,-66,0.8192,2,18.2399,1,46.3081,28
119.5,ue_n043_0006,gNB_4G_2,-56,gNB_5G,-61,0.581632,1,7.63993,0,50.9679,28
119.5,ue_ujeongwon_0007,gNB_4G_1,-43,gNB_4G_2,-79,0.8192,0,-1,0,44.4134,16
119.5,ue_ujeongwon_0008,gNB_4G_1,-50,gNB_5G,-79,0.352256,0,-1,0,31.6553,28
119.5,ue_n043_0007,gNB_4G_2,-56,gNB_4G_1,-57,0.352256,1,4.43993,0,53.1926,28
119.5,ue_ujeongwon_0009,gNB_4G_1,-48,gNB_4G_2,-90,0.581632,0,-1,0,46.0689,28
120.5,ue_n042_0001,gNB_4G_2,-67,gNB_5G,-96,0.278528,2,115.64,1,37.9609,28
120.5,ue_n001_0006,gNB_4G_1,-46,gNB_5G,-74,0.688128,0,-1,0,41.6542,28
120.5,car_north_peak_002_rider,gNB_4G_2,-47,gNB_4G_1,-54,0.311296,3,11.6399,1,58.6736,28
120.5,car_north_peak_003_rider,gNB_5G,-53,gNB_4G_1,-65,0.8192,2,2.83993,0,58.4427,28
120.5,ue_n042_0002,gNB_4G_2,-41,gNB_5G,-61,0.688128,2,112.64,1,54.131,28
120.5,ue_ujeongwon_0001,gNB_4G_1,-46,gNB_5G,-70,0.393216,0,-1,0,62.0021,28
120.5,car_north_peak_004,gNB_5G,-54,gNB_4G_2,-80,0.16384,2,0.839928,0,57.6822,28
120.5,car_north_peak_005,gNB_4G_2,-49,gNB_5G,-60,0.4096,1,58.8399,0,64.5743,28
120.5,ue_n043_0001,gNB_4G_2,-44,gNB_5G,-51,0.352256,5,17.4399,0,22.3136,24
120.5,ue_n042_0003,gNB_4G_2,-43,gNB_5G,-63,0.344064,2,94.6399,1,55.0346,28
120.5,ue_n001_0001,gNB_4G_1,-42,gNB_5G,-84,0.589824,0,-1,0,72.3095,28
120.5,ue_n001_0002,gNB_4G_1,-47,gNB_4G_2,-65,0.630784,0,-1,0,27.0382,28
120.5,ue_ujeongwon_0002,gNB_4G_1,-50,gNB_4G_2,-72,0.8192,0,-1,0,23.6092,24
120.5,ue_ujeongwon_0003,gNB_4G_1,-44,gNB_4G_2,-72,0.344064,0,-1,0,58.337,28
120.5,ue_n001_0003,gNB_4G_1,-39,gNB_4G_2,-84,0.540672,0,-1,0,75.1663,28
120.5,car_north_base_001_rider,gNB_4G_2,-47,gNB_5G,-54,0.8192,1,40.0399,0,21.6326,28
120.5,car_north_base_002_rider,gNB_4G_2,-47,gNB_5G,-54,0.811008,1,36.2399,0,8.78456,27
120.5,ue_n043_0002,gNB_4G_2,-65,gNB_5G,-66,0.139264,9,10.6399,1,46.7921,28
120.5,ue_n001_0004,gNB_4G_1,-48,gNB_4G_2,-60,0.630784,0,-1,0,61.6572,28
120.5,ue_n043_0003,gNB_5G,-49,gNB_4G_2,-47,0.458752,4,39.8399,1,66.1707,28
120.5,car_north_base_003,gNB_4G_2,-46,gNB_5G,-50,0.589824,1,27.2399,0,59.2078,28
120.5,ue_n042_0004,gNB_4G_2,-42,gNB_5G,-64,0.8192,2,59.2399,0,47.5311,28
120.5,car_north_base_004,gNB_4G_2,-47,gNB_4G_1,-49,0.131072,3,9.43993,1,62.1969,28
120.5,car_north_base_005,gNB_4G_2,-46,gNB_4G_1,-50,0.229376,1,8.43993,0,67.0145,28
120.5,ue_n043_0004,gNB_5G,-48,gNB_4G_2,-53,0.745472,6,10.6399,1,64.5691,28
120.5,car_north_base_006_rider,gNB_4G_1,-40,gNB_4G_2,-86,0.131072,0,-1,0,66.5369,28
120.5,ue_n043_0005,gNB_5G,-47,gNB_4G_2,-50,0.483328,6,8.63993,1,65.0722,28
120.5,ue_ujeongwon_0004,gNB_4G_1,-40,gNB_4G_2,-89,0.12288,0,-1,0,66.5836,28
120.5,ue_ujeongwon_0005,gNB_4G_1,-42,gNB_4G_2,-90,0.32768,0,-1,0,74.3996,21
120.5,ue_n001_0005,gNB_4G_1,-44,gNB_4G_2,-60,0.589824,0,-1,0,21.9911,28
120.5,ue_ujeongwon_0006,gNB_4G_1,-39,gNB_4G_2,-93,0.548864,0,-1,0,55.8507,28
120.5,ue_n042_0005,gNB_4G_2,-54,gNB_5G,-65,0.8192,2,19.2399,1,38.0532,28
120.5,ue_n043_0006,gNB_4G_2,-54,gNB_4G_1,-57,0.581632,1,8.63993,0,6.7306,12
120.5,ue_ujeongwon_0007,gNB_4G_1,-51,gNB_4G_2,-84,0.8192,0,-1,0,51.3226,28
120.5,ue_ujeongwon_0008,gNB_4G_1,-45,gNB_4G_2,-78,0.360448,0,-1,0,66.8266,28
120.5,ue_n043_0007,gNB_4G_2,-58,gNB_4G_1,-58,0.376832,1,5.43993,0,18.051,23
120.5,ue_ujeongwon_0009,gNB_4G_1,-49,gNB_4G_2,-87,0.589824,0,-1,0,49.1168,28
120.5,car_north_base_007_rider,gNB_4G_1,-44,gNB_4G_2,-79,0.2048,0,-1,0,35.7657,28
120.5,ue_n042_0006,gNB_4G_2,-65,gNB_5G,-63,0.212992,0,-1,0,46.288,28
121.5,ue_n042_0001,gNB_4G_2,-66,gNB_5G,-97,0.270336,2,116.64,1,37.4695,28
121.5,ue_n001_0006,gNB_4G_1,-48,gNB_5G,-75,0.679936,0,-1,0,36.6144,28
121.5,car_north_peak_002_rider,gNB_4G_2,-51,gNB_4G_1,-54,0.319488,3,12.6399,1,62.6748,28
121.5,car_north_peak_003_rider,gNB_5G,-52,gNB_4G_2,-52,0.8192,2,3.83993,0,57.6056,28
121.5,ue_n042_0002,gNB_4G_2,-40,gNB_5G,-61,0.679936,2,113.64,1,48.9956,28
121.5,ue_ujeongwon_0001,gNB_4G_1,-51,gNB_5G,-70,0.393216,0,-1,0,60.6594,28
121.5,car_north_peak_004,gNB_5G,-53,gNB_4G_1,-57,0.155648,2,1.83993,0,57.1422,28
121.5,car_north_peak_005,gNB_4G_2,-46,gNB_5G,-55,0.4096,1,59.8399,0,60.8637,28
121.5,ue_n043_0001,gNB_4G_2,-44,gNB_5G,-52,0.360448,5,18.4399,0,66.8774,28
121.5,ue_n042_0003,gNB_4G_2,-46,gNB_5G,-61,0.335872,2,95.6399,1,68.5501,28
121.5,ue_n001_0001,gNB_4G_1,-42,gNB_5G,-81,0.581632,0,-1,0,64.7049,28
121.5,ue_n001_0002,gNB_4G_1,-48,gNB_5G,-68,0.630784,0,-1,0,65.7169,28
121.5,ue_ujeongwon_0002,gNB_4G_1,-49,gNB_4G_2,-68,0.8192,0,-1,0,38.1607,28
121.5,ue_ujeongwon_0003,gNB_4G_1,-45,gNB_4G_2,-72,0.335872,0,-1,0,26.3669,27
121.5,ue_n001_0003,gNB_4G_1,-37,gNB_4G_2,-85,0.548864,0,-1,0,54.919,28
121.5,car_north_base_001_rider,gNB_4G_2,-46,gNB_5G,-56,0.8192,1,41.0399,0,12.9326,28
121.5,car_north_base_002_rider,gNB_4G_2,-50,gNB_5G,-60,0.827392,1,37.2399,0,61.173,28
121.5,ue_n043_0002,gNB_4G_2,-64,gNB_5G,-65,0.139264,9,11.6399,1,25.7946,26
121.5,ue_n001_0004,gNB_4G_1,-44,gNB_4G_2,-61,0.630784,0,-1,0,66.5447,28
121.5,ue_n043_0003,gNB_5G,-48,gNB_4G_2,-49,0.45056,4,40.8399,1,65.3836,28
121.5,car_north_base_003,gNB_4G_2,-46,gNB_5G,-54,0.581632,1,28.2399,0,59.898,28
121.5,ue_n042_0004,gNB_4G_2,-39,gNB_5G,-64,0.8192,2,60.2399,0,51.9908,28
121.5,car_north_base_004,gNB_4G_2,-47,gNB_4G_1,-49,0.131072,3,10.4399,1,64.0301,28
121.5,car_north_base_005,gNB_4G_2,-46,gNB_4G_1,-51,0.2048,1,9.43993,0,62.3059,28
121.5,ue_n043_0004,gNB_5G,-46,gNB_4G_2,-50,0.73728,6,11.6399,1,64.4107,28
121.5,car_north_base_006_rider,gNB_4G_1,-40,gNB_4G_2,-89,0.12288,0,-1,0,66.8883,28
121.5,ue_n043_0005,gNB_5G,-54,gNB_4G_2,-51,0.483328,6,9.63993,1,60.5171,28
121.5,ue_ujeongwon_0004,gNB_4G_1,-42,gNB_4G_2,-89,0.114688,0,-1,0,30.7273,28
121.5,ue_ujeongwon_0005,gNB_4G_1,-45,gNB_4G_2,-89,0.32768,0,-1,0,67.3586,18
121.5,ue_n001_0005,gNB_4G_1,-43,gNB_4G_2,-63,0.581632,0,-1,0,62.4353,28
121.5,ue_ujeongwon_0006,gNB_4G_1,-40,gNB_4G_2,-92,0.548864,0,-1,0,60.5512,28
121.5,ue_n042_0005,gNB_4G_2,-51,gNB_5G,-70,0.8192,2,20.2399,1,44.3128,28
121.5,ue_n043_0006,gNB_4G_2,-55,gNB_4G_1,-57,0.483328,1,9.63993,0,50.0234,28
121.5,ue_ujeongwon_0007,gNB_4G_1,-44,gNB_4G_2,-88,0.8192,0,-1,0,42.2656,28
121.5,ue_ujeongwon_0008,gNB_4G_1,-40,gNB_4G_2,-76,0.352256,0,-1,0,66.5187,28
121.5,ue_n043_0007,gNB_4G_2,-62,gNB_5G,-62,0.4096,1,6.43993,0,30.2207,28
121.5,ue_ujeongwon_0009,gNB_4G_1,-46,gNB_4G_2,-89,0.581632,0,-1,0,52.4766,28
121.5,car_north_base_007_rider,gNB_4G_1,-44,gNB_4G_2,-77,0.425984,0,-1,0,40.2632,28
121.5,ue_n042_0006,gNB_4G_2,-64,gNB_5G,-63,0.458752,0,-1,0,47.2291,28
122.5,ue_n042_0001,gNB_4G_2,-74,gNB_5G,-96,0.270336,2,117.64,1,30.5655,27
122.5,ue_n001_0006,gNB_4G_1,-46,gNB_5G,-76,0.679936,0,-1,0,30.4467,28
122.5,car_north_peak_002_rider,gNB_4G_2,-48,gNB_4G_1,-55,0.311296,3,13.6399,1,59.7483,28
122.5,car_north_peak_003_rider,gNB_4G_2,-48,gNB_5G,-53,0.8192,3,0.839928,0,64.9597,28
122.5,ue_n042_0002,gNB_4G_2,-41,gNB_5G,-61,0.679936,2,114.64,1,56.0318,28
122.5,ue_ujeongwon_0001,gNB_4G_1,-44,gNB_5G,-68,0.385024,0,-1,0,68.6656,28
122.5,car_north_peak_004,gNB_5G,-53,gNB_4G_1,-62,0.16384,2,2.83993,0,57.3911,28
122.5,car_north_peak_005,gNB_4G_2,-50,gNB_5G,-53,0.393216,1,60.8399,0,22.5728,27
122.5,ue_n043_0001,gNB_4G_2,-44,gNB_5G,-54,0.352256,5,19.4399,0,63.8857,28
122.5,ue_n042_0003,gNB_4G_2,-41,gNB_5G,-62,0.344064,2,96.6399,1,67.6541,28
122.5,ue_n001_0001,gNB_4G_1,-39,gNB_4G_2,-97,0.589824,0,-1,0,57.6212,28
122.5,ue_n001_0002,gNB_4G_1,-48,gNB_5G,-61,0.630784,0,-1,0,68.4285,28
122.5,ue_ujeongwon_0002,gNB_4G_1,-46,gNB_4G_2,-77,0.8192,0,-1,0,34.4153,28
122.5,ue_ujeongwon_0003,gNB_4G_1,-44,gNB_4G_2,-72,0.344064,0,-1,0,28.7783,28
122.5,ue_n001_0003,gNB_4G_1,-38,gNB_5G,-72,0.548864,0,-1,0,78.5345,28
122.5,car_north_base_001_rider,gNB_4G_2,-47,gNB_4G_1,-57,0.8192,1,42.0399,0,63.9951,28
122.5,car_north_base_002_rider,gNB_4G_2,-49,gNB_5G,-51,0.8192,1,38.2399,0,64.8718,28
122.5,ue_n043_0002,gNB_4G_2,-66,gNB_5G,-66,0.139264,9,12.6399,1,43.2465,28
122.5,ue_n001_0004,gNB_4G_1,-51,gNB_4G_2,-60,0.630784,0,-1,0,65.7025,28
122.5,ue_n043_0003,gNB_5G,-48,gNB_4G_2,-48,0.458752,4,41.8399,1,65.14,28
122.5,car_north_base_003,gNB_4G_2,-46,gNB_5G,-52,0.589824,1,29.2399,0,33.4136,28
122.5,ue_n042_0004,gNB_4G_2,-43,gNB_5G,-66,0.8192,2,61.2399,0,52.9353,28
122.5,car_north_base_004,gNB_4G_2,-47,gNB_4G_1,-50,0.139264,3,11.4399,1,62.3794,28
122.5,car_north_base_005,gNB_4G_2,-45,gNB_4G_1,-50,0.221184,1,10.4399,0,69.3009,28
122.5,ue_n043_0004,gNB_5G,-51,gNB_4G_2,-49,0.745472,6,12.6399,1,65.6124,28
122.5,car_north_base_006_rider,gNB_4G_1,-41,gNB_4G_2,-89,0.131072,0,-1,0,59.6339,28
122.5,ue_n043_0005,gNB_5G,-48,gNB_4G_2,-53,0.483328,6,10.6399,1,65.6289,28
122.5,ue_ujeongwon_0004,gNB_4G_1,-77,gNB_4G_2,-90,0.114688,0,-1,0,17.4306,25
122.5,ue_ujeongwon_0005,gNB_4G_1,-38,gNB_4G_2,-89,0.32768,0,-1,0,53.5868,28
122.5,ue_n001_0005,gNB_4G_1,-42,gNB_4G_2,-62,0.589824,0,-1,0,60.161,22
122.5,ue_ujeongwon_0006,gNB_4G_1,-37,gNB_4G_2,-92,0.540672,0,-1,0,64.7187,28
122.5,ue_n042_0005,gNB_4G_2,-56,gNB_5G,-70,0.8192,2,21.2399,1,39.5513,28
122.5,ue_n043_0006,gNB_4G_2,-60,gNB_4G_1,-59,0.630784,1,10.6399,0,21.8871,25
122.5,ue_ujeongwon_0007,gNB_4G_1,-48,gNB_4G_2,-86,0.8192,0,-1,0,41.9227,28
122.5,ue_ujeongwon_0008,gNB_4G_1,-47,gNB_4G_2,-75,0.360448,0,-1,0,67.3776,28
122.5,ue_n043_0007,gNB_4G_2,-56,gNB_5G,-61,0.4096,1,7.43993,0,24.7738,27
122.5,ue_ujeongwon_0009,gNB_4G_1,-44,gNB_4G_2,-90,0.581632,0,-1,0,53.7796,28
122.5,car_north_base_007_rider,gNB_4G_1,-45,gNB_4G_2,-79,0.434176,0,-1,0,60.5745,28
122.5,ue_n042_0006,gNB_4G_2,-64,gNB_5G,-64,0.45056,0,-1,0,34.0229,28
123.5,ue_n042_0001,gNB_4G_2,-73,gNB_5G,-97,0.278528,2,118.64,1,38.8483,28
123.5,ue_n001_0006,gNB_4G_1,-51,gNB_4G_2,-76,0.688128,0,-1,0,39.3254,28
123.5,car_north_peak_002_rider,gNB_4G_2,-51,gNB_4G_1,-91,0.319488,3,14.6399,1,46.903,28
123.5,car_north_peak_003_rider,gNB_4G_2,-46,gNB_5G,-72,0.8192,3,1.83993,0,59.025,28
123.5,ue_n042_0002,gNB_4G_2,-41,gNB_5G,-61,0.688128,2,115.64,1,54.3804,28
123.5,ue_ujeongwon_0001,gNB_4G_1,-44,gNB_5G,-71,0.393216,0,-1,0,63.1307,28
123.5,car_north_peak_004,gNB_4G_2,-46,gNB_5G,-53,0.16384,3,0.439928,0,46.6359,28
123.5,car_north_peak_005,gNB_5G,-54,gNB_4G_1,-57,0.352256,2,0.839928,0,53.9141,28
123.5,ue_n043_0001,gNB_4G_2,-45,gNB_5G,-55,0.360448,5,20.4399,0,61.2997,28
123.5,ue_n042_0003,gNB_4G_2,-41,gNB_5G,-64,0.344064,2,97.6399,1,57.2767,28
123.5,ue_n001_0001,gNB_4G_1,-39,gNB_4G_2,-97,0.581632,0,-1,0,27.5899,28
123.5,ue_n001_0002,gNB_4G_1,-51,gNB_4G_2,-60,0.630784,0,-1,0,61.1989,28
123.5,ue_ujeongwon_0002,gNB_4G_1,-46,gNB_4G_2,-77,0.8192,0,-1,0,36.5173,28
123.5,ue_ujeongwon_0003,gNB_4G_1,-44,gNB_4G_2,-73,0.32768,0,-1,0,28.2203,28
123.5,ue_n001_0003,gNB_4G_1,-37,gNB_5G,-61,0.540672,0,-1,0,74.6549,28
123.5,car_north_base_001_rider,gNB_4G_2,-47,gNB_5G,-55,0.8192,1,43.0399,0,63.0887,16
123.5,car_north_base_002_rider,gNB_4G_2,-46,gNB_5G,-53,0.8192,1,39.2399,0,62.4278,28
123.5,ue_n043_0002,gNB_4G_2,-67,gNB_5G,-70,0.147456,9,13.6399,1,35.3176,28
123.5,ue_n001_0004,gNB_4G_1,-47,gNB_4G_2,-61,0.630784,0,-1,0,20.9235,24
123.5,ue_n043_0003,gNB_5G,-47,gNB_4G_2,-48,0.45056,4,42.8399,1,61.3204,28
123.5,car_north_base_003,gNB_4G_2,-48,gNB_5G,-50,0.581632,1,30.2399,0,14.9565,20
123.5,ue_n042_0004,gNB_4G_2,-43,gNB_5G,-63,0.8192,2,62.2399,0,66.9683,28
123.5,car_north_base_004,gNB_4G_2,-44,gNB_4G_1,-52,0.131072,3,12.4399,1,68.3301,28
123.5,car_north_base_005,gNB_4G_2,-42,gNB_4G_1,-52,0.221184,1,11.4399,0,68.5394,28
123.5,ue_n043_0004,gNB_5G,-46,gNB_4G_2,-51,0.745472,6,13.6399,1,67.2651,28
123.5,car_north_base_006_rider,gNB_4G_1,-40,gNB_4G_2,-92,0.131072,0,-1,0,74.5614,28
123.5,ue_n043_0005,gNB_5G,-44,gNB_4G_2,-50,0.483328,6,11.6399,1,64.407,28
123.5,ue_ujeongwon_0004,gNB_4G_2,-90,gNB_4G_1,-93,0.106496,1,0.239928,0,13.0924,19
123.5,ue_ujeongwon_0005,gNB_4G_1,-39,gNB_4G_2,-90,0.32768,0,-1,0,68.3019,28
123.5,ue_n001_0005,gNB_4G_1,-46,gNB_4G_2,-62,0.581632,0,-1,0,19.5703,28
123.5,ue_ujeongwon_0006,gNB_4G_1,-40,gNB_4G_2,-90,0.548864,0,-1,0,53.0778,28
123.5,ue_n042_0005,gNB_4G_2,-55,gNB_5G,-67,0.8192,2,22.2399,1,51.1501,28
123.5,ue_n043_0006,gNB_4G_2,-56,gNB_5G,-65,0.589824,1,11.6399,0,15.9552,22
123.5,ue_ujeongwon_0007,gNB_4G_1,-34,gNB_4G_2,-89,0.8192,0,-1,0,41.9523,28
123.5,ue_ujeongwon_0008,gNB_4G_1,-45,gNB_4G_2,-81,0.352256,0,-1,0,64.0099,28
123.5,ue_n043_0007,gNB_4G_2,-55,gNB_5G,-60,0.4096,1,8.43993,0,29.7978,28
123.5,ue_ujeongwon_0009,gNB_4G_1,-43,gNB_4G_2,-89,0.589824,0,-1,0,53.9233,28
123.5,car_north_base_007_rider,gNB_4G_1,-46,gNB_4G_2,-76,0.434176,0,-1,0,41.3198,28
123.5,ue_n042_0006,gNB_4G_2,-64,gNB_5G,-68,0.45056,0,-1,0,24.422,24
124.5,ue_n042_0001,gNB_4G_2,-71,gNB_5G,-94,0.270336,2,119.64,1,35.4138,28
124.5,ue_n001_0006,gNB_4G_1,-48,gNB_4G_2,-78,0.679936,0,-1,0,34.4358,28
124.5,car_north_peak_002_rider,gNB_4G_2,-50,gNB_4G_1,-93,0.311296,3,15.6399,1,61.0954,28
124.5,car_north_peak_003_rider,gNB_4G_2,-51,gNB_5G,-78,0.8192,3,2.83993,0,63.1061,28
124.5,ue_n042_0002,gNB_4G_2,-40,gNB_5G,-59,0.679936,2,116.64,1,57.6312,28
124.5,ue_ujeongwon_0001,gNB_4G_1,-42,gNB_5G,-71,0.393216,0,-1,0,69.484,28
124.5,car_north_peak_004,gNB_4G_2,-48,gNB_5G,-53,0.155648,3,1.43993,0,60.3355,28
124.5,car_north_peak_005,gNB_5G,-56,gNB_4G_1,-56,0.4096,2,1.83993,0,50.1301,28
124.5,ue_n043_0001,gNB_4G_2,-48,gNB_5G,-55,0.352256,5,21.4399,0,67.7375,28
124.5,ue_n042_0003,gNB_4G_2,-42,gNB_5G,-60,0.335872,2,98.6399,1,70.704,28
124.5,ue_n001_0001,gNB_4G_1,-40,gNB_4G_2,-73,0.581632,0,-1,0,28.7956,28
124.5,ue_n001_0002,gNB_4G_1,-47,gNB_4G_2,-61,0.630784,0,-1,0,66.1656,28
124.5,ue_ujeongwon_0002,gNB_4G_1,-47,gNB_5G,-77,0.8192,0,-1,0,38.6783,28
124.5,ue_ujeongwon_0003,gNB_5G,-62,gNB_4G_2,-73,0.294912,1,0.439928,0,18.9395,28
124.5,ue_n001_0003,gNB_4G_1,-37,gNB_5G,-64,0.548864,0,-1,0,54.49,28
124.5,car_north_base_001_rider,gNB_4G_2,-47,gNB_5G,-51,0.8192,1,44.0399,0,64.8169,21
124.5,car_north_base_002_rider,gNB_4G_2,-48,gNB_5G,-50,0.8192,1,40.2399,0,63.5406,28
124.5,ue_n043_0002,gNB_4G_2,-64,gNB_5G,-67,0.139264,9,14.6399,1,46.8999,28
124.5,ue_n001_0004,gNB_4G_1,-44,gNB_4G_2,-60,0.630784,0,-1,0,21.8202,27
124.5,ue_n043_0003,gNB_5G,-46,gNB_4G_2,-46,0.458752,4,43.8399,1,63.1399,21
124.5,car_north_base_003,gNB_4G_2,-47,gNB_5G,-51,0.581632,1,31.2399,0,19.2325,21
124.5,ue_n042_0004,gNB_4G_2,-43,gNB_5G,-64,0.8192,2,63.2399,0,65.8906,28
124.5,car_north_base_004,gNB_4G_2,-44,gNB_4G_1,-52,0.139264,3,13.4399,1,66.9988,28
124.5,car_north_base_005,gNB_4G_2,-42,gNB_4G_1,-51,0.229376,1,12.4399,0,68.3092,28
124.5,ue_n043_0004,gNB_5G,-48,gNB_4G_2,-48,0.745472,6,14.6399,1,62.5351,28
124.5,car_north_base_006_rider,gNB_4G_1,-41,gNB_4G_2,-88,0.12288,0,-1,0,77.3433,28
124.5,ue_n043_0005,gNB_5G,-51,gNB_4G_2,-49,0.483328,6,12.6399,1,65.6127,28
124.5,ue_ujeongwon_0004,gNB_4G_2,-104,gNB_4G_1,-95,0.090112,1,1.23993,0,-24.4832,0
124.5,ue_ujeongwon_0005,gNB_4G_1,-38,gNB_4G_2,-90,0.32768,0,-1,0,49.7465,28
124.5,ue_n001_0005,gNB_4G_1,-42,gNB_4G_2,-62,0.589824,0,-1,0,62.7903,28
124.5,ue_ujeongwon_0006,gNB_4G_1,-42,gNB_4G_2,-90,0.548864,0,-1,0,63.2803,28
124.5,ue_n042_0005,gNB_4G_2,-55,gNB_5G,-68,0.8192,2,23.2399,1,53.6302,28
124.5,ue_n043_0006,gNB_4G_2,-63,gNB_5G,-65,0.581632,1,12.6399,0,58.2587,28
124.5,ue_ujeongwon_0007,gNB_4G_1,-34,gNB_4G_2,-85,0.8192,0,-1,0,45.5355,28
124.5,ue_ujeongwon_0008,gNB_4G_1,-46,gNB_4G_2,-85,0.360448,0,-1,0,52.4822,28
124.5,ue_n043_0007,gNB_4G_2,-55,gNB_5G,-62,0.401408,1,9.43993,0,7.08145,11
124.5,ue_ujeongwon_0009,gNB_4G_1,-42,gNB_4G_2,-88,0.581632,0,-1,0,54.707,28
124.5,car_north_base_007_rider,gNB_4G_1,-49,gNB_4G_2,-77,0.425984,0,-1,0,32.897,27
124.5,ue_n042_0006,gNB_4G_2,-66,gNB_5G,-66,0.458752,0,-1,0,45.6789,28
125.5,ue_n042_0001,gNB_4G_2,-69,gNB_5G,-96,0.270336,2,120.64,1,39.5685,28
125.5,ue_n001_0006,gNB_4G_1,-46,gNB_4G_2,-76,0.679936,0,-1,0,62.7459,28
125.5,car_north_peak_002_rider,gNB_4G_2,-49,gNB_4G_1,-84,0.311296,3,16.6399,1,58.5668,28
125.5,car_north_peak_003_rider,gNB_4G_2,-48,gNB_5G,-78,0.8192,3,3.83993,0,63.1061,28
125.5,ue_n042_0002,gNB_4G_2,-39,gNB_5G,-60,0.679936,2,117.64,1,58.1856,28
125.5,ue_ujeongwon_0001,gNB_4G_1,-44,gNB_5G,-67,0.385024,0,-1,0,44.8048,28
125.5,car_north_peak_004,gNB_4G_2,-50,gNB_4G_1,-82,0.16384,3,2.43993,0,30.9326,28
125.5,car_north_peak_005,gNB_4G_2,-50,gNB_5G,-60,0.4096,3,0.439928,1,61.5019,28
125.5,ue_n043_0001,gNB_4G_2,-44,gNB_4G_1,-52,0.360448,5,22.4399,0,66.9716,28
125.5,ue_n042_0003,gNB_4G_2,-46,gNB_5G,-63,0.344064,2,99.6399,1,42.4814,28
125.5,ue_n001_0001,gNB_4G_1,-41,gNB_4G_2,-62,0.589824,0,-1,0,26.1376,28
125.5,ue_n001_0002,gNB_4G_1,-47,gNB_4G_2,-60,0.630784,0,-1,0,59.8889,28
125.5,ue_ujeongwon_0002,gNB_4G_1,-46,gNB_5G,-76,0.8192,0,-1,0,37.1798,28
125.5,ue_ujeongwon_0003,gNB_4G_1,-55,gNB_4G_2,-73,0.28672,3,0.0399284,0,21.086,24
125.5,ue_n001_0003,gNB_4G_1,-37,gNB_5G,-69,0.548864,0,-1,0,72.4911,28
125.5,car_north_base_001_rider,gNB_4G_2,-46,gNB_5G,-50,0.73728,1,45.0399,0,3.55552,28
125.5,car_north_base_002_rider,gNB_4G_2,-48,gNB_5G,-52,0.8192,1,41.2399,0,58.4156,28
125.5,ue_n043_0002,gNB_4G_2,-64,gNB_5G,-64,0.139264,9,15.6399,1,42.8706,28
125.5,ue_n001_0004,gNB_4G_1,-51,gNB_4G_2,-60,0.630784,0,-1,0,21.6169,22
125.5,ue_n043_0003,gNB_5G,-47,gNB_4G_2,-46,0.45056,4,44.8399,1,65.4739,28
125.5,car_north_base_003,gNB_4G_2,-49,gNB_5G,-51,0.589824,1,32.2399,0,8.5163,14
125.5,ue_n042_0004,gNB_4G_2,-44,gNB_5G,-64,0.8192,2,64.2399,0,70.0493,28
125.5,car_north_base_004,gNB_4G_2,-43,gNB_4G_1,-52,0.131072,3,14.4399,1,65.2291,28
125.5,car_north_base_005,gNB_4G_2,-42,gNB_4G_1,-51,0.229376,1,13.4399,0,19.153,16
125.5,ue_n043_0004,gNB_5G,-46,gNB_4G_2,-50,0.745472,6,15.6399,1,63.2822,28
125.5,car_north_base_006_rider,gNB_4G_1,-41,gNB_5G,-78,0.131072,0,-1,0,52.2862,28
125.5,ue_n043_0005,gNB_5G,-46,gNB_4G_2,-51,0.475136,6,13.6399,1,67.2631,28
125.5,ue_ujeongwon_0004,gNB_4G_1,-96,gNB_4G_2,-115,0.106496,2,0.839928,1,52.5786,28
125.5,ue_ujeongwon_0005,gNB_4G_1,-37,gNB_4G_2,-88,0.32768,0,-1,0,25.9962,7
125.5,ue_n001_0005,gNB_4G_1,-43,gNB_4G_2,-63,0.581632,0,-1,0,26.4975,25
125.5,ue_ujeongwon_0006,gNB_4G_1,-45,gNB_4G_2,-89,0.540672,0,-1,0,73.4836,28
125.5,ue_n042_0005,gNB_4G_2,-57,gNB_5G,-68,0.8192,2,24.2399,1,45.5246,28
125.5,ue_n043_0006,gNB_4G_2,-53,gNB_5G,-65,0.589824,1,13.6399,0,26.1574,28
125.5,ue_ujeongwon_0007,gNB_4G_1,-50,gNB_4G_2,-87,0.8192,0,-1,0,54.8452,28
125.5,ue_ujeongwon_0008,gNB_4G_1,-38,gNB_4G_2,-89,0.352256,0,-1,0,70.0702,28
125.5,ue_n043_0007,gNB_4G_2,-55,gNB_4G_1,-57,0.352256,1,10.4399,0,51.8701,28
125.5,ue_ujeongwon_0009,gNB_4G_1,-43,gNB_4G_2,-89,0.589824,0,-1,0,76.8211,28
125.5,car_north_base_007_rider,gNB_4G_1,-51,gNB_5G,-74,0.434176,0,-1,0,34.2381,28
125.5,ue_n042_0006,gNB_4G_2,-65,gNB_5G,-71,0.458752,0,-1,0,37.0846,28
126.5,ue_n042_0001,gNB_4G_2,-71,gNB_5G,-91,0.278528,2,121.64,1,32.1062,28
126.5,ue_n001_0006,gNB_4G_1,-49,gNB_4G_2,-75,0.679936,0,-1,0,17.399,22
126.5,car_north_peak_002_rider,gNB_4G_2,-47,gNB_4G_1,-72,0.319488,3,17.6399,1,63.4018,28
126.5,car_north_peak_003_rider,gNB_4G_2,-48,gNB_5G,-78,0.8192,3,4.83993,0,41.121,28
126.5,ue_n042_0002,gNB_4G_2,-43,gNB_5G,-60,0.688128,2,118.64,1,57.9784,28
126.5,ue_ujeongwon_0001,gNB_4G_1,-45,gNB_5G,-67,0.393216,0,-1,0,36.9399,28
126.5,car_north_peak_004,gNB_4G_2,-46,gNB_4G_1,-71,0.16384,3,3.43993,0,62.8791,28
126.5,car_north_peak_005,gNB_4G_2,-49,gNB_5G,-54,0.4096,3,1.43993,1,49.667,28
126.5,ue_n043_0001,gNB_4G_2,-42,gNB_5G,-54,0.352256,5,23.4399,0,63.3822,28
126.5,ue_n042_0003,gNB_4G_2,-64,gNB_5G,-97,0.344064,2,100.64,1,46.8179,28
126.5,ue_n001_0001,gNB_4G_1,-40,gNB_4G_2,-61,0.581632,0,-1,0,41.2486,26
126.5,ue_n001_0002,gNB_4G_1,-46,gNB_4G_2,-59,0.622592,0,-1,0,61.7812,28
126.5,ue_ujeongwon_0002,gNB_4G_1,-48,gNB_5G,-77,0.8192,0,-1,0,36.2651,28
126.5,ue_ujeongwon_0003,gNB_4G_1,-51,gNB_4G_2,-74,0.344064,3,1.03993,0,30.2407,25
126.5,ue_n001_0003,gNB_4G_1,-37,gNB_5G,-66,0.540672,0,-1,0,72.1691,28
126.5,car_north_base_001_rider,gNB_4G_2,-54,gNB_5G,-53,0.770048,1,46.0399,0,66.8201,8
126.5,car_north_base_002_rider,gNB_4G_2,-51,gNB_5G,-55,0.8192,1,42.2399,0,64.958,28
126.5,ue_n043_0002,gNB_5G,-63,gNB_4G_2,-68,0.139264,10,0.439928,0,42.7611,28
126.5,ue_n001_0004,gNB_4G_1,-48,gNB_4G_2,-61,0.630784,0,-1,0,65.1315,28
126.5,ue_n043_0003,gNB_5G,-48,gNB_4G_2,-46,0.458752,4,45.8399,1,65.7011,22
126.5,car_north_base_003,gNB_4G_2,-47,gNB_5G,-53,0.581632,1,33.2399,0,21.3737,28
126.5,ue_n042_0004,gNB_4G_2,-42,gNB_5G,-62,0.8192,2,65.2399,0,56.7706,28
126.5,car_north_base_004,gNB_4G_2,-45,gNB_4G_1,-50,0.131072,3,15.4399,1,15.2443,20
126.5,car_north_base_005,gNB_4G_2,-43,gNB_4G_1,-51,0.229376,1,14.4399,0,65.4959,28
126.5,ue_n043_0004,gNB_5G,-50,gNB_4G_2,-51,0.745472,6,16.6399,1,65.5665,28
126.5,car_north_base_006_rider,gNB_4G_1,-41,gNB_5G,-77,0.131072,0,-1,0,78.1886,28
126.5,ue_n043_0005,gNB_5G,-48,gNB_4G_2,-48,0.483328,6,14.6399,1,62.5351,28
126.5,ue_ujeongwon_0004,gNB_4G_1,-61,gNB_4G_2,-118,0.12288,2,1.83993,1,46.6307,28
126.5,ue_ujeongwon_0005,gNB_4G_1,-77,gNB_4G_2,-90,0.303104,0,-1,0,12.5799,28
126.5,ue_n001_0005,gNB_4G_1,-42,gNB_4G_2,-60,0.581632,0,-1,0,66.8103,18
126.5,ue_ujeongwon_0006,gNB_4G_1,-38,gNB_4G_2,-89,0.548864,0,-1,0,57.9893,28
126.5,ue_n042_0005,gNB_4G_2,-54,gNB_5G,-67,0.8192,2,25.2399,1,37.8784,28
126.5,ue_n043_0006,gNB_4G_2,-53,gNB_5G,-64,0.581632,1,14.6399,0,56.6477,28
126.5,ue_ujeongwon_0007,gNB_4G_1,-40,gNB_4G_2,-87,0.8192,0,-1,0,36.3042,28
126.5,ue_ujeongwon_0008,gNB_4G_1,-41,gNB_4G_2,-82,0.352256,0,-1,0,72.2718,28
126.5,ue_n043_0007,gNB_4G_2,-58,gNB_4G_1,-57,0.294912,1,11.4399,0,50.0234,28
126.5,ue_ujeongwon_0009,gNB_4G_1,-34,gNB_4G_2,-90,0.581632,0,-1,0,58.6247,28
126.5,car_north_base_007_rider,gNB_4G_1,-49,gNB_5G,-79,0.425984,0,-1,0,63.9114,28
126.5,ue_n042_0006,gNB_4G_2,-61,gNB_5G,-68,0.45056,0,-1,0,24.5081,26
127.5,ue_n042_0001,gNB_4G_2,-72,gNB_5G,-92,0.270336,2,122.64,1,29.4388,26
127.5,ue_n001_0006,gNB_4G_1,-46,gNB_4G_2,-76,0.679936,0,-1,0,23.9135,24
127.5,car_north_peak_002_rider,gNB_4G_2,-48,gNB_5G,-65,0.311296,3,18.6399,1,62.8291,28
127.5,car_north_peak_003_rider,gNB_4G_2,-51,gNB_5G,-78,0.8192,3,5.83993,0,59.025,28
127.5,ue_n042_0002,gNB_4G_2,-43,gNB_5G,-61,0.679936,2,119.64,1,67.9425,28
127.5,ue_ujeongwon_0001,gNB_4G_1,-51,gNB_5G,-70,0.385024,0,-1,0,63.1539,28
127.5,car_north_peak_004,gNB_4G_2,-48,gNB_5G,-66,0.147456,3,4.43993,0,32.185,28
127.5,car_north_peak_005,gNB_4G_2,-46,gNB_4G_1,-84,0.4096,3,2.43993,1,27.8409,28
127.5,ue_n043_0001,gNB_4G_2,-46,gNB_5G,-55,0.360448,5,24.4399,0,64.9832,28
127.5,ue_n042_0003,gNB_4G_2,-69,gNB_5G,-95,0.335872,2,101.64,1,46.0375,28
127.5,ue_n001_0001,gNB_4G_1,-40,gNB_4G_2,-61,0.589824,0,-1,0,61.7084,28
127.5,ue_n001_0002,gNB_4G_1,-47,gNB_4G_2,-58,0.630784,0,-1,0,62.9077,28
127.5,ue_ujeongwon_0002,gNB_4G_1,-49,gNB_5G,-74,0.8192,0,-1,0,39.2742,28
127.5,ue_ujeongwon_0003,gNB_4G_1,-50,gNB_4G_2,-70,0.335872,3,2.03993,0,27.0661,25
127.5,ue_n001_0003,gNB_4G_1,-38,gNB_5G,-68,0.548864,0,-1,0,53.7547,28
127.5,car_north_base_001_rider,gNB_4G_2,-46,gNB_5G,-54,0.811008,1,47.0399,0,64.2149,28
127.5,car_north_base_002_rider,gNB_4G_2,-48,gNB_5G,-49,0.8192,1,43.2399,0,61.1864,28
127.5,ue_n043_0002,gNB_5G,-65,gNB_4G_2,-64,0.147456,10,1.43993,0,47.5167,28
127.5,ue_n001_0004,gNB_4G_1,-46,gNB_4G_2,-62,0.622592,0,-1,0,24.6621,26
127.5,ue_n043_0003,gNB_5G,-48,gNB_4G_2,-48,0.45056,4,46.8399,1,62.5477,25
127.5,car_north_base_003,gNB_4G_2,-47,gNB_4G_1,-59,0.581632,1,34.2399,0,18.913,25
127.5,ue_n042_0004,gNB_4G_2,-51,gNB_5G,-63,0.8192,2,66.2399,0,69.1819,28
127.5,car_north_base_004,gNB_4G_2,-43,gNB_5G,-51,0.139264,3,16.4399,1,44.2694,28
127.5,car_north_base_005,gNB_4G_2,-44,gNB_4G_1,-54,0.221184,1,15.4399,0,9.65369,16
127.5,ue_n043_0004,gNB_5G,-50,gNB_4G_2,-49,0.745472,6,17.6399,1,63.7981,28
127.5,car_north_base_006_rider,gNB_4G_1,-41,gNB_4G_2,-86,0.12288,0,-1,0,69.0965,28
127.5,ue_n043_0005,gNB_5G,-46,gNB_4G_2,-50,0.483328,6,15.6399,1,63.2861,28
127.5,ue_ujeongwon_0004,gNB_4G_1,-63,gNB_4G_2,-117,0.114688,2,2.83993,1,51.8418,28
127.5,ue_ujeongwon_0005,gNB_4G_2,-90,gNB_4G_1,-96,0.270336,1,0.239928,0,19.2018,28
127.5,ue_n001_0005,gNB_4G_1,-44,gNB_4G_2,-64,0.589824,0,-1,0,29.9931,28
127.5,ue_ujeongwon_0006,gNB_4G_1,-42,gNB_4G_2,-90,0.548864,0,-1,0,54.9649,28
127.5,ue_n042_0005,gNB_4G_2,-56,gNB_5G,-68,0.8192,2,26.2399,1,54.8944,28
127.5,ue_n043_0006,gNB_4G_2,-54,gNB_5G,-62,0.581632,1,15.6399,0,52.0472,28
127.5,ue_ujeongwon_0007,gNB_4G_1,-52,gNB_4G_2,-85,0.8192,0,-1,0,45.7863,21
127.5,ue_ujeongwon_0008,gNB_4G_1,-41,gNB_4G_2,-83,0.360448,0,-1,0,68.1084,28
127.5,ue_n043_0007,gNB_4G_2,-58,gNB_5G,-64,0.36864,1,12.4399,0,24.1689,26
127.5,ue_ujeongwon_0009,gNB_4G_1,-39,gNB_4G_2,-89,0.589824,0,-1,0,56.4151,28
127.5,car_north_base_007_rider,gNB_4G_1,-46,gNB_5G,-74,0.434176,0,-1,0,58.8178,28
127.5,ue_n042_0006,gNB_5G,-63,gNB_4G_2,-64,0.45056,1,0.239928,0,44.9833,28
128.5,ue_n042_0001,gNB_4G_2,-74,gNB_5G,-95,0.270336,2,123.64,1,30.545,28
128.5,ue_n001_0006,gNB_4G_1,-47,gNB_4G_2,-67,0.688128,0,-1,0,41.6313,28
128.5,car_north_peak_002_rider,gNB_4G_2,-49,gNB_5G,-61,0.319488,3,19.6399,1,23.1697,24
128.5,car_north_peak_003_rider,gNB_4G_2,-52,gNB_5G,-78,0.8192,3,6.83993,0,63.1061,28
128.5,ue_n042_0002,gNB_4G_2,-40,gNB_5G,-60,0.679936,2,120.64,1,54.0349,28
128.5,ue_ujeongwon_0001,gNB_4G_1,-47,gNB_5G,-71,0.393216,0,-1,0,64.9319,28
128.5,car_north_peak_004,gNB_4G_1,-59,gNB_5G,-62,0.098304,4,0.639928,0,13.4811,18
128.5,car_north_peak_005,gNB_4G_2,-47,gNB_4G_1,-74,0.4096,3,3.43993,1,32.5017,28
128.5,ue_n043_0001,gNB_4G_2,-46,gNB_5G,-52,0.352256,5,25.4399,0,20.4597,21
128.5,ue_n042_0003,gNB_4G_2,-66,gNB_5G,-94,0.344064,2,102.64,1,47.4296,28
128.5,ue_n001_0001,gNB_4G_1,-44,gNB_4G_2,-60,0.581632,0,-1,0,27.7353,26
128.5,ue_n001_0002,gNB_4G_1,-45,gNB_4G_2,-59,0.630784,0,-1,0,64.784,28
128.5,ue_ujeongwon_0002,gNB_4G_1,-46,gNB_5G,-73,0.8192,0,-1,0,37.0594,28
128.5,ue_ujeongwon_0003,gNB_4G_1,-45,gNB_4G_2,-67,0.344064,3,3.03993,0,30.8994,28
128.5,ue_n001_0003,gNB_4G_1,-38,gNB_5G,-64,0.548864,0,-1,0,76.9978,28
128.5,car_north_base_001_rider,gNB_4G_2,-46,gNB_4G_1,-53,0.811008,1,48.0399,0,7.55839,13
128.5,car_north_base_002_rider,gNB_4G_2,-50,gNB_5G,-51,0.8192,1,44.2399,0,11.0041,15
128.5,ue_n043_0002,gNB_4G_2,-55,gNB_5G,-64,0.139264,11,0.639928,1,37.71,28
128.5,ue_n001_0004,gNB_4G_1,-49,gNB_4G_2,-66,0.638976,0,-1,0,65.9703,28
128.5,ue_n043_0003,gNB_5G,-48,gNB_4G_2,-48,0.458752,4,47.8399,1,62.1899,28
128.5,car_north_base_003,gNB_4G_2,-46,gNB_4G_1,-52,0.589824,1,35.2399,0,17.4727,28
128.5,ue_n042_0004,gNB_4G_2,-42,gNB_5G,-65,0.8192,2,67.2399,0,69.8134,28
128.5,car_north_base_004,gNB_4G_2,-42,gNB_5G,-59,0.131072,3,17.4399,1,64.1854,28
128.5,car_north_base_005,gNB_4G_2,-44,gNB_4G_1,-53,0.229376,1,16.4399,0,72.4519,28
128.5,ue_n043_0004,gNB_5G,-46,gNB_4G_2,-50,0.745472,6,18.6399,1,65.2161,28
128.5,car_north_base_006_rider,gNB_4G_1,-37,gNB_4G_2,-85,0.131072,0,-1,0,49.6546,28
128.5,ue_n043_0005,gNB_5G,-50,gNB_4G_2,-51,0.483328,6,16.6399,1,62.8824,28
128.5,ue_ujeongwon_0004,gNB_4G_1,-55,gNB_4G_2,-93,0.12288,2,3.83993,1,45.0089,28
128.5,ue_ujeongwon_0005,gNB_4G_1,-73,gNB_4G_2,-104,0.229376,2,0.0399284,1,45.8554,28
128.5,ue_n001_0005,gNB_4G_1,-44,gNB_4G_2,-63,0.581632,0,-1,0,58.2746,28
128.5,ue_ujeongwon_0006,gNB_4G_1,-38,gNB_4G_2,-90,0.540672,0,-1,0,73.2917,28
128.5,ue_n042_0005,gNB_4G_2,-52,gNB_5G,-69,0.8192,2,27.2399,1,46.1191,28
128.5,ue_n043_0006,gNB_4G_2,-53,gNB_5G,-63,0.499712,1,16.6399,0,53.1812,28
128.5,ue_ujeongwon_0007,gNB_4G_1,-43,gNB_5G,-71,0.8192,0,-1,0,46.6727,28
128.5,ue_ujeongwon_0008,gNB_4G_1,-52,gNB_4G_2,-85,0.352256,0,-1,0,67.0555,28
128.5,ue_n043_0007,gNB_4G_2,-58,gNB_5G,-64,0.4096,1,13.4399,0,22.908,27
128.5,ue_ujeongwon_0009,gNB_4G_1,-40,gNB_4G_2,-92,0.581632,0,-1,0,55.571,28
128.5,car_north_base_007_rider,gNB_4G_1,-51,gNB_5G,-75,0.434176,0,-1,0,25.4841,25
128.5,ue_n042_0006,gNB_4G_2,-58,gNB_5G,-65,0.458752,2,0.239928,1,34.5132,28
129.5,ue_n042_0001,gNB_4G_2,-72,gNB_5G,-92,0.278528,2,124.64,1,33.7716,28
129.5,ue_n001_0006,gNB_4G_1,-45,gNB_4G_2,-75,0.688128,0,-1,0,39.2985,27
129.5,car_north_peak_002_rider,gNB_4G_2,-49,gNB_5G,-62,0.311296,3,20.6399,1,62.4561,28
129.5,car_north_peak_003_rider,gNB_4G_2,-48,gNB_5G,-78,0.8192,3,7.83993,0,63.1061,28
129.5,ue_n042_0002,gNB_4G_2,-40,gNB_5G,-60,0.688128,2,121.64,1,55.7402,28
129.5,ue_ujeongwon_0001,gNB_4G_1,-48,gNB_5G,-67,0.393216,0,-1,0,59.1824,28
129.5,car_north_peak_004,gNB_4G_2,-64,gNB_5G,-72,0.139264,6,0.0399284,0,38.9008,26
129.5,car_north_peak_005,gNB_4G_2,-46,gNB_4G_1,-68,0.4096,3,4.43993,1,14.7751,20
129.5,ue_n043_0001,gNB_4G_2,-45,gNB_5G,-49,0.360448,5,26.4399,0,64.8311,28
129.5,ue_n042_0003,gNB_4G_2,-67,gNB_5G,-97,0.344064,2,103.64,1,44.2325,28
129.5,ue_n001_0001,gNB_4G_1,-42,gNB_4G_2,-59,0.581632,0,-1,0,23.9651,25
129.5,ue_n001_0002,gNB_4G_1,-45,gNB_4G_2,-57,0.630784,0,-1,0,66.2635,28
129.5,ue_ujeongwon_0002,gNB_4G_1,-45,gNB_4G_2,-78,0.8192,0,-1,0,29.6865,28
129.5,ue_ujeongwon_0003,gNB_4G_1,-46,gNB_4G_2,-68,0.344064,3,4.03993,0,32.6841,28
129.5,ue_n001_0003,gNB_4G_1,-36,gNB_5G,-66,0.540672,0,-1,0,52.8243,28
129.5,car_north_base_001_rider,gNB_4G_2,-46,gNB_5G,-55,0.827392,1,49.0399,0,66.2754,28
129.5,car_north_base_002_rider,gNB_4G_2,-49,gNB_5G,-52,0.8192,1,45.2399,0,13.6951,16
129.5,ue_n043_0002,gNB_4G_2,-55,gNB_5G,-67,0.139264,11,1.63993,1,37.0795,28
129.5,ue_n001_0004,gNB_4G_1,-56,gNB_4G_2,-65,0.622592,0,-1,0,33.9002,28
129.5,ue_n043_0003,gNB_5G,-49,gNB_4G_2,-46,0.458752,4,48.8399,1,68.2055,27
129.5,car_north_base_003,gNB_4G_2,-46,gNB_5G,-51,0.589824,1,36.2399,0,14.2405,16
129.5,ue_n042_0004,gNB_4G_2,-41,gNB_5G,-66,0.8192,2,68.2399,0,68.3596,28
129.5,car_north_base_004,gNB_4G_2,-42,gNB_5G,-55,0.139264,3,18.4399,1,67.5718,28
129.5,car_north_base_005,gNB_4G_2,-41,gNB_4G_1,-50,0.229376,1,17.4399,0,21.944,25
129.5,ue_n043_0004,gNB_5G,-48,gNB_4G_2,-52,0.745472,6,19.6399,1,65.443,28
129.5,car_north_base_006_rider,gNB_4G_1,-39,gNB_4G_2,-86,0.12288,0,-1,0,63.6136,28
129.5,ue_n043_0005,gNB_5G,-47,gNB_4G_2,-49,0.483328,6,17.6399,1,63.7958,28
129.5,ue_ujeongwon_0004,gNB_4G_1,-43,gNB_4G_2,-88,0.114688,2,4.83993,1,71.7096,28
129.5,ue_ujeongwon_0005,gNB_4G_1,-69,gNB_4G_2,-111,0.262144,2,1.03993,1,-9.43792,0
129.5,ue_n001_0005,gNB_4G_1,-43,gNB_4G_2,-62,0.589824,0,-1,0,18.9716,22
129.5,ue_ujeongwon_0006,gNB_4G_1,-37,gNB_4G_2,-88,0.548864,0,-1,0,16.3244,21
129.5,ue_n042_0005,gNB_4G_2,-60,gNB_5G,-70,0.8192,2,28.2399,1,48.0403,28
129.5,ue_n043_0006,gNB_4G_2,-56,gNB_4G_1,-55,0.442368,1,17.6399,0,1.61801,5
129.5,ue_ujeongwon_0007,gNB_4G_1,-39,gNB_5G,-71,0.8192,0,-1,0,28.2463,28
129.5,ue_ujeongwon_0008,gNB_4G_1,-42,gNB_4G_2,-88,0.360448,0,-1,0,75.0469,28
129.5,ue_n043_0007,gNB_4G_2,-61,gNB_5G,-65,0.4096,1,14.4399,0,38.0601,28
129.5,ue_ujeongwon_0009,gNB_4G_1,-41,gNB_4G_2,-93,0.581632,0,-1,0,57.7618,28
129.5,car_north_base_007_rider,gNB_4G_1,-55,gNB_4G_2,-65,0.425984,0,-1,0,29.2105,28
129.5,ue_n042_0006,gNB_4G_2,-55,gNB_5G,-64,0.45056,2,1.23993,1,53.5362,28
130.5,ue_n042_0001,gNB_4G_2,-75,gNB_5G,-93,0.270336,2,125.64,1,34.28,28
130.5,ue_n001_0006,gNB_4G_1,-45,gNB_4G_2,-72,0.679936,0,-1,0,23.2196,26
130.5,car_north_peak_002_rider,gNB_4G_2,-49,gNB_5G,-62,0.319488,3,21.6399,1,42.3414,28
130.5,car_north_peak_003_rider,gNB_4G_2,-48,gNB_5G,-78,0.8192,3,8.83993,0,47.3622,28
130.5,ue_n042_0002,gNB_4G_2,-44,gNB_5G,-61,0.679936,2,122.64,1,59.6689,28
130.5,ue_ujeongwon_0001,gNB_4G_1,-48,gNB_5G,-66,0.385024,0,-1,0,31.8517,28
130.5,car_north_peak_004,gNB_4G_2,-62,gNB_4G_1,-60,0.16384,6,1.03993,0,18.9407,27
130.5,car_north_peak_005,gNB_4G_2,-50,gNB_4G_1,-60,0.36864,3,5.43993,1,1.28577,6
130.5,ue_n043_0001,gNB_4G_2,-46,gNB_5G,-51,0.352256,5,27.4399,0,7.70784,14
130.5,ue_n042_0003,gNB_4G_2,-67,gNB_5G,-92,0.335872,2,104.64,1,46.8976,28
130.5,ue_n001_0001,gNB_4G_1,-40,gNB_4G_2,-59,0.581632,0,-1,0,62.6118,28
130.5,ue_n001_0002,gNB_4G_1,-45,gNB_4G_2,-57,0.630784,0,-1,0,63.5104,28
130.5,ue_ujeongwon_0002,gNB_4G_1,-45,gNB_4G_2,-78,0.8192,0,-1,0,41.5436,28
130.5,ue_ujeongwon_0003,gNB_4G_1,-46,gNB_4G_2,-68,0.335872,3,5.03993,0,25.9846,26
130.5,ue_n001_0003,gNB_4G_1,-38,gNB_5G,-66,0.548864,0,-1,0,53.5094,28
130.5,car_north_base_001_rider,gNB_4G_2,-45,gNB_4G_1,-53,0.8192,1,50.0399,0,55.3606,28
130.5,car_north_base_002_rider,gNB_4G_2,-47,gNB_4G_1,-56,0.8192,1,46.2399,0,64.1514,28
130.5,ue_n043_0002,gNB_4G_2,-55,gNB_5G,-67,0.139264,11,2.63993,1,38.0018,28
130.5,ue_n001_0004,gNB_4G_1,-48,gNB_4G_2,-66,0.630784,0,-1,0,63.7819,28
130.5,ue_n043_0003,gNB_5G,-47,gNB_4G_2,-47,0.45056,4,49.8399,1,64.1128,28
130.5,car_north_base_003,gNB_4G_2,-51,gNB_5G,-49,0.57344,1,37.2399,0,20.0701,28
130.5,ue_n042_0004,gNB_4G_2,-44,gNB_5G,-64,0.8192,2,69.2399,0,49.8491,28
130.5,car_north_base_004,gNB_4G_2,-43,gNB_5G,-56,0.131072,3,19.4399,1,59.6055,28
130.5,car_north_base_005,gNB_4G_2,-41,gNB_4G_1,-51,0.229376,1,18.4399,0,67.9689,28
130.5,ue_n043_0004,gNB_5G,-48,gNB_4G_2,-53,0.745472,6,20.6399,1,64.1266,28
130.5,car_north_base_006_rider,gNB_4G_1,-39,gNB_4G_2,-86,0.131072,0,-1,0,76.6389,28
130.5,ue_n043_0005,gNB_5G,-45,gNB_4G_2,-50,0.483328,6,18.6399,1,66.5088,28
130.5,ue_ujeongwon_0004,gNB_4G_1,-40,gNB_4G_2,-87,0.12288,2,5.83993,1,57.3889,28
130.5,ue_ujeongwon_0005,gNB_4G_1,-106,gNB_4G_2,-118,0.237568,2,2.03993,1,58.1233,28
130.5,ue_n001_0005,gNB_4G_1,-42,gNB_4G_2,-59,0.581632,0,-1,0,64.8595,22
130.5,ue_ujeongwon_0006,gNB_4G_1,-77,gNB_4G_2,-90,0.475136,0,-1,0,17.4215,25
130.5,ue_n042_0005,gNB_4G_2,-60,gNB_5G,-68,0.8192,2,29.2399,1,36.3594,28
130.5,ue_n043_0006,gNB_4G_1,-66,gNB_4G_2,-58,0.524288,2,0.239928,0,-13.7304,0
130.5,ue_ujeongwon_0007,gNB_4G_1,-53,gNB_5G,-75,0.8192,0,-1,0,38.9099,28
130.5,ue_ujeongwon_0008,gNB_4G_1,-40,gNB_4G_2,-88,0.352256,0,-1,0,50.9909,28
130.5,ue_n043_0007,gNB_4G_2,-58,gNB_5G,-65,0.4096,1,15.4399,0,57.7647,28
130.5,ue_ujeongwon_0009,gNB_4G_1,-41,gNB_4G_2,-92,0.589824,0,-1,0,73.3383,28
130.5,car_north_base_007_rider,gNB_4G_1,-49,gNB_4G_2,-66,0.434176,0,-1,0,20.7559,28
130.5,ue_n042_0006,gNB_4G_2,-55,gNB_5G,-67,0.458752,2,2.23993,1,55.2802,28
130.5,car_north_base_008_rider,gNB_4G_1,-44,gNB_4G_2,-79,0.08192,0,-1,0,40.6191,28
130.5,ue_n043_0008,gNB_5G,-55,gNB_4G_2,-66,0.360448,0,-1,0,58.2546,28
131.5,ue_n042_0001,gNB_4G_2,-74,gNB_5G,-97,0.270336,2,126.64,1,38.1091,28
131.5,ue_n001_0006,gNB_4G_1,-48,gNB_4G_2,-67,0.679936,0,-1,0,66.9305,28
131.5,car_north_peak_002_rider,gNB_4G_2,-49,gNB_5G,-61,0.311296,3,22.6399,1,58.0506,27
131.5,car_north_peak_003_rider,gNB_4G_2,-48,gNB_5G,-78,0.8192,3,9.83993,0,49.445,28
131.5,ue_n042_0002,gNB_4G_2,-43,gNB_5G,-58,0.679936,2,123.64,1,56.7697,28
131.5,ue_ujeongwon_0001,gNB_4G_1,-46,gNB_5G,-70,0.393216,0,-1,0,66.8358,28
131.5,car_north_peak_004,gNB_5G,-75,gNB_4G_2,-87,0.16384,7,0.639928,1,30.0267,28
131.5,car_north_peak_005,gNB_5G,-68,gNB_4G_2,-82,0.360448,4,0.639928,0,40.2966,28
131.5,ue_n043_0001,gNB_4G_2,-46,gNB_5G,-51,0.360448,5,28.4399,0,67.0829,28
131.5,ue_n042_0003,gNB_4G_2,-66,gNB_5G,-93,0.344064,2,105.64,1,43.1374,28
131.5,ue_n001_0001,gNB_4G_1,-40,gNB_4G_2,-59,0.589824,0,-1,0,67.111,28
131.5,ue_n001_0002,gNB_4G_1,-46,gNB_4G_2,-56,0.630784,0,-1,0,16.0963,18
131.5,ue_ujeongwon_0002,gNB_4G_1,-46,gNB_4G_2,-77,0.8192,0,-1,0,26.594,26
131.5,ue_ujeongwon_0003,gNB_4G_1,-47,gNB_4G_2,-70,0.344064,3,6.03993,0,52.7313,28
131.5,ue_n001_0003,gNB_4G_1,-37,gNB_5G,-73,0.548864,0,-1,0,77.0129,28
131.5,car_north_base_001_rider,gNB_4G_2,-47,gNB_5G,-56,0.8192,1,51.0399,0,61.5281,28
131.5,car_north_base_002_rider,gNB_4G_2,-47,gNB_4G_1,-56,0.8192,1,47.2399,0,63.9155,22
131.5,ue_n043_0002,gNB_4G_2,-57,gNB_5G,-67,0.147456,11,3.63993,1,53.3209,28
131.5,ue_n001_0004,gNB_4G_1,-47,gNB_4G_2,-66,0.630784,0,-1,0,56.894,28
131.5,ue_n043_0003,gNB_4G_2,-46,gNB_5G,-49,0.458752,5,0.439928,0,65.6808,28
131.5,car_north_base_003,gNB_4G_2,-45,gNB_4G_1,-56,0.581632,1,38.2399,0,16.3683,22
131.5,ue_n042_0004,gNB_4G_2,-44,gNB_5G,-64,0.8192,2,70.2399,0,65.1869,28
131.5,car_north_base_004,gNB_4G_2,-46,gNB_5G,-57,0.131072,3,20.4399,1,68.9743,0
131.5,car_north_base_005,gNB_4G_2,-42,gNB_5G,-56,0.229376,1,19.4399,0,69.3811,28
131.5,ue_n043_0004,gNB_5G,-48,gNB_4G_2,-53,0.745472,6,21.6399,1,65.3324,28
131.5,car_north_base_006_rider,gNB_4G_1,-43,gNB_4G_2,-86,0.131072,0,-1,0,78.3089,28
131.5,ue_n043_0005,gNB_5G,-45,gNB_4G_2,-52,0.475136,6,19.6399,1,65.4433,28
131.5,ue_ujeongwon_0004,gNB_4G_1,-38,gNB_4G_2,-85,0.114688,2,6.83993,1,71.9769,28
131.5,ue_ujeongwon_0005,gNB_4G_1,-61,gNB_4G_2,-118,0.32768,2,3.03993,1,58.8522,28
131.5,ue_n001_0005,gNB_4G_1,-42,gNB_4G_2,-59,0.581632,0,-1,0,23.7303,24
131.5,ue_ujeongwon_0006,gNB_4G_2,-90,gNB_4G_1,-94,0.45056,1,0.239928,0,20.7232,26
131.5,ue_n042_0005,gNB_4G_2,-59,gNB_5G,-69,0.8192,2,30.2399,1,34.6292,28
131.5,ue_n043_0006,gNB_4G_2,-59,gNB_5G,-63,0.581632,3,0.639928,1,54.7581,28
131.5,ue_ujeongwon_0007,gNB_4G_1,-41,gNB_5G,-79,0.8192,0,-1,0,47.4691,28
131.5,ue_ujeongwon_0008,gNB_4G_1,-41,gNB_5G,-71,0.360448,0,-1,0,73.685,28
131.5,ue_n043_0007,gNB_4G_2,-53,gNB_5G,-64,0.4096,1,16.4399,0,56.6477,28
131.5,ue_ujeongwon_0009,gNB_4G_1,-37,gNB_4G_2,-92,0.581632,0,-1,0,69.4273,28
131.5,car_north_base_007_rider,gNB_4G_1,-43,gNB_4G_2,-67,0.434176,0,-1,0,65.7481,28
131.5,ue_n042_0006,gNB_4G_2,-56,gNB_5G,-67,0.45056,2,3.23993,1,35.1116,28
131.5,car_north_base_008_rider,gNB_4G_1,-44,gNB_4G_2,-77,0.172032,0,-1,0,66.7941,28
131.5,ue_n043_0008,gNB_5G,-54,gNB_4G_2,-66,0.745472,0,-1,0,61.5639,28
132.5,ue_n042_0001,gNB_4G_2,-70,gNB_5G,-97,0.270336,2,127.64,1,25.3311,25
132.5,ue_n001_0006,gNB_4G_1,-45,gNB_4G_2,-68,0.679936,0,-1,0,29.5345,26
132.5,car_north_peak_002_rider,gNB_4G_2,-51,gNB_5G,-62,0.319488,3,23.6399,1,63.5645,28
132.5,car_north_peak_003_rider,gNB_4G_2,-48,gNB_5G,-78,0.8192,3,10.8399,0,63.1061,28
132.5,ue_n042_0002,gNB_4G_2,-41,gNB_5G,-57,0.688128,2,124.64,1,52.0606,28
132.5,ue_ujeongwon_0001,gNB_4G_1,-46,gNB_5G,-72,0.393216,0,-1,0,60.753,28
132.5,car_north_peak_004,gNB_4G_2,-68,gNB_5G,-80,0.155648,8,0.639928,1,17.7823,24
132.5,car_north_peak_005,gNB_4G_1,-59,gNB_5G,-70,0.4096,5,0.639928,0,11.3657,18
132.5,ue_n043_0001,gNB_4G_2,-44,gNB_5G,-55,0.352256,5,29.4399,0,11.3742,16
132.5,ue_n042_0003,gNB_4G_2,-66,gNB_5G,-93,0.344064,2,106.64,1,45.3396,28
132.5,ue_n001_0001,gNB_4G_1,-40,gNB_4G_2,-62,0.581632,0,-1,0,20.3269,22
132.5,ue_n001_0002,gNB_4G_1,-46,gNB_4G_2,-55,0.630784,0,-1,0,20.0311,20
132.5,ue_ujeongwon_0002,gNB_4G_1,-49,gNB_5G,-73,0.8192,0,-1,0,42.3186,28
132.5,ue_ujeongwon_0003,gNB_4G_1,-48,gNB_4G_2,-64,0.335872,3,7.03993,0,12.9583,16
132.5,ue_n001_0003,gNB_4G_1,-37,gNB_5G,-71,0.540672,0,-1,0,76.1462,28
132.5,car_north_base_001_rider,gNB_4G_2,-49,gNB_5G,-57,0.8192,1,52.0399,0,61.7712,28
132.5,car_north_base_002_rider,gNB_4G_2,-47,gNB_4G_1,-52,0.811008,1,48.2399,0,61.552,28
132.5,ue_n043_0002,gNB_4G_2,-57,gNB_5G,-64,0.139264,11,4.63993,1,50.8647,28
132.5,ue_n001_0004,gNB_4G_1,-48,gNB_5G,-66,0.630784,0,-1,0,66.4327,28
132.5,ue_n043_0003,gNB_4G_2,-45,gNB_5G,-47,0.45056,5,1.43993,0,63.817,28
132.5,car_north_base_003,gNB_4G_2,-48,gNB_5G,-52,0.589824,1,39.2399,0,22.1328,19
132.5,ue_n042_0004,gNB_4G_2,-39,gNB_5G,-62,0.8192,2,71.2399,0,68.0896,28
132.5,car_north_base_004,gNB_4G_2,-43,gNB_5G,-58,0.139264,3,21.4399,1,25.418,26
132.5,car_north_base_005,gNB_4G_2,-42,gNB_5G,-55,0.221184,1,20.4399,0,47.801,28
132.5,ue_n043_0004,gNB_5G,-47,gNB_4G_2,-50,0.73728,6,22.6399,1,64.8988,28
132.5,car_north_base_006_rider,gNB_4G_1,-43,gNB_4G_2,-86,0.12288,0,-1,0,77.1094,28
132.5,ue_n043_0005,gNB_5G,-48,gNB_4G_2,-53,0.483328,6,20.6399,1,64.1267,28
132.5,ue_ujeongwon_0004,gNB_4G_1,-42,gNB_4G_2,-85,0.12288,2,7.83993,1,28.7337,28
132.5,ue_ujeongwon_0005,gNB_4G_1,-52,gNB_4G_2,-116,0.32768,2,4.03993,1,67.8253,28
132.5,ue_n001_0005,gNB_4G_1,-43,gNB_4G_2,-64,0.589824,0,-1,0,28.0158,28
132.5,ue_ujeongwon_0006,gNB_4G_1,-73,gNB_4G_2,-104,0.417792,2,0.0399284,1,46.2609,28
132.5,ue_n042_0005,gNB_4G_2,-58,gNB_5G,-69,0.8192,2,31.2399,1,38.6108,28
132.5,ue_n043_0006,gNB_4G_2,-56,gNB_5G,-66,0.589824,3,1.63993,1,58.3318,28
132.5,ue_ujeongwon_0007,gNB_4G_1,-36,gNB_4G_2,-76,0.8192,0,-1,0,37.4157,15
132.5,ue_ujeongwon_0008,gNB_4G_1,-37,gNB_5G,-82,0.352256,0,-1,0,69.7976,27
132.5,ue_n043_0007,gNB_4G_2,-54,gNB_5G,-63,0.401408,1,17.4399,0,58.067,28
132.5,ue_ujeongwon_0009,gNB_4G_1,-40,gNB_4G_2,-90,0.589824,0,-1,0,67.2152,28
132.5,car_north_base_007_rider,gNB_4G_1,-41,gNB_4G_2,-67,0.425984,0,-1,0,66.8568,28
132.5,ue_n042_0006,gNB_4G_2,-57,gNB_5G,-66,0.458752,2,4.23993,1,38.1988,28
132.5,car_north_base_008_rider,gNB_4G_1,-46,gNB_4G_2,-79,0.16384,0,-1,0,63.0227,28
132.5,ue_n043_0008,gNB_5G,-49,gNB_4G_2,-62,0.73728,0,-1,0,58.3667,28
133.5,ue_n042_0001,gNB_4G_2,-75,gNB_5G,-94,0.278528,2,128.64,1,17.3979,21
133.5,ue_n001_0006,gNB_4G_1,-45,gNB_4G_2,-70,0.679936,0,-1,0,19.4901,23
133.5,car_north_peak_002_rider,gNB_4G_2,-49,gNB_5G,-61,0.311296,3,24.6399,1,64.4026,28
133.5,car_north_peak_003_rider,gNB_4G_2,-48,gNB_5G,-78,0.8192,3,11.8399,0,50.337,28
133.5,ue_n042_0002,gNB_4G_2,-40,gNB_5G,-58,0.679936,2,125.64,1,57.078,28
133.5,ue_ujeongwon_0001,gNB_4G_1,-50,gNB_5G,-71,0.385024,0,-1,0,44.7448,28
133.5,car_north_peak_004,gNB_5G,-78,gNB_4G_2,-91,0.16384,9,0.639928,1,23.3544,28
133.5,car_north_peak_005,gNB_5G,-72,gNB_4G_1,-90,0.401408,6,0.839928,1,27.4998,28
133.5,ue_n043_0001,gNB_4G_2,-46,gNB_5G,-50,0.360448,5,30.4399,0,61.0173,28
133.5,ue_n042_0003,gNB_4G_2,-66,gNB_5G,-93,0.335872,2,107.64,1,44.9698,28
133.5,ue_n001_0001,gNB_4G_1,-40,gNB_4G_2,-60,0.589824,0,-1,0,28.8603,27
133.5,ue_n001_0002,gNB_4G_1,-49,gNB_4G_2,-54,0.630784,0,-1,0,67.9604,28
133.5,ue_ujeongwon_0002,gNB_4G_1,-46,gNB_5G,-74,0.8192,0,-1,0,64.1198,28
133.5,ue_ujeongwon_0003,gNB_4G_1,-48,gNB_5G,-62,0.344064,3,8.03993,0,24.6934,25
133.5,ue_n001_0003,gNB_4G_1,-37,gNB_5G,-71,0.548864,0,-1,0,69.6113,28
133.5,car_north_base_001_rider,gNB_4G_2,-49,gNB_5G,-58,0.8192,1,53.0399,0,57.788,28
133.5,car_north_base_002_rider,gNB_4G_2,-48,gNB_5G,-55,0.8192,1,49.2399,0,30.5612,23
133.5,ue_n043_0002,gNB_4G_2,-60,gNB_5G,-70,0.139264,11,5.63993,1,35.8116,28
133.5,ue_n001_0004,gNB_4G_1,-56,gNB_5G,-63,0.630784,0,-1,0,68.2669,28
133.5,ue_n043_0003,gNB_4G_2,-47,gNB_5G,-50,0.458752,5,2.43993,0,46.7085,28
133.5,car_north_base_003,gNB_4G_2,-49,gNB_5G,-53,0.581632,1,40.2399,0,16.4512,28
133.5,ue_n042_0004,gNB_4G_2,-42,gNB_5G,-64,0.8192,2,72.2399,0,59.0594,28
133.5,car_north_base_004,gNB_4G_2,-43,gNB_5G,-58,0.131072,3,22.4399,1,25.7574,25
133.5,car_north_base_005,gNB_4G_2,-44,gNB_5G,-57,0.229376,1,21.4399,0,39.9779,28
133.5,ue_n043_0004,gNB_5G,-47,gNB_4G_2,-50,0.745472,6,23.6399,1,61.4028,28
133.5,car_north_base_006_rider,gNB_4G_1,-41,gNB_4G_2,-80,0.131072,0,-1,0,79.1591,28
133.5,ue_n043_0005,gNB_5G,-48,gNB_4G_2,-53,0.483328,6,21.6399,1,65.3344,28
133.5,ue_ujeongwon_0004,gNB_4G_1,-36,gNB_4G_2,-69,0.114688,2,8.83993,1,68.1648,28
133.5,ue_ujeongwon_0005,gNB_4G_1,-42,gNB_4G_2,-92,0.32768,2,5.03993,1,68.6331,28
133.5,ue_n001_0005,gNB_4G_1,-41,gNB_4G_2,-65,0.581632,0,-1,0,63.6631,23
133.5,ue_ujeongwon_0006,gNB_4G_1,-68,gNB_4G_2,-111,0.425984,2,1.03993,1,-8.77254,0
133.5,ue_n042_0005,gNB_4G_2,-57,gNB_5G,-68,0.8192,2,32.2399,1,37.221,28
133.5,ue_n043_0006,gNB_4G_2,-53,gNB_5G,-67,0.581632,3,2.63993,1,27.2676,28
133.5,ue_ujeongwon_0007,gNB_4G_1,-39,gNB_5G,-73,0.8192,0,-1,0,32.6006,15
133.5,ue_ujeongwon_0008,gNB_4G_1,-40,gNB_5G,-77,0.360448,0,-1,0,46.5786,28
133.5,ue_n043_0007,gNB_4G_2,-53,gNB_5G,-63,0.335872,1,18.4399,0,4.87337,9
133.5,ue_ujeongwon_0009,gNB_4G_1,-42,gNB_4G_2,-90,0.581632,0,-1,0,51.0706,28
133.5,car_north_base_007_rider,gNB_4G_1,-41,gNB_4G_2,-67,0.434176,0,-1,0,70.4016,28
133.5,ue_n042_0006,gNB_4G_2,-57,gNB_5G,-66,0.45056,2,5.23993,1,31.1926,28
133.5,car_north_base_008_rider,gNB_4G_1,-49,gNB_4G_2,-80,0.172032,0,-1,0,32.9174,28
133.5,ue_n043_0008,gNB_5G,-51,gNB_4G_2,-60,0.745472,0,-1,0,58.5042,28
134.5,ue_n042_0001,gNB_4G_2,-80,gNB_5G,-96,0.270336,2,129.64,1,29.0576,27
134.5,ue_n001_0006,gNB_4G_1,-51,gNB_4G_2,-66,0.688128,0,-1,0,27.8286,26
134.5,car_north_peak_002_rider,gNB_4G_2,-47,gNB_4G_1,-73,0.319488,3,25.6399,1,28.1403,28
134.5,car_north_peak_003_rider,gNB_4G_2,-48,gNB_5G,-78,0.8192,3,12.8399,0,50.713,28
134.5,ue_n042_0002,gNB_4G_2,-56,gNB_5G,-57,0.679936,2,126.64,1,55.2826,28
134.5,ue_ujeongwon_0001,gNB_4G_1,-44,gNB_5G,-69,0.393216,0,-1,0,46.1337,28
134.5,car_north_peak_004,gNB_5G,-86,gNB_4G_2,-91,0.131072,9,1.63993,1,-13.2804,0
134.5,car_north_peak_005,gNB_5G,-81,gNB_4G_1,-80,0.4096,6,1.83993,1,30.5322,20
134.5,ue_n043_0001,gNB_4G_2,-45,gNB_5G,-49,0.352256,5,31.4399,0,67.0675,28
134.5,ue_n042_0003,gNB_4G_2,-66,gNB_5G,-95,0.344064,2,108.64,1,44.7764,28
134.5,ue_n001_0001,gNB_4G_1,-41,gNB_4G_2,-61,0.589824,0,-1,0,24.4593,28
134.5,ue_n001_0002,gNB_4G_1,-51,gNB_4G_2,-53,0.622592,0,-1,0,14.0974,16
134.5,ue_ujeongwon_0002,gNB_4G_1,-45,gNB_5G,-73,0.8192,0,-1,0,36.5371,28
134.5,ue_ujeongwon_0003,gNB_4G_1,-47,gNB_5G,-64,0.294912,3,9.03993,0,27.9964,28
134.5,ue_n001_0003,gNB_4G_1,-38,gNB_5G,-66,0.548864,0,-1,0,74.6859,28
134.5,car_north_base_001_rider,gNB_4G_2,-49,gNB_5G,-60,0.8192,1,54.0399,0,64.5743,28
134.5,car_north_base_002_rider,gNB_4G_2,-48,gNB_5G,-54,0.8192,1,50.2399,0,61.7051,28
134.5,ue_n043_0002,gNB_4G_2,-59,gNB_5G,-65,0.139264,11,6.63993,1,56.3783,28
134.5,ue_n001_0004,gNB_4G_1,-54,gNB_5G,-64,0.630784,0,-1,0,65.911,28
134.5,ue_n043_0003,gNB_4G_2,-45,gNB_5G,-47,0.45056,5,3.43993,0,30.9178,28
134.5,car_north_base_003,gNB_4G_2,-47,gNB_5G,-53,0.581632,1,41.2399,0,13.1774,14
134.5,ue_n042_0004,gNB_4G_2,-45,gNB_5G,-60,0.8192,2,73.2399,0,52.6077,28
134.5,car_north_base_004,gNB_4G_2,-42,gNB_5G,-54,0.131072,3,23.4399,1,15.5014,28
134.5,car_north_base_005,gNB_4G_2,-44,gNB_5G,-55,0.229376,1,22.4399,0,67.0029,28
134.5,ue_n043_0004,gNB_5G,-47,gNB_4G_2,-50,0.745472,6,24.6399,1,67.3199,28
134.5,car_north_base_006_rider,gNB_4G_1,-39,gNB_4G_2,-77,0.131072,0,-1,0,70.8452,28
134.5,ue_n043_0005,gNB_5G,-47,gNB_4G_2,-50,0.483328,6,22.6399,1,64.9,28
134.5,ue_ujeongwon_0004,gNB_4G_1,-39,gNB_4G_2,-66,0.12288,2,9.83993,1,70.0793,28
134.5,ue_ujeongwon_0005,gNB_4G_1,-40,gNB_4G_2,-86,0.32768,2,6.03993,1,74.462,28
134.5,ue_n001_0005,gNB_4G_1,-42,gNB_4G_2,-65,0.589824,0,-1,0,25.3694,27
134.5,ue_ujeongwon_0006,gNB_4G_1,-106,gNB_4G_2,-117,0.360448,2,2.03993,1,49.228,28
134.5,ue_n043_0006,gNB_4G_2,-55,gNB_5G,-68,0.589824,3,3.63993,1,30.295,28
134.5,ue_ujeongwon_0007,gNB_4G_1,-41,gNB_5G,-73,0.8192,0,-1,0,50.4786,20
134.5,ue_ujeongwon_0008,gNB_4G_1,-41,gNB_4G_2,-79,0.352256,0,-1,0,72.5182,28
134.5,ue_n043_0007,gNB_4G_2,-55,gNB_4G_1,-56,0.32768,1,19.4399,0,3.9535,7
134.5,ue_ujeongwon_0009,gNB_4G_1,-45,gNB_4G_2,-89,0.589824,0,-1,0,73.4845,28
134.5,car_north_base_007_rider,gNB_4G_1,-43,gNB_4G_2,-67,0.425984,0,-1,0,51.0663,28
134.5,ue_n042_0006,gNB_4G_2,-58,gNB_5G,-63,0.458752,2,6.23993,1,34.6403,28
134.5,car_north_base_008_rider,gNB_4G_1,-50,gNB_5G,-78,0.172032,0,-1,0,49.1215,28
134.5,ue_n043_0008,gNB_5G,-49,gNB_4G_2,-56,0.745472,0,-1,0,61.8456,28
135.5,ue_n042_0001,gNB_4G_2,-75,gNB_4G_1,-98,0.278528,2,130.64,1,21.6971,25
135.5,ue_n001_0006,gNB_4G_1,-48,gNB_4G_2,-71,0.679936,0,-1,0,21.1203,23
135.5,car_north_peak_002_rider,gNB_4G_2,-49,gNB_4G_1,-75,0.311296,3,26.6399,1,63.868,28
135.5,car_north_peak_003_rider,gNB_4G_2,-48,gNB_5G,-78,0.8192,3,13.8399,0,47.2743,28
135.5,ue_n042_0002,gNB_4G_2,-46,gNB_5G,-57,0.688128,2,127.64,1,52.8517,28
135.5,ue_ujeongwon_0001,gNB_4G_1,-43,gNB_5G,-71,0.385024,0,-1,0,45.6131,28
135.5,car_north_peak_004,gNB_4G_2,-97,gNB_4G_1,-102,0.180224,10,0.439928,1,10.6284,16
135.5,car_north_peak_005,gNB_5G,-81,gNB_4G_2,-93,0.401408,6,2.83993,1,-1.93449,4
135.5,ue_n043_0001,gNB_4G_2,-44,gNB_5G,-52,0.360448,5,32.4399,0,64.9536,28
135.5,ue_n042_0003,gNB_4G_2,-69,gNB_5G,-92,0.270336,2,109.64,1,-7.79132,0
135.5,ue_n001_0001,gNB_4G_1,-42,gNB_4G_2,-64,0.581632,0,-1,0,26.386,25
135.5,ue_n001_0002,gNB_4G_1,-46,gNB_4G_2,-54,0.638976,0,-1,0,63.5629,28
135.5,ue_ujeongwon_0002,gNB_4G_1,-46,gNB_5G,-79,0.8192,0,-1,0,34.1397,28
135.5,ue_ujeongwon_0003,gNB_5G,-63,gNB_4G_2,-67,0.32768,5,0.239928,0,49.7129,28
135.5,ue_n001_0003,gNB_4G_1,-39,gNB_5G,-64,0.540672,0,-1,0,75.7561,28
135.5,car_north_base_001_rider,gNB_4G_2,-47,gNB_5G,-55,0.8192,1,55.0399,0,51.4563,28
135.5,car_north_base_002_rider,gNB_4G_2,-48,gNB_4G_1,-52,0.786432,1,51.2399,0,39.6019,28
135.5,ue_n043_0002,gNB_4G_2,-55,gNB_5G,-65,0.139264,11,7.63993,1,39.4816,28
135.5,ue_n001_0004,gNB_4G_1,-50,gNB_5G,-67,0.630784,0,-1,0,64.5993,28
135.5,ue_n043_0003,gNB_4G_2,-46,gNB_5G,-47,0.458752,5,4.43993,0,29.1796,27
135.5,car_north_base_003,gNB_4G_2,-47,gNB_5G,-53,0.589824,1,42.2399,0,10.9788,28
135.5,ue_n042_0004,gNB_4G_2,-40,gNB_5G,-61,0.8192,2,74.2399,0,56.9864,28
135.5,car_north_base_004,gNB_4G_2,-42,gNB_4G_1,-53,0.139264,3,24.4399,1,34.3803,28
135.5,car_north_base_005,gNB_4G_2,-44,gNB_5G,-53,0.229376,1,23.4399,0,17.131,28
135.5,ue_n043_0004,gNB_5G,-47,gNB_4G_2,-49,0.73728,6,25.6399,1,62.5702,28
135.5,car_north_base_006_rider,gNB_4G_1,-39,gNB_4G_2,-79,0.12288,0,-1,0,47.4535,28
135.5,ue_n043_0005,gNB_5G,-47,gNB_4G_2,-50,0.483328,6,23.6399,1,61.4004,28
135.5,ue_ujeongwon_0004,gNB_4G_1,-38,gNB_4G_2,-83,0.114688,2,10.8399,1,39.3144,28
135.5,ue_ujeongwon_0005,gNB_4G_1,-39,gNB_4G_2,-73,0.32768,2,7.03993,1,49.7679,28
135.5,ue_n001_0005,gNB_4G_1,-43,gNB_4G_2,-68,0.581632,0,-1,0,41.6032,28
135.5,ue_ujeongwon_0006,gNB_4G_1,-68,gNB_4G_2,-118,0.548864,2,3.03993,1,59.187,28
135.5,ue_n043_0006,gNB_4G_2,-52,gNB_5G,-68,0.524288,3,4.63993,1,54.8701,28
135.5,ue_ujeongwon_0007,gNB_4G_1,-39,gNB_5G,-75,0.8192,0,-1,0,49.3741,28
135.5,ue_ujeongwon_0008,gNB_4G_1,-39,gNB_5G,-75,0.360448,0,-1,0,73.261,28
135.5,ue_n043_0007,gNB_4G_1,-56,gNB_4G_2,-58,0.24576,2,0.439928,0,-18.3347,0
135.5,ue_ujeongwon_0009,gNB_4G_1,-38,gNB_4G_2,-89,0.581632,0,-1,0,54.9721,28
135.5,car_north_base_007_rider,gNB_4G_1,-43,gNB_4G_2,-74,0.434176,0,-1,0,76.2848,28
135.5,ue_n042_0006,gNB_4G_2,-59,gNB_5G,-69,0.45056,2,7.23993,1,35.0204,28
135.5,car_north_base_008_rider,gNB_4G_1,-48,gNB_4G_2,-75,0.172032,0,-1,0,56.4173,28
135.5,ue_n043_0008,gNB_5G,-49,gNB_4G_2,-59,0.73728,0,-1,0,59.8026,28
136.5,ue_n042_0001,gNB_4G_2,-72,gNB_5G,-93,0.270336,2,131.64,1,67.239,28
136.5,ue_n001_0006,gNB_4G_1,-48,gNB_4G_2,-67,0.688128,0,-1,0,58.8925,28
136.5,car_north_peak_002_rider,gNB_4G_2,-47,gNB_4G_1,-84,0.311296,3,27.6399,1,61.2745,28
136.5,car_north_peak_003_rider,gNB_4G_2,-48,gNB_5G,-78,0.8192,3,14.8399,0,63.1061,28
136.5,ue_n042_0002,gNB_4G_2,-42,gNB_5G,-60,0.679936,2,128.64,1,50.6345,28
136.5,ue_ujeongwon_0001,gNB_4G_1,-43,gNB_5G,-65,0.393216,0,-1,0,37.5529,28
136.5,car_north_peak_004,gNB_4G_2,-96,gNB_4G_1,-104,0.114688,10,1.43993,1,-16.153,0
136.5,car_north_peak_005,gNB_4G_2,-90,gNB_4G_1,-98,0.4096,7,0.439928,0,16.1535,24
136.5,ue_n043_0001,gNB_4G_2,-46,gNB_5G,-50,0.352256,5,33.4399,0,66.3751,28
136.5,ue_n042_0003,gNB_5G,-115,gNB_4G_2,-113,0.28672,3,0.839928,0,-12.0048,0
136.5,ue_n001_0001,gNB_4G_1,-43,gNB_4G_2,-63,0.589824,0,-1,0,24.5815,25
136.5,ue_n001_0002,gNB_4G_1,-49,gNB_4G_2,-54,0.630784,0,-1,0,18.6453,22
136.5,ue_ujeongwon_0002,gNB_4G_1,-49,gNB_5G,-79,0.8192,0,-1,0,52.1544,28
136.5,ue_ujeongwon_0003,gNB_5G,-62,gNB_4G_2,-73,0.335872,5,1.23993,0,14.7062,28
136.5,ue_n001_0003,gNB_4G_1,-39,gNB_5G,-63,0.548864,0,-1,0,56.2747,28
136.5,car_north_base_001_rider,gNB_4G_2,-49,gNB_5G,-53,0.786432,1,56.0399,0,29.6011,28
136.5,car_north_base_002_rider,gNB_4G_2,-45,gNB_4G_1,-59,0.8192,1,52.2399,0,65.3298,28
136.5,ue_n043_0002,gNB_4G_2,-55,gNB_5G,-69,0.147456,11,8.63993,1,55.7719,28
136.5,ue_n001_0004,gNB_4G_1,-43,gNB_5G,-65,0.630784,0,-1,0,26.6345,28
136.5,ue_n043_0003,gNB_4G_2,-45,gNB_5G,-48,0.45056,5,5.43993,0,31.3988,26
136.5,car_north_base_003,gNB_4G_2,-51,gNB_5G,-53,0.557056,1,43.2399,0,57.7863,28
136.5,ue_n042_0004,gNB_4G_2,-42,gNB_5G,-61,0.8192,2,75.2399,0,67.8084,28
136.5,car_north_base_004,gNB_4G_2,-44,gNB_5G,-51,0.131072,3,25.4399,1,62.5159,4
136.5,car_north_base_005,gNB_4G_2,-45,gNB_5G,-54,0.221184,1,24.4399,0,67.9378,0
136.5,ue_n043_0004,gNB_5G,-47,gNB_4G_2,-48,0.745472,6,26.6399,1,64.3474,28
136.5,car_north_base_006_rider,gNB_4G_1,-37,gNB_4G_2,-81,0.131072,0,-1,0,43.8812,28
136.5,ue_n043_0005,gNB_5G,-47,gNB_4G_2,-50,0.475136,6,24.6399,1,67.3207,28
136.5,ue_ujeongwon_0004,gNB_4G_1,-37,gNB_4G_2,-83,0.12288,2,11.8399,1,50.638,28
136.5,ue_ujeongwon_0005,gNB_4G_1,-42,gNB_4G_2,-81,0.32768,2,8.03993,1,35.3471,28
136.5,ue_n001_0005,gNB_4G_1,-43,gNB_5G,-77,0.589824,0,-1,0,48.6564,28
136.5,ue_ujeongwon_0006,gNB_4G_1,-53,gNB_4G_2,-97,0.548864,2,4.03993,1,48.9878,28
136.5,ue_n042_0007,gNB_4G_2,-54,gNB_5G,-70,0.393216,0,-1,0,26.2231,25
136.5,ue_n043_0006,gNB_4G_2,-56,gNB_4G_1,-58,0.49152,3,5.63993,1,56.6499,28
136.5,ue_ujeongwon_0007,gNB_4G_1,-40,gNB_5G,-75,0.8192,0,-1,0,49.8554,28
136.5,ue_ujeongwon_0008,gNB_4G_1,-42,gNB_5G,-75,0.352256,0,-1,0,44.2371,28
136.5,ue_n043_0007,gNB_4G_2,-59,gNB_5G,-63,0.278528,3,0.639928,1,54.7581,0
136.5,ue_ujeongwon_0009,gNB_4G_1,-39,gNB_4G_2,-90,0.581632,0,-1,0,54.9719,28
136.5,car_north_base_007_rider,gNB_4G_1,-43,gNB_4G_2,-82,0.434176,0,-1,0,50.0709,28
136.5,ue_n042_0006,gNB_4G_2,-56,gNB_5G,-65,0.458752,2,8.23993,1,55.9266,28
136.5,car_north_base_008_rider,gNB_4G_1,-47,gNB_5G,-73,0.172032,0,-1,0,41.0123,28
136.5,ue_n043_0008,gNB_5G,-50,gNB_4G_2,-54,0.745472,0,-1,0,52.5524,28
137.5,ue_n042_0001,gNB_4G_2,-45,gNB_5G,-68,0.270336,2,132.64,1,65.5435,28
137.5,ue_n001_0006,gNB_4G_1,-45,gNB_4G_2,-65,0.679936,0,-1,0,35.0574,28
137.5,car_north_peak_002_rider,gNB_4G_2,-49,gNB_4G_1,-87,0.319488,3,28.6399,1,62.3011,28
137.5,car_north_peak_003_rider,gNB_4G_2,-48,gNB_5G,-78,0.8192,3,15.8399,0,63.1061,28
137.5,ue_n042_0002,gNB_4G_2,-39,gNB_5G,-61,0.679936,2,129.64,1,68.0458,28
137.5,ue_ujeongwon_0001,gNB_4G_1,-42,gNB_4G_2,-77,0.393216,0,-1,0,67.8542,28
137.5,car_north_peak_005,gNB_5G,-89,gNB_4G_2,-94,0.4096,8,0.0399284,1,-8.98995,0
137.5,ue_n043_0001,gNB_4G_2,-45,gNB_5G,-52,0.352256,5,34.4399,0,16.5423,21
137.5,ue_n042_0003,gNB_4G_2,-118,gNB_5G,-123,0.262144,4,0.839928,1,46.5962,28
137.5,ue_n001_0001,gNB_4G_1,-42,gNB_4G_2,-63,0.581632,0,-1,0,24.2283,25
137.5,ue_n001_0002,gNB_4G_1,-45,gNB_4G_2,-58,0.622592,0,-1,0,17.0417,21
137.5,ue_ujeongwon_0002,gNB_4G_1,-44,gNB_5G,-79,0.8192,0,-1,0,41.8462,28
137.5,ue_ujeongwon_0003,gNB_4G_2,-80,gNB_4G_1,-83,0.344064,6,0.239928,1,26.0108,26
137.5,ue_n001_0003,gNB_4G_1,-38,gNB_5G,-61,0.548864,0,-1,0,70.0853,28
137.5,car_north_base_001_rider,gNB_5G,-54,gNB_4G_1,-57,0.704512,2,0.839928,0,58.0404,28
137.5,car_north_base_002_rider,gNB_4G_2,-45,gNB_5G,-56,0.8192,1,53.2399,0,61.5281,28
137.5,ue_n043_0002,gNB_4G_2,-55,gNB_5G,-67,0.139264,11,9.63993,1,47.2035,28
137.5,ue_n001_0004,gNB_4G_1,-47,gNB_5G,-68,0.622592,0,-1,0,26.8028,24
137.5,ue_n043_0003,gNB_4G_2,-47,gNB_5G,-49,0.458752,5,6.43993,0,63.6684,28
137.5,car_north_base_003,gNB_4G_2,-48,gNB_4G_1,-52,0.598016,1,44.2399,0,63.0541,28
137.5,ue_n042_0004,gNB_4G_2,-41,gNB_5G,-58,0.8192,2,76.2399,0,65.531,28
137.5,car_north_base_004,gNB_4G_2,-48,gNB_5G,-54,0.139264,3,26.4399,1,66.9516,28
137.5,car_north_base_005,gNB_4G_2,-44,gNB_5G,-59,0.229376,1,25.4399,0,39.9662,28
137.5,ue_n043_0004,gNB_5G,-47,gNB_4G_2,-50,0.745472,6,27.6399,1,64.7898,28
137.5,car_north_base_006_rider,gNB_4G_1,-39,gNB_4G_2,-77,0.12288,0,-1,0,34.8366,28
137.5,ue_n043_0005,gNB_5G,-47,gNB_4G_2,-49,0.483328,6,25.6399,1,65.5995,28
137.5,ue_ujeongwon_0004,gNB_4G_1,-38,gNB_4G_2,-83,0.114688,2,12.8399,1,46.745,28
137.5,ue_ujeongwon_0005,gNB_4G_1,-36,gNB_4G_2,-71,0.32768,2,9.03993,1,63.825,28
137.5,ue_n001_0005,gNB_4G_1,-43,gNB_5G,-78,0.581632,0,-1,0,40.8926,28
137.5,ue_ujeongwon_0006,gNB_4G_1,-43,gNB_4G_2,-88,0.540672,2,5.03993,1,63.9386,20
137.5,ue_n042_0007,gNB_4G_2,-66,gNB_5G,-67,0.835584,0,-1,0,24.8728,25
137.5,ue_n043_0006,gNB_4G_2,-54,gNB_4G_1,-60,0.630784,3,6.63993,1,56.6805,28
137.5,ue_ujeongwon_0007,gNB_4G_1,-41,gNB_5G,-74,0.8192,0,-1,0,57.525,16
137.5,ue_ujeongwon_0008,gNB_4G_1,-42,gNB_4G_2,-74,0.360448,0,-1,0,48.6942,25
137.5,ue_n043_0007,gNB_4G_2,-56,gNB_5G,-66,0.4096,3,1.63993,1,32.1739,28
137.5,ue_ujeongwon_0009,gNB_4G_1,-38,gNB_4G_2,-90,0.589824,0,-1,0,56.5197,28
137.5,car_north_base_007_rider,gNB_4G_1,-39,gNB_4G_2,-82,0.425984,0,-1,0,51.6883,28
137.5,ue_n042_0006,gNB_4G_2,-55,gNB_5G,-66,0.458752,2,9.23993,1,57.2269,28
137.5,car_north_base_008_rider,gNB_4G_1,-43,gNB_5G,-77,0.172032,0,-1,0,37.379,28
137.5,ue_n043_0008,gNB_5G,-50,gNB_4G_2,-55,0.745472,0,-1,0,54.4969,28
138.5,ue_n042_0001,gNB_4G_2,-44,gNB_5G,-67,0.278528,2,133.64,1,63.958,28
138.5,ue_n001_0006,gNB_4G_1,-46,gNB_5G,-75,0.688128,0,-1,0,27.1783,26
138.5,car_north_peak_002_rider,gNB_4G_2,-49,gNB_4G_1,-81,0.311296,3,29.6399,1,15.2393,28
138.5,car_north_peak_003_rider,gNB_4G_2,-48,gNB_5G,-78,0.8192,3,16.8399,0,63.1061,28
138.5,ue_n042_0002,gNB_4G_2,-43,gNB_5G,-59,0.679936,2,130.64,1,55.135,28
138.5,ue_ujeongwon_0001,gNB_4G_1,-50,gNB_5G,-75,0.385024,0,-1,0,43.6067,28
138.5,ue_n043_0009,gNB_4G_1,nan,,-140,0.221184,0,-1,0,34.1824,-1
138.5,car_north_peak_005,gNB_4G_2,-94,gNB_4G_1,-103,0.401408,9,0.439928,1,6.10391,12
138.5,ue_n043_0001,gNB_4G_2,-45,gNB_4G_1,-52,0.360448,5,35.4399,0,20.3126,24
138.5,ue_n042_0003,gNB_4G_2,-71,gNB_5G,-95,0.344064,4,1.83993,1,24.3078,28
138.5,ue_n001_0001,gNB_4G_1,-42,gNB_4G_2,-63,0.581632,0,-1,0,24.4482,26
138.5,ue_n001_0002,gNB_4G_1,-47,gNB_4G_2,-54,0.630784,0,-1,0,6.81323,10
138.5,ue_ujeongwon_0002,gNB_4G_1,-47,gNB_5G,-77,0.8192,0,-1,0,39.5065,28
138.5,ue_n001_0003,gNB_4G_1,-36,gNB_5G,-74,0.540672,0,-1,0,71.0106,28
138.5,car_north_base_001_rider,gNB_5G,-53,gNB_4G_1,-63,0.8192,2,1.83993,0,58.7479,28
138.5,car_north_base_002_rider,gNB_4G_2,-48,gNB_5G,-56,0.8192,1,54.2399,0,61.7712,28
138.5,ue_n043_0002,gNB_4G_2,-63,gNB_5G,-63,0.139264,11,10.6399,1,36.8943,28
138.5,ue_n001_0004,gNB_4G_1,-47,gNB_4G_2,-64,0.638976,0,-1,0,68.4088,28
138.5,ue_n043_0003,gNB_4G_2,-47,gNB_5G,-50,0.45056,5,7.43993,0,27.8598,28
138.5,car_north_base_003,gNB_4G_2,-48,gNB_5G,-53,0.589824,1,45.2399,0,57.6423,28
138.5,ue_n042_0004,gNB_4G_2,-43,gNB_5G,-59,0.8192,2,77.2399,0,67.5616,28
138.5,car_north_base_004,gNB_4G_2,-44,gNB_5G,-58,0.131072,3,27.4399,1,29.7883,28
138.5,car_north_base_005,gNB_4G_2,-45,gNB_5G,-56,0.229376,1,26.4399,0,64.8156,28
138.5,ue_n043_0004,gNB_5G,-48,gNB_4G_2,-48,0.745472,6,28.6399,1,64.8376,28
138.5,car_north_base_006_rider,gNB_4G_1,-40,gNB_4G_2,-77,0.131072,0,-1,0,68.1491,28
138.5,ue_n043_0005,gNB_5G,-46,gNB_4G_2,-48,0.483328,6,26.6399,1,64.3473,28
138.5,ue_ujeongwon_0004,gNB_4G_1,-39,gNB_4G_2,-85,0.12288,2,13.8399,1,27.9879,19
138.5,ue_ujeongwon_0005,gNB_4G_1,-47,gNB_4G_2,-65,0.32768,2,10.0399,1,70.4805,28
138.5,ue_n001_0005,gNB_4G_1,-44,gNB_5G,-74,0.589824,0,-1,0,47.8456,28
138.5,ue_ujeongwon_0006,gNB_4G_1,-41,gNB_4G_2,-85,0.548864,2,6.03993,1,38.3901,28
138.5,ue_n042_0007,gNB_4G_2,-64,gNB_5G,-65,0.8192,0,-1,0,46.8444,28
138.5,ue_n043_0006,gNB_4G_2,-54,gNB_4G_1,-59,0.581632,3,7.63993,1,17.101,19
138.5,ue_ujeongwon_0007,gNB_4G_1,-53,gNB_5G,-79,0.8192,0,-1,0,51.8653,28
138.5,ue_ujeongwon_0008,gNB_4G_1,-57,gNB_5G,-81,0.352256,0,-1,0,54.6203,27
138.5,ue_n043_0007,gNB_4G_2,-53,gNB_5G,-67,0.4096,3,2.63993,1,55.9126,28
138.5,ue_ujeongwon_0009,gNB_4G_1,-37,gNB_4G_2,-88,0.581632,0,-1,0,26.0856,28
138.5,car_north_base_007_rider,gNB_4G_1,-38,gNB_5G,-79,0.434176,0,-1,0,74.9843,28
138.5,ue_n042_0006,gNB_4G_2,-54,gNB_5G,-69,0.45056,2,10.2399,1,34.3008,28
138.5,car_north_base_008_rider,gNB_4G_1,-44,gNB_4G_2,-65,0.16384,0,-1,0,29.9398,23
138.5,ue_n043_0008,gNB_5G,-51,gNB_4G_2,-56,0.745472,0,-1,0,52.4857,28
139.5,ue_n042_0001,gNB_4G_2,-43,gNB_5G,-67,0.270336,2,134.64,1,58.0126,28
139.5,ue_n001_0006,gNB_4G_1,-44,gNB_4G_2,-67,0.671744,0,-1,0,27.1885,24
139.5,car_north_peak_002_rider,gNB_4G_2,-50,gNB_4G_1,-64,0.270336,3,30.6399,1,28.0118,28
139.5,car_north_peak_003_rider,gNB_4G_2,-48,gNB_5G,-78,0.8192,3,17.8399,0,48.8559,28
139.5,ue_n042_0002,gNB_4G_2,-43,gNB_5G,-58,0.688128,2,131.64,1,52.5475,28
139.5,ue_ujeongwon_0001,gNB_4G_1,-46,gNB_5G,-76,0.393216,0,-1,0,66.6874,28
139.5,ue_n043_0009,gNB_5G,-55,gNB_4G_2,-61,0.811008,0,-1,0,59.6406,28
139.5,ue_n043_0001,gNB_4G_2,-46,gNB_5G,-51,0.352256,5,36.4399,0,13.6508,17
139.5,ue_n042_0003,gNB_4G_2,-84,gNB_5G,-90,0.335872,4,2.83993,1,24.1458,28
139.5,ue_n001_0001,gNB_4G_1,-44,gNB_4G_2,-63,0.589824,0,-1,0,70.0194,28
139.5,ue_n001_0002,gNB_4G_1,-44,gNB_4G_2,-51,0.606208,0,-1,0,69.0928,28
139.5,ue_ujeongwon_0002,gNB_4G_1,-47,gNB_5G,-75,0.8192,0,-1,0,41.7112,28
139.5,ue_n001_0003,gNB_4G_1,-36,gNB_4G_2,-83,0.548864,0,-1,0,55.1476,28
139.5,car_north_base_001_rider,gNB_5G,-52,gNB_4G_2,-52,0.8192,2,2.83993,0,57.8011,28
139.5,car_north_base_002_rider,gNB_4G_2,-49,gNB_5G,-58,0.8192,1,55.2399,0,57.804,28
139.5,ue_n043_0002,gNB_4G_2,-60,gNB_5G,-69,0.139264,11,11.6399,1,31.344,28
139.5,ue_n001_0004,gNB_4G_1,-51,gNB_4G_2,-60,0.630784,0,-1,0,67.2083,28
139.5,ue_n043_0003,gNB_4G_2,-44,gNB_5G,-48,0.458752,5,8.43993,0,19.7427,24
139.5,car_north_base_003,gNB_4G_2,-48,gNB_5G,-57,0.581632,1,46.2399,0,50.0341,28
139.5,ue_n042_0004,gNB_4G_2,-49,gNB_5G,-59,0.8192,2,78.2399,0,57.6797,28
139.5,car_north_base_004,gNB_4G_2,-43,gNB_5G,-59,0.139264,3,28.4399,1,26.6278,27
139.5,car_north_base_005,gNB_4G_2,-42,gNB_5G,-58,0.229376,1,27.4399,0,26.9993,27
139.5,ue_n043_0004,gNB_5G,-49,gNB_4G_2,-49,0.745472,6,29.6399,1,64.78,28
139.5,car_north_base_006_rider,gNB_4G_1,-42,gNB_5G,-75,0.131072,0,-1,0,67.8129,28
139.5,ue_n043_0005,gNB_5G,-46,gNB_4G_2,-50,0.483328,6,27.6399,1,65.4077,28
139.5,ue_ujeongwon_0004,gNB_4G_1,-39,gNB_4G_2,-70,0.114688,2,14.8399,1,61.6309,28
139.5,ue_ujeongwon_0005,gNB_4G_1,-38,gNB_4G_2,-81,0.32768,2,11.0399,1,70.9475,28
139.5,ue_n001_0005,gNB_4G_1,-44,gNB_4G_2,-84,0.581632,0,-1,0,46.4071,28
139.5,ue_ujeongwon_0006,gNB_4G_1,-39,gNB_4G_2,-73,0.548864,2,7.03993,1,70.7279,28
139.5,ue_n042_0007,gNB_4G_2,-64,gNB_5G,-67,0.8192,0,-1,0,24.5739,24
139.5,ue_n043_0006,gNB_4G_2,-53,gNB_4G_1,-63,0.581632,3,8.63993,1,20.9003,24
139.5,ue_ujeongwon_0007,gNB_4G_1,-39,gNB_5G,-75,0.8192,0,-1,0,35.6185,28
139.5,ue_ujeongwon_0008,gNB_4G_1,-58,gNB_5G,-76,0.360448,0,-1,0,51.1106,28
139.5,ue_n043_0007,gNB_4G_2,-55,gNB_5G,-68,0.4096,3,3.63993,1,32.5864,28
139.5,ue_ujeongwon_0009,gNB_4G_1,-77,gNB_4G_2,-90,0.499712,0,-1,0,-6.35917,0
139.5,car_north_base_007_rider,gNB_4G_1,-47,gNB_5G,-74,0.434176,0,-1,0,50.6028,28
139.5,ue_n042_0006,gNB_4G_2,-61,gNB_5G,-65,0.458752,2,11.2399,1,31.9972,28
139.5,car_north_base_008_rider,gNB_4G_1,-40,gNB_4G_2,-64,0.172032,0,-1,0,62.1823,28
139.5,ue_n043_0008,gNB_5G,-52,gNB_4G_2,-55,0.745472,0,-1,0,58.3325,28
140.5,ue_n042_0001,gNB_4G_2,-45,gNB_5G,-65,0.270336,2,135.64,1,50.8762,28
140.5,ue_n001_0006,gNB_4G_1,-45,gNB_4G_2,-64,0.688128,0,-1,0,16.962,21
140.5,car_north_peak_002_rider,gNB_4G_1,-61,gNB_4G_2,-79,0.32768,4,0.839928,0,9.52555,12
140.5,car_north_peak_003_rider,gNB_4G_2,-48,gNB_5G,-78,0.8192,3,18.8399,0,63.1061,28
140.5,ue_n042_0002,gNB_4G_2,-42,gNB_5G,-65,0.679936,2,132.64,1,68.8842,28
140.5,ue_ujeongwon_0001,gNB_4G_1,-43,gNB_5G,-77,0.385024,0,-1,0,65.3941,28
140.5,ue_n043_0009,gNB_5G,-53,gNB_4G_2,-61,0.73728,0,-1,0,60.5176,28
140.5,ue_n043_0001,gNB_4G_2,-44,gNB_5G,-51,0.360448,5,37.4399,0,16.3851,20
140.5,ue_n042_0003,gNB_4G_2,-86,gNB_5G,-90,0.28672,4,3.83993,1,-10.1044,0
140.5,ue_n001_0001,gNB_4G_1,-43,gNB_4G_2,-63,0.581632,0,-1,0,27.9244,27
140.5,ue_n001_0002,gNB_4G_1,-52,gNB_4G_2,-55,0.630784,0,-1,0,18.9074,23
140.5,ue_ujeongwon_0002,gNB_4G_1,-48,gNB_5G,-79,0.8192,0,-1,0,35.6492,28
140.5,ue_n001_0003,gNB_4G_1,-41,gNB_5G,-70,0.548864,0,-1,0,57.2536,28
140.5,car_north_base_001_rider,gNB_4G_2,-48,gNB_5G,-53,0.8192,3,0.839928,0,59.416,28
140.5,car_north_base_002_rider,gNB_4G_2,-49,gNB_5G,-59,0.8192,1,56.2399,0,64.5743,28
140.5,ue_n043_0002,gNB_4G_2,-61,gNB_5G,-66,0.147456,11,12.6399,1,54.6223,28
140.5,ue_n001_0004,gNB_4G_1,-47,gNB_4G_2,-61,0.630784,0,-1,0,25.1802,27
140.5,ue_n043_0003,gNB_4G_2,-46,gNB_5G,-47,0.458752,5,9.43993,0,26.5806,28
140.5,car_north_base_003,gNB_4G_2,-48,gNB_5G,-57,0.581632,1,47.2399,0,63.6305,28
140.5,ue_n042_0004,gNB_4G_2,-40,gNB_5G,-62,0.8192,2,79.2399,0,67.6054,28
140.5,car_north_base_004,gNB_4G_2,-43,gNB_5G,-53,0.131072,3,29.4399,1,17.4016,21
140.5,car_north_base_005,gNB_4G_2,-42,gNB_5G,-54,0.229376,1,28.4399,0,66.4171,28
140.5,ue_n043_0004,gNB_5G,-49,gNB_4G_2,-49,0.745472,6,30.6399,1,68.4046,26
140.5,car_north_base_006_rider,gNB_4G_1,-43,gNB_5G,-73,0.12288,0,-1,0,30.0962,28
140.5,ue_n043_0005,gNB_5G,-46,gNB_4G_2,-48,0.483328,6,28.6399,1,65.2165,0
140.5,ue_ujeongwon_0004,gNB_4G_1,-41,gNB_4G_2,-69,0.12288,2,15.8399,1,71.5328,28
140.5,ue_ujeongwon_0005,gNB_4G_1,-37,gNB_4G_2,-83,0.32768,2,12.0399,1,52.5396,28
140.5,ue_n001_0005,gNB_4G_1,-42,gNB_5G,-74,0.581632,0,-1,0,51.698,28
140.5,ue_ujeongwon_0006,gNB_4G_1,-42,gNB_4G_2,-81,0.540672,2,8.03993,1,72.3805,28
140.5,ue_n042_0007,gNB_4G_2,-66,gNB_5G,-67,0.811008,0,-1,0,45.7196,28
140.5,ue_n043_0006,gNB_4G_2,-52,gNB_4G_1,-63,0.589824,3,9.63993,1,53.2183,28
140.5,ue_ujeongwon_0007,gNB_4G_1,-37,gNB_4G_2,-67,0.8192,0,-1,0,50.0484,28
140.5,ue_ujeongwon_0008,gNB_4G_1,-59,gNB_5G,-77,0.352256,0,-1,0,58.0665,28
140.5,ue_n043_0007,gNB_4G_2,-52,gNB_5G,-68,0.401408,3,4.63993,1,54.8701,28
140.5,ue_ujeongwon_0009,gNB_4G_2,-90,gNB_4G_1,-97,0.581632,1,0.639928,0,1.87223,7
140.5,car_north_base_007_rider,gNB_4G_1,-42,gNB_5G,-79,0.425984,0,-1,0,56.4403,28
140.5,ue_n042_0006,gNB_4G_2,-59,gNB_5G,-66,0.45056,2,12.2399,1,35.2628,28
140.5,car_north_base_008_rider,gNB_4G_1,-41,gNB_4G_2,-64,0.172032,0,-1,0,28.4216,28
140.5,ue_n043_0008,gNB_5G,-48,gNB_4G_2,-54,0.745472,0,-1,0,58.5751,28
141.5,ue_n042_0001,gNB_4G_2,-44,gNB_5G,-67,0.278528,2,136.64,1,58.0167,28
141.5,ue_n001_0006,gNB_4G_1,-46,gNB_4G_2,-64,0.688128,0,-1,0,25.8659,24
141.5,car_north_peak_002_rider,gNB_4G_2,-57,gNB_4G_1,-61,0.221184,5,0.439928,1,43.4258,28
141.5,car_north_peak_003_rider,gNB_4G_2,-48,gNB_5G,-78,0.8192,3,19.8399,0,63.1061,28
141.5,ue_n042_0002,gNB_4G_2,-42,gNB_5G,-66,0.679936,2,133.64,1,55.2259,28
141.5,ue_ujeongwon_0001,gNB_4G_1,-52,gNB_4G_2,-78,0.393216,0,-1,0,55.8036,28
141.5,ue_n043_0009,gNB_5G,-51,gNB_4G_2,-56,0.745472,0,-1,0,62.2911,28
141.5,ue_n043_0001,gNB_4G_2,-45,gNB_5G,-51,0.352256,5,38.4399,0,64.4968,28
141.5,ue_n042_0003,gNB_4G_2,-117,gNB_5G,-128,0.024576,6,0.0399283,1,-3.73303,2
141.5,ue_n001_0001,gNB_4G_1,-42,gNB_4G_2,-65,0.589824,0,-1,0,30.3193,28
141.5,ue_n001_0002,gNB_4G_1,-47,gNB_4G_2,-55,0.630784,0,-1,0,26.9254,28
141.5,ue_ujeongwon_0002,gNB_4G_1,-50,gNB_4G_2,-78,0.8192,0,-1,0,40.8094,28
141.5,ue_n001_0007,gNB_4G_1,-55,gNB_4G_2,-80,0.131072,0,-1,0,42.639,28
141.5,ue_n001_0003,gNB_4G_1,-40,gNB_5G,-59,0.540672,0,-1,0,47.5023,28
141.5,car_north_base_001_rider,gNB_4G_2,-51,gNB_5G,-72,0.8192,3,1.83993,0,65.6855,28
141.5,car_north_base_002_rider,gNB_4G_2,-47,gNB_5G,-57,0.8192,1,57.2399,0,60.2627,28
141.5,ue_n043_0002,gNB_4G_2,-56,gNB_5G,-65,0.139264,11,13.6399,1,31.8562,28
141.5,ue_n001_0004,gNB_4G_1,-50,gNB_5G,-63,0.622592,0,-1,0,17.0637,21
141.5,ue_n043_0003,gNB_4G_2,-44,gNB_5G,-49,0.45056,5,10.4399,0,67.0456,28
141.5,car_north_base_003,gNB_4G_2,-48,gNB_5G,-63,0.589824,1,48.2399,0,64.2337,28
141.5,ue_n042_0004,gNB_4G_2,-43,gNB_5G,-61,0.8192,2,80.2399,0,70.9045,28
141.5,car_north_base_004,gNB_4G_2,-44,gNB_5G,-52,0.131072,3,30.4399,1,63.5333,28
141.5,car_north_base_005,gNB_4G_2,-44,gNB_5G,-53,0.221184,1,29.4399,0,67.8937,28
141.5,ue_n043_0004,gNB_5G,-50,gNB_4G_2,-48,0.729088,6,31.6399,1,64.8169,28
141.5,car_north_base_006_rider,gNB_4G_1,-44,gNB_5G,-72,0.131072,0,-1,0,35.4504,28
141.5,ue_n043_0005,gNB_5G,-46,gNB_4G_2,-49,0.483328,6,29.6399,1,64.7825,28
141.5,ue_ujeongwon_0004,gNB_4G_1,-39,gNB_4G_2,-68,0.114688,2,16.8399,1,56.5539,28
141.5,ue_ujeongwon_0005,gNB_4G_1,-39,gNB_4G_2,-85,0.32768,2,13.0399,1,50.7559,28
141.5,ue_n001_0005,gNB_4G_1,-40,gNB_5G,-77,0.589824,0,-1,0,50.0712,28
141.5,ue_ujeongwon_0006,gNB_4G_1,-36,gNB_4G_2,-71,0.548864,2,9.03993,1,31.6649,28
141.5,ue_n042_0007,gNB_4G_2,-65,gNB_5G,-67,0.827392,0,-1,0,46.7125,28
141.5,ue_n043_0006,gNB_4G_2,-52,gNB_4G_1,-66,0.589824,3,10.6399,1,60.7335,28
141.5,ue_ujeongwon_0007,gNB_4G_1,-38,gNB_5G,-81,0.8192,0,-1,0,50.4563,28
141.5,ue_ujeongwon_0008,gNB_4G_1,-53,gNB_5G,-77,0.360448,0,-1,0,35.114,28
141.5,ue_n043_0007,gNB_4G_2,-56,gNB_4G_1,-58,0.36864,3,5.63993,1,56.6499,28
141.5,ue_ujeongwon_0009,gNB_4G_2,-90,gNB_4G_1,-94,0.442368,1,1.63993,0,-23.8271,0
141.5,car_north_base_007_rider,gNB_4G_1,-35,gNB_4G_2,-86,0.434176,0,-1,0,47.6303,28
141.5,ue_n042_0006,gNB_4G_2,-58,gNB_5G,-68,0.458752,2,13.2399,1,52.8272,28
141.5,car_north_base_008_rider,gNB_4G_1,-43,gNB_5G,-74,0.172032,0,-1,0,54.5992,28
141.5,ue_n043_0008,gNB_5G,-47,gNB_4G_2,-54,0.729088,0,-1,0,58.724,28
142.5,ue_n042_0001,gNB_4G_2,-47,gNB_5G,-62,0.270336,2,137.64,1,57.8717,28
142.5,ue_n001_0006,gNB_4G_1,-46,gNB_4G_2,-64,0.679936,0,-1,0,24.6656,23
142.5,car_north_peak_002_rider,gNB_4G_1,-58,gNB_4G_2,-67,0.28672,6,0.639928,1,36.9045,28
142.5,car_north_peak_003_rider,gNB_4G_2,-48,gNB_5G,-78,0.8192,3,20.8399,0,49.2433,0
142.5,ue_n042_0002,gNB_4G_2,-41,gNB_5G,-66,0.688128,2,134.64,1,54.2457,28
142.5,ue_ujeongwon_0001,gNB_4G_1,-45,gNB_5G,-75,0.393216,0,-1,0,61.7683,28
142.5,ue_n043_0009,gNB_5G,-49,gNB_4G_2,-56,0.745472,0,-1,0,61.05,28
142.5,ue_n043_0010,gNB_4G_2,-81,gNB_4G_1,-87,0.106496,0,-1,0,20.2339,25
142.5,ue_n043_0001,gNB_4G_2,-46,gNB_5G,-56,0.360448,5,39.4399,0,21.4779,25
142.5,ue_n042_0003,gNB_4G_2,-116,gNB_5G,-128,0.335872,6,1.03993,1,10.58,18
142.5,ue_n001_0001,gNB_4G_1,-46,gNB_5G,-63,0.581632,0,-1,0,67.3493,28
142.5,ue_n001_0002,gNB_4G_1,-46,gNB_4G_2,-59,0.630784,0,-1,0,19.3637,25
142.5,ue_ujeongwon_0002,gNB_4G_1,-44,gNB_5G,-77,0.8192,0,-1,0,36.7206,28
142.5,ue_n001_0007,gNB_4G_1,-49,gNB_4G_2,-80,0.262144,0,-1,0,59.1604,28
142.5,ue_n001_0003,gNB_4G_1,-36,gNB_5G,-61,0.548864,0,-1,0,42.2188,28
142.5,car_north_base_001_rider,gNB_4G_2,-46,gNB_4G_1,-91,0.8192,3,2.83993,0,46.0673,28
142.5,car_north_base_002_rider,gNB_4G_2,-49,gNB_5G,-54,0.598016,1,58.2399,0,-6.0132,0
142.5,ue_n043_0002,gNB_4G_2,-58,gNB_5G,-70,0.139264,11,14.6399,1,42.2475,28
142.5,ue_n001_0004,gNB_4G_1,-45,gNB_4G_2,-59,0.630784,0,-1,0,19.9294,21
142.5,ue_n043_0003,gNB_4G_2,-45,gNB_5G,-48,0.458752,5,11.4399,0,34.8663,28
142.5,car_north_base_003,gNB_4G_2,-47,gNB_5G,-56,0.581632,1,49.2399,0,56.4142,28
142.5,ue_n042_0004,gNB_4G_2,-41,gNB_5G,-63,0.8192,2,81.2399,0,56.6943,28
142.5,car_north_base_004,gNB_4G_2,-47,gNB_5G,-51,0.139264,3,31.4399,1,60.7091,28
142.5,car_north_base_005,gNB_4G_2,-43,gNB_5G,-51,0.229376,1,30.4399,0,27.8827,26
142.5,ue_n043_0004,gNB_5G,-49,gNB_4G_2,-49,0.745472,6,32.6399,1,65.9994,25
142.5,car_north_base_006_rider,gNB_4G_1,-44,gNB_5G,-72,0.12288,0,-1,0,64.2602,28
142.5,ue_n043_0005,gNB_5G,-47,gNB_4G_2,-49,0.475136,6,30.6399,1,68.4101,28
142.5,ue_ujeongwon_0004,gNB_4G_1,-38,gNB_4G_2,-84,0.12288,2,17.8399,1,68.9501,28
142.5,ue_ujeongwon_0005,gNB_4G_1,-39,gNB_4G_2,-82,0.32768,2,14.0399,1,72.0438,28
142.5,ue_n001_0005,gNB_4G_1,-40,gNB_5G,-78,0.581632,0,-1,0,52.4267,0
142.5,ue_ujeongwon_0006,gNB_4G_1,-47,gNB_4G_2,-70,0.548864,2,10.0399,1,72.2327,28
142.5,ue_n042_0007,gNB_4G_2,-63,gNB_5G,-67,0.8192,0,-1,0,32.4246,28
142.5,ue_n043_0006,gNB_4G_2,-50,gNB_5G,-66,0.581632,3,11.6399,1,29.1193,27
142.5,ue_ujeongwon_0007,gNB_4G_1,-42,gNB_5G,-83,0.8192,0,-1,0,49.6965,28
142.5,ue_ujeongwon_0008,gNB_4G_1,-46,gNB_4G_2,-68,0.352256,0,-1,0,43.2205,28
142.5,ue_n043_0007,gNB_4G_2,-54,gNB_4G_1,-61,0.4096,3,6.63993,1,10.2121,14
142.5,ue_ujeongwon_0009,gNB_4G_1,-94,gNB_4G_2,-115,0.360448,2,0.839928,1,-8.77254,0
142.5,car_north_base_007_rider,gNB_4G_1,-42,gNB_4G_2,-87,0.434176,0,-1,0,59.4282,28
142.5,ue_n042_0006,gNB_4G_2,-57,gNB_5G,-66,0.45056,2,14.2399,1,32.0795,28
142.5,car_north_base_008_rider,gNB_4G_1,-40,gNB_5G,-80,0.172032,0,-1,0,51.637,28
142.5,ue_n043_0008,gNB_5G,-48,gNB_4G_2,-55,0.745472,0,-1,0,63.3935,28
143.5,ue_n042_0001,gNB_4G_2,-48,gNB_5G,-61,0.270336,2,138.64,1,56.3435,28
143.5,ue_n001_0006,gNB_4G_1,-45,gNB_4G_2,-64,0.679936,0,-1,0,23.4208,24
143.5,car_north_peak_002_rider,gNB_4G_1,-67,gNB_5G,-96,0.294912,6,1.63993,1,15.5114,20
143.5,car_north_peak_003_rider,gNB_4G_2,-48,gNB_5G,-78,0.8192,3,21.8399,0,49.6312,28
143.5,ue_n042_0002,gNB_4G_2,-43,gNB_5G,-66,0.679936,2,135.64,1,53.4097,28
143.5,ue_ujeongwon_0001,gNB_4G_1,-46,gNB_5G,-90,0.385024,0,-1,0,64.9106,28
143.5,ue_n043_0009,gNB_5G,-49,gNB_4G_2,-55,0.745472,0,-1,0,62.2356,28
143.5,ue_n043_0010,gNB_5G,-52,gNB_4G_2,-59,0.196608,0,-1,0,62.8358,28
143.5,ue_n043_0001,gNB_4G_2,-45,gNB_5G,-51,0.352256,5,40.4399,0,23.9645,26
143.5,ue_n042_0003,gNB_4G_2,-103,gNB_5G,-129,0.344064,6,2.03993,1,38.7307,28
143.5,ue_n001_0001,gNB_4G_1,-43,gNB_5G,-63,0.581632,0,-1,0,65.4333,28
143.5,ue_n001_0002,gNB_4G_1,-46,gNB_4G_2,-56,0.630784,0,-1,0,62.6532,28
143.5,ue_ujeongwon_0002,gNB_4G_1,-47,gNB_5G,-78,0.8192,0,-1,0,35.056,28
143.5,ue_n001_0007,gNB_4G_1,-46,gNB_5G,-77,0.262144,0,-1,0,39.359,28
143.5,ue_n001_0003,gNB_4G_1,-40,gNB_5G,-74,0.548864,0,-1,0,69.5678,28
143.5,car_north_base_001_rider,gNB_4G_2,-48,gNB_4G_1,-92,0.8192,3,3.83993,0,47.7838,28
143.5,car_north_base_002_rider,gNB_5G,-54,gNB_4G_1,-56,0.704512,2,0.839928,0,59.4148,28
143.5,ue_n043_0002,gNB_4G_2,-54,gNB_5G,-67,0.139264,11,15.6399,1,55.3714,28
143.5,ue_n001_0004,gNB_4G_1,-46,gNB_4G_2,-58,0.630784,0,-1,0,62.8743,28
143.5,ue_n043_0003,gNB_4G_2,-45,gNB_5G,-49,0.45056,5,12.4399,0,37.9492,28
143.5,car_north_base_003,gNB_4G_2,-46,gNB_5G,-59,0.589824,1,50.2399,0,55.1345,28
143.5,ue_n042_0004,gNB_4G_2,-39,gNB_5G,-64,0.8192,2,82.2399,0,48.7887,28
143.5,car_north_base_004,gNB_4G_2,-46,gNB_5G,-59,0.131072,3,32.4399,1,35.9835,28
143.5,car_north_base_005,gNB_4G_2,-45,gNB_5G,-54,0.229376,1,31.4399,0,24.5853,27
143.5,ue_n043_0004,gNB_4G_2,-47,gNB_5G,-52,0.73728,7,0.439928,0,61.9368,28
143.5,car_north_base_006_rider,gNB_4G_1,-45,gNB_5G,-69,0.131072,0,-1,0,65.1645,28
143.5,ue_n043_0005,gNB_5G,-49,gNB_4G_2,-48,0.483328,6,31.6399,1,67.1332,28
143.5,ue_ujeongwon_0004,gNB_4G_1,-38,gNB_4G_2,-81,0.114688,2,18.8399,1,51.6844,28
143.5,ue_ujeongwon_0005,gNB_4G_1,-39,gNB_4G_2,-70,0.32768,2,15.0399,1,29.1257,28
143.5,ue_n001_0005,gNB_4G_1,-42,gNB_5G,-76,0.589824,0,-1,0,68.4293,28
143.5,ue_ujeongwon_0006,gNB_4G_1,-38,gNB_4G_2,-82,0.540672,2,11.0399,1,66.2331,28
143.5,ue_n042_0007,gNB_5G,-64,gNB_4G_2,-65,0.8192,1,0.239928,0,44.3212,28
143.5,ue_n043_0006,gNB_4G_2,-54,gNB_5G,-68,0.57344,3,12.6399,1,6.47644,7
143.5,ue_ujeongwon_0007,gNB_4G_1,-46,gNB_5G,-76,0.8192,0,-1,0,33.3066,28
143.5,ue_ujeongwon_0008,gNB_4G_1,-41,gNB_4G_2,-67,0.360448,0,-1,0,73.2207,28
143.5,ue_n043_0007,gNB_4G_2,-54,gNB_4G_1,-59,0.4096,3,7.63993,1,21.3175,16
143.5,ue_ujeongwon_0009,gNB_4G_1,-116,gNB_4G_2,-118,0.385024,2,1.83993,1,40.3035,28
143.5,car_north_base_007_rider,gNB_4G_1,-50,gNB_4G_2,-89,0.425984,0,-1,0,57.0343,28
143.5,ue_n042_0006,gNB_4G_2,-58,gNB_5G,-68,0.458752,2,15.2399,1,38.7419,28
143.5,car_north_base_008_rider,gNB_4G_1,-40,gNB_5G,-80,0.172032,0,-1,0,71.4635,28
143.5,ue_n043_0008,gNB_5G,-48,gNB_4G_2,-55,0.73728,0,-1,0,58.6782,28
144.5,ue_n042_0001,gNB_4G_2,-44,gNB_5G,-63,0.278528,2,139.64,1,57.0627,28
144.5,ue_n001_0006,gNB_4G_1,-44,gNB_4G_2,-63,0.679936,0,-1,0,22.0341,25
144.5,car_north_peak_002_rider,gNB_5G,-67,gNB_4G_1,-83,0.28672,7,0.439928,0,44.6385,28
144.5,car_north_peak_003_rider,gNB_4G_2,-48,gNB_5G,-78,0.8192,3,22.8399,0,59.673,28
144.5,ue_n042_0002,gNB_4G_2,-43,gNB_5G,-60,0.688128,2,136.64,1,67.033,28
144.5,ue_ujeongwon_0001,gNB_4G_1,-43,gNB_5G,-76,0.393216,0,-1,0,61.3125,28
144.5,ue_n043_0009,gNB_5G,-49,gNB_4G_2,-55,0.745472,0,-1,0,59.8805,28
144.5,ue_n043_0010,gNB_5G,-50,gNB_4G_2,-58,0.196608,0,-1,0,59.6012,28
144.5,ue_n043_0001,gNB_4G_2,-45,gNB_5G,-53,0.360448,5,41.4399,0,67.9959,28
144.5,ue_n042_0003,gNB_4G_2,-77,gNB_5G,-130,0.344064,6,3.03993,1,35.1419,28
144.5,ue_n001_0001,gNB_4G_1,-43,gNB_4G_2,-62,0.589824,0,-1,0,19.8168,22
144.5,ue_n001_0002,gNB_4G_1,-44,gNB_4G_2,-56,0.630784,0,-1,0,66.5575,28
144.5,ue_ujeongwon_0002,gNB_4G_1,-46,gNB_5G,-76,0.8192,0,-1,0,40.6899,28
144.5,ue_n001_0007,gNB_4G_1,-48,gNB_5G,-77,0.262144,0,-1,0,34.726,28
144.5,ue_n001_0003,gNB_4G_1,-41,gNB_4G_2,-75,0.540672,0,-1,0,69.4883,28
144.5,car_north_base_001_rider,gNB_4G_2,-47,gNB_4G_1,-93,0.8192,3,4.83993,0,51.0457,28
144.5,car_north_base_002_rider,gNB_5G,-52,gNB_4G_1,-56,0.8192,2,1.83993,0,50.19,2
144.5,ue_n043_0002,gNB_4G_2,-55,gNB_5G,-67,0.147456,11,16.6399,1,53.0842,28
144.5,ue_n001_0004,gNB_4G_1,-45,gNB_4G_2,-59,0.630784,0,-1,0,18.1609,24
144.5,ue_n043_0003,gNB_4G_2,-45,gNB_5G,-49,0.458752,5,13.4399,0,36.1004,28
144.5,car_north_base_003,gNB_4G_2,-47,gNB_5G,-56,0.557056,1,51.2399,0,24.8553,9
144.5,ue_n042_0004,gNB_4G_2,-41,gNB_5G,-63,0.8192,2,83.2399,0,67.2956,28
144.5,car_north_base_004,gNB_4G_2,-45,gNB_5G,-55,0.139264,3,33.4399,1,63.4303,28
144.5,car_north_base_005,gNB_4G_2,-44,gNB_5G,-58,0.229376,1,32.4399,0,38.7068,28
144.5,ue_n043_0004,gNB_4G_2,-49,gNB_5G,-50,0.745472,7,1.43993,0,57.567,28
144.5,car_north_base_006_rider,gNB_4G_1,-48,gNB_5G,-67,0.131072,0,-1,0,31.2596,28
144.5,ue_n043_0005,gNB_5G,-48,gNB_4G_2,-47,0.483328,6,32.6399,1,66.0025,28
144.5,ue_ujeongwon_0004,gNB_4G_1,-38,gNB_4G_2,-83,0.12288,2,19.8399,1,68.4699,28
144.5,ue_ujeongwon_0005,gNB_4G_1,-41,gNB_4G_2,-69,0.32768,2,16.0399,1,68.5279,28
144.5,ue_n001_0005,gNB_4G_1,-41,gNB_5G,-77,0.581632,0,-1,0,49.1289,28
144.5,ue_ujeongwon_0006,gNB_4G_1,-37,gNB_4G_2,-83,0.548864,2,12.0399,1,51.6166,28
144.5,ue_n042_0007,gNB_4G_2,-63,gNB_5G,-66,0.811008,2,0.239928,1,29.1739,25
144.5,ue_n043_0006,gNB_4G_2,-54,gNB_4G_1,-56,0.548864,3,13.6399,1,57.3776,28
144.5,ue_ujeongwon_0007,gNB_4G_1,-38,gNB_4G_2,-66,0.8192,0,-1,0,45.4025,28
144.5,ue_ujeongwon_0008,gNB_4G_1,-41,gNB_5G,-80,0.352256,0,-1,0,72.8525,28
144.5,ue_n043_0007,gNB_4G_2,-53,gNB_4G_1,-63,0.4096,3,8.63993,1,8.51601,12
144.5,ue_ujeongwon_0009,gNB_4G_1,-58,gNB_4G_2,-118,0.589824,2,2.83993,1,68.3911,28
144.5,car_north_base_007_rider,gNB_4G_1,-53,gNB_4G_2,-89,0.434176,0,-1,0,35.2302,28
144.5,ue_n042_0006,gNB_4G_2,-54,gNB_5G,-67,0.45056,2,16.2399,1,55.9253,28
144.5,car_north_base_008_rider,gNB_4G_1,-43,gNB_5G,-75,0.172032,0,-1,0,53.6096,28
144.5,ue_n043_0008,gNB_5G,-48,gNB_4G_2,-55,0.745472,0,-1,0,60.944,28
145.5,ue_n042_0001,gNB_4G_2,-50,gNB_5G,-67,0.270336,2,140.64,1,33.8788,28
145.5,ue_n001_0006,gNB_4G_1,-43,gNB_4G_2,-60,0.688128,0,-1,0,60.7631,28
145.5,car_north_peak_002_rider,gNB_5G,-66,gNB_4G_1,-85,0.319488,7,1.43993,0,36.1865,28
145.5,car_north_peak_003_rider,gNB_4G_2,-48,gNB_5G,-75,0.8192,3,23.8399,0,62.3899,28
145.5,ue_n042_0002,gNB_4G_2,-41,gNB_5G,-60,0.679936,2,137.64,1,54.6873,28
145.5,ue_ujeongwon_0001,gNB_4G_1,-48,gNB_5G,-77,0.393216,0,-1,0,68.5995,28
145.5,ue_n043_0009,gNB_5G,-50,gNB_4G_1,-55,0.745472,0,-1,0,61.7902,28
145.5,ue_n043_0010,gNB_5G,-50,gNB_4G_2,-56,0.2048,0,-1,0,57.8253,28
145.5,ue_n043_0001,gNB_4G_2,-43,gNB_5G,-53,0.352256,5,42.4399,0,66.3131,28
145.5,ue_n042_0003,gNB_4G_2,-79,gNB_5G,-130,0.335872,6,4.03993,1,10.5459,17
145.5,ue_n001_0001,gNB_4G_1,-43,gNB_5G,-64,0.581632,0,-1,0,60.3223,28
145.5,ue_n001_0002,gNB_4G_1,-49,gNB_4G_2,-54,0.630784,0,-1,0,8.79712,14
145.5,ue_ujeongwon_0002,gNB_4G_1,-46,gNB_5G,-70,0.8192,0,-1,0,40.5013,28
145.5,ue_n001_0007,gNB_4G_1,-50,gNB_5G,-78,0.270336,0,-1,0,68.2468,28
145.5,ue_n001_0003,gNB_4G_1,-38,gNB_4G_2,-76,0.548864,0,-1,0,39.6656,28
145.5,car_north_base_001_rider,gNB_4G_2,-47,gNB_4G_1,-91,0.8192,3,5.83993,0,66.6502,28
145.5,car_north_base_002_rider,gNB_4G_2,-46,gNB_5G,-60,0.8192,3,0.439928,1,62.9793,28
145.5,ue_n043_0002,gNB_4G_2,-57,gNB_5G,-66,0.139264,11,17.6399,1,53.5522,28
145.5,ue_n001_0004,gNB_4G_1,-45,gNB_4G_2,-59,0.630784,0,-1,0,63.284,28
145.5,ue_n043_0003,gNB_4G_2,-46,gNB_5G,-51,0.45056,5,14.4399,0,66.7033,28
145.5,car_north_base_003,gNB_5G,-52,gNB_4G_2,-81,0.524288,2,0.839928,0,55.4256,28
145.5,ue_n042_0004,gNB_4G_2,-37,gNB_5G,-61,0.8192,2,84.2399,0,68.6465,28
145.5,car_north_base_004,gNB_4G_2,-46,gNB_5G,-49,0.131072,3,34.4399,1,32.8476,28
145.5,car_north_base_005,gNB_4G_2,-46,gNB_5G,-55,0.229376,1,33.4399,0,24.8223,27
145.5,ue_n043_0004,gNB_4G_2,-48,gNB_5G,-45,0.745472,7,2.43993,0,64.1553,28
145.5,car_north_base_006_rider,gNB_4G_1,-47,gNB_5G,-70,0.12288,0,-1,0,35.4977,28
145.5,ue_n043_0005,gNB_4G_2,-47,gNB_5G,-51,0.483328,7,0.439928,0,43.512,28
145.5,ue_ujeongwon_0004,gNB_4G_1,-39,gNB_5G,-98,0.114688,2,20.8399,1,60.2437,28
145.5,ue_ujeongwon_0005,gNB_4G_1,-39,gNB_4G_2,-68,0.32768,2,17.0399,1,72.3607,28
145.5,ue_n001_0005,gNB_4G_1,-51,gNB_5G,-77,0.589824,0,-1,0,69.8023,28
145.5,ue_ujeongwon_0006,gNB_4G_1,-39,gNB_4G_2,-86,0.548864,2,13.0399,1,71.8716,28
145.5,ue_n042_0007,gNB_4G_2,-59,gNB_5G,-66,0.827392,2,1.23993,1,55.2686,28
145.5,ue_n043_0006,gNB_4G_2,-53,gNB_4G_1,-57,0.53248,3,14.6399,1,55.77,28
145.5,ue_ujeongwon_0007,gNB_4G_1,-39,gNB_5G,-79,0.8192,0,-1,0,50.5863,28
145.5,ue_ujeongwon_0008,gNB_4G_1,-39,gNB_4G_2,-68,0.360448,0,-1,0,37.3886,28
145.5,ue_n043_0007,gNB_4G_2,-55,gNB_5G,-65,0.4096,3,9.63993,1,59.2379,28
145.5,ue_ujeongwon_0009,gNB_4G_1,-38,gNB_4G_2,-116,0.581632,2,3.83993,1,72.9199,28
145.5,car_north_base_007_rider,gNB_4G_1,-52,gNB_5G,-74,0.425984,0,-1,0,58.7511,28
145.5,ue_n042_0006,gNB_4G_2,-54,gNB_5G,-66,0.458752,2,17.2399,1,54.7087,28
145.5,car_north_base_008_rider,gNB_4G_1,-45,gNB_5G,-80,0.16384,0,-1,0,50.9721,28
145.5,ue_n043_0008,gNB_5G,-47,gNB_4G_2,-54,0.745472,0,-1,0,58.9727,28
145.5,ue_n001_0008,gNB_4G_1,-42,gNB_5G,-75,0.131072,0,-1,0,62.1433,28
146.5,ue_n042_0001,gNB_4G_2,-74,gNB_4G_1,-94,0.270336,2,141.64,1,35.3119,28
146.5,ue_n001_0006,gNB_4G_1,-43,gNB_4G_2,-63,0.679936,0,-1,0,23.2835,24
146.5,car_north_peak_002_rider,gNB_5G,-74,gNB_4G_1,-84,0.311296,7,2.43993,0,39.7992,28
146.5,car_north_peak_003_rider,gNB_4G_2,-48,gNB_5G,-70,0.811008,3,24.8399,0,10.881,17
146.5,ue_n042_0002,gNB_4G_2,-43,gNB_5G,-60,0.679936,2,138.64,1,69.3593,28
146.5,ue_ujeongwon_0001,gNB_4G_1,-48,gNB_5G,-83,0.385024,0,-1,0,66.6561,28
146.5,ue_n043_0009,gNB_5G,-50,gNB_4G_2,-54,0.745472,0,-1,0,63.2812,28
146.5,ue_n043_0010,gNB_5G,-52,gNB_4G_2,-56,0.196608,0,-1,0,59.8478,28
146.5,ue_n043_0001,gNB_4G_2,-44,gNB_5G,-50,0.360448,5,43.4399,0,64.9303,28
146.5,ue_n001_0001,gNB_4G_1,-42,gNB_5G,-60,0.581632,0,-1,0,22.992,25
146.5,ue_n001_0002,gNB_4G_1,-45,gNB_4G_2,-55,0.630784,0,-1,0,28.0042,28
146.5,ue_ujeongwon_0002,gNB_4G_1,-48,gNB_5G,-68,0.8192,0,-1,0,36.7765,28
146.5,ue_n001_0007,gNB_4G_1,-44,gNB_5G,-76,0.262144,0,-1,0,63.0498,28
146.5,ue_n001_0003,gNB_4G_1,-37,gNB_4G_2,-75,0.548864,0,-1,0,63.9807,28
146.5,car_north_base_001_rider,gNB_4G_2,-44,gNB_5G,-85,0.8192,3,6.83993,0,60.6545,28
146.5,car_north_base_002_rider,gNB_4G_2,-48,gNB_5G,-57,0.8192,3,1.43993,1,47.8116,28
146.5,ue_n043_0002,gNB_4G_2,-54,gNB_5G,-69,0.139264,11,18.6399,1,44.7069,28
146.5,ue_n001_0004,gNB_4G_1,-45,gNB_4G_2,-59,0.630784,0,-1,0,15.8318,18
146.5,ue_n043_0003,gNB_4G_2,-46,gNB_5G,-50,0.458752,5,15.4399,0,27.8823,28
146.5,car_north_base_003,gNB_5G,-55,gNB_4G_1,-56,0.581632,2,1.83993,0,57.9588,28
146.5,ue_n042_0004,gNB_4G_2,-38,gNB_5G,-61,0.8192,2,85.2399,0,68.7348,28
146.5,car_north_base_004,gNB_4G_2,-47,gNB_5G,-51,0.131072,3,35.4399,1,46.1004,28
146.5,car_north_base_005,gNB_4G_2,-45,gNB_5G,-54,0.221184,1,34.4399,0,64.7828,28
146.5,ue_n043_0004,gNB_4G_2,-47,gNB_5G,-49,0.745472,7,3.43993,0,62.1415,28
146.5,car_north_base_006_rider,gNB_4G_1,-51,gNB_5G,-76,0.131072,0,-1,0,60.5949,28
146.5,ue_n043_0005,gNB_4G_2,-49,gNB_5G,-50,0.483328,7,1.43993,0,38.7329,28
146.5,ue_ujeongwon_0004,gNB_4G_1,-39,gNB_5G,-98,0.12288,2,21.8399,1,59.342,28
146.5,ue_ujeongwon_0005,gNB_4G_1,-38,gNB_4G_2,-83,0.32768,2,18.0399,1,45.5685,28
146.5,ue_n001_0005,gNB_4G_1,-51,gNB_5G,-77,0.581632,0,-1,0,43.1363,28
146.5,ue_ujeongwon_0006,gNB_4G_1,-39,gNB_4G_2,-82,0.540672,2,14.0399,1,72.04,28
146.5,ue_n042_0007,gNB_4G_2,-56,gNB_5G,-67,0.8192,2,2.23993,1,44.2582,28
146.5,ue_n043_0006,gNB_4G_2,-53,gNB_4G_1,-59,0.507904,3,15.6399,1,56.4035,28
146.5,ue_ujeongwon_0007,gNB_4G_1,-39,gNB_5G,-75,0.8192,0,-1,0,46.9972,28
146.5,ue_ujeongwon_0008,gNB_4G_1,-37,gNB_4G_2,-72,0.352256,0,-1,0,70.3047,28
146.5,ue_n043_0007,gNB_4G_2,-52,gNB_4G_1,-67,0.4096,3,10.6399,1,60.7335,28
146.5,ue_ujeongwon_0009,gNB_4G_1,-40,gNB_4G_2,-91,0.589824,2,4.83993,1,50.6768,28
146.5,car_north_base_007_rider,gNB_4G_1,-49,gNB_5G,-74,0.434176,0,-1,0,59.6613,28
146.5,ue_n042_0006,gNB_4G_2,-56,gNB_5G,-66,0.458752,2,18.2399,1,58.9361,28
146.5,car_north_base_008_rider,gNB_4G_1,-42,gNB_4G_2,-83,0.172032,0,-1,0,75.4091,28
146.5,ue_n043_0008,gNB_5G,-49,gNB_4G_2,-55,0.745472,0,-1,0,62.6134,28
146.5,ue_n001_0008,gNB_4G_1,-39,gNB_5G,-75,0.303104,0,-1,0,62.1497,28
147.5,ue_n042_0001,gNB_4G_2,-75,gNB_5G,-97,0.278528,2,142.64,1,39.2186,28
147.5,ue_n001_0006,gNB_4G_1,-45,gNB_4G_2,-62,0.688128,0,-1,0,28.2904,26
147.5,car_north_peak_002_rider,gNB_5G,-71,gNB_4G_1,-85,0.319488,7,3.43993,0,42.3966,28
147.5,car_north_peak_003_rider,gNB_4G_2,-49,gNB_5G,-72,0.827392,3,25.8399,0,60.7578,28
147.5,ue_n042_0002,gNB_4G_2,-42,gNB_5G,-60,0.688128,2,139.64,1,67.2112,28
147.5,ue_ujeongwon_0001,gNB_4G_1,-45,gNB_5G,-79,0.393216,0,-1,0,62.1194,28
147.5,ue_n043_0009,gNB_5G,-48,gNB_4G_2,-54,0.745472,0,-1,0,58.3018,28
147.5,ue_n043_0010,gNB_5G,-52,gNB_4G_2,-58,0.2048,0,-1,0,58.7474,28
147.5,ue_n043_0001,gNB_4G_2,-46,gNB_4G_1,-54,0.352256,5,44.4399,0,68.8077,28
147.5,ue_n001_0001,gNB_4G_1,-43,gNB_5G,-61,0.589824,0,-1,0,27.7014,28
147.5,ue_n001_0002,gNB_4G_1,-47,gNB_4G_2,-60,0.565248,0,-1,0,60.9634,28
147.5,ue_ujeongwon_0002,gNB_4G_1,-47,gNB_5G,-70,0.8192,0,-1,0,42.5443,28
147.5,ue_n001_0007,gNB_4G_1,-47,gNB_5G,-76,0.262144,0,-1,0,35.7525,28
147.5,ue_n001_0003,gNB_4G_1,-38,gNB_4G_2,-82,0.540672,0,-1,0,65.7469,28
147.5,car_north_base_001_rider,gNB_4G_2,-49,gNB_5G,-77,0.8192,3,7.83993,0,62.1397,28
147.5,car_north_base_002_rider,gNB_4G_2,-49,gNB_5G,-55,0.8192,3,2.43993,1,65.6855,28
147.5,ue_n043_0002,gNB_4G_2,-55,gNB_5G,-71,0.139264,11,19.6399,1,51.7702,28
147.5,ue_n001_0004,gNB_4G_1,-48,gNB_4G_2,-57,0.630784,0,-1,0,65.1724,28
147.5,ue_n043_0003,gNB_4G_2,-44,gNB_5G,-52,0.458752,5,16.4399,0,27.7805,28
147.5,car_north_base_003,gNB_5G,-53,gNB_4G_1,-65,0.581632,2,2.83993,0,50.2233,28
147.5,ue_n042_0004,gNB_4G_2,-38,gNB_5G,-59,0.8192,2,86.2399,0,71.9861,28
147.5,car_north_base_004,gNB_4G_2,-45,gNB_5G,-54,0.139264,3,36.4399,1,40.6549,28
147.5,car_north_base_005,gNB_4G_2,-46,gNB_5G,-51,0.229376,1,35.4399,0,35.7953,28
147.5,ue_n043_0004,gNB_4G_2,-49,gNB_5G,-48,0.745472,7,4.43993,0,64.663,28
147.5,car_north_base_006_rider,gNB_4G_1,-51,gNB_4G_2,-76,0.131072,0,-1,0,60.8154,28
147.5,ue_n043_0005,gNB_4G_2,-48,gNB_5G,-46,0.483328,7,2.43993,0,32.9133,28
147.5,ue_ujeongwon_0004,gNB_4G_1,-40,gNB_5G,-98,0.114688,2,22.8399,1,65.826,28
147.5,ue_ujeongwon_0005,gNB_4G_1,-42,gNB_4G_2,-86,0.32768,2,19.0399,1,70.356,28
147.5,ue_n001_0005,gNB_4G_1,-46,gNB_5G,-77,0.581632,0,-1,0,72.7194,28
147.5,ue_ujeongwon_0006,gNB_4G_1,-39,gNB_4G_2,-70,0.548864,2,15.0399,1,28.9014,28
147.5,ue_n042_0007,gNB_4G_2,-57,gNB_5G,-68,0.8192,2,3.23993,1,53.1917,28
147.5,ue_n043_0006,gNB_4G_2,-54,gNB_4G_1,-57,0.630784,3,16.6399,1,60.4166,28
147.5,ue_ujeongwon_0007,gNB_4G_1,-41,gNB_5G,-77,0.8192,0,-1,0,45.0418,28
147.5,ue_ujeongwon_0008,gNB_4G_1,-42,gNB_4G_2,-68,0.360448,0,-1,0,51.4027,28
147.5,ue_n043_0007,gNB_4G_2,-50,gNB_5G,-66,0.4096,3,11.6399,1,59.3255,28
147.5,ue_ujeongwon_0009,gNB_4G_1,-41,gNB_4G_2,-86,0.581632,2,5.83993,1,72.0486,28
147.5,car_north_base_007_rider,gNB_4G_1,-49,gNB_5G,-64,0.434176,0,-1,0,63.0026,28
147.5,ue_n042_0006,gNB_4G_2,-54,gNB_5G,-65,0.45056,2,19.2399,1,42.1344,28
147.5,car_north_base_008_rider,gNB_4G_1,-39,gNB_4G_2,-83,0.172032,0,-1,0,74.1304,28
147.5,ue_n043_0008,gNB_5G,-47,gNB_4G_2,-56,0.745472,0,-1,0,62.0599,28
147.5,ue_n001_0008,gNB_4G_1,-47,gNB_5G,-76,0.303104,0,-1,0,64.7193,28
148.5,ue_n042_0001,gNB_4G_2,-72,gNB_5G,-85,0.270336,2,143.64,1,41.8639,28
148.5,ue_n001_0006,gNB_4G_1,-45,gNB_4G_2,-62,0.671744,0,-1,0,19.7051,22
148.5,car_north_peak_002_rider,gNB_5G,-68,gNB_4G_1,-83,0.311296,7,4.43993,0,41.9816,28
148.5,car_north_peak_003_rider,gNB_4G_2,-49,gNB_5G,-63,0.8192,3,26.8399,0,61.6537,28
148.5,ue_n042_0002,gNB_4G_2,-44,gNB_5G,-60,0.679936,2,140.64,1,47.8439,28
148.5,ue_ujeongwon_0001,gNB_4G_1,-45,gNB_5G,-79,0.385024,0,-1,0,69.7762,28
148.5,ue_n043_0009,gNB_5G,-50,gNB_4G_2,-55,0.745472,0,-1,0,63.0036,28
148.5,ue_n043_0010,gNB_5G,-52,gNB_4G_2,-58,0.196608,0,-1,0,58.7121,28
148.5,ue_n043_0001,gNB_4G_2,-42,gNB_5G,-52,0.360448,5,45.4399,0,64.6708,28
148.5,ue_n001_0001,gNB_4G_1,-46,gNB_5G,-62,0.589824,0,-1,0,21.7146,24
148.5,ue_n001_0002,gNB_4G_1,-45,gNB_4G_2,-51,0.671744,0,-1,0,68.7219,28
148.5,ue_ujeongwon_0002,gNB_4G_1,-47,gNB_5G,-70,0.8192,0,-1,0,34.4535,28
148.5,ue_n001_0007,gNB_4G_1,-47,gNB_5G,-78,0.262144,0,-1,0,59.008,28
148.5,ue_n001_0003,gNB_4G_1,-38,gNB_4G_2,-65,0.548864,0,-1,0,26.8495,28
148.5,car_north_base_001_rider,gNB_4G_2,-49,gNB_4G_1,-88,0.8192,3,8.83993,0,48.5352,28
148.5,car_north_base_002_rider,gNB_4G_2,-45,gNB_4G_1,-91,0.8192,3,3.43993,1,53.4593,28
148.5,ue_n043_0002,gNB_4G_2,-57,gNB_5G,-67,0.147456,11,20.6399,1,55.8442,28
148.5,ue_n001_0004,gNB_4G_1,-47,gNB_4G_2,-55,0.630784,0,-1,0,23.8051,28
148.5,ue_n043_0003,gNB_4G_2,-44,gNB_5G,-51,0.45056,5,17.4399,0,66.4666,28
148.5,car_north_base_003,gNB_4G_2,-46,gNB_5G,-60,0.589824,3,0.439928,0,18.6667,22
148.5,ue_n042_0004,gNB_4G_2,-41,gNB_5G,-60,0.8192,2,87.2399,0,64.8088,28
148.5,car_north_base_004,gNB_4G_2,-47,gNB_5G,-54,0.131072,3,37.4399,1,64.313,28
148.5,car_north_base_005,gNB_4G_2,-45,gNB_5G,-54,0.229376,1,36.4399,0,62.9066,28
148.5,ue_n043_0004,gNB_4G_2,-46,gNB_5G,-51,0.745472,7,5.43993,0,57.7129,28
148.5,car_north_base_006_rider,gNB_4G_1,-49,gNB_4G_2,-77,0.12288,0,-1,0,36.1207,28
148.5,ue_n043_0005,gNB_4G_2,-47,gNB_5G,-49,0.475136,7,3.43993,0,37.9256,28
148.5,ue_ujeongwon_0004,gNB_4G_1,-45,gNB_5G,-96,0.12288,2,23.8399,1,62.3186,28
148.5,ue_ujeongwon_0005,gNB_4G_1,-38,gNB_4G_2,-83,0.32768,2,20.0399,1,68.5208,28
148.5,ue_n001_0005,gNB_4G_1,-41,gNB_5G,-75,0.589824,0,-1,0,50.6944,28
148.5,ue_ujeongwon_0006,gNB_4G_1,-41,gNB_4G_2,-69,0.548864,2,16.0399,1,73.2957,28
148.5,ue_n042_0007,gNB_4G_2,-57,gNB_5G,-66,0.8192,2,4.23993,1,53.6239,28
148.5,ue_n043_0006,gNB_4G_2,-53,gNB_5G,-63,0.589824,3,17.6399,1,52.6952,28
148.5,ue_ujeongwon_0007,gNB_4G_1,-41,gNB_5G,-78,0.8192,0,-1,0,49.2525,28
148.5,ue_ujeongwon_0008,gNB_4G_1,-50,gNB_4G_2,-82,0.352256,0,-1,0,71.1778,28
148.5,ue_n043_0007,gNB_4G_2,-51,gNB_5G,-67,0.4096,3,12.6399,1,9.82499,15
148.5,ue_ujeongwon_0009,gNB_4G_1,-45,gNB_4G_2,-69,0.589824,2,6.83993,1,57.8583,28
148.5,car_north_base_007_rider,gNB_4G_1,-51,gNB_5G,-74,0.425984,0,-1,0,27.3838,28
148.5,ue_n042_0006,gNB_4G_2,-51,gNB_5G,-70,0.458752,2,20.2399,1,38.3361,28
148.5,car_north_base_008_rider,gNB_4G_1,-40,gNB_5G,-75,0.172032,0,-1,0,56.0054,28
148.5,ue_n043_0008,gNB_5G,-48,gNB_4G_2,-57,0.745472,0,-1,0,64.7227,28
148.5,ue_n001_0008,gNB_4G_1,-49,gNB_4G_2,-80,0.303104,0,-1,0,34.2607,28
149.5,ue_n042_0001,gNB_4G_2,-73,gNB_5G,-90,0.270336,2,144.64,1,38.2633,28
149.5,ue_n001_0006,gNB_4G_1,-43,gNB_4G_2,-62,0.688128,0,-1,0,67.3541,28
149.5,car_north_peak_002_rider,gNB_5G,-69,gNB_4G_1,-95,0.319488,7,5.43993,0,43.695,28
149.5,car_north_peak_003_rider,gNB_4G_2,-49,gNB_5G,-65,0.8192,3,27.8399,0,49.9744,28
149.5,ue_n042_0002,gNB_4G_2,-46,gNB_5G,-61,0.679936,2,141.64,1,49.956,28
149.5,ue_ujeongwon_0001,gNB_4G_1,-46,gNB_5G,-81,0.393216,0,-1,0,60.1667,28
149.5,ue_n043_0009,gNB_5G,-49,gNB_4G_2,-55,0.745472,0,-1,0,61.6134,28
149.5,ue_n043_0010,gNB_5G,-52,gNB_4G_2,-56,0.196608,0,-1,0,60.0404,28
149.5,ue_n043_0001,gNB_4G_2,-46,gNB_5G,-51,0.352256,5,46.4399,0,15.5937,21
149.5,ue_n001_0001,gNB_4G_1,-48,gNB_5G,-60,0.581632,0,-1,0,65.4072,28
149.5,ue_n001_0002,gNB_4G_1,-47,gNB_4G_2,-57,0.630784,0,-1,0,66.7102,28
149.5,ue_ujeongwon_0002,gNB_4G_1,-42,gNB_5G,-71,0.8192,0,-1,0,43.4757,28
149.5,ue_n001_0007,gNB_4G_1,-46,gNB_5G,-72,0.270336,0,-1,0,38.7559,28
149.5,ue_n001_0003,gNB_4G_1,-41,gNB_4G_2,-63,0.548864,0,-1,0,72.3659,28
149.5,car_north_base_001_rider,gNB_4G_2,-48,gNB_5G,-72,0.8192,3,9.83993,0,49.8188,28
149.5,car_north_base_002_rider,gNB_4G_2,-44,gNB_5G,-77,0.8192,3,4.43993,1,54.8937,28
149.5,ue_n043_0002,gNB_4G_2,-57,gNB_5G,-67,0.139264,11,21.6399,1,55.9673,28
149.5,ue_n001_0004,gNB_4G_1,-47,gNB_4G_2,-54,0.630784,0,-1,0,59.49,28
149.5,ue_n043_0003,gNB_4G_2,-44,gNB_5G,-52,0.45056,5,18.4399,0,16.5696,22
149.5,car_north_base_003,gNB_4G_2,-49,gNB_5G,-54,0.581632,3,1.43993,0,49.9094,28
149.5,ue_n042_0004,gNB_4G_2,-42,gNB_5G,-60,0.8192,2,88.2399,0,49.7004,28
149.5,car_north_base_004,gNB_4G_2,-46,gNB_5G,-52,0.131072,3,38.4399,1,68.1491,28
149.5,car_north_base_005,gNB_4G_2,-48,gNB_5G,-53,0.229376,1,37.4399,0,68.1402,28
149.5,ue_n043_0004,gNB_4G_2,-53,gNB_5G,-52,0.745472,7,6.43993,0,62.604,28
149.5,car_north_base_006_rider,gNB_4G_1,-50,gNB_5G,-69,0.131072,0,-1,0,60.4152,28
149.5,ue_n043_0005,gNB_4G_2,-49,gNB_5G,-48,0.483328,7,4.43993,0,31.4969,28
149.5,ue_ujeongwon_0004,gNB_4G_1,-40,gNB_5G,-100,0.114688,2,24.8399,1,69.2356,28
149.5,ue_ujeongwon_0005,gNB_4G_1,-39,gNB_5G,-98,0.32768,2,21.0399,1,68.9406,28
149.5,ue_n001_0005,gNB_4G_1,-40,gNB_5G,-78,0.581632,0,-1,0,73.7856,28
149.5,ue_ujeongwon_0006,gNB_4G_1,-39,gNB_4G_2,-68,0.540672,2,17.0399,1,67.8073,28
149.5,ue_n042_0007,gNB_4G_2,-57,gNB_5G,-66,0.8192,2,5.23993,1,38.6452,28
149.5,ue_n043_0006,gNB_4G_2,-56,gNB_4G_1,-63,0.57344,3,18.6399,1,10.7939,14
149.5,ue_ujeongwon_0007,gNB_4G_1,-40,gNB_4G_2,-82,0.8192,0,-1,0,48.2553,28
149.5,ue_ujeongwon_0008,gNB_4G_1,-43,gNB_5G,-80,0.352256,0,-1,0,54.3784,28
149.5,ue_n043_0007,gNB_4G_2,-54,gNB_4G_1,-56,0.401408,3,13.6399,1,57.3776,28
149.5,ue_ujeongwon_0009,gNB_4G_1,-39,gNB_4G_2,-82,0.581632,2,7.83993,1,49.8344,28
149.5,car_north_base_007_rider,gNB_4G_1,-48,gNB_5G,-72,0.434176,0,-1,0,26.9865,27
149.5,ue_n042_0006,gNB_4G_2,-56,gNB_5G,-70,0.45056,2,21.2399,1,54.6216,28
149.5,car_north_base_008_rider,gNB_4G_1,-37,gNB_5G,-66,0.172032,0,-1,0,77.8544,28
149.5,ue_n043_0008,gNB_5G,-47,gNB_4G_2,-54,0.745472,0,-1,0,65.6754,28
149.5,ue_n001_0008,gNB_4G_1,-48,gNB_5G,-77,0.303104,0,-1,0,66.7208,28
150.5,ue_n042_0001,gNB_4G_2,-91,gNB_5G,-92,0.253952,2,145.64,1,-7.07663,0
150.5,ue_n001_0006,gNB_4G_1,-42,gNB_4G_2,-62,0.679936,0,-1,0,27.2809,25
150.5,car_north_peak_002_rider,gNB_5G,-67,gNB_4G_2,-95,0.311296,7,6.43993,0,40.4763,28
150.5,car_north_peak_003_rider,gNB_4G_2,-49,gNB_5G,-65,0.8192,3,28.8399,0,61.3359,28
150.5,ue_n042_0002,gNB_4G_2,-43,gNB_5G,-57,0.679936,2,142.64,1,51.7004,28
150.5,ue_ujeongwon_0001,gNB_4G_1,-49,gNB_5G,-79,0.393216,0,-1,0,59.4193,28
150.5,ue_n043_0009,gNB_5G,-49,gNB_4G_2,-56,0.745472,0,-1,0,61.8115,28
150.5,ue_n043_0010,gNB_5G,-51,gNB_4G_2,-55,0.2048,0,-1,0,57.246,28
150.5,ue_n043_0001,gNB_4G_2,-43,gNB_5G,-49,0.360448,5,47.4399,0,69.3971,28
150.5,ue_n001_0001,gNB_4G_1,-44,gNB_5G,-63,0.589824,0,-1,0,37.5681,28
150.5,ue_n001_0002,gNB_4G_1,-47,gNB_4G_2,-59,0.622592,0,-1,0,24.5014,24
150.5,ue_ujeongwon_0002,gNB_4G_1,-47,gNB_5G,-70,0.8192,0,-1,0,48.6281,28
150.5,ue_n001_0007,gNB_4G_1,-50,gNB_5G,-68,0.262144,0,-1,0,65.5768,28
150.5,ue_n001_0003,gNB_4G_1,-38,gNB_4G_2,-78,0.540672,0,-1,0,71.0511,28
150.5,car_north_base_001_rider,gNB_4G_2,-48,gNB_5G,-70,0.8192,3,10.8399,0,53.7544,28
150.5,car_north_base_002_rider,gNB_4G_2,-44,gNB_5G,-82,0.8192,3,5.43993,1,60.1239,28
150.5,ue_n043_0002,gNB_4G_2,-55,gNB_5G,-67,0.139264,11,22.6399,1,57.8836,28
150.5,ue_n001_0004,gNB_4G_1,-49,gNB_4G_2,-53,0.622592,0,-1,0,4.12559,9
150.5,ue_n043_0003,gNB_4G_2,-44,gNB_5G,-53,0.458752,5,19.4399,0,21.7545,28
150.5,car_north_base_003,gNB_4G_2,-48,gNB_5G,-52,0.589824,3,2.43993,0,38.4563,28
150.5,ue_n042_0004,gNB_4G_2,-44,gNB_5G,-62,0.8192,2,89.2399,0,66.5864,28
150.5,car_north_base_004,gNB_4G_2,-43,gNB_5G,-53,0.139264,3,39.4399,1,65.41,28
150.5,car_north_base_005,gNB_4G_2,-43,gNB_5G,-51,0.221184,1,38.4399,0,60.5156,28
150.5,ue_n043_0004,gNB_4G_2,-48,gNB_5G,-49,0.745472,7,7.43993,0,33.1623,28
150.5,car_north_base_006_rider,gNB_4G_1,-50,gNB_5G,-63,0.12288,0,-1,0,32.129,28
150.5,ue_n043_0005,gNB_5G,-50,gNB_4G_2,-55,0.483328,8,0.439928,0,66.5129,28
150.5,ue_ujeongwon_0004,gNB_4G_1,-40,gNB_4G_2,-96,0.12288,2,25.8399,1,61.0909,28
150.5,ue_ujeongwon_0005,gNB_4G_1,-42,gNB_5G,-98,0.32768,2,22.0399,1,63.3762,28
150.5,ue_n001_0005,gNB_4G_1,-39,gNB_5G,-82,0.589824,0,-1,0,54.7609,28
150.5,ue_ujeongwon_0006,gNB_4G_1,-38,gNB_4G_2,-83,0.548864,2,18.0399,1,47.5832,28
150.5,ue_n042_0007,gNB_4G_2,-57,gNB_5G,-62,0.8192,2,6.23993,1,51.9914,28
150.5,ue_n043_0006,gNB_4G_2,-56,gNB_5G,-67,0.589824,3,19.6399,1,22.5358,25
150.5,ue_ujeongwon_0007,gNB_4G_1,-39,gNB_5G,-81,0.8192,0,-1,0,45.9324,28
150.5,ue_ujeongwon_0008,gNB_4G_1,-44,gNB_5G,-78,0.360448,0,-1,0,74.7824,28
150.5,ue_n043_0007,gNB_4G_2,-53,gNB_4G_1,-56,0.4096,3,14.6399,1,57.9882,28
150.5,ue_ujeongwon_0009,gNB_4G_1,-40,gNB_4G_2,-83,0.581632,2,8.83993,1,23.251,28
150.5,car_north_base_007_rider,gNB_4G_1,-49,gNB_5G,-72,0.434176,0,-1,0,37.6597,28
150.5,ue_n042_0006,gNB_4G_2,-54,gNB_5G,-67,0.458752,2,22.2399,1,43.0156,28
150.5,car_north_base_008_rider,gNB_4G_1,-36,gNB_5G,-66,0.172032,0,-1,0,56.3346,28
150.5,ue_n043_0008,gNB_5G,-45,gNB_4G_2,-57,0.745472,0,-1,0,56.8041,28
150.5,ue_n001_0008,gNB_4G_1,-44,gNB_5G,-77,0.303104,0,-1,0,36.2403,28
151.5,ue_n042_0001,gNB_4G_2,-113,gNB_4G_1,-113,0.196608,2,146.64,1,-16.3526,0
151.5,ue_n001_0006,gNB_4G_1,-44,gNB_4G_2,-62,0.688128,0,-1,0,29.6471,27
151.5,car_north_peak_003_rider,gNB_4G_2,-49,gNB_5G,-63,0.8192,3,29.8399,0,62.3458,28
151.5,ue_n042_0002,gNB_4G_2,-46,gNB_5G,-59,0.688128,2,143.64,1,65.1994,28
151.5,ue_ujeongwon_0001,gNB_4G_1,-46,gNB_5G,-81,0.385024,0,-1,0,63.6901,28
151.5,ue_n043_0009,gNB_5G,-49,gNB_4G_1,-57,0.73728,0,-1,0,63.458,28
151.5,ue_n043_0010,gNB_5G,-52,gNB_4G_2,-58,0.196608,0,-1,0,56.43,28
151.5,ue_n043_0001,gNB_4G_2,-41,gNB_5G,-53,0.352256,5,48.4399,0,61.3756,28
151.5,ue_n001_0001,gNB_4G_1,-41,gNB_5G,-62,0.581632,0,-1,0,25.9216,27
151.5,ue_n001_0002,gNB_4G_1,-49,gNB_4G_2,-60,0.630784,0,-1,0,18.5865,22
151.5,ue_ujeongwon_0002,gNB_4G_1,-44,gNB_5G,-68,0.8192,0,-1,0,50.4768,28
151.5,ue_n001_0007,gNB_4G_1,-48,gNB_5G,-68,0.262144,0,-1,0,41.3537,28
151.5,ue_n001_0003,gNB_4G_1,-40,gNB_4G_2,-84,0.548864,0,-1,0,48.3635,28
151.5,car_north_base_001_rider,gNB_4G_2,-56,gNB_5G,-70,0.8192,3,11.8399,0,62.3899,28
151.5,car_north_base_002_rider,gNB_4G_2,-50,gNB_5G,-78,0.8192,3,6.43993,1,51.451,28
151.5,ue_n043_0002,gNB_4G_2,-54,gNB_5G,-68,0.139264,11,23.6399,1,56.841,28
151.5,ue_n001_0004,gNB_4G_1,-46,gNB_4G_2,-54,0.638976,0,-1,0,24.0334,28
151.5,ue_n043_0003,gNB_4G_2,-43,gNB_5G,-51,0.458752,5,20.4399,0,64.9345,28
151.5,car_north_base_003,gNB_4G_2,-47,gNB_4G_1,-74,0.581632,3,3.43993,0,64.5707,28
151.5,ue_n042_0004,gNB_4G_2,-44,gNB_5G,-62,0.8192,2,90.2399,0,69.4301,28
151.5,car_north_base_004,gNB_4G_2,-45,gNB_5G,-52,0.131072,3,40.4399,1,65.4269,28
151.5,car_north_base_005,gNB_4G_2,-50,gNB_5G,-59,0.229376,1,39.4399,0,63.6926,28
151.5,ue_n043_0004,gNB_5G,-47,gNB_4G_2,-56,0.745472,8,0.639928,0,63.1403,28
151.5,car_north_base_006_rider,gNB_4G_1,-50,gNB_5G,-65,0.131072,0,-1,0,26.5265,26
151.5,ue_n043_0005,gNB_4G_2,-48,gNB_5G,-52,0.466944,9,0.239928,1,33.3014,28
151.5,ue_ujeongwon_0004,gNB_4G_1,-42,gNB_4G_2,-93,0.114688,2,26.8399,1,55.1708,28
151.5,ue_ujeongwon_0005,gNB_4G_1,-39,gNB_5G,-98,0.32768,2,23.0399,1,59.1638,28
151.5,ue_n001_0005,gNB_4G_1,-39,gNB_4G_2,-82,0.581632,0,-1,0,52.5172,28
151.5,ue_ujeongwon_0006,gNB_4G_1,-42,gNB_4G_2,-86,0.548864,2,19.0399,1,50.9349,28
151.5,ue_n042_0007,gNB_4G_2,-58,gNB_5G,-64,0.8192,2,7.23993,1,33.0763,28
151.5,ue_n043_0006,gNB_4G_2,-58,gNB_5G,-66,0.589824,3,20.6399,1,22.444,24
151.5,ue_ujeongwon_0007,gNB_4G_1,-39,gNB_5G,-77,0.8192,0,-1,0,54.4002,28
151.5,ue_ujeongwon_0008,gNB_4G_1,-43,gNB_5G,-76,0.352256,0,-1,0,47.9356,28
151.5,ue_n043_0007,gNB_4G_2,-53,gNB_4G_1,-56,0.352256,3,15.6399,1,11.4776,11
151.5,ue_ujeongwon_0009,gNB_4G_1,-48,gNB_4G_2,-66,0.589824,2,9.83993,1,30.4368,28
151.5,car_north_base_007_rider,gNB_4G_1,-52,gNB_4G_2,-79,0.425984,0,-1,0,38.4839,26
151.5,ue_n042_0006,gNB_4G_2,-55,gNB_5G,-68,0.45056,2,23.2399,1,56.6499,28
151.5,car_north_base_008_rider,gNB_4G_1,-39,gNB_5G,-68,0.16384,0,-1,0,56.6756,28
151.5,ue_n043_0008,gNB_5G,-51,gNB_4G_2,-54,0.745472,0,-1,0,62.9154,28
151.5,ue_n001_0008,gNB_4G_1,-47,gNB_5G,-79,0.303104,0,-1,0,40.3715,28
152.5,ue_n042_0001,gNB_4G_1,-113,gNB_4G_2,-117,0.12288,3,0.439928,0,-2.45838,3
152.5,ue_n001_0006,gNB_4G_1,-44,gNB_4G_2,-63,0.679936,0,-1,0,28.3538,28
152.5,car_north_peak_003_rider,gNB_4G_2,-49,gNB_5G,-63,0.8192,3,30.8399,0,61.9771,28
152.5,ue_n042_0002,gNB_4G_2,-42,gNB_5G,-58,0.679936,2,144.64,1,63.3327,28
152.5,ue_ujeongwon_0001,gNB_4G_1,-48,gNB_5G,-82,0.393216,0,-1,0,34.5438,28
152.5,ue_n043_0009,gNB_5G,-48,gNB_4G_1,-55,0.745472,0,-1,0,62.7553,28
152.5,ue_n043_0010,gNB_5G,-54,gNB_4G_2,-60,0.2048,0,-1,0,55.0272,28
152.5,ue_n043_0001,gNB_4G_2,-49,gNB_5G,-52,0.360448,5,49.4399,0,68.4842,28
152.5,ue_n001_0001,gNB_4G_1,-42,gNB_5G,-61,0.581632,0,-1,0,31.5387,28
152.5,ue_n001_0002,gNB_4G_1,-49,gNB_4G_2,-56,0.630784,0,-1,0,18.3841,19
152.5,ue_ujeongwon_0002,gNB_4G_1,-51,gNB_5G,-70,0.8192,0,-1,0,34.1512,28
152.5,ue_n001_0007,gNB_4G_1,-47,gNB_5G,-69,0.262144,0,-1,0,34.3768,28
152.5,ue_n001_0003,gNB_4G_1,-38,gNB_4G_2,-82,0.548864,0,-1,0,70.2643,28
152.5,car_north_base_001_rider,gNB_4G_2,-49,gNB_5G,-70,0.8192,3,12.8399,0,53.7544,28
152.5,car_north_base_002_rider,gNB_4G_2,-46,gNB_5G,-78,0.8192,3,7.43993,1,46.7886,28
152.5,ue_n043_0002,gNB_4G_2,-53,gNB_5G,-69,0.147456,11,24.6399,1,51.2359,28
152.5,ue_n001_0004,gNB_4G_1,-49,gNB_4G_2,-54,0.630784,0,-1,0,59.5194,28
152.5,ue_n043_0003,gNB_4G_2,-45,gNB_5G,-49,0.45056,5,21.4399,0,67.4551,28
152.5,car_north_base_003,gNB_4G_2,-46,gNB_4G_1,-68,0.434176,3,4.43993,0,-12.038,0
152.5,ue_n042_0004,gNB_4G_2,-44,gNB_5G,-61,0.8192,2,91.2399,0,69.5603,28
152.5,car_north_base_004,gNB_4G_2,-45,gNB_5G,-54,0.139264,3,41.4399,1,62.7545,28
152.5,car_north_base_005,gNB_4G_2,-47,gNB_4G_1,-55,0.229376,1,40.4399,0,63.5522,28
152.5,ue_n043_0004,gNB_5G,-48,gNB_4G_2,-46,0.745472,8,1.63993,0,65.4834,28
152.5,ue_n043_0005,gNB_4G_2,-47,gNB_5G,-49,0.49152,9,1.23993,1,48.8327,28
152.5,ue_ujeongwon_0004,gNB_4G_1,-42,gNB_4G_2,-81,0.12288,2,27.8399,1,31.2782,28
152.5,ue_ujeongwon_0005,gNB_4G_1,-54,gNB_4G_2,-97,0.32768,2,24.0399,1,66.0609,28
152.5,ue_n001_0005,gNB_4G_1,-38,gNB_5G,-78,0.589824,0,-1,0,51.2576,28
152.5,ue_ujeongwon_0006,gNB_4G_1,-38,gNB_4G_2,-83,0.540672,2,20.0399,1,61.1068,28
152.5,ue_n042_0007,gNB_4G_2,-60,gNB_5G,-65,0.8192,2,8.23993,1,55.9257,28
152.5,ue_n043_0006,gNB_4G_2,-58,gNB_5G,-66,0.475136,3,21.6399,1,2.91703,7
152.5,ue_ujeongwon_0007,gNB_4G_1,-39,gNB_5G,-77,0.8192,0,-1,0,38.2442,28
152.5,ue_ujeongwon_0008,gNB_4G_1,-41,gNB_5G,-75,0.360448,0,-1,0,48.6033,28
152.5,ue_n043_0007,gNB_4G_2,-54,gNB_4G_1,-57,0.385024,3,16.6399,1,56.7596,28
152.5,ue_ujeongwon_0009,gNB_4G_1,-40,gNB_4G_2,-66,0.581632,2,10.8399,1,40.3922,28
152.5,car_north_base_007_rider,gNB_4G_1,-54,gNB_4G_2,-73,0.434176,0,-1,0,57.2067,28
152.5,ue_n042_0006,gNB_4G_2,-55,gNB_5G,-70,0.458752,2,24.2399,1,58.1434,28
152.5,car_north_base_008_rider,gNB_4G_1,-39,gNB_5G,-69,0.172032,0,-1,0,74.0369,28
152.5,ue_n043_0008,gNB_5G,-51,gNB_4G_2,-53,0.745472,0,-1,0,65.2989,28
152.5,ue_n001_0008,gNB_4G_1,-46,gNB_5G,-76,0.303104,0,-1,0,63.7259,28
153.5,ue_n042_0001,gNB_4G_1,-113,gNB_5G,-112,0.188416,3,1.43993,0,-5.3652,0
153.5,ue_n001_0006,gNB_4G_1,-43,gNB_4G_2,-62,0.6144,0,-1,0,68.6872,28
153.5,car_north_peak_003_rider,gNB_4G_2,-49,gNB_4G_1,-62,0.745472,3,31.8399,0,6.06971,27
153.5,ue_n042_0002,gNB_4G_2,-44,gNB_5G,-58,0.688128,2,145.64,1,55.2854,28
153.5,ue_ujeongwon_0001,gNB_4G_1,-48,gNB_4G_2,-82,0.385024,0,-1,0,66.6759,28
153.5,ue_n043_0009,gNB_5G,-48,gNB_4G_2,-56,0.745472,0,-1,0,63.4784,28
153.5,ue_n043_0010,gNB_5G,-55,gNB_4G_2,-55,0.196608,0,-1,0,52.8307,28
153.5,ue_n043_0001,gNB_4G_2,-42,gNB_5G,-52,0.344064,5,50.4399,0,66.2026,28
153.5,ue_n001_0009,gNB_4G_2,nan,,-140,0.08192,0,-1,0,-32.9753,0
153.5,ue_n001_0001,gNB_4G_1,-41,gNB_5G,-61,0.589824,0,-1,0,67.3916,28
153.5,ue_n001_0002,gNB_4G_1,-48,gNB_4G_2,-53,0.49152,0,-1,0,17.9136,24
153.5,ue_ujeongwon_0002,gNB_4G_1,-42,gNB_5G,-71,0.8192,0,-1,0,40.5152,28
153.5,ue_n001_0007,gNB_4G_1,-42,gNB_5G,-70,0.270336,0,-1,0,69.4845,28
153.5,ue_n001_0003,gNB_4G_1,-38,gNB_4G_2,-83,0.540672,0,-1,0,65.3847,28
153.5,car_north_base_001_rider,gNB_4G_2,-56,gNB_5G,-70,0.8192,3,13.8399,0,44.8663,28
153.5,car_north_base_002_rider,gNB_4G_2,-58,gNB_5G,-78,0.8192,3,8.43993,1,51.5714,28
153.5,ue_n043_0002,gNB_4G_2,-57,gNB_5G,-67,0.139264,11,25.6399,1,40.5126,28
153.5,ue_n001_0004,gNB_4G_1,-45,gNB_4G_2,-55,0.516096,0,-1,0,65.5362,28
153.5,ue_n043_0003,gNB_4G_2,-44,gNB_5G,-51,0.458752,5,22.4399,0,16.9234,18
153.5,car_north_base_003,gNB_4G_1,-60,gNB_5G,-64,0.294912,4,0.639928,0,-17.488,0
153.5,ue_n042_0004,gNB_4G_2,-42,gNB_5G,-63,0.8192,2,92.2399,0,51.5438,28
153.5,car_north_base_004,gNB_4G_2,-48,gNB_5G,-54,0.131072,3,42.4399,1,13.0249,14
153.5,car_north_base_005,gNB_4G_2,-47,gNB_5G,-59,0.229376,1,41.4399,0,64.7242,28
153.5,ue_n043_0004,gNB_5G,-48,gNB_4G_2,-46,0.745472,8,2.63993,0,65.7045,28
153.5,ue_n043_0005,gNB_4G_2,-48,gNB_5G,-50,0.475136,9,2.23993,1,33.9264,24
153.5,ue_ujeongwon_0004,gNB_4G_1,-41,gNB_4G_2,-70,0.114688,2,28.8399,1,62.7339,28
153.5,ue_ujeongwon_0005,gNB_4G_1,-39,gNB_4G_2,-100,0.32768,2,25.0399,1,67.233,28
153.5,ue_n001_0005,gNB_4G_1,-39,gNB_5G,-76,0.581632,0,-1,0,51.273,28
153.5,ue_ujeongwon_0006,gNB_4G_1,-39,gNB_5G,-98,0.548864,2,21.0399,1,58.7849,28
153.5,ue_n042_0007,gNB_4G_2,-58,gNB_5G,-66,0.8192,2,9.23993,1,44.2687,28
153.5,ue_n043_0006,gNB_4G_2,-59,gNB_4G_1,-65,0.393216,3,22.6399,1,4.08782,9
153.5,ue_ujeongwon_0007,gNB_4G_1,-39,gNB_5G,-78,0.8192,0,-1,0,28.4953,28
153.5,ue_ujeongwon_0008,gNB_4G_1,-40,gNB_5G,-76,0.352256,0,-1,0,48.7879,28
153.5,ue_n043_0007,gNB_4G_2,-55,gNB_5G,-63,0.4096,3,17.6399,1,54.4557,28
153.5,ue_ujeongwon_0009,gNB_4G_1,-38,gNB_4G_2,-82,0.589824,2,11.8399,1,66.3723,28
153.5,car_north_base_007_rider,gNB_4G_1,-52,gNB_4G_2,-71,0.417792,0,-1,0,55.6804,28
153.5,ue_n042_0006,gNB_4G_2,-54,gNB_5G,-67,0.45056,2,25.2399,1,55.015,28
153.5,car_north_base_008_rider,gNB_4G_1,-36,gNB_4G_2,-82,0.172032,0,-1,0,51.9923,28
153.5,ue_n043_0008,gNB_5G,-46,gNB_4G_2,-54,0.745472,0,-1,0,67.0071,28
153.5,ue_n001_0008,gNB_4G_1,-46,gNB_5G,-69,0.303104,0,-1,0,64.427,28
154.5,ue_n042_0001,gNB_4G_2,-101,gNB_4G_1,-113,0.229376,4,0.839928,1,0.508991,7
154.5,ue_n001_0006,gNB_4G_1,-43,gNB_4G_2,-62,0.712704,0,-1,0,23.691,25
154.5,car_north_peak_003_rider,gNB_4G_2,-49,gNB_4G_1,-55,0.884736,3,32.8399,0,14.2326,28
154.5,ue_n042_0002,gNB_4G_2,-44,gNB_5G,-59,0.679936,2,146.64,1,66.322,28
154.5,ue_ujeongwon_0001,gNB_4G_1,-48,gNB_4G_2,-75,0.393216,0,-1,0,42.4216,28
154.5,ue_n043_0009,gNB_5G,-47,gNB_4G_2,-55,0.745472,0,-1,0,62.9519,28
154.5,ue_n043_0010,gNB_5G,-57,gNB_4G_2,-55,0.196608,0,-1,0,54.1594,28
154.5,ue_n043_0001,gNB_4G_2,-43,gNB_5G,-51,0.360448,5,51.4399,0,17.3188,20
154.5,ue_n001_0009,gNB_4G_1,-50,gNB_4G_2,-81,0.507904,0,-1,0,40.1821,28
154.5,ue_n001_0001,gNB_4G_1,-41,gNB_5G,-71,0.581632,0,-1,0,26.7669,28
154.5,ue_n001_0002,gNB_4G_1,-46,gNB_4G_2,-54,0.712704,0,-1,0,19.2853,22
154.5,ue_ujeongwon_0002,gNB_4G_1,-48,gNB_5G,-67,0.8192,0,-1,0,39.9832,28
154.5,ue_n001_0007,gNB_4G_1,-44,gNB_5G,-68,0.262144,0,-1,0,66.1735,28
154.5,ue_n001_0003,gNB_4G_1,-49,gNB_5G,-97,0.548864,0,-1,0,60.2587,28
154.5,car_north_base_001_rider,gNB_4G_2,-49,gNB_5G,-70,0.8192,3,14.8399,0,48.5336,28
154.5,car_north_base_002_rider,gNB_4G_2,-46,gNB_5G,-78,0.8192,3,9.43993,1,52.8905,28
154.5,ue_n043_0002,gNB_4G_2,-61,gNB_5G,-69,0.139264,11,26.6399,1,50.7012,28
154.5,ue_n001_0004,gNB_4G_1,-46,gNB_4G_2,-56,0.704512,0,-1,0,66.5383,28
154.5,ue_n043_0003,gNB_4G_2,-46,gNB_5G,-51,0.45056,5,23.4399,0,17.4788,19
154.5,car_north_base_003,gNB_5G,-70,gNB_4G_2,-70,0.53248,5,0.839928,0,42.5868,28
154.5,ue_n042_0004,gNB_4G_2,-43,gNB_5G,-62,0.8192,2,93.2399,0,68.2017,28
154.5,car_north_base_004,gNB_4G_2,-51,gNB_5G,-52,0.131072,3,43.4399,1,61.538,28
154.5,car_north_base_005,gNB_4G_2,-44,gNB_5G,-57,0.229376,1,42.4399,0,42.2775,28
154.5,ue_n043_0004,gNB_5G,-48,gNB_4G_2,-48,0.73728,8,3.63993,0,62.5477,28
154.5,ue_n043_0005,gNB_4G_2,-48,gNB_5G,-48,0.483328,9,3.23993,1,64.5639,28
154.5,ue_ujeongwon_0004,gNB_4G_1,-42,gNB_4G_2,-70,0.12288,2,29.8399,1,27.8846,26
154.5,ue_ujeongwon_0005,gNB_4G_1,-39,gNB_5G,-94,0.32768,2,26.0399,1,63.9317,28
154.5,ue_n001_0005,gNB_4G_1,-38,gNB_5G,-77,0.581632,0,-1,0,54.6094,28
154.5,ue_ujeongwon_0006,gNB_4G_1,-39,gNB_5G,-98,0.548864,2,22.0399,1,63.2703,28
154.5,ue_n042_0007,gNB_4G_2,-54,gNB_5G,-69,0.8192,2,10.2399,1,38.6952,28
154.5,ue_n043_0006,gNB_4G_2,-58,gNB_4G_1,-58,0.49152,3,23.6399,1,49.5111,5
154.5,ue_ujeongwon_0007,gNB_4G_1,-40,gNB_4G_2,-73,0.8192,0,-1,0,30.1217,28
154.5,ue_ujeongwon_0008,gNB_4G_1,-40,gNB_5G,-76,0.360448,0,-1,0,70.9841,28
154.5,ue_n043_0007,gNB_4G_2,-56,gNB_4G_1,-63,0.4096,3,18.6399,1,16.8261,19
154.5,ue_ujeongwon_0009,gNB_4G_1,-39,gNB_4G_2,-85,0.581632,2,12.8399,1,69.0466,19
154.5,car_north_base_007_rider,gNB_4G_1,-54,gNB_4G_2,-73,0.434176,0,-1,0,60.181,28
154.5,ue_n042_0006,gNB_4G_2,-56,gNB_5G,-68,0.458752,2,26.2399,1,41.7973,28
154.5,car_north_base_008_rider,gNB_4G_1,-39,gNB_4G_2,-85,0.172032,0,-1,0,51.558,28
154.5,ue_n043_0008,gNB_5G,-46,gNB_4G_2,-55,0.73728,0,-1,0,62.9028,28
154.5,ue_n001_0008,gNB_4G_1,-48,gNB_5G,-68,0.303104,0,-1,0,36.7455,28
155.5,ue_n042_0001,gNB_4G_2,-92,gNB_4G_1,-113,0.253952,4,1.83993,1,-4.84124,0
155.5,ue_n001_0006,gNB_4G_1,-42,gNB_4G_2,-60,0.679936,0,-1,0,32.0977,28
155.5,car_north_peak_003_rider,gNB_4G_2,-48,gNB_4G_1,-55,0.8192,3,33.8399,0,11.5392,24
155.5,ue_n042_0002,gNB_4G_2,-44,gNB_5G,-58,0.679936,2,147.64,1,66.7032,23
155.5,ue_ujeongwon_0001,gNB_4G_1,-54,gNB_4G_2,-77,0.393216,0,-1,0,24.2559,28
155.5,ue_n043_0009,gNB_5G,-48,gNB_4G_2,-57,0.745472,0,-1,0,64.6975,28
155.5,ue_n043_0010,gNB_5G,-57,gNB_4G_2,-60,0.2048,0,-1,0,56.3831,28
155.5,ue_n043_0001,gNB_4G_2,-43,gNB_5G,-51,0.360448,5,52.4399,0,39.8157,28
155.5,ue_n001_0009,gNB_4G_1,-47,gNB_5G,-76,0.589824,0,-1,0,69.3848,28
155.5,ue_n001_0001,gNB_4G_1,-43,gNB_5G,-62,0.589824,0,-1,0,38.3416,28
155.5,ue_n001_0002,gNB_4G_1,-44,gNB_4G_2,-54,0.630784,0,-1,0,67.4961,28
155.5,ue_ujeongwon_0002,gNB_4G_1,-52,gNB_5G,-66,0.8192,0,-1,0,35.4393,28
155.5,ue_n001_0007,gNB_4G_1,-45,gNB_5G,-67,0.262144,0,-1,0,49.5489,28
155.5,ue_n001_0003,gNB_4G_1,-39,gNB_5G,-98,0.548864,0,-1,0,66.2301,28
155.5,car_north_base_001_rider,gNB_4G_2,-48,gNB_5G,-70,0.8192,3,15.8399,0,62.3899,28
155.5,car_north_base_002_rider,gNB_4G_2,-46,gNB_5G,-78,0.8192,3,10.4399,1,49.0926,28
155.5,ue_n043_0002,gNB_4G_2,-61,gNB_5G,-69,0.139264,11,27.6399,1,46.945,28
155.5,ue_n001_0004,gNB_4G_1,-48,gNB_4G_2,-55,0.622592,0,-1,0,18.9173,23
155.5,ue_n043_0003,gNB_4G_2,-47,gNB_5G,-53,0.458752,5,24.4399,0,19.1712,19
155.5,car_north_base_003,gNB_4G_1,-58,gNB_5G,-69,0.524288,6,0.839928,1,10.5803,16
155.5,ue_n042_0004,gNB_4G_2,-41,gNB_5G,-62,0.8192,2,94.2399,0,71.3538,28
155.5,car_north_base_004,gNB_4G_2,-49,gNB_5G,-56,0.139264,3,44.4399,1,12.7717,16
155.5,car_north_base_005,gNB_4G_2,-45,gNB_5G,-55,0.221184,1,43.4399,0,21.6665,24
155.5,ue_n043_0004,gNB_5G,-48,gNB_4G_2,-48,0.745472,8,4.63993,0,62.1915,28
155.5,ue_n043_0005,gNB_4G_2,-47,gNB_5G,-48,0.483328,9,4.23993,1,21.9703,25
155.5,ue_ujeongwon_0004,gNB_4G_1,-42,gNB_4G_2,-70,0.114688,2,30.8399,1,65.8114,28
155.5,ue_ujeongwon_0005,gNB_4G_1,-42,gNB_5G,-91,0.32768,2,27.0399,1,66.4716,28
155.5,ue_n001_0005,gNB_4G_1,-36,gNB_5G,-80,0.589824,0,-1,0,76.0553,28
155.5,ue_ujeongwon_0006,gNB_4G_1,-39,gNB_4G_2,-96,0.540672,2,23.0399,1,63.3247,28
155.5,ue_n042_0007,gNB_4G_2,-55,gNB_5G,-68,0.8192,2,11.2399,1,53.297,28
155.5,ue_n043_0006,gNB_4G_2,-58,gNB_4G_1,-56,0.516096,3,24.6399,1,13.8049,28
155.5,ue_ujeongwon_0007,gNB_4G_1,-41,gNB_4G_2,-66,0.8192,0,-1,0,37.5223,28
155.5,ue_ujeongwon_0008,gNB_4G_1,-40,gNB_5G,-77,0.352256,0,-1,0,27.8144,28
155.5,ue_n043_0007,gNB_4G_2,-56,gNB_5G,-67,0.4096,3,19.6399,1,22.0754,25
155.5,ue_ujeongwon_0009,gNB_4G_1,-39,gNB_4G_2,-82,0.589824,2,13.8399,1,69.2148,28
155.5,car_north_base_007_rider,gNB_4G_1,-51,gNB_4G_2,-73,0.434176,0,-1,0,66.3914,28
155.5,ue_n042_0006,gNB_4G_2,-62,gNB_5G,-69,0.458752,2,27.2399,1,32.8133,28
155.5,car_north_base_008_rider,gNB_4G_1,-38,gNB_4G_2,-81,0.172032,0,-1,0,56.0757,28
155.5,ue_n043_0008,gNB_5G,-46,gNB_4G_2,-54,0.745472,0,-1,0,61.674,28
155.5,ue_n001_0008,gNB_4G_1,-47,gNB_5G,-71,0.303104,0,-1,0,42.2895,28
156.5,ue_n042_0001,gNB_4G_2,-111,gNB_4G_1,-113,0.278528,4,2.83993,1,25.1954,28
156.5,ue_n001_0006,gNB_4G_1,-42,gNB_4G_2,-61,0.688128,0,-1,0,29.2042,28
156.5,car_north_peak_003_rider,gNB_4G_2,-50,gNB_4G_1,-54,0.8192,3,34.8399,0,62.6748,28
156.5,ue_n042_0002,gNB_4G_2,-44,gNB_5G,-58,0.688128,2,148.64,1,49.1266,28
156.5,ue_ujeongwon_0001,gNB_4G_1,-45,gNB_4G_2,-77,0.385024,0,-1,0,32.7582,28
156.5,ue_n043_0009,gNB_5G,-46,gNB_4G_2,-55,0.745472,0,-1,0,64.3743,28
156.5,ue_n043_0010,gNB_5G,-55,gNB_4G_2,-57,0.196608,0,-1,0,53.4514,28
156.5,ue_n043_0001,gNB_4G_2,-45,gNB_5G,-52,0.360448,5,53.4399,0,64.4249,28
156.5,ue_n001_0009,gNB_4G_1,-42,gNB_5G,-77,0.581632,0,-1,0,37.2941,28
156.5,ue_n001_0001,gNB_4G_1,-42,gNB_5G,-64,0.581632,0,-1,0,20.064,24
156.5,ue_n001_0002,gNB_4G_1,-46,gNB_4G_2,-52,0.630784,0,-1,0,67.5943,28
156.5,ue_ujeongwon_0002,gNB_4G_1,-46,gNB_5G,-70,0.8192,0,-1,0,40.7927,28
156.5,ue_n001_0007,gNB_4G_1,-50,gNB_5G,-70,0.262144,0,-1,0,59.1221,28
156.5,ue_n001_0003,gNB_4G_1,-42,gNB_4G_2,-94,0.540672,0,-1,0,67.7985,28
156.5,car_north_base_001_rider,gNB_4G_2,-48,gNB_5G,-70,0.8192,3,16.8399,0,53.7544,28
156.5,car_north_base_002_rider,gNB_4G_2,-55,gNB_5G,-78,0.8192,3,11.4399,1,33.5318,28
156.5,ue_n043_0002,gNB_4G_2,-63,gNB_5G,-70,0.147456,11,28.6399,1,49.8899,28
156.5,ue_n001_0004,gNB_4G_1,-53,gNB_4G_2,-56,0.630784,0,-1,0,70.9787,28
156.5,ue_n043_0003,gNB_4G_2,-45,gNB_5G,-52,0.45056,5,25.4399,0,12.479,28
156.5,car_north_base_003,gNB_5G,-76,gNB_4G_1,-92,0.53248,7,0.839928,1,26.9376,18
156.5,ue_n042_0004,gNB_4G_2,-42,gNB_5G,-59,0.8192,2,95.2399,0,71.9528,28
156.5,car_north_base_004,gNB_4G_2,-47,gNB_5G,-51,0.131072,3,45.4399,1,63.5918,28
156.5,car_north_base_005,gNB_4G_2,-47,gNB_5G,-59,0.229376,1,44.4399,0,62.667,28
156.5,ue_n043_0004,gNB_5G,-49,gNB_4G_2,-46,0.745472,8,5.63993,0,68.2068,28
156.5,ue_n043_0005,gNB_4G_2,-47,gNB_5G,-48,0.483328,9,5.23993,1,56.8632,28
156.5,ue_ujeongwon_0004,gNB_4G_1,-42,gNB_4G_2,-71,0.12288,2,31.8399,1,63.1723,28
156.5,ue_ujeongwon_0005,gNB_4G_1,-42,gNB_4G_2,-71,0.32768,2,28.0399,1,70.584,28
156.5,ue_n001_0005,gNB_4G_1,-41,gNB_4G_2,-83,0.581632,0,-1,0,75.0373,28
156.5,ue_ujeongwon_0006,gNB_4G_1,-40,gNB_4G_2,-97,0.548864,2,24.0399,1,61.3086,28
156.5,ue_n042_0007,gNB_4G_2,-57,gNB_5G,-68,0.8192,2,12.2399,1,51.5972,28
156.5,ue_n043_0006,gNB_4G_2,-59,gNB_4G_1,-62,0.606208,3,25.6399,1,18.9828,22
156.5,ue_ujeongwon_0007,gNB_4G_1,-41,gNB_4G_2,-64,0.8192,0,-1,0,25.4593,25
156.5,ue_ujeongwon_0008,gNB_4G_1,-40,gNB_4G_2,-74,0.360448,0,-1,0,45.258,28
156.5,ue_n043_0007,gNB_4G_2,-58,gNB_5G,-66,0.4096,3,20.6399,1,50.0061,28
156.5,ue_ujeongwon_0009,gNB_4G_1,-39,gNB_4G_2,-70,0.581632,2,14.8399,1,20.7252,28
156.5,car_north_base_007_rider,gNB_4G_1,-45,gNB_4G_2,-89,0.425984,0,-1,0,61.275,28
156.5,ue_n042_0006,gNB_4G_2,-61,gNB_5G,-70,0.45056,2,28.2399,1,28.319,27
156.5,car_north_base_008_rider,gNB_4G_1,-41,gNB_4G_2,-95,0.172032,0,-1,0,61.7895,28
156.5,ue_n043_0008,gNB_5G,-54,gNB_4G_2,-53,0.745472,0,-1,0,62.9739,28
156.5,ue_n001_0008,gNB_4G_1,-43,gNB_5G,-70,0.303104,0,-1,0,61.3696,28
157.5,ue_n042_0001,gNB_4G_2,-88,gNB_4G_1,-113,0.270336,4,3.83993,1,35.1536,28
157.5,ue_n001_0006,gNB_4G_1,-43,gNB_4G_2,-64,0.679936,0,-1,0,31.5731,27
157.5,car_north_peak_003_rider,gNB_4G_2,-49,gNB_4G_1,-54,0.8192,3,35.8399,0,13.1595,23
157.5,ue_n042_0002,gNB_4G_2,-44,gNB_5G,-58,0.679936,2,149.64,1,46.0955,28
157.5,ue_ujeongwon_0001,gNB_4G_1,-44,gNB_4G_2,-76,0.393216,0,-1,0,38.7855,28
157.5,ue_n043_0009,gNB_5G,-46,gNB_4G_2,-54,0.745472,0,-1,0,66.4718,28
157.5,ue_n043_0010,gNB_5G,-57,gNB_4G_2,-56,0.196608,0,-1,0,42.575,28
157.5,ue_n043_0001,gNB_4G_2,-44,gNB_5G,-55,0.352256,5,54.4399,0,68.998,28
157.5,ue_n001_0009,gNB_4G_1,-49,gNB_5G,-78,0.589824,0,-1,0,38.1043,28
157.5,ue_n001_0001,gNB_4G_1,-45,gNB_5G,-62,0.589824,0,-1,0,39.8603,28
157.5,ue_n001_0002,gNB_4G_1,-43,gNB_4G_2,-55,0.630784,0,-1,0,59.0246,28
157.5,ue_ujeongwon_0002,gNB_4G_1,-46,gNB_5G,-72,0.8192,0,-1,0,40.5504,28
157.5,ue_n001_0007,gNB_4G_1,-43,gNB_5G,-71,0.270336,0,-1,0,40.5127,28
157.5,ue_n001_0003,gNB_4G_1,-41,gNB_4G_2,-94,0.548864,0,-1,0,61.1097,28
157.5,car_north_base_001_rider,gNB_4G_2,-55,gNB_5G,-70,0.8192,3,17.8399,0,48.6616,28
157.5,car_north_base_002_rider,gNB_4G_2,-52,gNB_5G,-78,0.8192,3,12.4399,1,65.0515,28
157.5,ue_n043_0002,gNB_4G_2,-60,gNB_5G,-70,0.139264,11,29.6399,1,37.2804,28
157.5,ue_n001_0004,gNB_4G_1,-48,gNB_4G_2,-56,0.630784,0,-1,0,64.2942,28
157.5,ue_n043_0003,gNB_4G_2,-44,gNB_5G,-48,0.458752,5,26.4399,0,64.6064,25
157.5,car_north_base_003,gNB_5G,-83,gNB_4G_2,-93,0.581632,7,1.83993,1,4.85359,10
157.5,ue_n042_0004,gNB_4G_2,-41,gNB_5G,-62,0.8192,2,96.2399,0,68.3768,28
157.5,car_north_base_004,gNB_4G_2,-47,gNB_4G_1,-53,0.139264,3,46.4399,1,20.4075,20
157.5,car_north_base_005,gNB_4G_2,-46,gNB_5G,-58,0.229376,1,45.4399,0,59.3476,28
157.5,ue_n043_0004,gNB_5G,-47,gNB_4G_2,-47,0.745472,8,6.63993,0,64.1162,28
157.5,ue_n043_0005,gNB_4G_2,-48,gNB_5G,-48,0.483328,9,6.23993,1,24.1738,26
157.5,ue_ujeongwon_0004,gNB_4G_1,-41,gNB_4G_2,-70,0.114688,2,32.8399,1,22.1548,26
157.5,ue_ujeongwon_0005,gNB_4G_1,-41,gNB_5G,-89,0.32768,2,29.0399,1,34.125,28
157.5,ue_n001_0005,gNB_4G_1,-38,gNB_4G_2,-84,0.589824,0,-1,0,57.6097,28
157.5,ue_ujeongwon_0006,gNB_4G_1,-40,gNB_5G,-100,0.548864,2,25.0399,1,65.2409,28
157.5,ue_n042_0007,gNB_4G_2,-58,gNB_5G,-68,0.8192,2,13.2399,1,51.341,28
157.5,ue_n043_0006,gNB_4G_2,-57,gNB_5G,-64,0.581632,3,26.6399,1,18.0779,16
157.5,ue_ujeongwon_0007,gNB_4G_1,-41,gNB_4G_2,-62,0.8192,0,-1,0,47.8667,28
157.5,ue_ujeongwon_0008,gNB_4G_1,-42,gNB_4G_2,-66,0.352256,0,-1,0,28.9829,27
157.5,ue_n043_0007,gNB_4G_2,-58,gNB_5G,-66,0.344064,3,21.6399,1,53.0826,28
157.5,ue_ujeongwon_0009,gNB_4G_1,-41,gNB_4G_2,-69,0.581632,2,15.8399,1,28.7769,18
157.5,car_north_base_007_rider,gNB_4G_1,-37,gNB_4G_2,-92,0.434176,0,-1,0,72.0763,28
157.5,ue_n042_0006,gNB_4G_2,-60,gNB_5G,-68,0.458752,2,29.2399,1,33.2916,28
157.5,car_north_base_008_rider,gNB_4G_1,-40,gNB_4G_2,-97,0.16384,0,-1,0,64.1326,28
157.5,ue_n043_0008,gNB_5G,-51,gNB_4G_2,-53,0.745472,0,-1,0,66.4067,28
157.5,ue_n001_0008,gNB_4G_1,-45,gNB_5G,-71,0.303104,0,-1,0,64.3607,28
158.5,ue_n042_0001,gNB_4G_2,-74,gNB_4G_1,-113,0.253952,4,4.83993,1,-5.09368,0
158.5,ue_n001_0006,gNB_4G_1,-42,gNB_4G_2,-64,0.679936,0,-1,0,24.6394,28
158.5,car_north_peak_003_rider,gNB_4G_2,-48,gNB_4G_1,-54,0.8192,3,36.8399,0,51.3099,28
158.5,ue_n042_0002,gNB_4G_2,-46,gNB_5G,-59,0.679936,2,150.64,1,43.7791,28
158.5,ue_ujeongwon_0001,gNB_4G_1,-48,gNB_5G,-67,0.393216,0,-1,0,67.3022,28
158.5,ue_n043_0009,gNB_5G,-44,gNB_4G_2,-57,0.745472,0,-1,0,63.3986,28
158.5,ue_n043_0010,gNB_4G_2,-54,gNB_5G,-67,0.2048,1,0.639928,0,21.0807,27
158.5,ue_n043_0001,gNB_4G_2,-43,gNB_5G,-53,0.352256,5,55.4399,0,23.3002,25
158.5,ue_n001_0009,gNB_4G_1,-44,gNB_5G,-76,0.581632,0,-1,0,63.1951,28
158.5,ue_n001_0001,gNB_4G_1,-43,gNB_5G,-70,0.581632,0,-1,0,55.2752,28
158.5,ue_n001_0002,gNB_4G_1,-47,gNB_4G_2,-52,0.630784,0,-1,0,66.4607,28
158.5,ue_ujeongwon_0002,gNB_4G_1,-45,gNB_5G,-68,0.8192,0,-1,0,46.5511,28
158.5,ue_n001_0007,gNB_4G_1,-47,gNB_5G,-68,0.262144,0,-1,0,37.1848,28
158.5,ue_n001_0003,gNB_4G_1,-40,gNB_5G,-95,0.548864,0,-1,0,66.4854,28
158.5,car_north_base_001_rider,gNB_4G_2,-49,gNB_5G,-70,0.8192,3,18.8399,0,47.8687,28
158.5,car_north_base_002_rider,gNB_4G_2,-52,gNB_5G,-78,0.8192,3,13.4399,1,48.8614,28
158.5,ue_n043_0002,gNB_4G_2,-57,gNB_5G,-69,0.139264,11,30.6399,1,40.7963,28
158.5,ue_n001_0004,gNB_4G_1,-46,gNB_4G_2,-55,0.630784,0,-1,0,66.8069,28
158.5,ue_n043_0003,gNB_4G_2,-46,gNB_5G,-52,0.45056,5,27.4399,0,7.27963,10
158.5,car_north_base_003,gNB_4G_1,-97,gNB_5G,-99,0.57344,8,0.0399284,1,-3.01177,2
158.5,ue_n042_0004,gNB_4G_2,-43,gNB_5G,-63,0.8192,2,97.2399,0,57.7184,28
158.5,car_north_base_004,gNB_4G_2,-45,gNB_4G_1,-57,0.131072,3,47.4399,1,22.0488,26
158.5,car_north_base_005,gNB_4G_2,-51,gNB_5G,-49,0.221184,1,46.4399,0,17.7146,23
158.5,ue_n043_0004,gNB_4G_2,-47,gNB_5G,-49,0.745472,9,0.239928,0,30.7364,28
158.5,ue_n043_0005,gNB_4G_2,-47,gNB_5G,-48,0.483328,9,7.23993,1,29.9678,28
158.5,ue_ujeongwon_0004,gNB_4G_1,-43,gNB_4G_2,-69,0.12288,2,33.8399,1,26.4118,27
158.5,ue_ujeongwon_0005,gNB_4G_1,-41,gNB_4G_2,-68,0.32768,2,30.0399,1,64.7508,28
158.5,ue_n001_0005,gNB_4G_1,-44,gNB_4G_2,-84,0.581632,0,-1,0,59.9597,28
158.5,ue_ujeongwon_0006,gNB_4G_1,-40,gNB_4G_2,-97,0.540672,2,26.0399,1,59.218,28
158.5,ue_n042_0007,gNB_4G_2,-59,gNB_5G,-66,0.8192,2,14.2399,1,30.8666,28
158.5,ue_n043_0006,gNB_4G_2,-55,gNB_4G_1,-64,0.589824,3,27.6399,1,32.1821,28
158.5,ue_ujeongwon_0007,gNB_4G_1,-43,gNB_4G_2,-75,0.8192,0,-1,0,32.649,27
158.5,ue_ujeongwon_0008,gNB_4G_1,-42,gNB_4G_2,-64,0.360448,0,-1,0,70.0459,28
158.5,ue_n043_0007,gNB_4G_2,-59,gNB_4G_1,-65,0.28672,3,22.6399,1,16.1807,14
158.5,ue_ujeongwon_0009,gNB_4G_1,-39,gNB_4G_2,-68,0.589824,2,16.8399,1,41.5957,28
158.5,car_north_base_007_rider,gNB_4G_1,-38,gNB_4G_2,-91,0.434176,0,-1,0,59.2671,28
158.5,ue_n042_0006,gNB_4G_2,-59,gNB_5G,-69,0.45056,2,30.2399,1,50.6696,28
158.5,car_north_base_008_rider,gNB_4G_1,-41,gNB_4G_2,-72,0.172032,0,-1,0,63.4768,28
158.5,ue_n043_0008,gNB_5G,-48,gNB_4G_2,-52,0.745472,0,-1,0,61.432,28
158.5,ue_n001_0008,gNB_4G_1,-45,gNB_5G,-71,0.303104,0,-1,0,41.0265,28
159.5,ue_n042_0001,gNB_4G_1,-109,gNB_4G_2,-113,0.270336,5,0.0399284,0,2.80592,9
159.5,ue_n001_0006,gNB_4G_1,-41,gNB_4G_2,-64,0.688128,0,-1,0,28.8756,28
159.5,car_north_peak_003_rider,gNB_4G_2,-49,gNB_4G_1,-83,0.8192,3,37.8399,0,52.2981,28
159.5,ue_n042_0002,gNB_4G_2,-47,gNB_5G,-59,0.688128,2,151.64,1,43.65,28
159.5,ue_ujeongwon_0001,gNB_4G_1,-49,gNB_5G,-69,0.385024,0,-1,0,36.6254,28
159.5,ue_n043_0009,gNB_5G,-47,gNB_4G_2,-54,0.745472,0,-1,0,63.2199,28
159.5,ue_n043_0010,gNB_4G_2,-57,gNB_5G,-61,0.180224,1,1.63993,0,52.2596,28
159.5,ue_n043_0001,gNB_4G_2,-43,gNB_5G,-53,0.360448,5,56.4399,0,67.2302,28
159.5,ue_n001_0009,gNB_4G_1,-47,gNB_5G,-77,0.589824,0,-1,0,64.4051,28
159.5,ue_n001_0001,gNB_4G_1,-46,gNB_4G_2,-64,0.581632,0,-1,0,25.8307,24
159.5,ue_n001_0002,gNB_4G_1,-46,gNB_4G_2,-56,0.630784,0,-1,0,67.7169,28
159.5,ue_ujeongwon_0002,gNB_4G_1,-44,gNB_5G,-69,0.8192,0,-1,0,39.0754,28
159.5,ue_n001_0007,gNB_4G_1,-48,gNB_5G,-66,0.262144,0,-1,0,58.6636,28
159.5,ue_n001_0003,gNB_4G_1,-38,gNB_4G_2,-94,0.540672,0,-1,0,48.4711,28
159.5,car_north_base_001_rider,gNB_4G_2,-48,gNB_5G,-70,0.8192,3,19.8399,0,49.8571,28
159.5,car_north_base_002_rider,gNB_4G_2,-46,gNB_5G,-78,0.8192,3,14.4399,1,51.5714,28
159.5,ue_n043_0002,gNB_4G_2,-53,gNB_5G,-72,0.139264,11,31.6399,1,53.7172,28
159.5,ue_n001_0004,gNB_4G_1,-46,gNB_4G_2,-55,0.630784,0,-1,0,60.8265,28
159.5,ue_n043_0003,gNB_4G_2,-46,gNB_5G,-51,0.458752,5,28.4399,0,22.1398,26
159.5,car_north_base_003,gNB_5G,-89,gNB_4G_2,-95,0.352256,9,0.439928,1,-12.4197,0
159.5,ue_n042_0004,gNB_4G_2,-45,gNB_5G,-63,0.8192,2,98.2399,0,64.0177,28
159.5,car_north_base_004,gNB_4G_2,-49,gNB_4G_1,-52,0.131072,3,48.4399,1,62.7477,28
159.5,car_north_base_005,gNB_4G_2,-45,gNB_4G_1,-56,0.229376,1,47.4399,0,64.757,28
159.5,ue_n043_0004,gNB_4G_2,-48,gNB_5G,-49,0.745472,9,1.23993,0,27.256,28
159.5,ue_n043_0005,gNB_4G_2,-47,gNB_5G,-48,0.475136,9,8.23993,1,40.1389,28
159.5,ue_ujeongwon_0004,gNB_4G_1,-42,gNB_4G_2,-69,0.114688,2,34.8399,1,66.1944,28
159.5,ue_ujeongwon_0005,gNB_4G_1,-43,gNB_4G_2,-66,0.32768,2,31.0399,1,29.7183,28
159.5,ue_n001_0005,gNB_4G_1,-49,gNB_4G_2,-85,0.589824,0,-1,0,41.9893,28
159.5,ue_ujeongwon_0006,gNB_4G_1,-41,gNB_4G_2,-95,0.548864,2,27.0399,1,57.0316,28
159.5,ue_n042_0007,gNB_4G_2,-60,gNB_5G,-67,0.8192,2,15.2399,1,42.7,28
159.5,ue_n043_0006,gNB_4G_2,-55,gNB_5G,-66,0.516096,3,28.6399,1,1.47934,6
159.5,ue_ujeongwon_0007,gNB_4G_1,-42,gNB_4G_2,-68,0.8192,0,-1,0,26.547,26
159.5,ue_ujeongwon_0008,gNB_4G_1,-41,gNB_4G_2,-62,0.352256,0,-1,0,70.1779,28
159.5,ue_n043_0007,gNB_4G_2,-58,gNB_4G_1,-58,0.352256,3,23.6399,1,48.5421,28
159.5,ue_ujeongwon_0009,gNB_4G_1,-43,gNB_4G_2,-80,0.581632,2,17.8399,1,41.5458,28
159.5,car_north_base_007_rider,gNB_4G_1,-36,gNB_4G_2,-90,0.425984,0,-1,0,56.1727,28
159.5,ue_n042_0006,gNB_4G_2,-59,gNB_5G,-69,0.458752,2,31.2399,1,52.8328,28
159.5,car_north_base_008_rider,gNB_4G_1,-41,gNB_4G_2,-75,0.172032,0,-1,0,61.1361,28
159.5,ue_n043_0008,gNB_4G_2,-53,gNB_5G,-62,0.745472,1,0.439928,0,35.4251,28
159.5,ue_n001_0008,gNB_4G_1,-46,gNB_5G,-70,0.303104,0,-1,0,31.4754,28
160.5,ue_n042_0001,gNB_4G_1,-108,gNB_4G_2,-112,0.270336,5,1.03993,0,-2.80647,28
160.5,ue_n001_0006,gNB_4G_1,-42,gNB_4G_2,-65,0.679936,0,-1,0,50.3737,28
160.5,car_north_peak_003_rider,gNB_4G_2,-50,gNB_4G_1,-96,0.8192,3,38.8399,0,63.0995,28
160.5,ue_n042_0002,gNB_4G_2,-46,gNB_5G,-60,0.679936,2,152.64,1,63.9229,28
160.5,ue_ujeongwon_0001,gNB_4G_1,-49,gNB_5G,-67,0.393216,0,-1,0,63.0263,28
160.5,ue_n043_0009,gNB_5G,-47,gNB_4G_2,-56,0.73728,0,-1,0,63.6701,28
160.5,ue_n043_0010,gNB_4G_2,-58,gNB_4G_1,-56,0.155648,1,2.63993,0,-2.86699,2
160.5,ue_n043_0001,gNB_4G_2,-44,gNB_5G,-56,0.360448,5,57.4399,0,34.4589,28
160.5,ue_n001_0009,gNB_4G_1,-46,gNB_5G,-78,0.581632,0,-1,0,41.458,28
160.5,ue_n001_0001,gNB_4G_1,-48,gNB_5G,-61,0.589824,0,-1,0,29.5654,27
160.5,ue_n001_0002,gNB_4G_1,-44,gNB_4G_2,-54,0.622592,0,-1,0,16.7527,22
160.5,ue_ujeongwon_0002,gNB_4G_1,-47,gNB_5G,-70,0.8192,0,-1,0,43.837,28
160.5,ue_n001_0007,gNB_4G_1,-46,gNB_5G,-70,0.262144,0,-1,0,41.3405,28
160.5,ue_n001_0003,gNB_4G_1,-43,gNB_4G_2,-94,0.548864,0,-1,0,55.2593,28
160.5,car_north_base_001_rider,gNB_4G_2,-48,gNB_5G,-70,0.8192,3,20.8399,0,50.171,28
160.5,car_north_base_002_rider,gNB_4G_2,-46,gNB_5G,-78,0.8192,3,15.4399,1,33.3883,28
160.5,ue_n001_0004,gNB_4G_1,-43,gNB_4G_2,-54,0.630784,0,-1,0,68.9355,28
160.5,ue_n043_0003,gNB_4G_2,-44,gNB_5G,-55,0.45056,5,29.4399,0,65.6332,28
160.5,car_north_base_003,gNB_4G_2,-94,gNB_4G_1,-105,0.417792,10,0.439928,0,5.74483,12
160.5,ue_n042_0004,gNB_4G_2,-44,gNB_5G,-64,0.8192,2,99.2399,0,43.5609,28
160.5,car_north_base_004,gNB_4G_2,-46,gNB_4G_1,-52,0.139264,3,49.4399,1,61.8841,28
160.5,car_north_base_005,gNB_4G_2,-46,gNB_4G_1,-54,0.229376,1,48.4399,0,62.2882,28
160.5,ue_n043_0004,gNB_4G_2,-47,gNB_5G,-48,0.745472,9,2.23993,0,65.0958,28
160.5,ue_n043_0005,gNB_4G_2,-47,gNB_5G,-48,0.483328,9,9.23993,1,38.5161,28
160.5,ue_ujeongwon_0004,gNB_4G_1,-43,gNB_4G_2,-68,0.12288,2,35.8399,1,63.8442,28
160.5,ue_ujeongwon_0005,gNB_4G_1,-40,gNB_4G_2,-68,0.32768,2,32.0399,1,66.4491,28
160.5,ue_n001_0005,gNB_4G_1,-62,gNB_4G_2,-84,0.57344,0,-1,0,26.1377,25
160.5,ue_ujeongwon_0006,gNB_4G_1,-41,gNB_4G_2,-91,0.548864,2,28.0399,1,37.217,27
160.5,ue_n042_0007,gNB_4G_2,-54,gNB_5G,-67,0.8192,2,16.2399,1,40.7746,28
160.5,ue_n043_0006,gNB_4G_2,-59,gNB_4G_1,-63,0.425984,3,29.6399,1,52.4585,28
160.5,ue_ujeongwon_0007,gNB_4G_1,-41,gNB_4G_2,-64,0.8192,0,-1,0,27.8346,27
160.5,ue_ujeongwon_0008,gNB_4G_1,-42,gNB_4G_2,-62,0.360448,0,-1,0,32.8725,28
160.5,ue_n043_0007,gNB_4G_2,-58,gNB_4G_1,-56,0.360448,3,24.6399,1,1.41592,7
160.5,ue_ujeongwon_0009,gNB_4G_1,-41,gNB_4G_2,-86,0.589824,2,18.8399,1,42.8693,28
160.5,car_north_base_007_rider,gNB_4G_1,-38,gNB_4G_2,-87,0.434176,0,-1,0,75.7661,28
160.5,ue_n042_0006,gNB_4G_2,-52,gNB_5G,-75,0.45056,2,32.2399,1,38.325,28
160.5,car_north_base_008_rider,gNB_4G_1,-43,gNB_4G_2,-68,0.172032,0,-1,0,28.6066,28
160.5,ue_n043_0008,gNB_4G_2,-54,gNB_5G,-58,0.745472,1,1.43993,0,56.612,28
160.5,ue_n001_0008,gNB_4G_1,-49,gNB_5G,-68,0.303104,0,-1,0,42.5655,28
161.5,ue_n042_0001,gNB_4G_2,-101,gNB_4G_1,-113,0.2048,6,0.0399284,1,15.9323,2
161.5,ue_n001_0006,gNB_4G_1,-44,gNB_5G,-77,0.679936,0,-1,0,72.717,28
161.5,ue_n042_0008,gNB_4G_1,-61,gNB_5G,-73,0.270336,0,-1,0,-18.1666,0
161.5,car_north_peak_003_rider,gNB_4G_2,-48,gNB_4G_1,-83,0.8192,3,39.8399,0,35.5179,27
161.5,ue_n042_0002,gNB_4G_2,-44,gNB_5G,-62,0.679936,2,153.64,1,36.2427,28
161.5,ue_ujeongwon_0001,gNB_4G_1,-47,gNB_5G,-62,0.385024,0,-1,0,33.4484,28
161.5,ue_n043_0009,gNB_5G,-47,gNB_4G_2,-55,0.745472,0,-1,0,65.7778,28
161.5,ue_n043_0010,gNB_4G_2,-56,gNB_4G_1,-57,0.180224,1,3.63993,0,9.53203,14
161.5,ue_n043_0001,gNB_4G_2,-43,gNB_5G,-53,0.352256,5,58.4399,0,46.8995,28
161.5,ue_n001_0009,gNB_4G_1,-46,gNB_5G,-70,0.581632,0,-1,0,62.6585,28
161.5,ue_n001_0001,gNB_4G_1,-46,gNB_5G,-56,0.581632,0,-1,0,15.6174,16
161.5,ue_n001_0002,gNB_4G_1,-42,gNB_4G_2,-52,0.598016,0,-1,0,14.8898,21
161.5,ue_ujeongwon_0002,gNB_4G_1,-43,gNB_5G,-69,0.8192,0,-1,0,41.178,28
161.5,ue_n001_0007,gNB_4G_1,-46,gNB_5G,-70,0.270336,0,-1,0,41.5065,28
161.5,ue_n001_0003,gNB_4G_1,-43,gNB_4G_2,-91,0.548864,0,-1,0,31.8575,28
161.5,car_north_base_001_rider,gNB_4G_2,-48,gNB_5G,-70,0.8192,3,21.8399,0,45.3587,28
161.5,car_north_base_002_rider,gNB_4G_2,-55,gNB_5G,-78,0.8192,3,16.4399,1,51.9363,28
161.5,ue_n001_0004,gNB_4G_1,-45,gNB_4G_2,-52,0.622592,0,-1,0,4.45669,9
161.5,ue_n043_0003,gNB_4G_2,-45,gNB_5G,-53,0.458752,5,30.4399,0,11.0389,16
161.5,ue_n042_0004,gNB_4G_2,-64,gNB_5G,-78,0.8192,2,100.24,0,43.6726,28
161.5,car_north_base_004,gNB_4G_2,-47,gNB_5G,-53,0.131072,3,50.4399,1,9.11034,13
161.5,car_north_base_005,gNB_4G_2,-48,gNB_5G,-53,0.229376,1,49.4399,0,4.35952,9
161.5,ue_n043_0004,gNB_4G_2,-46,gNB_5G,-47,0.745472,9,3.23993,0,33.978,28
161.5,ue_n043_0005,gNB_4G_2,-47,gNB_5G,-52,0.483328,9,10.2399,1,42.9605,28
161.5,ue_ujeongwon_0004,gNB_4G_1,-42,gNB_4G_2,-70,0.114688,2,36.8399,1,60.6462,28
161.5,ue_ujeongwon_0005,gNB_4G_1,-44,gNB_4G_2,-65,0.32768,2,33.0399,1,29.0255,25
161.5,ue_n001_0005,gNB_4G_1,-68,gNB_4G_2,-84,0.589824,0,-1,0,75.7001,28
161.5,ue_ujeongwon_0006,gNB_4G_1,-41,gNB_4G_2,-70,0.540672,2,29.0399,1,60.9995,28
161.5,ue_n042_0007,gNB_4G_2,-53,gNB_5G,-66,0.8192,2,17.2399,1,36.0577,28
161.5,ue_n043_0006,gNB_4G_2,-59,gNB_4G_1,-59,0.507904,3,30.6399,1,-2.26874,0
161.5,ue_ujeongwon_0007,gNB_4G_1,-41,gNB_4G_2,-64,0.794624,0,-1,0,24.2137,23
161.5,ue_ujeongwon_0008,gNB_4G_1,-42,gNB_4G_2,-64,0.352256,0,-1,0,48.7819,28
161.5,ue_n043_0007,gNB_4G_2,-59,gNB_4G_1,-62,0.401408,3,25.6399,1,18.9204,21
161.5,ue_ujeongwon_0009,gNB_4G_1,-38,gNB_4G_2,-83,0.581632,2,19.8399,1,60.1457,28
161.5,car_north_base_007_rider,gNB_4G_1,-34,gNB_4G_2,-74,0.434176,0,-1,0,77.245,28
161.5,car_north_base_008_rider,gNB_4G_1,-43,gNB_4G_2,-68,0.172032,0,-1,0,64.8378,28
161.5,ue_n043_0008,gNB_4G_2,-54,gNB_5G,-53,0.69632,1,2.43993,0,51.2378,28
161.5,ue_n001_0008,gNB_4G_1,-47,gNB_5G,-71,0.303104,0,-1,0,40.5135,28
162.5,ue_n042_0001,gNB_4G_2,-97,gNB_4G_1,-113,0.278528,6,1.03993,1,20.1965,25
162.5,ue_n001_0006,gNB_4G_1,-43,gNB_5G,-76,0.679936,0,-1,0,45.6867,28
162.5,ue_n042_0008,gNB_4G_2,-69,gNB_5G,-67,0.638976,0,-1,0,23.5463,26
162.5,car_north_peak_003_rider,gNB_4G_2,-48,gNB_4G_1,-74,0.8192,3,40.8399,0,63.4018,28
162.5,ue_n042_0002,gNB_4G_2,-44,gNB_5G,-61,0.688128,2,154.64,1,34.1427,28
162.5,ue_ujeongwon_0001,gNB_4G_1,-48,gNB_5G,-64,0.393216,0,-1,0,64.4765,28
162.5,ue_n043_0009,gNB_5G,-45,gNB_4G_2,-54,0.73728,0,-1,0,65.151,28
162.5,ue_n043_0010,gNB_4G_2,-56,gNB_5G,-60,0.180224,1,4.63993,0,47.9467,28
162.5,ue_n043_0001,gNB_4G_2,-44,gNB_5G,-55,0.360448,5,59.4399,0,32.316,28
162.5,ue_n001_0009,gNB_4G_1,-48,gNB_5G,-69,0.589824,0,-1,0,45.4987,28
162.5,ue_n001_0001,gNB_4G_1,-52,gNB_5G,-62,0.589824,0,-1,0,56.5555,28
162.5,ue_n001_0002,gNB_4G_1,-43,gNB_4G_2,-50,0.671744,0,-1,0,61.998,28
162.5,ue_ujeongwon_0002,gNB_4G_1,-42,gNB_4G_2,-77,0.8192,0,-1,0,43.2557,28
162.5,ue_n001_0007,gNB_4G_1,-45,gNB_5G,-67,0.262144,0,-1,0,44.7508,28
162.5,ue_n001_0003,gNB_4G_1,-40,gNB_4G_2,-71,0.540672,0,-1,0,59.4036,28
162.5,car_north_base_001_rider,gNB_4G_2,-48,gNB_5G,-70,0.8192,3,22.8399,0,47.888,28
162.5,car_north_base_002_rider,gNB_4G_2,-52,gNB_5G,-78,0.8192,3,17.4399,1,51.5714,28
162.5,ue_n001_0004,gNB_4G_1,-45,gNB_4G_2,-54,0.638976,0,-1,0,14.435,19
162.5,ue_n043_0003,gNB_4G_2,-45,gNB_5G,-50,0.45056,5,31.4399,0,22.954,17
162.5,ue_n042_0004,gNB_4G_2,-68,gNB_5G,-92,0.8192,2,101.24,0,45.6331,28
162.5,car_north_base_004,gNB_4G_2,-51,gNB_5G,-53,0.131072,3,51.4399,1,9.79175,15
162.5,car_north_base_005,gNB_4G_2,-47,gNB_5G,-54,0.229376,1,50.4399,0,57.8385,28
162.5,ue_n043_0004,gNB_4G_2,-46,gNB_5G,-47,0.745472,9,4.23993,0,24.7823,27
162.5,ue_n043_0005,gNB_4G_2,-45,gNB_5G,-49,0.483328,9,11.2399,1,42.7393,28
162.5,ue_ujeongwon_0004,gNB_4G_1,-42,gNB_4G_2,-69,0.12288,2,37.8399,1,44.662,28
162.5,ue_ujeongwon_0005,gNB_4G_1,-41,gNB_4G_2,-62,0.32768,2,34.0399,1,66.3895,28
162.5,ue_n001_0005,gNB_4G_1,-43,gNB_4G_2,-86,0.589824,0,-1,0,57.3188,28
162.5,ue_ujeongwon_0006,gNB_4G_1,-41,gNB_4G_2,-68,0.548864,2,30.0399,1,33.441,28
162.5,ue_n042_0007,gNB_4G_2,-56,gNB_5G,-66,0.8192,2,18.2399,1,39.6173,28
162.5,ue_n043_0006,gNB_4G_1,-58,gNB_4G_2,-62,0.32768,4,0.439928,0,-7.31294,24
162.5,ue_ujeongwon_0007,gNB_4G_1,-42,gNB_4G_2,-62,0.843776,0,-1,0,32.0858,24
162.5,ue_ujeongwon_0008,gNB_4G_1,-44,gNB_4G_2,-76,0.352256,0,-1,0,24.9031,26
162.5,ue_n043_0007,gNB_4G_2,-57,gNB_4G_1,-62,0.4096,3,26.6399,1,13.3109,15
162.5,ue_ujeongwon_0009,gNB_4G_1,-39,gNB_5G,-98,0.581632,2,20.8399,1,54.6404,28
162.5,car_north_base_007_rider,gNB_4G_1,-40,gNB_4G_2,-73,0.425984,0,-1,0,55.9279,28
162.5,car_north_base_008_rider,gNB_4G_1,-43,gNB_5G,-65,0.16384,0,-1,0,61.5224,28
162.5,ue_n043_0008,gNB_5G,-48,gNB_4G_2,-53,0.745472,2,0.639928,1,67.4568,28
162.5,ue_n001_0008,gNB_4G_1,-47,gNB_5G,-70,0.303104,0,-1,0,34.5183,28
163.5,ue_n042_0001,gNB_4G_2,-93,gNB_4G_1,-108,0.262144,6,2.03993,1,2.53837,9
163.5,ue_n001_0006,gNB_4G_1,-44,gNB_5G,-75,0.688128,0,-1,0,47.5389,28
163.5,ue_n042_0008,gNB_4G_2,-65,gNB_5G,-66,0.73728,0,-1,0,45.5494,28
163.5,car_north_peak_003_rider,gNB_4G_2,-48,gNB_4G_1,-71,0.8192,3,41.8399,0,27.5219,28
163.5,ue_n042_0002,gNB_4G_2,-58,gNB_5G,-63,0.663552,2,155.64,1,14.2131,28
163.5,ue_ujeongwon_0001,gNB_4G_1,-46,gNB_5G,-63,0.393216,0,-1,0,67.1578,28
163.5,ue_n043_0009,gNB_5G,-46,gNB_4G_2,-53,0.745472,0,-1,0,61.292,28
163.5,ue_n043_0010,gNB_4G_2,-62,gNB_5G,-62,0.2048,1,5.63993,0,56.8137,28
163.5,ue_n043_0001,gNB_4G_2,-46,gNB_5G,-51,0.352256,5,60.4399,0,66.6432,28
163.5,ue_n001_0009,gNB_4G_1,-44,gNB_5G,-68,0.581632,0,-1,0,38.066,28
163.5,ue_n001_0001,gNB_4G_1,-51,gNB_5G,-60,0.581632,0,-1,0,16.3158,20
163.5,ue_n001_0002,gNB_4G_1,-41,gNB_4G_2,-52,0.630784,0,-1,0,68.4533,28
163.5,ue_ujeongwon_0002,gNB_4G_1,-46,gNB_5G,-81,0.8192,0,-1,0,43.6247,28
163.5,ue_n001_0007,gNB_4G_1,-44,gNB_5G,-68,0.262144,0,-1,0,39.0587,28
163.5,ue_n001_0003,gNB_4G_1,-42,gNB_5G,-76,0.548864,0,-1,0,32.9407,28
163.5,car_north_base_001_rider,gNB_4G_2,-48,gNB_5G,-70,0.8192,3,23.8399,0,50.0697,28
163.5,car_north_base_002_rider,gNB_4G_2,-46,gNB_5G,-78,0.8192,3,18.4399,1,53.9334,28
163.5,ue_n001_0004,gNB_4G_1,-43,gNB_4G_2,-55,0.630784,0,-1,0,59.8261,28
163.5,ue_n043_0003,gNB_4G_2,-44,gNB_5G,-52,0.458752,5,32.4399,0,15.3487,21
163.5,ue_n042_0004,gNB_4G_2,-66,gNB_5G,-93,0.8192,2,102.24,0,42.0618,28
163.5,car_north_base_004,gNB_4G_2,-48,gNB_4G_1,-52,0.139264,3,52.4399,1,63.0541,28
163.5,car_north_base_005,gNB_4G_2,-47,gNB_4G_1,-53,0.229376,1,51.4399,0,65.7432,28
163.5,ue_n043_0004,gNB_4G_2,-46,gNB_5G,-47,0.745472,9,5.23993,0,27.5128,27
163.5,ue_n043_0005,gNB_4G_2,-46,gNB_5G,-47,0.483328,9,12.2399,1,30.5547,27
163.5,ue_ujeongwon_0004,gNB_4G_1,-43,gNB_4G_2,-80,0.114688,2,38.8399,1,65.7256,28
163.5,ue_ujeongwon_0005,gNB_4G_1,-40,gNB_4G_2,-61,0.32768,2,35.0399,1,69.8596,28
163.5,ue_n001_0005,gNB_4G_1,-39,gNB_4G_2,-84,0.581632,0,-1,0,58.8721,28
163.5,ue_ujeongwon_0006,gNB_4G_1,-42,gNB_4G_2,-71,0.548864,2,31.0399,1,65.8254,28
163.5,ue_n042_0007,gNB_4G_2,-56,gNB_5G,-66,0.8192,2,19.2399,1,40.6663,28
163.5,ue_n043_0006,gNB_4G_2,-65,gNB_5G,-65,0.483328,5,0.639928,1,59.5779,28
163.5,ue_ujeongwon_0007,gNB_4G_1,-40,gNB_4G_2,-64,0.8192,0,-1,0,62.5909,28
163.5,ue_ujeongwon_0008,gNB_4G_1,-41,gNB_4G_2,-68,0.360448,0,-1,0,33.5028,26
163.5,ue_n043_0007,gNB_4G_2,-57,gNB_5G,-64,0.4096,3,27.6399,1,55.2733,28
163.5,ue_ujeongwon_0009,gNB_4G_1,-42,gNB_5G,-98,0.589824,2,21.8399,1,49.9237,28
163.5,car_north_base_007_rider,gNB_4G_1,-39,gNB_4G_2,-93,0.434176,0,-1,0,61.1517,28
163.5,car_north_base_008_rider,gNB_4G_1,-45,gNB_5G,-67,0.172032,0,-1,0,58.7852,28
163.5,ue_n043_0008,gNB_5G,-43,gNB_4G_2,-54,0.745472,2,1.63993,1,65.1652,28
163.5,ue_n001_0008,gNB_4G_1,-48,gNB_5G,-66,0.311296,0,-1,0,36.6733,28
164.5,ue_n042_0001,gNB_4G_2,-105,gNB_4G_1,-112,0.270336,6,3.03993,1,-8.07947,0
164.5,ue_n001_0006,gNB_4G_1,-45,gNB_5G,-76,0.679936,0,-1,0,52.7051,28
164.5,ue_n042_0008,gNB_4G_2,-64,gNB_5G,-65,0.745472,0,-1,0,44.6081,28
164.5,car_north_peak_003_rider,gNB_4G_2,-48,gNB_5G,-63,0.8192,3,42.8399,0,60.817,28
164.5,ue_n042_0002,gNB_4G_2,-49,gNB_4G_1,-51,0.630784,2,156.64,1,32.0496,19
164.5,ue_ujeongwon_0001,gNB_4G_1,-49,gNB_5G,-65,0.385024,0,-1,0,35.2101,28
164.5,ue_n043_0009,gNB_5G,-49,gNB_4G_2,-53,0.745472,0,-1,0,64.3656,28
164.5,ue_n043_0010,gNB_4G_2,-54,gNB_5G,-61,0.196608,1,6.63993,0,55.8784,28
164.5,ue_n043_0001,gNB_4G_2,-44,gNB_5G,-53,0.352256,5,61.4399,0,63.9007,28
164.5,ue_n001_0009,gNB_4G_1,-47,gNB_5G,-68,0.589824,0,-1,0,69.4368,28
164.5,ue_n001_0001,gNB_4G_1,-48,gNB_4G_2,-63,0.589824,0,-1,0,17.3867,19
164.5,ue_n001_0002,gNB_4G_1,-44,gNB_4G_2,-51,0.622592,0,-1,0,63.7398,28
164.5,ue_ujeongwon_0002,gNB_4G_1,-47,gNB_5G,-77,0.8192,0,-1,0,36.8502,28
164.5,ue_n001_0007,gNB_4G_1,-48,gNB_5G,-68,0.262144,0,-1,0,63.544,28
164.5,ue_n001_0003,gNB_4G_1,-48,gNB_4G_2,-70,0.548864,0,-1,0,65.902,28
164.5,car_north_base_001_rider,gNB_4G_2,-48,gNB_5G,-70,0.8192,3,24.8399,0,62.3899,28
164.5,car_north_base_002_rider,gNB_4G_2,-46,gNB_5G,-78,0.8192,3,19.4399,1,65.0515,28
164.5,ue_n001_0004,gNB_4G_1,-45,gNB_4G_2,-57,0.630784,0,-1,0,68.9816,28
164.5,ue_n043_0003,gNB_4G_2,-46,gNB_5G,-50,0.458752,5,33.4399,0,61.604,28
164.5,ue_n042_0004,gNB_4G_2,-68,gNB_5G,-98,0.8192,2,103.24,0,42.0498,28
164.5,car_north_base_004,gNB_4G_2,-47,gNB_5G,-52,0.131072,3,53.4399,1,64.4022,28
164.5,car_north_base_005,gNB_4G_2,-48,gNB_5G,-51,0.221184,1,52.4399,0,59.7894,28
164.5,ue_n043_0004,gNB_4G_2,-46,gNB_5G,-48,0.73728,9,6.23993,0,23.3031,25
164.5,ue_n001_0010,gNB_4G_1,-52,gNB_4G_2,-77,0.4096,0,-1,0,44.2653,28
164.5,ue_n043_0005,gNB_4G_2,-45,gNB_5G,-47,0.475136,9,13.2399,1,29.7581,26
164.5,ue_ujeongwon_0004,gNB_4G_1,-43,gNB_4G_2,-73,0.12288,2,39.8399,1,27.1376,28
164.5,ue_ujeongwon_0005,gNB_4G_1,-39,gNB_4G_2,-61,0.32768,2,36.0399,1,43.4219,28
164.5,ue_n001_0005,gNB_4G_1,-38,gNB_4G_2,-84,0.589824,0,-1,0,72.3814,28
164.5,ue_ujeongwon_0006,gNB_4G_1,-41,gNB_4G_2,-71,0.540672,2,32.0399,1,39.9565,28
164.5,ue_n042_0007,gNB_4G_2,-52,gNB_5G,-71,0.8192,2,20.2399,1,56.3256,28
164.5,ue_n043_0006,gNB_4G_2,-52,gNB_5G,-69,0.589824,5,1.63993,1,29.8666,28
164.5,ue_ujeongwon_0007,gNB_4G_1,-40,gNB_4G_2,-63,0.8192,0,-1,0,27.1704,23
164.5,ue_ujeongwon_0008,gNB_4G_1,-42,gNB_4G_2,-62,0.360448,0,-1,0,66.814,28
164.5,ue_n043_0007,gNB_4G_2,-56,gNB_5G,-65,0.360448,3,28.6399,1,50.0258,28
164.5,ue_ujeongwon_0009,gNB_4G_1,-39,gNB_5G,-98,0.581632,2,22.8399,1,51.2089,28
164.5,car_north_base_007_rider,gNB_4G_1,-37,gNB_4G_2,-86,0.425984,0,-1,0,61.8832,28
164.5,car_north_base_008_rider,gNB_4G_1,-47,gNB_5G,-63,0.172032,0,-1,0,61.2852,28
164.5,ue_n043_0008,gNB_5G,-44,gNB_4G_2,-56,0.745472,2,2.63993,1,65.3684,28
164.5,ue_n001_0008,gNB_4G_1,-47,gNB_5G,-68,0.303104,0,-1,0,66.8432,28
165.5,ue_n042_0001,gNB_4G_2,-110,gNB_4G_1,-113,0.278528,6,4.03993,1,3.884,9
165.5,ue_n001_0006,gNB_4G_1,-42,gNB_5G,-77,0.688128,0,-1,0,71.8388,28
165.5,ue_n042_0008,gNB_4G_2,-66,gNB_5G,-66,0.745472,0,-1,0,23.4565,24
165.5,car_north_peak_003_rider,gNB_4G_2,-50,gNB_5G,-60,0.811008,3,43.8399,0,60.0492,24
165.5,ue_n042_0002,gNB_4G_1,-49,gNB_5G,-61,0.630784,3,0.839928,0,42.0535,28
165.5,ue_ujeongwon_0001,gNB_4G_1,-49,gNB_5G,-66,0.393216,0,-1,0,66.2323,28
165.5,ue_n043_0009,gNB_5G,-47,gNB_4G_2,-56,0.745472,0,-1,0,47.9153,28
165.5,ue_n043_0010,gNB_4G_2,-55,gNB_5G,-60,0.2048,1,7.63993,0,54.4081,28
165.5,ue_n043_0001,gNB_4G_2,-46,gNB_5G,-52,0.360448,5,62.4399,0,65.3906,28
165.5,ue_n001_0009,gNB_4G_1,-42,gNB_5G,-70,0.581632,0,-1,0,40.4237,28
165.5,ue_n001_0001,gNB_4G_1,-46,gNB_5G,-58,0.581632,0,-1,0,24.6298,26
165.5,ue_n001_0002,gNB_4G_1,-44,gNB_4G_2,-52,0.630784,0,-1,0,63.214,28
165.5,ue_ujeongwon_0002,gNB_4G_1,-43,gNB_5G,-74,0.8192,0,-1,0,56.9805,28
165.5,ue_n001_0007,gNB_4G_1,-43,gNB_5G,-67,0.270336,0,-1,0,37.928,28
165.5,ue_n001_0003,gNB_4G_1,-41,gNB_4G_2,-71,0.540672,0,-1,0,57.8667,28
165.5,car_north_base_001_rider,gNB_4G_2,-48,gNB_5G,-70,0.8192,3,25.8399,0,48.7162,28
165.5,car_north_base_002_rider,gNB_4G_2,-46,gNB_5G,-78,0.8192,3,20.4399,1,51.3005,28
165.5,ue_n001_0004,gNB_4G_1,-47,gNB_4G_2,-58,0.622592,0,-1,0,18.0009,22
165.5,ue_n043_0003,gNB_4G_2,-45,gNB_5G,-52,0.45056,5,34.4399,0,16.4116,21
165.5,ue_n042_0004,gNB_4G_2,-69,gNB_5G,-100,0.8192,2,104.24,0,66.9096,28
165.5,car_north_base_004,gNB_4G_2,-47,gNB_5G,-54,0.139264,3,54.4399,1,62.9169,28
165.5,car_north_base_005,gNB_4G_2,-52,gNB_4G_1,-54,0.229376,1,53.4399,0,57.74,28
165.5,ue_n043_0004,gNB_4G_2,-45,gNB_5G,-49,0.745472,9,7.23993,0,25.473,25
165.5,ue_n001_0010,gNB_4G_1,-47,gNB_5G,-76,0.8192,0,-1,0,36.0381,28
165.5,ue_n043_0005,gNB_4G_2,-46,gNB_5G,-48,0.483328,9,14.2399,1,25.9433,27
165.5,ue_ujeongwon_0004,gNB_4G_1,-45,gNB_4G_2,-73,0.114688,2,40.8399,1,26.7111,28
165.5,ue_ujeongwon_0005,gNB_4G_1,-39,gNB_4G_2,-60,0.32768,2,37.0399,1,22.52,25
165.5,ue_n001_0005,gNB_4G_1,-41,gNB_4G_2,-82,0.581632,0,-1,0,80.2226,28
165.5,ue_ujeongwon_0006,gNB_4G_1,-40,gNB_4G_2,-68,0.548864,2,33.0399,1,34.8273,28
165.5,ue_n042_0007,gNB_4G_2,-56,gNB_5G,-70,0.8192,2,21.2399,1,40.6033,28
165.5,ue_n043_0006,gNB_4G_2,-54,gNB_5G,-68,0.581632,5,2.63993,1,30.696,28
165.5,ue_ujeongwon_0007,gNB_4G_1,-41,gNB_4G_2,-63,0.8192,0,-1,0,25.1936,25
165.5,ue_ujeongwon_0008,gNB_4G_1,-42,gNB_4G_2,-66,0.352256,0,-1,0,19.7232,24
165.5,ue_n043_0007,gNB_4G_2,-59,gNB_4G_1,-62,0.229376,3,29.6399,1,52.8164,28
165.5,ue_ujeongwon_0009,gNB_4G_1,-40,gNB_4G_2,-97,0.589824,2,23.8399,1,56.0691,28
165.5,car_north_base_007_rider,gNB_4G_1,-35,gNB_4G_2,-88,0.434176,0,-1,0,65.9257,28
165.5,car_north_base_008_rider,gNB_4G_1,-48,gNB_5G,-58,0.16384,0,-1,0,55.5788,28
165.5,ue_n043_0008,gNB_5G,-45,gNB_4G_2,-52,0.73728,2,3.63993,1,64.8027,28
165.5,ue_n001_0008,gNB_4G_1,-46,gNB_5G,-72,0.303104,0,-1,0,41.484,28
166.5,ue_n042_0001,gNB_4G_2,-107,gNB_4G_1,-108,0.221184,6,5.03993,1,-10.3829,0
166.5,ue_n001_0006,gNB_4G_1,-42,gNB_5G,-77,0.679936,0,-1,0,53.3203,28
166.5,ue_n042_0008,gNB_4G_2,-67,gNB_5G,-70,0.745472,0,-1,0,45.9823,28
166.5,car_north_peak_003_rider,gNB_4G_2,-51,gNB_5G,-61,0.827392,3,44.8399,0,27.5494,28
166.5,ue_n042_0002,gNB_4G_1,-49,gNB_5G,-60,0.679936,3,1.83993,0,41.0714,28
166.5,ue_ujeongwon_0001,gNB_4G_1,-48,gNB_5G,-68,0.393216,0,-1,0,34.813,28
166.5,ue_n043_0009,gNB_4G_2,-53,gNB_5G,-58,0.745472,1,0.239928,0,37.3047,28
166.5,ue_n043_0010,gNB_4G_2,-56,gNB_5G,-61,0.196608,1,8.63993,0,56.0278,28
166.5,ue_n043_0001,gNB_4G_2,-44,gNB_5G,-52,0.352256,5,63.4399,0,48.5592,28
166.5,ue_n001_0009,gNB_4G_1,-48,gNB_5G,-70,0.589824,0,-1,0,37.7137,28
166.5,ue_n001_0001,gNB_4G_1,-46,gNB_5G,-58,0.581632,0,-1,0,12.4572,18
166.5,ue_n001_0002,gNB_4G_1,-41,gNB_4G_2,-56,0.630784,0,-1,0,10.7063,14
166.5,ue_ujeongwon_0002,gNB_4G_1,-44,gNB_5G,-77,0.8192,0,-1,0,54.8339,28
166.5,ue_n001_0007,gNB_4G_1,-42,gNB_5G,-77,0.262144,0,-1,0,47.3034,28
166.5,ue_n001_0003,gNB_4G_1,-41,gNB_4G_2,-70,0.548864,0,-1,0,28.7761,28
166.5,car_north_base_001_rider,gNB_4G_2,-48,gNB_5G,-70,0.8192,3,26.8399,0,50.0673,28
166.5,car_north_base_002_rider,gNB_4G_2,-46,gNB_5G,-78,0.8192,3,21.4399,1,51.5714,28
166.5,ue_n001_0004,gNB_4G_1,-47,gNB_4G_2,-59,0.638976,0,-1,0,31.6619,24
166.5,ue_n043_0003,gNB_4G_2,-45,gNB_4G_1,-52,0.458752,5,35.4399,0,67.0787,28
166.5,ue_n042_0004,gNB_4G_2,-46,gNB_5G,-68,0.8192,2,105.24,0,68.4529,28
166.5,car_north_base_004,gNB_4G_2,-49,gNB_5G,-59,0.131072,3,55.4399,1,61.5108,28
166.5,car_north_base_005,gNB_4G_2,-51,gNB_5G,-55,0.229376,1,54.4399,0,62.6395,28
166.5,ue_n043_0004,gNB_4G_2,-46,gNB_5G,-53,0.745472,9,8.23993,0,25.7394,28
166.5,ue_n001_0010,gNB_4G_1,-44,gNB_5G,-76,0.8192,0,-1,0,39.3913,28
166.5,ue_n043_0005,gNB_4G_2,-45,gNB_5G,-49,0.483328,9,15.2399,1,65.7682,28
166.5,ue_ujeongwon_0004,gNB_4G_1,-44,gNB_4G_2,-69,0.12288,2,41.8399,1,30.3677,28
166.5,ue_ujeongwon_0005,gNB_4G_1,-42,gNB_5G,-65,0.32768,2,38.0399,1,38.8645,28
166.5,ue_n001_0005,gNB_4G_1,-39,gNB_5G,-79,0.589824,0,-1,0,59.4858,28
166.5,ue_ujeongwon_0006,gNB_4G_1,-40,gNB_4G_2,-68,0.548864,2,34.0399,1,29.3378,27
166.5,ue_n042_0007,gNB_4G_2,-59,gNB_5G,-67,0.8192,2,22.2399,1,41.8224,28
166.5,ue_n043_0006,gNB_4G_2,-55,gNB_5G,-67,0.581632,5,3.63993,1,54.8105,28
166.5,ue_ujeongwon_0007,gNB_4G_1,-42,gNB_4G_2,-61,0.8192,0,-1,0,14.0272,19
166.5,ue_ujeongwon_0008,gNB_4G_1,-50,gNB_4G_2,-64,0.352256,0,-1,0,22.6606,25
166.5,ue_n043_0007,gNB_4G_2,-59,gNB_4G_1,-60,0.303104,3,30.6399,1,6.78534,5
166.5,ue_ujeongwon_0009,gNB_4G_1,-40,gNB_5G,-100,0.581632,2,24.8399,1,58.0519,28
166.5,car_north_base_007_rider,gNB_4G_1,-36,gNB_4G_2,-92,0.434176,0,-1,0,66.5396,28
166.5,car_north_base_008_rider,gNB_4G_2,-45,gNB_4G_1,-50,0.131072,1,0.239928,0,10.2428,11
166.5,ue_n043_0008,gNB_5G,-48,gNB_4G_2,-53,0.745472,2,4.63993,1,65.4104,28
166.5,ue_n001_0008,gNB_4G_1,-45,gNB_5G,-70,0.303104,0,-1,0,45.189,28
167.5,ue_n042_0001,gNB_4G_2,-111,gNB_4G_1,-112,0.188416,6,6.03993,1,-9.21191,0
167.5,ue_n001_0006,gNB_4G_1,-39,gNB_5G,-76,0.679936,0,-1,0,48.885,28
167.5,ue_n042_0008,gNB_4G_2,-65,gNB_5G,-67,0.745472,0,-1,0,34.6414,28
167.5,car_north_peak_003_rider,gNB_4G_2,-49,gNB_5G,-61,0.8192,3,45.8399,0,31.4787,28
167.5,ue_n042_0002,gNB_4G_1,-50,gNB_5G,-59,0.679936,3,2.83993,0,38.0641,28
167.5,ue_ujeongwon_0001,gNB_4G_1,-47,gNB_5G,-64,0.385024,0,-1,0,57.986,28
167.5,ue_n043_0009,gNB_5G,-46,gNB_4G_2,-54,0.745472,2,0.239928,1,67.719,28
167.5,ue_n043_0010,gNB_4G_2,-55,gNB_4G_1,-57,0.196608,1,9.63993,0,9.90949,16
167.5,ue_n043_0001,gNB_4G_2,-42,gNB_5G,-52,0.360448,5,64.4399,0,65.7778,28
167.5,ue_n001_0009,gNB_4G_1,-45,gNB_5G,-68,0.581632,0,-1,0,43.1018,28
167.5,ue_n001_0001,gNB_4G_1,-44,gNB_5G,-60,0.442368,0,-1,0,54.4418,28
167.5,ue_n001_0002,gNB_4G_1,-45,gNB_4G_2,-55,0.630784,0,-1,0,18.9319,20
167.5,ue_ujeongwon_0002,gNB_4G_1,-44,gNB_5G,-75,0.8192,0,-1,0,59.6684,28
167.5,ue_n001_0007,gNB_4G_1,-46,gNB_5G,-80,0.262144,0,-1,0,47.4722,28
167.5,ue_n001_0003,gNB_4G_1,-41,gNB_4G_2,-69,0.548864,0,-1,0,61.0925,28
167.5,car_north_base_001_rider,gNB_4G_2,-48,gNB_5G,-70,0.8192,3,27.8399,0,46.5229,28
167.5,car_north_base_002_rider,gNB_4G_2,-46,gNB_5G,-78,0.8192,3,22.4399,1,51.5714,28
167.5,ue_n001_0004,gNB_4G_1,-49,gNB_4G_2,-60,0.622592,0,-1,0,20.5349,22
167.5,ue_n043_0003,gNB_4G_2,-44,gNB_5G,-51,0.45056,5,36.4399,0,13.8147,18
167.5,ue_n042_0004,gNB_4G_2,-43,gNB_5G,-64,0.8192,2,106.24,0,61.8195,28
167.5,car_north_base_004,gNB_4G_2,-49,gNB_5G,-59,0.139264,3,56.4399,1,48.4651,28
167.5,car_north_base_005,gNB_4G_2,-47,gNB_5G,-57,0.229376,1,55.4399,0,57.4136,28
167.5,ue_n043_0004,gNB_4G_2,-46,gNB_5G,-50,0.745472,9,9.23993,0,31.5414,28
167.5,ue_n001_0010,gNB_4G_1,-47,gNB_4G_2,-80,0.8192,0,-1,0,33.8381,28
167.5,ue_n043_0005,gNB_4G_2,-45,gNB_5G,-51,0.475136,9,16.2399,1,15.8288,21
167.5,ue_ujeongwon_0004,gNB_4G_1,-43,gNB_4G_2,-69,0.114688,2,42.8399,1,24.6046,28
167.5,ue_ujeongwon_0005,gNB_4G_1,-42,gNB_5G,-65,0.32768,2,39.0399,1,24.5545,28
167.5,ue_n001_0005,gNB_4G_1,-36,gNB_5G,-71,0.581632,0,-1,0,53.2924,28
167.5,ue_ujeongwon_0006,gNB_4G_1,-42,gNB_4G_2,-68,0.540672,2,35.0399,1,33.8601,28
167.5,ue_n042_0007,gNB_4G_2,-55,gNB_5G,-68,0.8192,2,23.2399,1,38.1459,28
167.5,ue_n043_0006,gNB_4G_2,-56,gNB_5G,-68,0.589824,5,4.63993,1,38.5849,28
167.5,ue_ujeongwon_0007,gNB_4G_1,-52,gNB_4G_2,-62,0.8192,0,-1,0,65.9929,28
167.5,ue_ujeongwon_0008,gNB_4G_1,-43,gNB_4G_2,-62,0.360448,0,-1,0,30.086,28
167.5,ue_n043_0007,gNB_4G_1,-58,gNB_4G_2,-62,0.253952,4,0.439928,0,-6.95021,0
167.5,ue_ujeongwon_0009,gNB_4G_1,-41,gNB_4G_2,-97,0.589824,2,25.8399,1,60.1148,28
167.5,car_north_base_007_rider,gNB_4G_1,-40,gNB_5G,-78,0.425984,0,-1,0,64.4,28
167.5,car_north_base_008_rider,gNB_4G_2,-44,gNB_4G_1,-50,0.172032,1,1.23993,0,12.1757,16
167.5,ue_n043_0008,gNB_5G,-46,gNB_4G_2,-55,0.745472,2,5.63993,1,66.34,0
167.5,ue_n001_0008,gNB_4G_1,-44,gNB_5G,-68,0.303104,0,-1,0,43.1309,28
168.5,ue_n042_0001,gNB_4G_2,-112,gNB_4G_1,-113,0.237568,6,7.03993,1,33.4431,28
168.5,ue_n001_0006,gNB_4G_1,-40,gNB_5G,-76,0.688128,0,-1,0,72.1759,28
168.5,ue_n042_0008,gNB_4G_2,-64,gNB_5G,-64,0.745472,0,-1,0,29.9357,28
168.5,car_north_peak_003_rider,gNB_4G_2,-49,gNB_5G,-62,0.8192,3,46.8399,0,32.253,28
168.5,ue_n042_0002,gNB_4G_1,-48,gNB_5G,-62,0.688128,3,3.83993,0,64.1852,28
168.5,ue_ujeongwon_0001,gNB_4G_1,-47,gNB_5G,-66,0.393216,0,-1,0,31.8761,28
168.5,ue_n043_0009,gNB_5G,-43,gNB_4G_2,-53,0.745472,2,1.23993,1,62.9993,28
168.5,ue_n043_0010,gNB_4G_2,-55,gNB_4G_1,-57,0.2048,1,10.6399,0,53.1327,28
168.5,ue_n043_0001,gNB_4G_2,-44,gNB_5G,-52,0.352256,5,65.4399,0,65.3678,28
168.5,ue_n001_0009,gNB_4G_1,-46,gNB_5G,-71,0.581632,0,-1,0,65.6528,28
168.5,ue_n001_0001,gNB_4G_1,-46,gNB_4G_2,-52,0.442368,0,-1,0,-9.65752,0
168.5,ue_n001_0002,gNB_4G_1,-45,gNB_4G_2,-56,0.630784,0,-1,0,61.5872,28
168.5,ue_ujeongwon_0002,gNB_4G_1,-44,gNB_5G,-74,0.8192,0,-1,0,60.6529,28
168.5,ue_n001_0007,gNB_4G_1,-47,gNB_5G,-79,0.262144,0,-1,0,60.8313,28
168.5,ue_n001_0003,gNB_4G_1,-43,gNB_4G_2,-68,0.540672,0,-1,0,69.7803,28
168.5,car_north_base_001_rider,gNB_4G_2,-48,gNB_5G,-70,0.8192,3,28.8399,0,42.9992,28
168.5,car_north_base_002_rider,gNB_4G_2,-46,gNB_5G,-78,0.8192,3,23.4399,1,50.9394,28
168.5,ue_n001_0004,gNB_4G_1,-49,gNB_4G_2,-56,0.630784,0,-1,0,65.261,28
168.5,ue_n043_0003,gNB_4G_2,-45,gNB_5G,-51,0.458752,5,37.4399,0,28.568,24
168.5,ue_n042_0004,gNB_4G_2,-45,gNB_5G,-62,0.8192,2,107.24,0,68.4713,28
168.5,car_north_base_004,gNB_4G_2,-52,gNB_5G,-55,0.131072,3,57.4399,1,58.3442,28
168.5,car_north_base_005,gNB_4G_2,-47,gNB_5G,-57,0.221184,1,56.4399,0,61.5281,28
168.5,ue_n043_0004,gNB_4G_2,-45,gNB_5G,-51,0.745472,9,10.2399,0,67.0456,28
168.5,ue_n001_0010,gNB_4G_1,-43,gNB_4G_2,-78,0.8192,0,-1,0,40.5618,28
168.5,ue_n043_0005,gNB_4G_2,-46,gNB_5G,-52,0.49152,9,17.2399,1,27.6214,28
168.5,ue_ujeongwon_0004,gNB_4G_1,-45,gNB_4G_2,-71,0.114688,2,43.8399,1,60.3195,28
168.5,ue_ujeongwon_0005,gNB_4G_1,-43,gNB_5G,-64,0.32768,2,40.0399,1,68.5454,28
168.5,ue_n001_0005,gNB_4G_1,-39,gNB_4G_2,-82,0.581632,0,-1,0,78.6099,28
168.5,ue_ujeongwon_0006,gNB_4G_1,-42,gNB_4G_2,-69,0.548864,2,36.0399,1,63.855,28
168.5,ue_n042_0007,gNB_4G_2,-57,gNB_5G,-68,0.8192,2,24.2399,1,33.6086,28
168.5,ue_n043_0006,gNB_4G_2,-57,gNB_5G,-78,0.581632,5,5.63993,1,57.164,28
168.5,ue_ujeongwon_0007,gNB_4G_1,-43,gNB_4G_2,-60,0.8192,0,-1,0,37.4307,28
168.5,ue_ujeongwon_0008,gNB_4G_1,-40,gNB_4G_2,-63,0.360448,0,-1,0,61.5347,28
168.5,ue_n043_0007,gNB_4G_2,-66,gNB_5G,-65,0.28672,5,0.639928,1,47.7776,28
168.5,ue_ujeongwon_0009,gNB_4G_1,-42,gNB_4G_2,-94,0.581632,2,26.8399,1,63.8643,28
168.5,car_north_base_007_rider,gNB_4G_1,-41,gNB_5G,-77,0.434176,0,-1,0,77.4286,28
168.5,car_north_base_008_rider,gNB_4G_2,-45,gNB_4G_1,-51,0.172032,1,2.23993,0,15.14,14
168.5,ue_n043_0008,gNB_5G,-44,gNB_4G_2,-52,0.745472,2,6.63993,1,66.9647,28
168.5,ue_n001_0008,gNB_4G_1,-47,gNB_5G,-69,0.303104,0,-1,0,43.8367,28
169.5,ue_n042_0001,gNB_4G_2,-91,gNB_4G_1,-113,0.270336,6,8.03993,1,23.6351,28
169.5,ue_n001_0006,gNB_4G_1,-38,gNB_5G,-77,0.679936,0,-1,0,73.3219,28
169.5,ue_n042_0008,gNB_5G,-64,gNB_4G_2,-68,0.73728,1,0.639928,0,45.4474,28
169.5,car_north_peak_003_rider,gNB_4G_2,-52,gNB_5G,-61,0.8192,3,47.8399,0,63.0338,28
169.5,ue_n042_0002,gNB_4G_1,-47,gNB_5G,-65,0.679936,3,4.83993,0,42.4844,28
169.5,ue_ujeongwon_0001,gNB_4G_1,-42,gNB_5G,-66,0.385024,0,-1,0,61.928,28
169.5,ue_n043_0009,gNB_5G,-47,gNB_4G_2,-53,0.745472,2,2.23993,1,67.0603,28
169.5,ue_n043_0010,gNB_4G_2,-56,gNB_4G_1,-58,0.196608,1,11.6399,0,31.5393,27
169.5,ue_n043_0001,gNB_4G_2,-45,gNB_5G,-56,0.360448,5,66.4399,0,36.714,28
169.5,ue_n001_0009,gNB_4G_1,-45,gNB_5G,-71,0.589824,0,-1,0,62.7631,28
169.5,ue_n001_0001,gNB_4G_2,-42,gNB_4G_1,-50,0.606208,1,0.839928,0,66.3597,28
169.5,ue_n001_0002,gNB_4G_1,-44,gNB_4G_2,-55,0.630784,0,-1,0,66.462,28
169.5,ue_ujeongwon_0002,gNB_4G_1,-50,gNB_5G,-80,0.8192,0,-1,0,60.2735,28
169.5,ue_n001_0007,gNB_4G_1,-43,gNB_5G,-78,0.270336,0,-1,0,63.3029,28
169.5,ue_n001_0003,gNB_4G_1,-41,gNB_4G_2,-66,0.548864,0,-1,0,38.1017,28
169.5,car_north_base_001_rider,gNB_4G_2,-48,gNB_5G,-70,0.8192,3,29.8399,0,62.3899,28
169.5,car_north_base_002_rider,gNB_4G_2,-46,gNB_5G,-78,0.8192,3,24.4399,1,65.0515,28
169.5,ue_n001_0004,gNB_4G_1,-45,gNB_4G_2,-55,0.630784,0,-1,0,67.3121,28
169.5,ue_n043_0003,gNB_4G_2,-46,gNB_5G,-49,0.45056,5,38.4399,0,26.8474,19
169.5,ue_n042_0004,gNB_4G_2,-42,gNB_5G,-61,0.8192,2,108.24,0,71.3886,28
169.5,car_north_base_004,gNB_4G_2,-50,gNB_5G,-55,0.131072,3,58.4399,1,52.9516,28
169.5,car_north_base_005,gNB_4G_2,-47,gNB_5G,-53,0.229376,1,57.4399,0,53.5886,28
169.5,ue_n043_0004,gNB_4G_2,-44,gNB_5G,-49,0.745472,9,11.2399,0,37.1901,28
169.5,ue_n001_0010,gNB_4G_1,-43,gNB_5G,-77,0.8192,0,-1,0,42.9902,28
169.5,ue_n043_0005,gNB_4G_2,-45,gNB_5G,-53,0.483328,9,18.2399,1,64.1844,28
169.5,ue_ujeongwon_0004,gNB_4G_1,-45,gNB_4G_2,-71,0.12288,2,44.8399,1,60.3537,28
169.5,ue_ujeongwon_0005,gNB_4G_1,-43,gNB_4G_2,-63,0.32768,2,41.0399,1,62.094,28
169.5,ue_n001_0005,gNB_4G_1,-35,gNB_4G_2,-82,0.589824,0,-1,0,80.6774,28
169.5,ue_ujeongwon_0006,gNB_4G_1,-48,gNB_4G_2,-70,0.548864,2,37.0399,1,59.8135,28
169.5,ue_n042_0007,gNB_4G_2,-53,gNB_5G,-69,0.8192,2,25.2399,1,55.0206,28
169.5,ue_n043_0006,gNB_4G_2,-54,gNB_5G,-70,0.589824,5,6.63993,1,57.3602,28
169.5,ue_ujeongwon_0007,gNB_4G_1,-44,gNB_5G,-74,0.8192,0,-1,0,65.996,28
169.5,ue_ujeongwon_0008,gNB_4G_1,-52,gNB_4G_2,-62,0.352256,0,-1,0,69.8842,28
169.5,ue_n043_0007,gNB_4G_2,-63,gNB_5G,-70,0.4096,5,1.63993,1,34.5339,28
169.5,ue_ujeongwon_0009,gNB_4G_1,-42,gNB_4G_2,-80,0.589824,2,27.8399,1,63.635,28
169.5,car_north_base_007_rider,gNB_4G_1,-41,gNB_5G,-77,0.434176,0,-1,0,78.2423,28
169.5,car_north_base_008_rider,gNB_4G_2,-47,gNB_4G_1,-51,0.172032,1,3.23993,0,26.094,21
169.5,ue_n043_0008,gNB_5G,-44,gNB_4G_2,-50,0.745472,2,7.63993,1,59.2586,28
169.5,ue_n001_0008,gNB_4G_1,-44,gNB_5G,-69,0.303104,0,-1,0,62.0794,28
170.5,ue_n042_0001,gNB_4G_2,-84,gNB_5G,-110,0.270336,6,9.03993,1,25.9155,28
170.5,ue_n001_0006,gNB_4G_1,-38,gNB_5G,-77,0.679936,0,-1,0,74.984,28
170.5,ue_n042_0008,gNB_5G,-65,gNB_4G_2,-64,0.745472,1,1.63993,0,46.9572,28
170.5,car_north_peak_003_rider,gNB_4G_2,-48,gNB_5G,-66,0.8192,3,48.8399,0,64.4026,28
170.5,ue_n042_0002,gNB_4G_1,-46,gNB_5G,-61,0.679936,3,5.83993,0,43.5177,28
170.5,ue_ujeongwon_0001,gNB_4G_1,-46,gNB_5G,-69,0.393216,0,-1,0,63.5693,28
170.5,ue_n043_0009,gNB_5G,-44,gNB_4G_2,-54,0.745472,2,3.23993,1,66.3189,28
170.5,ue_n043_0010,gNB_4G_2,-56,gNB_5G,-66,0.196608,1,12.6399,0,20.4856,26
170.5,ue_n043_0001,gNB_4G_2,-45,gNB_5G,-54,0.352256,5,67.4399,0,62.1347,28
170.5,ue_n001_0009,gNB_4G_1,-48,gNB_5G,-68,0.581632,0,-1,0,67.7878,28
170.5,ue_n001_0001,gNB_4G_2,-44,gNB_4G_1,-48,0.425984,1,1.83993,0,63.2565,28
170.5,ue_n001_0002,gNB_4G_1,-44,gNB_4G_2,-57,0.630784,0,-1,0,65.1099,28
170.5,ue_ujeongwon_0002,gNB_4G_1,-54,gNB_5G,-77,0.8192,0,-1,0,61.2564,28
170.5,ue_n001_0007,gNB_4G_1,-44,gNB_5G,-76,0.262144,0,-1,0,56.8459,28
170.5,ue_n001_0003,gNB_4G_1,-43,gNB_4G_2,-75,0.540672,0,-1,0,36.3371,26
170.5,car_north_base_001_rider,gNB_4G_2,-48,gNB_5G,-70,0.8192,3,30.8399,0,43.3685,28
170.5,car_north_base_002_rider,gNB_4G_2,-46,gNB_5G,-78,0.8192,3,25.4399,1,65.0515,28
170.5,ue_n001_0004,gNB_4G_1,-48,gNB_4G_2,-52,0.630784,0,-1,0,65.5888,28
170.5,ue_n043_0003,gNB_4G_2,-46,gNB_5G,-55,0.458752,5,39.4399,0,64.9445,28
170.5,ue_n042_0004,gNB_4G_2,-42,gNB_5G,-60,0.8192,2,109.24,0,54.624,28
170.5,car_north_base_004,gNB_4G_2,-47,gNB_5G,-55,0.139264,3,59.4399,1,61.3901,28
170.5,car_north_base_005,gNB_4G_2,-49,gNB_5G,-58,0.229376,1,58.4399,0,64.9401,28
170.5,ue_n043_0004,gNB_4G_2,-46,gNB_5G,-48,0.745472,9,12.2399,0,67.2668,28
170.5,ue_n001_0010,gNB_4G_1,-45,gNB_5G,-74,0.8192,0,-1,0,47.2274,28
170.5,ue_n043_0005,gNB_4G_2,-46,gNB_5G,-49,0.475136,9,19.2399,1,64.3842,28
170.5,ue_ujeongwon_0004,gNB_4G_1,-46,gNB_4G_2,-70,0.12288,2,45.8399,1,63.047,28
170.5,ue_ujeongwon_0005,gNB_4G_1,-43,gNB_5G,-62,0.32768,2,42.0399,1,64.6244,28
170.5,ue_n001_0005,gNB_4G_1,-37,gNB_4G_2,-84,0.581632,0,-1,0,80.7649,28
170.5,ue_ujeongwon_0006,gNB_4G_1,-46,gNB_4G_2,-75,0.540672,2,38.0399,1,64.8685,28
170.5,ue_n042_0007,gNB_4G_2,-56,gNB_5G,-69,0.8192,2,26.2399,1,48.548,28
170.5,ue_n043_0006,gNB_4G_2,-53,gNB_5G,-68,0.581632,5,7.63993,1,42.216,28
170.5,ue_ujeongwon_0007,gNB_4G_1,-45,gNB_4G_2,-63,0.8192,0,-1,0,30.1243,28
170.5,ue_ujeongwon_0008,gNB_4G_1,-43,gNB_4G_2,-67,0.360448,0,-1,0,65.9888,28
170.5,ue_n043_0007,gNB_4G_2,-55,gNB_5G,-68,0.4096,5,2.63993,1,22.6292,27
170.5,ue_ujeongwon_0009,gNB_4G_1,-44,gNB_4G_2,-74,0.581632,2,28.8399,1,41.2694,28
170.5,car_north_base_007_rider,gNB_4G_1,-45,gNB_4G_2,-87,0.425984,0,-1,0,68.9302,28
170.5,car_north_base_008_rider,gNB_4G_2,-44,gNB_4G_1,-50,0.172032,1,4.23993,0,67.9306,28
170.5,ue_n043_0008,gNB_5G,-48,gNB_4G_2,-51,0.745472,2,8.63993,1,67.3241,28
170.5,ue_n001_0008,gNB_4G_1,-42,gNB_5G,-74,0.303104,0,-1,0,32.9953,28
171.5,ue_n001_0006,gNB_4G_1,-42,gNB_5G,-76,0.688128,0,-1,0,69.8689,28
171.5,ue_n042_0008,gNB_4G_2,-56,gNB_5G,-64,0.745472,2,0.839928,1,40.2058,28
171.5,car_north_peak_003_rider,gNB_4G_2,-46,gNB_4G_1,-73,0.8192,3,49.8399,0,27.9124,28
171.5,ue_n042_0002,gNB_4G_1,-49,gNB_5G,-61,0.688128,3,6.83993,0,29.5031,28
171.5,ue_ujeongwon_0001,gNB_4G_1,-44,gNB_5G,-68,0.393216,0,-1,0,67.094,28
171.5,ue_n043_0009,gNB_5G,-44,gNB_4G_2,-54,0.745472,2,4.23993,1,65.2479,28
171.5,ue_n043_0010,gNB_4G_2,-62,gNB_5G,-65,0.2048,1,13.6399,0,58.2587,28
171.5,ue_n043_0001,gNB_4G_2,-46,gNB_5G,-53,0.360448,5,68.4399,0,66.8656,28
171.5,ue_n001_0009,gNB_4G_1,-43,gNB_5G,-68,0.589824,0,-1,0,41.2615,28
171.5,ue_n001_0001,gNB_4G_2,-47,gNB_4G_1,-48,0.516096,1,2.83993,0,13.9984,19
171.5,ue_n001_0002,gNB_4G_1,-43,gNB_4G_2,-53,0.6144,0,-1,0,15.6424,20
171.5,ue_ujeongwon_0002,gNB_4G_1,-50,gNB_5G,-88,0.8192,0,-1,0,62.6257,28
171.5,ue_n001_0007,gNB_4G_1,-44,gNB_5G,-76,0.262144,0,-1,0,63.266,28
171.5,ue_n001_0003,gNB_4G_1,-43,gNB_4G_2,-69,0.548864,0,-1,0,64.8561,28
171.5,car_north_base_001_rider,gNB_4G_2,-48,gNB_5G,-70,0.8192,3,31.8399,0,47.7908,28
171.5,car_north_base_002_rider,gNB_4G_2,-46,gNB_5G,-78,0.8192,3,26.4399,1,53.0479,28
171.5,ue_n001_0004,gNB_4G_1,-44,gNB_4G_2,-56,0.630784,0,-1,0,67.2032,28
171.5,ue_n043_0003,gNB_4G_2,-46,gNB_5G,-51,0.458752,5,40.4399,0,12.5748,18
171.5,ue_n042_0004,gNB_4G_2,-41,gNB_5G,-61,0.8192,2,110.24,0,52.789,28
171.5,car_north_base_004,gNB_4G_2,-48,gNB_5G,-64,0.106496,3,60.4399,1,29.6011,28
171.5,car_north_base_005,gNB_4G_2,-47,gNB_5G,-57,0.229376,1,59.4399,0,63.6535,28
171.5,ue_n043_0004,gNB_4G_2,-44,gNB_5G,-50,0.745472,9,13.2399,0,65.3668,28
171.5,ue_n001_0010,gNB_4G_1,-46,gNB_5G,-69,0.8192,0,-1,0,38.6657,28
171.5,ue_n043_0005,gNB_4G_2,-46,gNB_5G,-50,0.483328,9,20.2399,1,63.738,28
171.5,ue_ujeongwon_0004,gNB_4G_1,-46,gNB_4G_2,-71,0.114688,2,46.8399,1,26.2091,26
171.5,ue_ujeongwon_0005,gNB_4G_1,-42,gNB_4G_2,-63,0.32768,2,43.0399,1,67.4895,28
171.5,ue_n001_0005,gNB_4G_1,-36,gNB_4G_2,-82,0.589824,0,-1,0,78.6987,28
171.5,ue_ujeongwon_0006,gNB_4G_1,-46,gNB_4G_2,-75,0.540672,2,39.0399,1,26.8804,26
171.5,ue_n042_0007,gNB_4G_2,-59,gNB_5G,-69,0.8192,2,27.2399,1,32.2924,28
171.5,ue_n043_0006,gNB_4G_2,-67,gNB_5G,-66,0.581632,5,8.63993,1,26.4022,26
171.5,ue_ujeongwon_0007,gNB_4G_1,-42,gNB_4G_2,-61,0.811008,0,-1,0,22.5791,24
171.5,ue_ujeongwon_0008,gNB_4G_1,-42,gNB_4G_2,-60,0.352256,0,-1,0,66.2919,28
171.5,ue_n043_0007,gNB_4G_2,-55,gNB_5G,-77,0.4096,5,3.63993,1,34.9062,28
171.5,ue_ujeongwon_0009,gNB_4G_1,-44,gNB_4G_2,-75,0.581632,2,29.8399,1,65.0868,28
171.5,car_north_base_007_rider,gNB_4G_1,-38,gNB_4G_2,-85,0.434176,0,-1,0,49.6007,28
171.5,car_north_base_008_rider,gNB_4G_2,-44,gNB_4G_1,-50,0.172032,1,5.23993,0,18.1817,23
171.5,ue_n043_0008,gNB_5G,-47,gNB_4G_2,-50,0.745472,2,9.63993,1,65.0277,28
171.5,ue_n001_0008,gNB_4G_1,-41,gNB_5G,-80,0.303104,0,-1,0,67.638,28
172.5,ue_n001_0006,gNB_4G_1,-40,gNB_5G,-77,0.679936,0,-1,0,74.8742,28
172.5,ue_n042_0008,gNB_4G_2,-55,gNB_5G,-67,0.745472,2,1.83993,1,41.2431,28
172.5,car_north_peak_003_rider,gNB_4G_2,-49,gNB_4G_1,-75,0.8192,3,50.8399,0,63.868,28
172.5,ue_n042_0002,gNB_4G_1,-53,gNB_5G,-61,0.679936,3,7.83993,0,61.6941,28
172.5,ue_ujeongwon_0001,gNB_4G_1,-50,gNB_5G,-68,0.385024,0,-1,0,31.2307,26
172.5,ue_n043_0009,gNB_5G,-44,gNB_4G_2,-54,0.745472,2,5.23993,1,61.088,28
172.5,ue_n043_0010,gNB_4G_2,-53,gNB_5G,-65,0.196608,1,14.6399,0,57.7647,28
172.5,ue_n043_0001,gNB_4G_2,-44,gNB_5G,-54,0.352256,5,69.4399,0,67.0536,28
172.5,ue_n001_0009,gNB_4G_1,-46,gNB_5G,-71,0.581632,0,-1,0,65.5427,28
172.5,ue_n001_0001,gNB_4G_2,-47,gNB_4G_1,-47,0.565248,1,3.83993,0,8.64111,8
172.5,ue_n001_0002,gNB_4G_1,-45,gNB_4G_2,-52,0.606208,0,-1,0,19.9586,25
172.5,ue_ujeongwon_0002,gNB_4G_1,-46,gNB_5G,-78,0.8192,0,-1,0,62.6515,28
172.5,ue_n001_0007,gNB_4G_1,-43,gNB_5G,-77,0.270336,0,-1,0,61.4998,28
172.5,ue_n001_0003,gNB_4G_1,-43,gNB_4G_2,-76,0.548864,0,-1,0,29.2791,28
172.5,car_north_base_001_rider,gNB_4G_2,-48,gNB_5G,-70,0.8192,3,32.8399,0,62.3899,28
172.5,car_north_base_002_rider,gNB_4G_2,-46,gNB_5G,-78,0.8192,3,27.4399,1,52.8073,28
172.5,ue_n001_0004,gNB_4G_1,-44,gNB_4G_2,-52,0.630784,0,-1,0,67.588,28
172.5,ue_n043_0003,gNB_4G_2,-45,gNB_5G,-53,0.45056,5,41.4399,0,21.3419,22
172.5,ue_n042_0004,gNB_4G_2,-42,gNB_5G,-60,0.8192,2,111.24,0,69.6927,28
172.5,car_north_base_004,gNB_5G,-54,gNB_4G_1,-57,0.139264,4,0.839928,0,53.9141,28
172.5,car_north_base_005,gNB_4G_2,-46,gNB_5G,-55,0.229376,1,60.4399,0,50.2349,28
172.5,ue_n043_0004,gNB_4G_2,-45,gNB_5G,-52,0.745472,9,14.2399,0,37.3887,28
172.5,ue_n001_0010,gNB_4G_1,-47,gNB_5G,-69,0.8192,0,-1,0,40.425,28
172.5,ue_n043_0005,gNB_4G_2,-47,gNB_5G,-49,0.483328,9,21.2399,1,45.0767,28
172.5,ue_ujeongwon_0004,gNB_4G_1,-45,gNB_4G_2,-68,0.12288,2,47.8399,1,31.8293,28
172.5,ue_ujeongwon_0005,gNB_4G_1,-44,gNB_4G_2,-63,0.32768,2,44.0399,1,70.0196,28
172.5,ue_n001_0005,gNB_4G_1,-35,gNB_5G,-67,0.581632,0,-1,0,75.4315,28
172.5,ue_ujeongwon_0006,gNB_4G_1,-43,gNB_4G_2,-74,0.557056,2,40.0399,1,57.372,28
172.5,ue_n042_0007,gNB_4G_2,-61,gNB_5G,-70,0.8192,2,28.2399,1,45.3607,28
172.5,ue_n043_0006,gNB_4G_2,-66,gNB_5G,-64,0.589824,5,9.63993,1,24.1461,25
172.5,ue_ujeongwon_0007,gNB_4G_1,-45,gNB_4G_2,-62,0.8192,0,-1,0,27.7469,23
172.5,ue_ujeongwon_0008,gNB_4G_1,-44,gNB_4G_2,-63,0.352256,0,-1,0,65.9449,28
172.5,ue_n043_0007,gNB_4G_2,-57,gNB_5G,-69,0.4096,5,4.63993,1,53.6131,28
172.5,ue_ujeongwon_0009,gNB_4G_1,-44,gNB_4G_2,-75,0.589824,2,30.8399,1,61.7248,28
172.5,car_north_base_007_rider,gNB_4G_1,-38,gNB_4G_2,-85,0.425984,0,-1,0,75.5802,28
172.5,car_north_base_008_rider,gNB_4G_2,-43,gNB_4G_1,-51,0.172032,1,6.23993,0,12.009,14
172.5,ue_n043_0008,gNB_5G,-49,gNB_4G_2,-53,0.745472,2,10.6399,1,67.8839,28
172.5,ue_n001_0008,gNB_4G_1,-47,gNB_5G,-78,0.303104,0,-1,0,33.4741,28
173.5,ue_n001_0006,gNB_4G_1,-40,gNB_5G,-78,0.679936,0,-1,0,50.3354,28
173.5,ue_n042_0008,gNB_4G_2,-55,gNB_5G,-67,0.745472,2,2.83993,1,32.1866,28
173.5,car_north_peak_003_rider,gNB_4G_2,-47,gNB_4G_1,-86,0.8192,3,51.8399,0,65.7789,28
173.5,ue_n042_0002,gNB_4G_1,-48,gNB_5G,-57,0.557056,3,8.83993,0,59.0745,28
173.5,ue_ujeongwon_0001,gNB_4G_1,-49,gNB_5G,-68,0.393216,0,-1,0,34.2145,28
173.5,ue_n043_0009,gNB_5G,-46,gNB_4G_2,-51,0.73728,2,6.23993,1,65.3406,28
173.5,ue_n043_0010,gNB_4G_2,-53,gNB_5G,-64,0.2048,1,15.6399,0,13.363,14
173.5,ue_n043_0001,gNB_4G_2,-44,gNB_4G_1,-52,0.360448,5,70.4399,0,67.6588,28
173.5,ue_n001_0009,gNB_4G_1,-44,gNB_5G,-68,0.589824,0,-1,0,38.1927,28
173.5,ue_n001_0001,gNB_4G_2,-47,gNB_4G_1,-50,0.442368,1,4.83993,0,61.4891,28
173.5,ue_n001_0002,gNB_4G_1,-45,gNB_4G_2,-52,0.630784,0,-1,0,66.4587,28
173.5,ue_ujeongwon_0002,gNB_4G_1,-46,gNB_5G,-78,0.8192,0,-1,0,61.5596,28
173.5,ue_n001_0007,gNB_4G_1,-42,gNB_5G,-79,0.262144,0,-1,0,60.1673,28
173.5,ue_n001_0003,gNB_4G_1,-44,gNB_4G_2,-72,0.548864,0,-1,0,62.2189,28
173.5,car_north_base_001_rider,gNB_4G_2,-48,gNB_5G,-70,0.8192,3,33.8399,0,44.8682,28
173.5,car_north_base_002_rider,gNB_4G_2,-46,gNB_5G,-78,0.8192,3,28.4399,1,46.7683,28
173.5,ue_n001_0004,gNB_4G_1,-43,gNB_4G_2,-55,0.630784,0,-1,0,15.4303,21
173.5,ue_n043_0003,gNB_4G_2,-43,gNB_5G,-53,0.458752,5,42.4399,0,61.5419,28
173.5,ue_n042_0004,gNB_4G_2,-40,gNB_5G,-61,0.8192,2,112.24,0,69.3804,28
173.5,car_north_base_004,gNB_5G,-56,gNB_4G_1,-56,0.131072,4,1.83993,0,57.7913,28
173.5,car_north_base_005,gNB_4G_2,-50,gNB_5G,-56,0.221184,1,61.4399,0,24.8553,28
173.5,ue_n043_0004,gNB_4G_2,-44,gNB_5G,-52,0.745472,9,15.2399,0,61.938,28
173.5,ue_n001_0010,gNB_4G_1,-45,gNB_5G,-67,0.8192,0,-1,0,48.1803,28
173.5,ue_n043_0005,gNB_4G_2,-46,gNB_5G,-54,0.483328,9,22.2399,1,32.4566,28
173.5,ue_ujeongwon_0004,gNB_4G_1,-45,gNB_5G,-63,0.114688,2,48.8399,1,63.3483,28
173.5,ue_ujeongwon_0005,gNB_4G_1,-43,gNB_4G_2,-63,0.32768,2,45.0399,1,63.8464,28
173.5,ue_n001_0005,gNB_4G_1,-38,gNB_5G,-65,0.589824,0,-1,0,73.4726,28
173.5,ue_ujeongwon_0006,gNB_4G_1,-44,gNB_4G_2,-71,0.540672,2,41.0399,1,68.917,28
173.5,ue_n042_0007,gNB_4G_2,-60,gNB_5G,-68,0.8192,2,29.2399,1,30.8716,28
173.5,ue_n043_0006,gNB_4G_2,-67,gNB_5G,-64,0.581632,5,10.6399,1,45.6088,28
173.5,ue_ujeongwon_0007,gNB_4G_1,-48,gNB_4G_2,-65,0.827392,0,-1,0,25.3615,28
173.5,ue_ujeongwon_0008,gNB_4G_1,-45,gNB_4G_2,-61,0.360448,0,-1,0,23.4534,25
173.5,ue_n043_0007,gNB_4G_2,-57,gNB_5G,-68,0.4096,5,5.63993,1,57.164,28
173.5,ue_ujeongwon_0009,gNB_4G_1,-42,gNB_4G_2,-71,0.581632,2,31.8399,1,36.1035,28
173.5,car_north_base_007_rider,gNB_4G_1,-43,gNB_4G_2,-85,0.434176,0,-1,0,73.7632,28
173.5,car_north_base_008_rider,gNB_4G_2,-44,gNB_4G_1,-53,0.147456,1,7.23993,0,61.0695,28
173.5,ue_n043_0008,gNB_5G,-43,gNB_4G_2,-51,0.745472,2,11.6399,1,66.3898,28
173.5,ue_n001_0008,gNB_4G_1,-44,gNB_5G,-74,0.303104,0,-1,0,57.1241,28
174.5,ue_n001_0006,gNB_4G_1,-39,gNB_5G,-80,0.688128,0,-1,0,56.0232,28
174.5,ue_n042_0008,gNB_4G_2,-57,gNB_5G,-67,0.73728,2,3.83993,1,54.815,28
174.5,car_north_peak_003_rider,gNB_4G_2,-45,gNB_4G_1,-82,0.8192,3,52.8399,0,39.9727,28
174.5,ue_n042_0002,gNB_4G_2,-46,gNB_4G_1,-52,0.516096,4,0.0399284,0,22.832,16
174.5,ue_ujeongwon_0001,gNB_4G_1,-50,gNB_5G,-70,0.393216,0,-1,0,31.1638,28
174.5,ue_n043_0009,gNB_5G,-49,gNB_4G_2,-53,0.745472,2,7.23993,1,65.145,28
174.5,ue_n043_0010,gNB_4G_2,-55,gNB_4G_1,-58,0.180224,1,16.6399,0,58.067,28
174.5,ue_n043_0001,gNB_4G_2,-43,gNB_4G_1,-54,0.352256,5,71.4399,0,67.6877,28
174.5,ue_n001_0009,gNB_4G_1,-45,gNB_5G,-66,0.581632,0,-1,0,40.8917,28
174.5,ue_n001_0001,gNB_4G_2,-49,gNB_4G_1,-49,0.565248,1,5.83993,0,8.55236,15
174.5,ue_ujeongwon_0002,gNB_4G_1,-45,gNB_5G,-79,0.8192,0,-1,0,62.2377,28
174.5,ue_n001_0007,gNB_4G_1,-52,gNB_5G,-79,0.262144,0,-1,0,61.2547,28
174.5,ue_n001_0003,gNB_4G_1,-44,gNB_4G_2,-71,0.540672,0,-1,0,68.9192,28
174.5,car_north_base_001_rider,gNB_4G_2,-48,gNB_5G,-70,0.8192,3,34.8399,0,45.9443,28
174.5,car_north_base_002_rider,gNB_4G_2,-46,gNB_5G,-78,0.8192,3,29.4399,1,47.3996,28
174.5,ue_n001_0004,gNB_4G_1,-47,gNB_4G_2,-55,0.630784,0,-1,0,14.5358,19
174.5,ue_n043_0003,gNB_4G_2,-44,gNB_5G,-50,0.45056,5,43.4399,0,68.3963,28
174.5,ue_n042_0004,gNB_4G_2,-39,gNB_5G,-60,0.8192,2,113.24,0,53.6782,28
174.5,car_north_base_004,gNB_4G_2,-47,gNB_5G,-53,0.131072,5,0.439928,1,62.9793,28
174.5,car_north_base_005,gNB_5G,-53,gNB_4G_2,-79,0.212992,2,0.839928,0,54.3623,28
174.5,ue_n043_0004,gNB_4G_2,-44,gNB_5G,-52,0.745472,9,16.2399,0,61.923,28
174.5,ue_n001_0010,gNB_4G_1,-45,gNB_5G,-67,0.8192,0,-1,0,68.7342,28
174.5,ue_n043_0005,gNB_4G_2,-47,gNB_5G,-50,0.483328,9,23.2399,1,25.5259,25
174.5,ue_ujeongwon_0004,gNB_4G_1,-44,gNB_5G,-65,0.12288,2,49.8399,1,59.0224,28
174.5,ue_ujeongwon_0005,gNB_4G_1,-42,gNB_4G_2,-65,0.32768,2,46.0399,1,67.4314,28
174.5,ue_n001_0005,gNB_4G_1,-34,gNB_5G,-64,0.581632,0,-1,0,76.2458,28
174.5,ue_ujeongwon_0006,gNB_4G_1,-44,gNB_4G_2,-71,0.548864,2,42.0399,1,28.0517,27
174.5,ue_n042_0007,gNB_4G_2,-64,gNB_5G,-70,0.8192,2,30.2399,1,36.4141,28
174.5,ue_n043_0006,gNB_4G_2,-65,gNB_5G,-66,0.589824,5,11.6399,1,43.3437,28
174.5,ue_ujeongwon_0007,gNB_4G_1,-43,gNB_4G_2,-64,0.8192,0,-1,0,32.4082,27
174.5,ue_ujeongwon_0008,gNB_4G_1,-45,gNB_4G_2,-63,0.352256,0,-1,0,25.2078,28
174.5,ue_n043_0007,gNB_4G_2,-54,gNB_5G,-68,0.4096,5,6.63993,1,42.9505,28
174.5,ue_ujeongwon_0009,gNB_4G_1,-41,gNB_4G_2,-70,0.589824,2,32.8399,1,61.6649,28
174.5,car_north_base_007_rider,gNB_4G_1,-39,gNB_4G_2,-81,0.434176,0,-1,0,48.3767,28
174.5,car_north_base_008_rider,gNB_4G_2,-45,gNB_4G_1,-48,0.114688,1,8.23993,0,62.2046,28
174.5,ue_n043_0008,gNB_5G,-44,gNB_4G_2,-49,0.745472,2,12.6399,1,67.2895,28
174.5,ue_n001_0008,gNB_4G_1,-43,gNB_5G,-77,0.303104,0,-1,0,55.9956,28
175.5,ue_n001_0006,gNB_4G_1,-43,gNB_5G,-80,0.679936,0,-1,0,52.9692,28
175.5,ue_n042_0008,gNB_4G_2,-56,gNB_5G,-63,0.745472,2,4.83993,1,36.1057,27
175.5,car_north_peak_003_rider,gNB_4G_2,-49,gNB_4G_1,-87,0.8192,3,53.8399,0,38.1691,28
175.5,ue_n042_0002,gNB_4G_2,-45,gNB_4G_1,-53,0.688128,4,1.03993,0,45.7342,28
175.5,ue_ujeongwon_0001,gNB_4G_1,-47,gNB_5G,-65,0.385024,0,-1,0,62.2179,28
175.5,ue_n043_0009,gNB_5G,-46,gNB_4G_2,-54,0.745472,2,8.23993,1,66.677,28
175.5,ue_n043_0010,gNB_4G_2,-54,gNB_4G_1,-58,0.196608,1,17.6399,0,56.1915,28
175.5,ue_n043_0001,gNB_4G_2,-43,gNB_5G,-53,0.360448,5,72.4399,0,66.1512,28
175.5,ue_n001_0009,gNB_4G_1,-44,gNB_5G,-68,0.581632,0,-1,0,42.1639,28
175.5,ue_n001_0001,gNB_4G_2,-42,gNB_4G_1,-47,0.589824,1,6.83993,0,68.4441,28
175.5,ue_ujeongwon_0002,gNB_4G_1,-43,gNB_5G,-81,0.8192,0,-1,0,63.2106,28
175.5,ue_n001_0007,gNB_4G_1,-53,gNB_5G,-90,0.262144,0,-1,0,62.6203,28
175.5,ue_n001_0003,gNB_4G_1,-43,gNB_4G_2,-69,0.548864,0,-1,0,28.2002,27
175.5,car_north_base_001_rider,gNB_4G_2,-48,gNB_5G,-70,0.8192,3,35.8399,0,48.727,28
175.5,car_north_base_002_rider,gNB_4G_2,-46,gNB_5G,-78,0.8192,3,30.4399,1,53.8196,28
175.5,ue_n001_0004,gNB_4G_1,-46,gNB_4G_2,-56,0.630784,0,-1,0,53.4105,28
175.5,ue_n043_0003,gNB_4G_2,-42,gNB_4G_1,-54,0.458752,5,44.4399,0,65.6459,28
175.5,ue_n042_0004,gNB_4G_2,-41,gNB_5G,-60,0.8192,2,114.24,0,57.1294,28
175.5,car_north_base_004,gNB_4G_2,-48,gNB_5G,-57,0.139264,5,1.43993,1,49.7249,28
175.5,car_north_base_005,gNB_5G,-55,gNB_4G_1,-56,0.229376,2,1.83993,0,57.9588,28
175.5,ue_n043_0004,gNB_4G_2,-44,gNB_5G,-52,0.745472,9,17.2399,0,66.4666,28
175.5,ue_n001_0010,gNB_4G_1,-45,gNB_5G,-72,0.8192,0,-1,0,46.8893,28
175.5,ue_n043_0005,gNB_4G_2,-46,gNB_5G,-51,0.483328,9,24.2399,1,25.7756,28
175.5,ue_ujeongwon_0004,gNB_4G_1,-47,gNB_5G,-62,0.114688,2,50.8399,1,31.9258,28
175.5,ue_ujeongwon_0005,gNB_4G_1,-45,gNB_5G,-65,0.32768,2,47.0399,1,67.3521,28
175.5,ue_n001_0005,gNB_4G_1,-37,gNB_4G_2,-86,0.581632,0,-1,0,76.5773,28
175.5,ue_ujeongwon_0006,gNB_4G_1,-43,gNB_4G_2,-68,0.548864,2,43.0399,1,29.0616,27
175.5,ue_n042_0007,gNB_4G_2,-60,gNB_5G,-69,0.8192,2,31.2399,1,40.1214,28
175.5,ue_n043_0006,gNB_4G_2,-67,gNB_5G,-77,0.581632,5,12.6399,1,46.9247,28
175.5,ue_ujeongwon_0007,gNB_4G_1,-47,gNB_4G_2,-71,0.8192,0,-1,0,33.1945,28
175.5,ue_ujeongwon_0008,gNB_4G_1,-46,gNB_4G_2,-66,0.360448,0,-1,0,17.0163,19
175.5,ue_n043_0007,gNB_4G_2,-53,gNB_5G,-68,0.4096,5,7.63993,1,30.6849,28
175.5,ue_ujeongwon_0009,gNB_4G_1,-41,gNB_4G_2,-68,0.581632,2,33.8399,1,57.5366,28
175.5,car_north_base_007_rider,gNB_4G_1,-37,gNB_4G_2,-77,0.425984,0,-1,0,40.9173,28
175.5,car_north_base_008_rider,gNB_4G_2,-45,gNB_4G_1,-47,0.180224,1,9.23993,0,22.5542,24
175.5,ue_n043_0008,gNB_5G,-48,gNB_4G_2,-53,0.745472,2,13.6399,1,65.4746,28
175.5,ue_n001_0008,gNB_4G_1,-44,gNB_5G,-76,0.303104,0,-1,0,63.266,28
176.5,ue_n001_0006,gNB_4G_1,-39,gNB_5G,-78,0.679936,0,-1,0,54.9228,28
176.5,ue_n042_0008,gNB_4G_2,-59,gNB_5G,-69,0.745472,2,5.83993,1,52.1813,28
176.5,car_north_peak_003_rider,gNB_4G_2,-48,gNB_4G_1,-80,0.8192,3,54.8399,0,16.8005,28
176.5,ue_n042_0002,gNB_4G_2,-44,gNB_5G,-61,0.679936,4,2.03993,0,64.6759,28
176.5,ue_ujeongwon_0001,gNB_4G_1,-45,gNB_4G_2,-74,0.393216,0,-1,0,29.8175,28
176.5,ue_n043_0009,gNB_5G,-46,gNB_4G_2,-52,0.745472,2,9.23993,1,70.1796,28
176.5,ue_n043_0010,gNB_4G_2,-54,gNB_4G_1,-59,0.172032,1,18.6399,0,56.7872,28
176.5,ue_n043_0001,gNB_4G_2,-44,gNB_5G,-52,0.352256,5,73.4399,0,69.6173,28
176.5,ue_n001_0009,gNB_4G_1,-44,gNB_5G,-71,0.589824,0,-1,0,66.1156,28
176.5,ue_n001_0001,gNB_4G_2,-42,gNB_4G_1,-49,0.565248,1,7.83993,0,8.39117,7
176.5,ue_ujeongwon_0002,gNB_4G_1,-45,gNB_5G,-81,0.8192,0,-1,0,28.1194,25
176.5,ue_n001_0007,gNB_4G_1,-47,gNB_5G,-81,0.270336,0,-1,0,55.6369,28
176.5,ue_n001_0003,gNB_4G_1,-43,gNB_4G_2,-69,0.548864,0,-1,0,25.9072,27
176.5,car_north_base_001_rider,gNB_4G_2,-48,gNB_5G,-70,0.8192,3,36.8399,0,50.3416,28
176.5,car_north_base_002_rider,gNB_4G_2,-46,gNB_5G,-78,0.8192,3,31.4399,1,50.8273,28
176.5,car_north_base_009,gNB_4G_2,-61,gNB_5G,-69,0.155648,0,-1,0,27.2411,28
176.5,ue_n001_0004,gNB_4G_1,-45,gNB_4G_2,-58,0.630784,0,-1,0,68.8862,28
176.5,ue_n043_0003,gNB_4G_2,-45,gNB_5G,-51,0.458752,5,45.4399,0,66.7444,28
176.5,ue_n042_0004,gNB_4G_2,-40,gNB_5G,-60,0.8192,2,115.24,0,67.0479,28
176.5,car_north_base_004,gNB_4G_2,-46,gNB_5G,-54,0.131072,5,2.43993,1,68.7084,28
176.5,car_north_base_005,gNB_5G,-54,gNB_4G_1,-65,0.229376,2,2.83993,0,50.2233,28
176.5,ue_n043_0004,gNB_4G_2,-44,gNB_5G,-52,0.73728,9,18.2399,0,65.6459,28
176.5,ue_n001_0010,gNB_4G_1,-46,gNB_5G,-70,0.8192,0,-1,0,43.353,28
176.5,ue_n043_0005,gNB_4G_2,-46,gNB_5G,-50,0.475136,9,25.2399,1,26.8495,26
176.5,ue_ujeongwon_0004,gNB_4G_1,-45,gNB_5G,-58,0.114688,2,51.8399,1,30.5096,27
176.5,ue_ujeongwon_0005,gNB_4G_1,-43,gNB_5G,-63,0.32768,2,48.0399,1,39.3448,28
176.5,ue_n001_0005,gNB_4G_1,-39,gNB_4G_2,-84,0.589824,0,-1,0,77.0784,28
176.5,ue_ujeongwon_0006,gNB_4G_1,-45,gNB_4G_2,-71,0.540672,2,44.0399,1,55.5622,28
176.5,ue_n042_0007,gNB_4G_2,-57,gNB_5G,-69,0.8192,2,32.2399,1,40.9426,28
176.5,ue_n043_0006,gNB_4G_2,-64,gNB_5G,-68,0.589824,5,13.6399,1,45.0695,28
176.5,ue_ujeongwon_0007,gNB_4G_1,-45,gNB_4G_2,-70,0.8192,0,-1,0,17.0471,22
176.5,ue_ujeongwon_0008,gNB_4G_1,-48,gNB_4G_2,-61,0.352256,0,-1,0,26.2026,28
176.5,ue_n043_0007,gNB_4G_2,-64,gNB_5G,-65,0.4096,5,8.63993,1,20.7759,22
176.5,ue_ujeongwon_0009,gNB_4G_1,-41,gNB_4G_2,-68,0.589824,2,34.8399,1,29.4311,22
176.5,car_north_base_007_rider,gNB_4G_1,-37,gNB_4G_2,-77,0.434176,0,-1,0,77.3324,28
176.5,car_north_base_008_rider,gNB_4G_2,-43,gNB_4G_1,-51,0.172032,1,10.2399,0,67.2936,28
176.5,ue_n043_0008,gNB_5G,-47,gNB_4G_2,-52,0.73728,2,14.6399,1,64.6286,28
176.5,ue_n001_0008,gNB_4G_1,-44,gNB_5G,-74,0.303104,0,-1,0,57.5485,28
177.5,ue_n001_0006,gNB_4G_1,-39,gNB_5G,-77,0.688128,0,-1,0,60.3185,28
177.5,ue_n042_0008,gNB_4G_2,-59,gNB_5G,-66,0.745472,2,6.83993,1,56.3783,28
177.5,car_north_peak_003_rider,gNB_4G_2,-50,gNB_4G_1,-62,0.622592,3,55.8399,0,-14.2198,0
177.5,ue_n042_0002,gNB_4G_2,-47,gNB_5G,-63,0.688128,4,3.03993,0,59.3818,28
177.5,ue_ujeongwon_0001,gNB_4G_1,-44,gNB_5G,-70,0.385024,0,-1,0,39.3638,28
177.5,ue_n043_0009,gNB_5G,-42,gNB_4G_2,-51,0.745472,2,10.2399,1,63.6978,28
177.5,ue_n043_0010,gNB_4G_2,-53,gNB_5G,-64,0.196608,1,19.6399,0,57.6574,28
177.5,ue_n043_0001,gNB_4G_2,-42,gNB_5G,-54,0.360448,5,74.4399,0,64.6022,28
177.5,ue_n001_0009,gNB_4G_1,-43,gNB_5G,-68,0.581632,0,-1,0,67.4872,28
177.5,ue_n001_0001,gNB_4G_2,-44,gNB_4G_1,-49,0.565248,1,8.83993,0,66.8909,28
177.5,ue_ujeongwon_0002,gNB_4G_1,-44,gNB_4G_2,-85,0.8192,0,-1,0,39.2081,28
177.5,ue_n001_0007,gNB_4G_1,-48,gNB_5G,-81,0.262144,0,-1,0,65.9314,28
177.5,ue_n001_0003,gNB_4G_1,-45,gNB_4G_2,-70,0.540672,0,-1,0,31.0197,24
177.5,car_north_base_001_rider,gNB_4G_2,-48,gNB_5G,-70,0.8192,3,37.8399,0,49.9961,28
177.5,car_north_base_002_rider,gNB_4G_2,-46,gNB_5G,-78,0.8192,3,32.4399,1,47.2871,28
177.5,car_north_base_009,gNB_4G_1,-45,gNB_4G_2,-76,0.270336,0,-1,0,35.5535,28
177.5,ue_n001_0004,gNB_4G_1,-46,gNB_4G_2,-53,0.630784,0,-1,0,66.3549,28
177.5,ue_n043_0003,gNB_4G_2,-44,gNB_5G,-51,0.45056,5,46.4399,0,66.4692,28
177.5,ue_n042_0004,gNB_4G_2,-40,gNB_5G,-58,0.8192,2,116.24,0,54.9415,28
177.5,car_north_base_004,gNB_4G_2,-42,gNB_4G_1,-84,0.131072,5,3.43993,1,28.1582,28
177.5,car_north_base_005,gNB_4G_2,-47,gNB_5G,-60,0.221184,3,0.439928,0,62.9193,28
177.5,ue_n043_0004,gNB_4G_2,-45,gNB_5G,-54,0.745472,9,19.2399,0,66.8477,28
177.5,ue_n001_0010,gNB_4G_1,-47,gNB_5G,-66,0.8192,0,-1,0,45.9612,28
177.5,ue_n043_0005,gNB_4G_2,-46,gNB_5G,-51,0.483328,9,26.2399,1,64.1714,28
177.5,ue_ujeongwon_0004,gNB_4G_1,-45,gNB_5G,-59,0.12288,2,52.8399,1,24.853,22
177.5,ue_ujeongwon_0005,gNB_4G_1,-42,gNB_5G,-63,0.32768,2,49.0399,1,60.4436,28
177.5,ue_n001_0005,gNB_4G_1,-36,gNB_4G_2,-85,0.581632,0,-1,0,77.0736,28
177.5,ue_ujeongwon_0006,gNB_4G_1,-45,gNB_4G_2,-71,0.548864,2,45.0399,1,36.0897,28
177.5,ue_n042_0007,gNB_4G_2,-53,gNB_5G,-68,0.8192,2,33.2399,1,31.8516,28
177.5,ue_n043_0006,gNB_4G_2,-66,gNB_5G,-70,0.581632,5,14.6399,1,45.9823,28
177.5,ue_ujeongwon_0007,gNB_4G_1,-52,gNB_4G_2,-68,0.8192,0,-1,0,31.9494,27
177.5,ue_ujeongwon_0008,gNB_4G_1,-50,gNB_5G,-73,0.360448,0,-1,0,29.7134,27
177.5,ue_n043_0007,gNB_4G_2,-67,gNB_5G,-66,0.4096,5,9.63993,1,26.4288,26
177.5,ue_ujeongwon_0009,gNB_4G_1,-43,gNB_4G_2,-68,0.581632,2,35.8399,1,34.22,28
177.5,car_north_base_007_rider,gNB_4G_1,-39,gNB_4G_2,-77,0.434176,0,-1,0,77.7328,28
177.5,car_north_base_008_rider,gNB_4G_2,-43,gNB_4G_1,-50,0.172032,1,11.2399,0,66.9988,28
177.5,ue_n043_0008,gNB_5G,-44,gNB_4G_2,-49,0.745472,2,15.6399,1,67.2324,28
177.5,ue_n001_0008,gNB_4G_1,-41,gNB_5G,-75,0.303104,0,-1,0,59.3227,28
178.5,ue_n001_0006,gNB_4G_1,-47,gNB_5G,-77,0.679936,0,-1,0,58.9565,28
178.5,ue_n042_0008,gNB_4G_2,-55,gNB_5G,-65,0.745472,2,7.83993,1,38.3192,28
178.5,car_north_peak_003_rider,gNB_4G_1,-60,gNB_4G_2,-76,0.843776,4,0.839928,0,22.6895,22
178.5,ue_n042_0002,gNB_4G_2,-45,gNB_4G_1,-51,0.663552,4,4.03993,0,66.886,28
178.5,ue_ujeongwon_0001,gNB_4G_1,-51,gNB_5G,-69,0.393216,0,-1,0,65.8093,28
178.5,ue_n043_0009,gNB_5G,-44,gNB_4G_2,-52,0.745472,2,11.2399,1,61.1727,28
178.5,ue_n043_0010,gNB_4G_2,-55,gNB_5G,-65,0.2048,1,20.6399,0,31.2308,28
178.5,ue_n043_0001,gNB_4G_2,-45,gNB_5G,-57,0.352256,5,75.4399,0,42.998,28
178.5,ue_n001_0009,gNB_4G_1,-42,gNB_4G_2,-77,0.589824,0,-1,0,65.1927,28
178.5,ue_n001_0001,gNB_4G_2,-44,gNB_4G_1,-48,0.581632,1,9.83993,0,2.54558,7
178.5,ue_ujeongwon_0002,gNB_4G_1,-45,gNB_4G_2,-77,0.8192,0,-1,0,65.5525,28
178.5,ue_n001_0007,gNB_4G_1,-49,gNB_5G,-81,0.262144,0,-1,0,60.1671,28
178.5,ue_n001_0003,gNB_4G_1,-45,gNB_4G_2,-71,0.548864,0,-1,0,55.2069,28
178.5,car_north_base_001_rider,gNB_4G_2,-48,gNB_5G,-70,0.8192,3,38.8399,0,43.6266,28
178.5,car_north_base_002_rider,gNB_4G_2,-46,gNB_5G,-78,0.8192,3,33.4399,1,46.7479,28
178.5,car_north_base_009,gNB_4G_1,-47,gNB_4G_2,-78,0.319488,0,-1,0,33.6996,28
178.5,ue_n001_0004,gNB_4G_1,-43,gNB_4G_2,-50,0.630784,0,-1,0,62.5695,28
178.5,ue_n043_0003,gNB_4G_2,-44,gNB_5G,-53,0.458752,5,47.4399,0,68.8447,28
178.5,ue_n042_0004,gNB_4G_2,-41,gNB_5G,-61,0.8192,2,117.24,0,59.8893,28
178.5,car_north_base_004,gNB_4G_2,-46,gNB_4G_1,-73,0.139264,5,4.43993,1,44.5865,28
178.5,car_north_base_005,gNB_4G_2,-48,gNB_5G,-53,0.229376,3,1.43993,0,60.3355,28
178.5,ue_n043_0004,gNB_4G_2,-44,gNB_5G,-55,0.745472,9,20.2399,0,66.1586,28
178.5,ue_n001_0010,gNB_4G_1,-46,gNB_5G,-70,0.8192,0,-1,0,41.3086,28
178.5,ue_n043_0005,gNB_4G_2,-47,gNB_5G,-48,0.483328,9,27.2399,1,65.6459,28
178.5,ue_ujeongwon_0004,gNB_4G_1,-45,gNB_5G,-61,0.114688,2,53.8399,1,26.8612,23
178.5,ue_ujeongwon_0005,gNB_4G_1,-43,gNB_5G,-64,0.32768,2,50.0399,1,64.655,28
178.5,ue_n001_0005,gNB_4G_1,-38,gNB_5G,-72,0.589824,0,-1,0,78.5335,28
178.5,ue_ujeongwon_0006,gNB_4G_1,-45,gNB_4G_2,-71,0.548864,2,46.0399,1,63.5959,28
178.5,ue_n043_0006,gNB_4G_2,-65,gNB_5G,-67,0.589824,5,15.6399,1,37.6513,28
178.5,ue_ujeongwon_0007,gNB_4G_1,-47,gNB_4G_2,-70,0.8192,0,-1,0,26.6676,28
178.5,ue_ujeongwon_0008,gNB_4G_1,-47,gNB_4G_2,-71,0.352256,0,-1,0,16.7794,22
178.5,ue_n043_0007,gNB_4G_2,-67,gNB_5G,-65,0.4096,5,10.6399,1,28.5795,25
178.5,ue_ujeongwon_0009,gNB_4G_1,-43,gNB_4G_2,-67,0.581632,2,36.8399,1,60.6796,28
178.5,car_north_base_007_rider,gNB_4G_1,-36,gNB_4G_2,-77,0.425984,0,-1,0,78.3757,28
178.5,car_north_base_008_rider,gNB_4G_2,-44,gNB_4G_1,-51,0.172032,1,12.2399,0,33.9813,28
178.5,ue_n043_0008,gNB_5G,-48,gNB_4G_2,-48,0.745472,2,16.6399,1,68.6796,28
178.5,ue_n001_0008,gNB_4G_1,-50,gNB_5G,-75,0.303104,0,-1,0,61.2553,28
179.5,ue_n001_0006,gNB_4G_1,-40,gNB_5G,-78,0.679936,0,-1,0,60.6624,28
179.5,ue_n042_0008,gNB_4G_2,-55,gNB_5G,-69,0.745472,2,8.83993,1,57.2826,28
179.5,car_north_peak_003_rider,gNB_4G_1,-64,gNB_4G_2,-80,0.8192,4,1.83993,0,47.6853,28
179.5,ue_n042_0002,gNB_4G_2,-45,gNB_4G_1,-51,0.688128,4,5.03993,0,17.3622,22
179.5,ue_ujeongwon_0001,gNB_4G_1,-46,gNB_5G,-66,0.393216,0,-1,0,55.9985,28
179.5,ue_n043_0009,gNB_5G,-48,gNB_4G_2,-53,0.745472,2,12.2399,1,65.8434,28
179.5,ue_n043_0010,gNB_4G_2,-55,gNB_5G,-65,0.196608,1,21.6399,0,33.2938,28
179.5,ue_n043_0001,gNB_4G_2,-44,gNB_5G,-53,0.360448,5,76.4399,0,65.562,28
179.5,ue_n001_0009,gNB_4G_1,-47,gNB_5G,-80,0.581632,0,-1,0,39.1779,28
179.5,ue_n001_0001,gNB_4G_2,-45,gNB_4G_1,-47,0.57344,1,10.8399,0,9.52034,8
179.5,ue_ujeongwon_0002,gNB_4G_1,-54,gNB_4G_2,-77,0.8192,0,-1,0,45.749,28
179.5,ue_n001_0007,gNB_4G_1,-46,gNB_5G,-81,0.262144,0,-1,0,58.0073,28
179.5,ue_n001_0003,gNB_4G_1,-45,gNB_4G_2,-71,0.548864,0,-1,0,63.593,28
179.5,car_north_base_001_rider,gNB_4G_2,-48,gNB_5G,-72,0.8192,3,39.8399,0,25.4154,18
179.5,car_north_base_002_rider,gNB_4G_2,-46,gNB_5G,-78,0.8192,3,34.4399,1,63.1061,28
179.5,car_north_base_009,gNB_4G_1,-46,gNB_4G_2,-76,0.311296,0,-1,0,62.6814,28
179.5,ue_n001_0004,gNB_4G_1,-41,gNB_4G_2,-53,0.622592,0,-1,0,66.8282,28
179.5,ue_n043_0003,gNB_4G_2,-42,gNB_5G,-50,0.45056,5,48.4399,0,64.0668,28
179.5,ue_n042_0004,gNB_4G_2,-43,gNB_5G,-60,0.8192,2,118.24,0,70.7282,28
179.5,car_north_base_004,gNB_4G_2,-50,gNB_5G,-64,0.131072,5,5.43993,1,32.185,28
179.5,car_north_base_005,gNB_4G_2,-50,gNB_4G_1,-85,0.229376,3,2.43993,0,64.0286,28
179.5,ue_n043_0004,gNB_4G_2,-44,gNB_5G,-51,0.745472,9,21.2399,0,15.9365,21
179.5,ue_n001_0010,gNB_4G_1,-46,gNB_5G,-69,0.8192,0,-1,0,43.2174,28
179.5,ue_n043_0005,gNB_4G_2,-45,gNB_5G,-54,0.483328,9,28.2399,1,66.8477,28
179.5,ue_ujeongwon_0004,gNB_4G_1,-48,gNB_5G,-61,0.12288,2,54.8399,1,24.2004,24
179.5,ue_ujeongwon_0005,gNB_4G_1,-48,gNB_5G,-61,0.32768,2,51.0399,1,55.5428,28
179.5,ue_n001_0005,gNB_4G_1,-37,gNB_5G,-61,0.581632,0,-1,0,72.9274,28
179.5,ue_ujeongwon_0006,gNB_4G_1,-45,gNB_4G_2,-70,0.540672,2,47.0399,1,64.7626,28
179.5,ue_n043_0006,gNB_4G_2,-61,gNB_5G,-70,0.581632,5,16.6399,1,48.7497,28
179.5,ue_ujeongwon_0007,gNB_4G_1,-50,gNB_4G_2,-69,0.8192,0,-1,0,30.3296,28
179.5,ue_ujeongwon_0008,gNB_4G_1,-52,gNB_4G_2,-68,0.360448,0,-1,0,61.6379,28
179.5,ue_n043_0007,gNB_4G_2,-66,gNB_5G,-66,0.4096,5,11.6399,1,43.3437,28
179.5,ue_ujeongwon_0009,gNB_4G_1,-43,gNB_4G_2,-69,0.589824,2,37.8399,1,44.6572,28
179.5,car_north_base_007_rider,gNB_4G_1,-37,gNB_4G_2,-76,0.434176,0,-1,0,51.4443,28
179.5,car_north_base_008_rider,gNB_4G_2,-42,gNB_4G_1,-53,0.172032,1,13.2399,0,63.7374,28
179.5,ue_n043_0008,gNB_5G,-44,gNB_4G_2,-52,0.745472,2,17.6399,1,67.489,28
179.5,ue_n001_0008,gNB_4G_1,-55,gNB_5G,-87,0.303104,0,-1,0,66.6718,28
180.5,ue_n001_0006,gNB_4G_1,-38,gNB_4G_2,-84,0.679936,0,-1,0,54.3287,28
180.5,ue_n042_0008,gNB_4G_2,-54,gNB_5G,-69,0.745472,2,9.83993,1,47.2035,28
180.5,car_north_peak_003_rider,gNB_4G_1,-58,gNB_4G_2,-68,0.8192,4,2.83993,0,40.2068,28
180.5,ue_n042_0002,gNB_4G_2,-46,gNB_4G_1,-51,0.679936,4,6.03993,0,18.1551,22
180.5,ue_ujeongwon_0001,gNB_4G_1,-47,gNB_4G_2,-70,0.385024,0,-1,0,46.5094,28
180.5,ue_n043_0009,gNB_5G,-47,gNB_4G_2,-51,0.745472,2,13.2399,1,67.8963,28
180.5,ue_n043_0010,gNB_4G_2,-54,gNB_5G,-67,0.196608,1,22.6399,0,28.6414,28
180.5,ue_n043_0001,gNB_4G_2,-45,gNB_5G,-56,0.352256,5,77.4399,0,47.2923,28
180.5,ue_n001_0009,gNB_4G_1,-45,gNB_5G,-79,0.589824,0,-1,0,44.8655,28
180.5,ue_n001_0001,gNB_4G_2,-52,gNB_4G_1,-51,0.548864,1,11.8399,0,65.3286,28
180.5,ue_ujeongwon_0002,gNB_4G_1,-50,gNB_4G_2,-79,0.8192,0,-1,0,66.5384,28
180.5,ue_n001_0007,gNB_4G_1,-46,gNB_5G,-81,0.270336,0,-1,0,53.9601,28
180.5,ue_n001_0003,gNB_4G_1,-45,gNB_4G_2,-71,0.540672,0,-1,0,31.311,28
180.5,car_north_base_001_rider,gNB_4G_2,-47,gNB_4G_1,-60,0.811008,3,40.8399,0,27.0736,26
180.5,car_north_base_002_rider,gNB_4G_2,-48,gNB_5G,-78,0.8192,3,35.4399,1,48.7639,28
180.5,car_north_base_009,gNB_4G_1,-48,gNB_4G_2,-77,0.311296,0,-1,0,33.6654,28
180.5,ue_n001_0004,gNB_4G_1,-44,gNB_4G_2,-59,0.622592,0,-1,0,67.415,28
180.5,ue_n043_0003,gNB_4G_2,-47,gNB_5G,-51,0.458752,5,49.4399,0,20.7628,28
180.5,ue_n042_0009,gNB_4G_2,nan,,-140,0.073728,0,-1,0,42.4851,28
180.5,ue_n042_0004,gNB_4G_2,-42,gNB_5G,-61,0.8192,2,119.24,0,59.3072,28
180.5,car_north_base_004,gNB_4G_1,-60,gNB_5G,-62,0.12288,6,0.639928,0,19.4909,23
180.5,car_north_base_005,gNB_4G_2,-47,gNB_4G_1,-74,0.229376,3,3.43993,0,61.1093,28
180.5,ue_n043_0004,gNB_4G_2,-42,gNB_5G,-54,0.745472,9,22.2399,0,14.3413,16
180.5,ue_n001_0010,gNB_4G_1,-45,gNB_5G,-71,0.8192,0,-1,0,59.17,28
180.5,ue_n043_0005,gNB_4G_2,-44,gNB_5G,-55,0.483328,9,29.2399,1,66.1586,28
180.5,ue_ujeongwon_0004,gNB_4G_1,-51,gNB_5G,-60,0.114688,2,55.8399,1,21.7179,23
180.5,ue_ujeongwon_0005,gNB_4G_1,-43,gNB_5G,-61,0.32768,2,52.0399,1,64.2522,28
180.5,ue_n001_0005,gNB_4G_1,-37,gNB_5G,-64,0.581632,0,-1,0,76.1966,28
180.5,ue_ujeongwon_0006,gNB_4G_1,-43,gNB_4G_2,-72,0.434176,2,48.0399,1,0.34572,2
180.5,ue_n043_0006,gNB_4G_2,-61,gNB_5G,-68,0.581632,5,17.6399,1,49.7969,28
180.5,ue_ujeongwon_0007,gNB_4G_1,-46,gNB_4G_2,-71,0.8192,0,-1,0,38.4775,27
180.5,ue_ujeongwon_0008,gNB_4G_1,-52,gNB_4G_2,-73,0.352256,0,-1,0,64.503,28
180.5,ue_n043_0007,gNB_4G_2,-67,gNB_5G,-77,0.4096,5,12.6399,1,28.7212,25
180.5,ue_ujeongwon_0009,gNB_4G_1,-43,gNB_4G_2,-79,0.581632,2,38.8399,1,29.0881,27
180.5,car_north_base_007_rider,gNB_4G_1,-38,gNB_4G_2,-79,0.434176,0,-1,0,34.07,28
180.5,car_north_base_008_rider,gNB_4G_2,-45,gNB_4G_1,-52,0.172032,1,14.2399,0,51.1133,28
180.5,ue_n043_0008,gNB_5G,-47,gNB_4G_2,-52,0.745472,2,18.6399,1,63.3347,28
180.5,ue_n001_0008,gNB_4G_1,-47,gNB_5G,-79,0.303104,0,-1,0,68.4861,28
181.5,ue_n001_0006,gNB_4G_1,-38,gNB_4G_2,-83,0.688128,0,-1,0,58.5524,28
181.5,ue_n042_0008,gNB_4G_2,-63,gNB_5G,-63,0.745472,2,10.8399,1,50.3566,28
181.5,car_north_peak_003_rider,gNB_4G_1,-66,gNB_5G,-96,0.8192,4,3.83993,0,35.3274,28
181.5,ue_n042_0002,gNB_4G_2,-46,gNB_4G_1,-52,0.679936,4,7.03993,0,15.0569,14
181.5,ue_ujeongwon_0001,gNB_4G_1,-47,gNB_5G,-71,0.393216,0,-1,0,67.4749,28
181.5,ue_n043_0009,gNB_5G,-44,gNB_4G_2,-51,0.745472,2,14.2399,1,62.9337,28
181.5,ue_n043_0010,gNB_4G_2,-54,gNB_5G,-67,0.2048,1,23.6399,0,54.721,28
181.5,ue_n043_0001,gNB_4G_2,-51,gNB_5G,-53,0.360448,5,78.4399,0,55.0144,28
181.5,ue_n001_0009,gNB_4G_1,-44,gNB_5G,-77,0.581632,0,-1,0,60.7901,28
181.5,ue_n001_0001,gNB_4G_2,-42,gNB_4G_1,-51,0.589824,1,12.8399,0,61.812,28
181.5,ue_ujeongwon_0002,gNB_4G_1,-45,gNB_4G_2,-78,0.8192,0,-1,0,65.2322,28
181.5,ue_n001_0007,gNB_4G_1,-42,gNB_4G_2,-87,0.262144,0,-1,0,62.4117,28
181.5,ue_n001_0003,gNB_4G_1,-43,gNB_4G_2,-72,0.45056,0,-1,0,29.9755,28
181.5,car_north_base_001_rider,gNB_4G_2,-47,gNB_4G_1,-57,0.827392,3,41.8399,0,60.583,28
181.5,car_north_base_002_rider,gNB_4G_2,-48,gNB_5G,-78,0.8192,3,36.4399,1,49.9123,28
181.5,car_north_base_009,gNB_4G_1,-49,gNB_5G,-74,0.319488,0,-1,0,58.601,28
181.5,ue_n001_0004,gNB_4G_1,-44,gNB_4G_2,-52,0.630784,0,-1,0,67.9,28
181.5,ue_n043_0003,gNB_4G_2,-42,gNB_5G,-54,0.45056,5,50.4399,0,68.5717,28
181.5,ue_n042_0009,gNB_4G_2,-74,gNB_5G,-80,0.155648,0,-1,0,43.3452,28
181.5,ue_n042_0004,gNB_4G_2,-40,gNB_5G,-61,0.8192,2,120.24,0,54.3513,28
181.5,car_north_base_004,gNB_5G,-70,gNB_4G_2,-70,0.131072,7,0.839928,0,40.2966,28
181.5,car_north_base_005,gNB_4G_2,-50,gNB_4G_1,-75,0.229376,3,4.43993,0,61.6133,28
181.5,ue_n043_0004,gNB_4G_2,-47,gNB_5G,-55,0.745472,9,23.2399,0,20.2956,24
181.5,ue_n001_0010,gNB_4G_1,-47,gNB_5G,-68,0.8192,0,-1,0,62.5693,28
181.5,ue_n043_0005,gNB_4G_2,-45,gNB_5G,-51,0.483328,9,30.2399,1,68.7324,28
181.5,ue_ujeongwon_0004,gNB_4G_1,-48,gNB_5G,-61,0.12288,2,56.8399,1,60.0213,28
181.5,ue_ujeongwon_0005,gNB_4G_1,-46,gNB_5G,-62,0.32768,2,53.0399,1,69.6445,28
181.5,ue_n001_0005,gNB_4G_1,-37,gNB_5G,-69,0.589824,0,-1,0,77.1575,28
181.5,ue_ujeongwon_0006,gNB_5G,-62,gNB_4G_2,-73,0.417792,3,0.239928,0,18.9395,23
181.5,ue_n043_0006,gNB_4G_2,-59,gNB_5G,-67,0.589824,5,18.6399,1,54.6373,28
181.5,ue_ujeongwon_0007,gNB_4G_1,-44,gNB_4G_2,-70,0.811008,0,-1,0,34.6863,23
181.5,ue_ujeongwon_0008,gNB_4G_1,-47,gNB_4G_2,-71,0.360448,0,-1,0,30.9029,28
181.5,ue_n043_0007,gNB_4G_2,-65,gNB_5G,-70,0.4096,5,13.6399,1,24.298,26
181.5,ue_ujeongwon_0009,gNB_4G_1,-43,gNB_4G_2,-73,0.589824,2,39.8399,1,27.0321,28
181.5,car_north_base_007_rider,gNB_4G_1,-40,gNB_5G,-76,0.425984,0,-1,0,68.1485,28
181.5,car_north_base_008_rider,gNB_4G_2,-43,gNB_5G,-56,0.16384,1,15.2399,0,70.0453,28
181.5,ue_n043_0008,gNB_5G,-50,gNB_4G_2,-50,0.745472,2,19.6399,1,62.1671,28
181.5,ue_n001_0008,gNB_4G_1,-45,gNB_5G,-79,0.303104,0,-1,0,69.4115,28
182.5,ue_n001_0006,gNB_4G_1,-45,gNB_4G_2,-83,0.679936,0,-1,0,75.6384,28
182.5,ue_n042_0008,gNB_4G_2,-61,gNB_5G,-69,0.745472,2,11.8399,1,49.4431,28
182.5,car_north_peak_003_rider,gNB_4G_1,-74,gNB_5G,-98,0.638976,4,4.83993,0,-2.81314,2
182.5,ue_n042_0002,gNB_4G_2,-46,gNB_4G_1,-51,0.688128,4,8.03993,0,66.886,28
182.5,ue_ujeongwon_0001,gNB_4G_1,-48,gNB_4G_2,-63,0.385024,0,-1,0,64.9239,28
182.5,ue_n043_0009,gNB_5G,-45,gNB_4G_2,-52,0.745472,2,15.2399,1,64.6609,28
182.5,ue_n043_0010,gNB_4G_2,-55,gNB_4G_1,-66,0.188416,1,24.6399,0,54.8701,28
182.5,ue_n043_0001,gNB_4G_2,-43,gNB_5G,-53,0.352256,5,79.4399,0,60.3398,28
182.5,ue_n001_0009,gNB_4G_1,-45,gNB_5G,-76,0.581632,0,-1,0,64.3833,28
182.5,ue_n001_0001,gNB_4G_2,-47,gNB_4G_1,-53,0.581632,1,13.8399,0,20.4613,22
182.5,ue_ujeongwon_0002,gNB_4G_1,-56,gNB_4G_2,-76,0.8192,0,-1,0,42.559,28
182.5,ue_n001_0007,gNB_4G_1,-43,gNB_4G_2,-76,0.262144,0,-1,0,66.2338,28
182.5,ue_n001_0003,gNB_5G,-62,gNB_4G_2,-74,0.425984,1,0.239928,0,18.3998,24
182.5,car_north_base_001_rider,gNB_4G_2,-48,gNB_4G_1,-55,0.8192,3,42.8399,0,47.7289,28
182.5,car_north_base_002_rider,gNB_4G_2,-48,gNB_5G,-78,0.8192,3,37.4399,1,44.1962,28
182.5,car_north_base_009,gNB_4G_1,-47,gNB_5G,-73,0.311296,0,-1,0,61.4087,28
182.5,ue_n001_0004,gNB_4G_1,-43,gNB_4G_2,-50,0.630784,0,-1,0,64.3559,28
182.5,ue_n043_0003,gNB_4G_2,-42,gNB_5G,-55,0.458752,5,51.4399,0,44.8465,28
182.5,ue_n042_0009,gNB_4G_2,-68,gNB_5G,-65,0.155648,0,-1,0,20.5428,24
182.5,ue_n042_0004,gNB_4G_2,-42,gNB_5G,-60,0.8192,2,121.24,0,51.7647,28
182.5,car_north_base_004,gNB_4G_1,-60,gNB_5G,-71,0.131072,8,0.839928,1,47.8253,28
182.5,car_north_base_005,gNB_4G_2,-49,gNB_5G,-65,0.221184,3,5.43993,0,50.8937,28
182.5,ue_n043_0004,gNB_4G_2,-46,gNB_5G,-51,0.745472,9,24.2399,0,62.1202,28
182.5,ue_n001_0010,gNB_4G_1,-52,gNB_5G,-66,0.8192,0,-1,0,38.6773,28
182.5,ue_n043_0005,gNB_4G_2,-42,gNB_5G,-55,0.475136,9,31.2399,1,63.3822,28
182.5,ue_ujeongwon_0004,gNB_4G_1,-45,gNB_5G,-62,0.114688,2,57.8399,1,25.8993,24
182.5,ue_ujeongwon_0005,gNB_4G_1,-43,gNB_5G,-62,0.32768,2,54.0399,1,67.1707,28
182.5,ue_n001_0005,gNB_4G_1,-37,gNB_5G,-66,0.581632,0,-1,0,76.8114,28
182.5,ue_ujeongwon_0006,gNB_4G_1,-55,gNB_4G_2,-72,0.360448,5,0.0399284,0,55.0101,28
182.5,ue_n043_0006,gNB_4G_2,-56,gNB_5G,-66,0.581632,5,19.6399,1,36.2155,28
182.5,ue_ujeongwon_0007,gNB_4G_1,-51,gNB_4G_2,-69,0.827392,0,-1,0,30.1359,28
182.5,ue_ujeongwon_0008,gNB_4G_1,-45,gNB_5G,-73,0.352256,0,-1,0,66.2752,28
182.5,ue_n043_0007,gNB_4G_2,-66,gNB_5G,-67,0.4096,5,14.6399,1,25.8336,27
182.5,ue_ujeongwon_0009,gNB_4G_1,-45,gNB_4G_2,-73,0.581632,2,40.8399,1,67.1564,28
182.5,car_north_base_007_rider,gNB_4G_1,-42,gNB_5G,-75,0.434176,0,-1,0,45.125,28
182.5,car_north_base_008_rider,gNB_4G_2,-41,gNB_5G,-57,0.172032,1,16.2399,0,67.2662,28
182.5,ue_n043_0008,gNB_5G,-47,gNB_4G_2,-50,0.745472,2,20.6399,1,67.6074,28
182.5,ue_n001_0008,gNB_4G_1,-45,gNB_5G,-81,0.303104,0,-1,0,59.2753,28
183.5,car_north_peak_006,gNB_4G_2,-84,gNB_5G,-106,0.04096,0,-1,0,-28.1498,0
183.5,ue_n001_0006,gNB_4G_1,-36,gNB_4G_2,-85,0.679936,0,-1,0,23.5938,25
183.5,ue_n042_0008,gNB_4G_2,-61,gNB_5G,-66,0.745472,2,12.8399,1,33.7848,28
183.5,car_north_peak_003_rider,gNB_5G,-67,gNB_4G_1,-83,0.6144,5,0.439928,0,36.4943,28
183.5,ue_n042_0002,gNB_4G_2,-46,gNB_4G_1,-51,0.663552,4,9.03993,0,62.6264,28
183.5,ue_ujeongwon_0001,gNB_4G_1,-46,gNB_4G_2,-62,0.393216,0,-1,0,65.3761,28
183.5,ue_n043_0009,gNB_5G,-47,gNB_4G_2,-51,0.745472,2,16.2399,1,66.6404,28
183.5,ue_n043_0010,gNB_4G_2,-56,gNB_4G_1,-58,0.172032,1,25.6399,0,10.2507,15
183.5,ue_n043_0001,gNB_4G_2,-50,gNB_5G,-55,0.360448,5,80.4399,0,69.5584,28
183.5,ue_n001_0009,gNB_4G_1,-45,gNB_5G,-75,0.589824,0,-1,0,62.3312,28
183.5,ue_n001_0001,gNB_4G_2,-41,gNB_4G_1,-47,0.581632,1,14.8399,0,63.8201,28
183.5,ue_ujeongwon_0002,gNB_4G_1,-51,gNB_5G,-72,0.8192,0,-1,0,36.729,28
183.5,ue_n001_0007,gNB_4G_1,-51,gNB_4G_2,-75,0.262144,0,-1,0,62.6993,28
183.5,ue_n001_0003,gNB_4G_1,-54,gNB_4G_2,-72,0.401408,3,0.0399284,0,39.2864,28
183.5,car_north_base_001_rider,gNB_4G_2,-54,gNB_4G_1,-55,0.8192,3,43.8399,0,52.2589,28
183.5,car_north_base_002_rider,gNB_4G_2,-51,gNB_5G,-78,0.8192,3,38.4399,1,49.2277,28
183.5,car_north_base_009,gNB_4G_1,-49,gNB_5G,-73,0.319488,0,-1,0,57.1159,28
183.5,ue_n001_0004,gNB_4G_1,-45,gNB_4G_2,-54,0.630784,0,-1,0,23.5173,26
183.5,ue_n043_0003,gNB_4G_2,-43,gNB_5G,-56,0.45056,5,52.4399,0,66.2692,28
183.5,ue_n042_0009,gNB_4G_2,-66,gNB_5G,-65,0.16384,0,-1,0,45.6088,28
183.5,ue_n042_0004,gNB_4G_2,-46,gNB_5G,-57,0.8192,2,122.24,0,62.9035,28
183.5,car_north_base_004,gNB_4G_1,-59,gNB_5G,-69,0.12288,8,1.83993,1,7.39393,13
183.5,car_north_base_005,gNB_4G_2,-59,gNB_5G,-61,0.229376,3,6.43993,0,14.6712,20
183.5,ue_n043_0004,gNB_4G_2,-48,gNB_5G,-49,0.745472,9,25.2399,0,65.7043,28
183.5,ue_n001_0010,gNB_4G_1,-47,gNB_5G,-68,0.8192,0,-1,0,61.6627,28
183.5,ue_n043_0005,gNB_4G_2,-47,gNB_5G,-55,0.483328,9,32.2399,1,58.963,28
183.5,ue_ujeongwon_0004,gNB_4G_1,-47,gNB_4G_2,-65,0.12288,2,58.8399,1,65.0734,28
183.5,ue_ujeongwon_0005,gNB_4G_1,-44,gNB_5G,-63,0.32768,2,55.0399,1,68.9059,28
183.5,ue_n001_0005,gNB_4G_1,-38,gNB_5G,-68,0.589824,0,-1,0,72.7715,28
183.5,ue_ujeongwon_0006,gNB_4G_1,-49,gNB_4G_2,-72,0.548864,5,1.03993,0,25.8742,23
183.5,ue_n043_0006,gNB_4G_2,-54,gNB_5G,-68,0.589824,5,20.6399,1,57.1939,28
183.5,ue_ujeongwon_0007,gNB_4G_1,-50,gNB_4G_2,-72,0.8192,0,-1,0,25.8241,27
183.5,ue_ujeongwon_0008,gNB_4G_1,-46,gNB_4G_2,-72,0.360448,0,-1,0,57.6599,28
183.5,ue_n043_0007,gNB_4G_2,-65,gNB_5G,-67,0.4096,5,15.6399,1,31.6041,27
183.5,ue_ujeongwon_0009,gNB_4G_1,-44,gNB_4G_2,-72,0.589824,2,41.8399,1,32.1487,28
183.5,car_north_base_007_rider,gNB_4G_1,-43,gNB_5G,-73,0.425984,0,-1,0,34.0125,28
183.5,ue_ujeongwon_0010,gNB_4G_2,nan,,-140,0.253952,0,-1,0,-13.3385,0
183.5,car_north_base_008_rider,gNB_4G_2,-43,gNB_5G,-56,0.172032,1,17.2399,0,31.4097,27
183.5,ue_n043_0008,gNB_5G,-47,gNB_4G_2,-50,0.745472,2,21.6399,1,65.9611,28
183.5,ue_n001_0008,gNB_4G_1,-50,gNB_5G,-81,0.303104,0,-1,0,57.9948,28
184.5,car_north_peak_006,gNB_4G_1,-48,gNB_4G_2,-78,0.196608,0,-1,0,35.5535,28
184.5,ue_n001_0006,gNB_4G_1,-64,gNB_4G_2,-85,0.688128,0,-1,0,36.3606,28
184.5,ue_n042_0008,gNB_4G_2,-56,gNB_5G,-65,0.745472,2,13.8399,1,41.0255,28
184.5,car_north_peak_003_rider,gNB_5G,-74,gNB_4G_1,-85,0.8192,5,1.43993,0,36.1865,28
184.5,ue_n042_0002,gNB_4G_2,-46,gNB_4G_1,-52,0.688128,4,10.0399,0,64.8449,28
184.5,ue_ujeongwon_0001,gNB_4G_1,-48,gNB_4G_2,-60,0.393216,0,-1,0,65.9689,28
184.5,ue_n043_0009,gNB_5G,-45,gNB_4G_2,-49,0.73728,2,17.2399,1,65.7159,28
184.5,ue_n043_0010,gNB_4G_2,-54,gNB_4G_1,-60,0.2048,1,26.6399,0,56.6805,28
184.5,ue_n043_0001,gNB_4G_2,-42,gNB_5G,-54,0.352256,5,81.4399,0,66.4613,28
184.5,ue_n001_0009,gNB_4G_1,-45,gNB_5G,-75,0.581632,0,-1,0,64.8091,28
184.5,ue_n001_0001,gNB_4G_2,-47,gNB_4G_1,-47,0.565248,1,15.8399,0,66.5023,28
184.5,ue_ujeongwon_0002,gNB_4G_1,-48,gNB_5G,-71,0.8192,0,-1,0,67.4731,28
184.5,ue_n001_0007,gNB_4G_1,-50,gNB_4G_2,-76,0.270336,0,-1,0,37.0166,28
184.5,ue_n001_0003,gNB_4G_1,-49,gNB_4G_2,-71,0.548864,3,1.03993,0,25.8725,23
184.5,car_north_base_001_rider,gNB_4G_2,-50,gNB_5G,-64,0.8192,3,44.8399,0,56.3699,28
184.5,car_north_base_002_rider,gNB_4G_2,-48,gNB_5G,-78,0.8192,3,39.4399,1,43.9254,28
184.5,car_north_base_009,gNB_4G_1,-53,gNB_5G,-75,0.311296,0,-1,0,32.4366,28
184.5,ue_n001_0004,gNB_4G_1,-45,gNB_4G_2,-56,0.630784,0,-1,0,67.2927,28
184.5,ue_n043_0003,gNB_4G_2,-46,gNB_5G,-52,0.458752,5,53.4399,0,19.8007,22
184.5,ue_n042_0009,gNB_4G_2,-65,gNB_5G,-66,0.155648,0,-1,0,45.7854,28
184.5,ue_n042_0004,gNB_4G_2,-43,gNB_5G,-57,0.8192,2,123.24,0,53.2734,28
184.5,car_north_base_004,gNB_5G,-80,gNB_4G_1,-92,0.131072,9,0.839928,1,26.9376,28
184.5,car_north_base_005,gNB_5G,-66,gNB_4G_2,-82,0.229376,4,0.839928,0,42.5868,28
184.5,ue_n043_0004,gNB_4G_2,-45,gNB_5G,-51,0.745472,9,26.2399,0,65.1509,28
184.5,ue_n001_0010,gNB_4G_1,-44,gNB_5G,-70,0.8192,0,-1,0,65.1351,28
184.5,ue_n043_0005,gNB_4G_2,-46,gNB_5G,-51,0.483328,9,33.2399,1,66.3997,28
184.5,ue_ujeongwon_0004,gNB_4G_1,-48,gNB_5G,-62,0.114688,2,59.8399,1,18.1413,22
184.5,ue_ujeongwon_0005,gNB_4G_1,-41,gNB_5G,-62,0.32768,2,56.0399,1,29.2689,26
184.5,ue_n001_0005,gNB_4G_1,-38,gNB_5G,-64,0.581632,0,-1,0,76.9961,28
184.5,ue_ujeongwon_0006,gNB_4G_1,-46,gNB_4G_2,-68,0.548864,5,2.03993,0,63.4757,28
184.5,ue_n043_0006,gNB_4G_2,-54,gNB_5G,-68,0.581632,5,21.6399,1,48.5602,28
184.5,ue_ujeongwon_0007,gNB_4G_1,-49,gNB_4G_2,-72,0.8192,0,-1,0,53.0073,28
184.5,ue_ujeongwon_0008,gNB_4G_1,-49,gNB_4G_2,-69,0.352256,0,-1,0,30.862,25
184.5,ue_n043_0007,gNB_4G_2,-63,gNB_5G,-67,0.4096,5,16.6399,1,24.0783,26
184.5,ue_ujeongwon_0009,gNB_4G_1,-46,gNB_4G_2,-71,0.581632,2,42.8399,1,35.2146,27
184.5,car_north_base_007_rider,gNB_4G_1,-44,gNB_5G,-73,0.434176,0,-1,0,41.8591,28
184.5,ue_ujeongwon_0010,gNB_4G_1,-55,gNB_4G_2,-74,0.598016,0,-1,0,22.3279,28
184.5,car_north_base_008_rider,gNB_4G_2,-43,gNB_5G,-57,0.172032,1,18.2399,0,33.5655,28
184.5,ue_n043_0008,gNB_5G,-47,gNB_4G_2,-52,0.745472,2,22.6399,1,65.6015,28
184.5,ue_n001_0008,gNB_4G_1,-43,gNB_4G_2,-105,0.303104,0,-1,0,53.9683,28
185.5,car_north_peak_006,gNB_4G_1,-47,gNB_4G_2,-78,0.180224,0,-1,0,37.9833,28
185.5,ue_n001_0006,gNB_4G_1,-62,gNB_4G_2,-84,0.679936,0,-1,0,25.1823,28
185.5,ue_n042_0008,gNB_4G_2,-58,gNB_5G,-69,0.73728,2,14.8399,1,56.9503,28
185.5,car_north_peak_003_rider,gNB_5G,-75,gNB_4G_1,-84,0.8192,5,2.43993,0,41.2926,28
185.5,ue_n042_0002,gNB_4G_2,-46,gNB_4G_1,-51,0.671744,4,11.0399,0,19.5399,16
185.5,ue_ujeongwon_0001,gNB_4G_1,-54,gNB_4G_2,-62,0.385024,0,-1,0,21.4401,23
185.5,ue_n043_0009,gNB_5G,-45,gNB_4G_2,-51,0.745472,2,18.2399,1,62.7695,28
185.5,ue_n043_0010,gNB_4G_2,-54,gNB_4G_1,-59,0.196608,1,27.6399,0,57.7006,28
185.5,ue_n043_0001,gNB_4G_2,-44,gNB_5G,-52,0.360448,5,82.4399,0,67.0495,28
185.5,ue_n001_0009,gNB_4G_1,-45,gNB_5G,-77,0.589824,0,-1,0,53.9906,28
185.5,ue_n001_0001,gNB_4G_2,-43,gNB_4G_1,-48,0.581632,1,16.8399,0,13.5361,15
185.5,ue_ujeongwon_0002,gNB_4G_1,-51,gNB_5G,-70,0.8192,0,-1,0,37.8412,28
185.5,ue_n001_0007,gNB_4G_1,-58,gNB_4G_2,-77,0.262144,0,-1,0,66.2475,28
185.5,ue_n001_0003,gNB_4G_1,-46,gNB_4G_2,-67,0.548864,3,2.03993,0,59.1133,28
185.5,car_north_base_001_rider,gNB_4G_2,-49,gNB_5G,-65,0.8192,3,45.8399,0,56.4776,28
185.5,car_north_base_002_rider,gNB_4G_2,-51,gNB_5G,-78,0.8192,3,40.4399,1,48.523,28
185.5,car_north_base_009,gNB_4G_1,-49,gNB_5G,-74,0.319488,0,-1,0,18.6201,17
185.5,ue_n001_0004,gNB_4G_1,-46,gNB_4G_2,-56,0.622592,0,-1,0,11.5759,13
185.5,ue_n043_0003,gNB_4G_2,-46,gNB_5G,-50,0.458752,5,54.4399,0,41.4679,28
185.5,ue_n042_0009,gNB_4G_2,-65,gNB_5G,-68,0.155648,0,-1,0,23.5154,25
185.5,ue_n042_0004,gNB_4G_2,-44,gNB_5G,-58,0.8192,2,124.24,0,55.2878,28
185.5,car_north_base_004,gNB_5G,-84,gNB_4G_2,-93,0.139264,9,1.83993,1,6.29222,28
185.5,car_north_base_005,gNB_4G_1,-58,gNB_5G,-68,0.221184,5,0.639928,0,10.2304,16
185.5,ue_n043_0004,gNB_4G_2,-46,gNB_4G_1,-51,0.73728,9,27.2399,0,7.78205,14
185.5,ue_n001_0010,gNB_4G_1,-42,gNB_5G,-70,0.8192,0,-1,0,64.6301,28
185.5,ue_n043_0005,gNB_4G_2,-44,gNB_5G,-49,0.483328,9,34.2399,1,65.7043,28
185.5,ue_ujeongwon_0004,gNB_4G_1,-47,gNB_5G,-59,0.12288,2,60.8399,1,64.9728,28
185.5,ue_ujeongwon_0005,gNB_4G_1,-42,gNB_5G,-61,0.32768,2,57.0399,1,65.6854,28
185.5,ue_n001_0005,gNB_4G_1,-36,gNB_5G,-66,0.589824,0,-1,0,76.4284,28
185.5,ue_ujeongwon_0006,gNB_4G_1,-45,gNB_4G_2,-67,0.540672,5,3.03993,0,65.9637,28
185.5,ue_n043_0006,gNB_4G_2,-57,gNB_5G,-66,0.589824,5,22.6399,1,51.911,28
185.5,ue_ujeongwon_0007,gNB_4G_1,-46,gNB_4G_2,-72,0.8192,0,-1,0,38.1623,28
185.5,ue_ujeongwon_0008,gNB_4G_1,-44,gNB_4G_2,-67,0.360448,0,-1,0,61.0049,28
185.5,ue_n043_0007,gNB_4G_2,-64,gNB_5G,-67,0.4096,5,17.6399,1,30.9843,28
185.5,ue_ujeongwon_0009,gNB_4G_1,-50,gNB_4G_2,-71,0.581632,2,43.8399,1,57.6519,28
185.5,car_north_base_007_rider,gNB_4G_1,-46,gNB_5G,-68,0.434176,0,-1,0,64.2659,28
185.5,ue_ujeongwon_0010,gNB_4G_1,-55,gNB_5G,-75,0.688128,0,-1,0,28.9122,28
185.5,car_north_base_008_rider,gNB_4G_2,-44,gNB_5G,-58,0.172032,1,19.2399,0,38.6981,28
185.5,ue_n043_0008,gNB_5G,-44,gNB_4G_2,-51,0.745472,2,23.6399,1,64.1873,28
185.5,ue_n001_0008,gNB_4G_1,-42,gNB_4G_2,-77,0.303104,0,-1,0,33.5263,28
186.5,car_north_peak_006,gNB_4G_1,-46,gNB_4G_2,-76,0.188416,0,-1,0,34.2083,28
186.5,ue_n001_0006,gNB_4G_1,-56,gNB_4G_2,-84,0.688128,0,-1,0,59.6046,28
186.5,ue_n042_0008,gNB_4G_2,-54,gNB_5G,-67,0.745472,2,15.8399,1,39.6678,28
186.5,car_north_peak_003_rider,gNB_5G,-70,gNB_4G_1,-87,0.8192,5,3.43993,0,39.7992,28
186.5,ue_n042_0002,gNB_4G_2,-46,gNB_4G_1,-51,0.688128,4,12.0399,0,14.9801,14
186.5,ue_ujeongwon_0001,gNB_4G_1,-47,gNB_4G_2,-61,0.393216,0,-1,0,59.505,28
186.5,ue_n043_0009,gNB_5G,-47,gNB_4G_2,-49,0.745472,2,19.2399,1,65.2032,28
186.5,ue_n043_0010,gNB_4G_2,-53,gNB_4G_1,-62,0.2048,1,28.6399,0,54.199,28
186.5,ue_n043_0001,gNB_4G_2,-44,gNB_5G,-53,0.352256,5,83.4399,0,67.0755,28
186.5,ue_n001_0009,gNB_4G_1,-49,gNB_5G,-77,0.581632,0,-1,0,55.7135,28
186.5,ue_n001_0001,gNB_4G_2,-42,gNB_4G_1,-49,0.589824,1,17.8399,0,17.657,22
186.5,car_north_base_010,gNB_4G_1,nan,,-140,0.106496,0,-1,0,63.0384,28
186.5,ue_ujeongwon_0002,gNB_4G_1,-48,gNB_5G,-67,0.8192,0,-1,0,40.7373,28
186.5,ue_n001_0007,gNB_4G_1,-48,gNB_4G_2,-77,0.262144,0,-1,0,38.9119,28
186.5,ue_n001_0003,gNB_4G_1,-46,gNB_4G_2,-67,0.540672,3,3.03993,0,31.1385,28
186.5,car_north_base_001_rider,gNB_4G_2,-48,gNB_5G,-60,0.8192,3,46.8399,0,59.4606,28
186.5,car_north_base_002_rider,gNB_4G_2,-48,gNB_5G,-78,0.8192,3,41.4399,1,63.1061,28
186.5,car_north_base_009,gNB_4G_1,-50,gNB_4G_2,-65,0.311296,0,-1,0,70.656,28
186.5,ue_n001_0004,gNB_4G_1,-45,gNB_4G_2,-57,0.638976,0,-1,0,65.1023,28
186.5,ue_n043_0003,gNB_4G_2,-45,gNB_5G,-54,0.45056,5,55.4399,0,64.5719,28
186.5,ue_n042_0009,gNB_4G_2,-66,gNB_5G,-67,0.155648,0,-1,0,45.9823,28
186.5,ue_n042_0004,gNB_4G_2,-40,gNB_5G,-58,0.8192,2,125.24,0,70.5517,28
186.5,car_north_base_004,gNB_4G_2,-90,gNB_4G_1,-99,0.131072,10,0.439928,0,14.6402,28
186.5,car_north_base_005,gNB_5G,-92,gNB_4G_2,-94,0.2048,6,0.839928,1,30.0267,28
186.5,ue_n043_0004,gNB_4G_2,-46,gNB_5G,-51,0.753664,9,28.2399,0,67.0033,28
186.5,ue_n001_0010,gNB_4G_1,-46,gNB_5G,-68,0.8192,0,-1,0,42.0844,28
186.5,ue_n043_0005,gNB_4G_2,-45,gNB_5G,-51,0.483328,9,35.2399,1,64.6064,28
186.5,ue_ujeongwon_0004,gNB_4G_1,-48,gNB_5G,-59,0.114688,2,61.8399,1,30.1072,28
186.5,ue_ujeongwon_0005,gNB_4G_1,-41,gNB_5G,-61,0.32768,2,58.0399,1,61.6651,28
186.5,ue_n001_0005,gNB_4G_1,-36,gNB_5G,-65,0.581632,0,-1,0,76.4629,28
186.5,ue_ujeongwon_0006,gNB_4G_1,-46,gNB_4G_2,-68,0.548864,5,4.03993,0,63.3212,28
186.5,ue_n043_0006,gNB_4G_2,-60,gNB_5G,-69,0.581632,5,23.6399,1,53.2256,28
186.5,ue_ujeongwon_0007,gNB_4G_1,-45,gNB_4G_2,-77,0.8192,0,-1,0,30.8019,28
186.5,ue_ujeongwon_0008,gNB_4G_1,-47,gNB_4G_2,-67,0.352256,0,-1,0,14.9771,18
186.5,ue_n043_0007,gNB_4G_2,-61,gNB_5G,-67,0.4096,5,18.6399,1,35.8764,28
186.5,ue_ujeongwon_0009,gNB_4G_1,-44,gNB_4G_2,-72,0.581632,2,44.8399,1,25.7776,25
186.5,car_north_base_007_rider,gNB_4G_1,-45,gNB_5G,-66,0.425984,0,-1,0,40.4038,28
186.5,ue_ujeongwon_0010,gNB_4G_1,-54,gNB_5G,-73,0.679936,0,-1,0,53.8643,28
186.5,car_north_base_008_rider,gNB_4G_2,-45,gNB_5G,-56,0.172032,1,20.2399,0,62.5159,28
186.5,ue_n043_0008,gNB_5G,-49,gNB_4G_2,-49,0.745472,2,24.6399,1,65.9179,28
186.5,ue_n001_0008,gNB_4G_1,-45,gNB_4G_2,-77,0.303104,0,-1,0,63.8022,28
187.5,car_north_peak_006,gNB_4G_1,-48,gNB_4G_2,-77,0.188416,0,-1,0,37.678,28
187.5,ue_n001_0006,gNB_4G_1,-41,gNB_4G_2,-85,0.679936,0,-1,0,60.6247,28
187.5,ue_n042_0008,gNB_4G_2,-55,gNB_5G,-67,0.745472,2,16.8399,1,36.4542,28
187.5,car_north_peak_003_rider,gNB_5G,-71,gNB_4G_1,-86,0.8192,5,4.43993,0,41.9816,28
187.5,ue_n042_0002,gNB_4G_2,-46,gNB_4G_1,-51,0.688128,4,13.0399,0,16.8964,22
187.5,ue_ujeongwon_0001,gNB_4G_1,-48,gNB_4G_2,-61,0.393216,0,-1,0,66.4209,28
187.5,ue_n043_0009,gNB_5G,-46,gNB_4G_2,-50,0.745472,2,20.2399,1,60.1165,28
187.5,ue_n043_0010,gNB_4G_2,-54,gNB_4G_1,-62,0.196608,1,29.6399,0,19.7129,19
187.5,ue_n043_0001,gNB_4G_2,-44,gNB_5G,-52,0.352256,5,84.4399,0,66.1201,28
187.5,ue_n001_0009,gNB_4G_1,-53,gNB_5G,-79,0.589824,0,-1,0,63.977,28
187.5,ue_n001_0001,gNB_4G_2,-43,gNB_4G_1,-50,0.581632,1,18.8399,0,66.7503,28
187.5,car_north_base_010,gNB_4G_1,-44,gNB_4G_2,-75,0.212992,0,-1,0,42.202,28
187.5,ue_ujeongwon_0002,gNB_4G_1,-46,gNB_5G,-64,0.8192,0,-1,0,64.4581,28
187.5,ue_n001_0007,gNB_4G_1,-48,gNB_5G,-69,0.262144,0,-1,0,63.8179,28
187.5,ue_n001_0003,gNB_4G_1,-46,gNB_4G_2,-68,0.548864,3,4.03993,0,63.3131,28
187.5,car_north_base_001_rider,gNB_4G_2,-51,gNB_4G_1,-57,0.8192,3,47.8399,0,28.098,28
187.5,car_north_base_002_rider,gNB_4G_2,-48,gNB_5G,-78,0.8192,3,42.4399,1,49.7768,28
187.5,car_north_base_009,gNB_4G_1,-40,gNB_4G_2,-67,0.319488,0,-1,0,27.6052,28
187.5,ue_n001_0004,gNB_4G_1,-46,gNB_4G_2,-55,0.630784,0,-1,0,21.271,28
187.5,ue_n043_0003,gNB_4G_2,-45,gNB_5G,-54,0.458752,5,56.4399,0,58.2548,28
187.5,ue_n042_0009,gNB_4G_2,-65,gNB_5G,-67,0.16384,0,-1,0,35.0228,28
187.5,ue_n042_0004,gNB_4G_2,-57,gNB_5G,-57,0.8192,2,126.24,0,53.9389,28
187.5,car_north_base_004,gNB_4G_2,-91,gNB_5G,-89,0.131072,10,1.43993,0,9.12224,16
187.5,car_north_base_005,gNB_4G_2,-70,gNB_5G,-85,0.221184,7,0.839928,0,7.00829,11
187.5,ue_n043_0004,gNB_4G_2,-44,gNB_5G,-50,0.73728,9,29.2399,0,63.4147,28
187.5,ue_n001_0010,gNB_4G_1,-45,gNB_5G,-69,0.8192,0,-1,0,63.5458,28
187.5,ue_n043_0005,gNB_4G_2,-46,gNB_4G_1,-52,0.475136,9,36.2399,1,9.67324,16
187.5,ue_ujeongwon_0004,gNB_4G_1,-47,gNB_5G,-65,0.12288,2,62.8399,1,54.6217,28
187.5,ue_ujeongwon_0005,gNB_4G_1,-45,gNB_5G,-61,0.32768,2,59.0399,1,62.0501,28
187.5,ue_n001_0005,gNB_4G_1,-40,gNB_5G,-73,0.589824,0,-1,0,75.1177,28
187.5,ue_ujeongwon_0006,gNB_4G_1,-46,gNB_4G_2,-68,0.548864,5,5.03993,0,56.8531,28
187.5,car_north_peak_008_rider,gNB_4G_2,-64,gNB_4G_1,-59,0.106496,0,-1,0,-15.4662,0
187.5,ue_n043_0006,gNB_4G_2,-58,gNB_5G,-69,0.581632,5,24.6399,1,53.3833,28
187.5,ue_ujeongwon_0007,gNB_4G_1,-43,gNB_4G_2,-77,0.8192,0,-1,0,63.3576,28
187.5,ue_ujeongwon_0008,gNB_4G_1,-57,gNB_4G_2,-70,0.360448,0,-1,0,56.4224,28
187.5,ue_n043_0007,gNB_4G_2,-58,gNB_5G,-68,0.4096,5,19.6399,1,39.469,28
187.5,ue_ujeongwon_0009,gNB_4G_1,-46,gNB_4G_2,-70,0.589824,2,45.8399,1,30.8374,28
187.5,car_north_base_007_rider,gNB_4G_1,-48,gNB_5G,-66,0.434176,0,-1,0,34.6539,28
187.5,ue_ujeongwon_0010,gNB_4G_1,-56,gNB_5G,-72,0.679936,0,-1,0,54.4695,28
187.5,car_north_base_008_rider,gNB_4G_2,-48,gNB_5G,-56,0.16384,1,21.2399,0,67.6879,28
187.5,ue_n043_0008,gNB_5G,-49,gNB_4G_2,-49,0.73728,2,25.6399,1,64.1359,28
187.5,ue_n001_0008,gNB_4G_1,-56,gNB_4G_2,-77,0.303104,0,-1,0,62.7066,28
188.5,car_north_peak_006,gNB_4G_1,-51,gNB_5G,-76,0.180224,0,-1,0,41.8911,28
188.5,ue_n001_0006,gNB_4G_1,-38,gNB_4G_2,-84,0.679936,0,-1,0,72.0366,28
188.5,ue_n042_0008,gNB_4G_2,-57,gNB_5G,-66,0.745472,2,17.8399,1,51.8406,28
188.5,car_north_peak_003_rider,gNB_5G,-69,gNB_4G_1,-96,0.8192,5,5.43993,0,43.5952,28
188.5,ue_n042_0002,gNB_4G_2,-46,gNB_4G_1,-51,0.679936,4,14.0399,0,66.886,28
188.5,ue_ujeongwon_0001,gNB_4G_1,-50,gNB_4G_2,-61,0.385024,0,-1,0,21.7139,22
188.5,ue_n043_0009,gNB_5G,-49,gNB_4G_2,-51,0.73728,2,21.2399,1,62.971,28
188.5,ue_n043_0010,gNB_4G_2,-52,gNB_4G_1,-65,0.196608,1,30.6399,0,16.6268,20
188.5,ue_n043_0001,gNB_4G_2,-45,gNB_5G,-52,0.360448,5,85.4399,0,61.0673,28
188.5,ue_n001_0009,gNB_4G_1,-50,gNB_5G,-90,0.581632,0,-1,0,62.2753,28
188.5,ue_n001_0001,gNB_4G_2,-44,gNB_4G_1,-48,0.581632,1,19.8399,0,14.7315,12
188.5,car_north_base_010,gNB_4G_1,-45,gNB_4G_2,-78,0.212992,0,-1,0,64.598,28
188.5,ue_ujeongwon_0002,gNB_4G_1,-52,gNB_5G,-67,0.8192,0,-1,0,64.3322,28
188.5,ue_n001_0007,gNB_4G_1,-45,gNB_5G,-67,0.270336,0,-1,0,36.585,28
188.5,ue_n001_0003,gNB_4G_1,-46,gNB_4G_2,-68,0.548864,3,5.03993,0,59.8668,28
188.5,car_north_base_001_rider,gNB_4G_2,-49,gNB_4G_1,-54,0.8192,3,48.8399,0,15.9091,22
188.5,car_north_base_002_rider,gNB_4G_2,-48,gNB_5G,-78,0.8192,3,43.4399,1,49.8708,28
188.5,car_north_base_009,gNB_4G_1,-41,gNB_4G_2,-67,0.311296,0,-1,0,19.6075,28
188.5,ue_n001_0004,gNB_4G_1,-47,gNB_4G_2,-53,0.630784,0,-1,0,67.6057,28
188.5,ue_n043_0003,gNB_4G_2,-47,gNB_5G,-49,0.45056,5,57.4399,0,59.4533,28
188.5,ue_n042_0009,gNB_4G_2,-64,gNB_5G,-67,0.155648,0,-1,0,37.5967,28
188.5,ue_n042_0004,gNB_4G_2,-44,gNB_5G,-62,0.8192,2,127.24,0,53.5875,28
188.5,car_north_base_004,gNB_4G_2,-96,gNB_4G_1,-103,0.131072,12,0.239928,1,10.2672,16
188.5,car_north_base_005,gNB_5G,-78,gNB_4G_2,-92,0.2048,8,0.439928,1,2.18038,7
188.5,ue_n043_0004,gNB_4G_2,-45,gNB_5G,-52,0.745472,9,30.2399,0,59.7345,28
188.5,ue_n001_0010,gNB_4G_1,-43,gNB_5G,-70,0.8192,0,-1,0,67.8318,28
188.5,ue_n043_0005,gNB_4G_2,-44,gNB_5G,-51,0.483328,9,37.2399,1,67.0829,28
188.5,ue_ujeongwon_0004,gNB_4G_1,-49,gNB_5G,-57,0.114688,2,63.8399,1,40.6923,28
188.5,ue_ujeongwon_0005,gNB_4G_1,-43,gNB_5G,-61,0.32768,2,60.0399,1,70.3363,28
188.5,ue_n001_0005,gNB_4G_1,-40,gNB_5G,-73,0.581632,0,-1,0,76.154,28
188.5,ue_ujeongwon_0006,gNB_4G_1,-47,gNB_4G_2,-70,0.540672,5,6.03993,0,59.7525,28
188.5,car_north_peak_008_rider,gNB_4G_1,-49,gNB_4G_2,-67,0.311296,0,-1,0,65.0137,28
188.5,ue_n043_0006,gNB_4G_2,-57,gNB_5G,-66,0.589824,5,25.6399,1,55.0657,28
188.5,ue_ujeongwon_0007,gNB_4G_1,-47,gNB_5G,-78,0.8192,0,-1,0,61.9779,28
188.5,ue_ujeongwon_0008,gNB_4G_1,-51,gNB_4G_2,-72,0.352256,0,-1,0,39.0223,28
188.5,ue_n043_0007,gNB_4G_2,-55,gNB_5G,-68,0.4096,5,20.6399,1,40.2839,28
188.5,ue_ujeongwon_0009,gNB_4G_1,-46,gNB_4G_2,-71,0.589824,2,46.8399,1,56.3153,28
188.5,car_north_base_007_rider,gNB_4G_1,-47,gNB_5G,-69,0.434176,0,-1,0,63.0236,28
188.5,ue_ujeongwon_0010,gNB_4G_1,-55,gNB_4G_2,-78,0.688128,0,-1,0,54.3863,28
188.5,car_north_base_008_rider,gNB_4G_2,-44,gNB_5G,-53,0.172032,1,22.2399,0,60.9458,28
188.5,ue_n043_0008,gNB_5G,-47,gNB_4G_2,-50,0.745472,2,26.6399,1,67.3109,28
188.5,ue_n001_0008,gNB_4G_1,-46,gNB_4G_2,-76,0.303104,0,-1,0,42.2014,28
189.5,car_north_peak_006,gNB_4G_1,-47,gNB_5G,-73,0.188416,0,-1,0,44.5492,28
189.5,ue_n001_0006,gNB_4G_1,-38,gNB_4G_2,-88,0.688128,0,-1,0,80.2195,28
189.5,ue_n042_0008,gNB_4G_2,-57,gNB_5G,-69,0.745472,2,18.8399,1,48.458,28
189.5,car_north_peak_003_rider,gNB_5G,-67,gNB_4G_2,-89,0.8192,5,6.43993,0,43.695,28
189.5,ue_n042_0002,gNB_4G_2,-46,gNB_4G_1,-51,0.679936,4,15.0399,0,20.4036,22
189.5,ue_ujeongwon_0001,gNB_4G_1,-49,gNB_4G_2,-61,0.393216,0,-1,0,60.8166,28
189.5,ue_n043_0009,gNB_5G,-48,gNB_4G_2,-50,0.745472,2,22.2399,1,65.2173,28
189.5,ue_n043_0010,gNB_4G_2,-50,gNB_5G,-68,0.2048,1,31.6399,0,57.0044,28
189.5,ue_n043_0001,gNB_4G_2,-48,gNB_5G,-58,0.352256,5,86.4399,0,35.0188,28
189.5,ue_n001_0009,gNB_4G_1,-44,gNB_5G,-81,0.581632,0,-1,0,61.6957,28
189.5,ue_n001_0001,gNB_4G_2,-44,gNB_4G_1,-49,0.589824,1,20.8399,0,17.4189,21
189.5,car_north_base_010,gNB_4G_1,-46,gNB_4G_2,-78,0.2048,0,-1,0,38.5295,28
189.5,ue_ujeongwon_0002,gNB_4G_1,-45,gNB_5G,-69,0.8192,0,-1,0,33.8814,28
189.5,ue_n001_0007,gNB_4G_1,-47,gNB_5G,-67,0.262144,0,-1,0,63.0327,28
189.5,ue_n001_0003,gNB_4G_1,-47,gNB_4G_2,-70,0.540672,3,6.03993,0,11.2576,12
189.5,car_north_base_001_rider,gNB_4G_2,-49,gNB_4G_1,-55,0.8192,3,49.8399,0,30.2917,28
189.5,car_north_base_002_rider,gNB_4G_2,-48,gNB_5G,-78,0.8192,3,44.4399,1,50.4803,28
189.5,car_north_base_009,gNB_4G_1,-47,gNB_4G_2,-61,0.319488,0,-1,0,66.6182,28
189.5,ue_n001_0004,gNB_4G_1,-47,gNB_4G_2,-53,0.630784,0,-1,0,65.5352,28
189.5,ue_n043_0003,gNB_4G_2,-47,gNB_5G,-50,0.458752,5,58.4399,0,32.4765,28
189.5,ue_n042_0009,gNB_4G_2,-61,gNB_5G,-69,0.155648,0,-1,0,30.3714,28
189.5,ue_n042_0004,gNB_4G_2,-41,gNB_5G,-61,0.8192,2,128.24,0,59.4829,28
189.5,car_north_base_004,gNB_4G_2,-95,gNB_4G_1,-104,0.131072,12,1.23993,1,15.3564,22
189.5,car_north_base_005,gNB_4G_2,-94,gNB_4G_1,-97,0.24576,9,0.239928,1,16.1535,24
189.5,ue_n043_0004,gNB_4G_2,-45,gNB_4G_1,-53,0.745472,9,31.2399,0,64.6655,28
189.5,ue_n001_0010,gNB_4G_1,-49,gNB_5G,-73,0.8192,0,-1,0,40.3393,28
189.5,ue_n043_0005,gNB_4G_2,-44,gNB_5G,-55,0.483328,9,38.2399,1,65.6332,28
189.5,ue_ujeongwon_0004,gNB_4G_1,-50,gNB_5G,-66,0.12288,2,64.8399,1,58.7397,28
189.5,ue_ujeongwon_0005,gNB_4G_1,-42,gNB_5G,-64,0.32768,2,61.0399,1,51.4801,28
189.5,ue_n001_0005,gNB_4G_1,-39,gNB_5G,-64,0.581632,0,-1,0,69.6128,28
189.5,ue_ujeongwon_0006,gNB_4G_1,-47,gNB_5G,-62,0.548864,5,7.03993,0,17.6924,21
189.5,car_north_peak_008_rider,gNB_4G_1,-46,gNB_4G_2,-67,0.335872,0,-1,0,65.0137,28
189.5,ue_n043_0006,gNB_4G_2,-56,gNB_5G,-66,0.581632,5,26.6399,1,57.4299,28
189.5,ue_ujeongwon_0007,gNB_4G_1,-49,gNB_5G,-76,0.8192,0,-1,0,37.3758,28
189.5,ue_ujeongwon_0008,gNB_4G_1,-46,gNB_4G_2,-77,0.360448,0,-1,0,63.0407,28
189.5,ue_n043_0007,gNB_4G_2,-55,gNB_5G,-68,0.4096,5,21.6399,1,42.0807,28
189.5,ue_ujeongwon_0009,gNB_4G_1,-47,gNB_4G_2,-69,0.581632,2,47.8399,1,31.8424,28
189.5,car_north_base_007_rider,gNB_4G_1,-51,gNB_5G,-76,0.425984,0,-1,0,60.6002,28
189.5,ue_ujeongwon_0010,gNB_4G_1,-56,gNB_4G_2,-82,0.679936,0,-1,0,56.8067,28
189.5,car_north_base_008_rider,gNB_4G_2,-45,gNB_5G,-52,0.172032,1,23.2399,0,23.761,23
189.5,ue_n043_0008,gNB_5G,-47,gNB_4G_2,-48,0.745472,2,27.6399,1,64.1413,28
189.5,ue_n001_0008,gNB_4G_1,-45,gNB_4G_2,-77,0.311296,0,-1,0,63.4618,28
189.5,car_north_peak_010_rider,gNB_4G_1,-47,gNB_4G_2,-68,0.08192,0,-1,0,58.2566,28
189.5,car_north_peak_007,gNB_4G_1,-48,gNB_4G_2,-78,0.12288,0,-1,0,39.0096,28
190.5,car_north_peak_006,gNB_4G_1,-45,gNB_5G,-76,0.188416,0,-1,0,36.9633,28
190.5,ue_n001_0006,gNB_4G_1,-38,gNB_5G,-68,0.679936,0,-1,0,57.8765,28
190.5,ue_n042_0008,gNB_4G_2,-51,gNB_5G,-72,0.745472,2,19.8399,1,37.9029,28
190.5,car_north_peak_003_rider,gNB_5G,-67,gNB_4G_2,-94,0.8192,5,7.43993,0,40.4763,28
190.5,ue_n042_0002,gNB_4G_2,-46,gNB_4G_1,-51,0.671744,4,16.0399,0,66.886,28
190.5,ue_ujeongwon_0001,gNB_4G_1,-47,gNB_4G_2,-64,0.385024,0,-1,0,63.4024,28
190.5,ue_n043_0009,gNB_5G,-46,gNB_4G_2,-49,0.745472,2,23.2399,1,62.4175,28
190.5,ue_n043_0010,gNB_4G_2,-53,gNB_5G,-67,0.196608,1,32.6399,0,56.2815,28
190.5,ue_n043_0001,gNB_4G_2,-44,gNB_5G,-57,0.360448,5,87.4399,0,65.9791,28
190.5,ue_n001_0009,gNB_4G_1,-48,gNB_5G,-81,0.589824,0,-1,0,55.0804,28
190.5,ue_n001_0001,gNB_4G_2,-46,gNB_4G_1,-49,0.548864,1,21.8399,0,11.3868,14
190.5,car_north_base_010,gNB_4G_1,-52,gNB_4G_2,-76,0.212992,0,-1,0,65.4733,28
190.5,ue_ujeongwon_0002,gNB_4G_1,-55,gNB_5G,-67,0.8192,0,-1,0,34.7003,28
190.5,ue_n001_0007,gNB_4G_1,-48,gNB_5G,-65,0.262144,0,-1,0,63.4717,28
190.5,ue_n001_0003,gNB_4G_1,-48,gNB_5G,-62,0.548864,3,7.03993,0,56.255,28
190.5,car_north_base_001_rider,gNB_4G_2,-52,gNB_4G_1,-54,0.8192,3,50.8399,0,24.8413,27
190.5,car_north_base_002_rider,gNB_4G_2,-48,gNB_5G,-78,0.8192,3,45.4399,1,52.4336,28
190.5,car_north_base_009,gNB_4G_1,-44,gNB_4G_2,-62,0.311296,0,-1,0,45.1343,28
190.5,ue_n043_0003,gNB_4G_2,-46,gNB_5G,-49,0.45056,5,59.4399,0,43.7254,28
190.5,ue_n042_0009,gNB_4G_2,-61,gNB_5G,-67,0.155648,0,-1,0,33.7758,28
190.5,ue_n042_0004,gNB_4G_2,-41,gNB_5G,-61,0.8192,2,129.24,0,63.2088,28
190.5,car_north_base_005,gNB_5G,-89,gNB_4G_2,-97,0.221184,10,0.0399284,1,-13.3294,0
190.5,ue_n043_0004,gNB_4G_2,-46,gNB_5G,-52,0.745472,9,32.2399,0,65.2857,28
190.5,ue_n001_0010,gNB_4G_1,-46,gNB_5G,-79,0.8192,0,-1,0,65.954,28
190.5,ue_n043_0005,gNB_4G_2,-45,gNB_5G,-52,0.483328,9,39.2399,1,64.013,28
190.5,ue_ujeongwon_0004,gNB_4G_1,-52,gNB_5G,-65,0.114688,2,65.8399,1,59.3108,28
190.5,ue_ujeongwon_0005,gNB_4G_1,-44,gNB_5G,-60,0.32768,2,62.0399,1,55.9741,28
190.5,ue_n001_0005,gNB_4G_1,-38,gNB_5G,-66,0.589824,0,-1,0,53.9038,28
190.5,ue_ujeongwon_0006,gNB_4G_1,-48,gNB_5G,-62,0.548864,5,8.03993,0,61.3197,28
190.5,car_north_peak_008_rider,gNB_4G_1,-46,gNB_4G_2,-68,0.344064,0,-1,0,26.0979,26
190.5,ue_n043_0006,gNB_4G_2,-54,gNB_5G,-68,0.589824,5,27.6399,1,54.1331,28
190.5,ue_ujeongwon_0007,gNB_4G_1,-49,gNB_5G,-78,0.8192,0,-1,0,39.7482,28
190.5,ue_ujeongwon_0008,gNB_4G_1,-45,gNB_4G_2,-74,0.352256,0,-1,0,31.8441,28
190.5,ue_n043_0007,gNB_4G_2,-54,gNB_5G,-67,0.4096,5,22.6399,1,36.6601,28
190.5,ue_ujeongwon_0009,gNB_4G_1,-45,gNB_5G,-63,0.589824,2,48.8399,1,65.8528,28
190.5,car_north_base_007_rider,gNB_4G_1,-51,gNB_4G_2,-76,0.434176,0,-1,0,27.4145,27
190.5,ue_ujeongwon_0010,gNB_4G_1,-54,gNB_4G_2,-79,0.679936,0,-1,0,57.4476,28
190.5,car_north_base_008_rider,gNB_4G_2,-44,gNB_5G,-50,0.172032,1,24.2399,0,66.4345,28
190.5,ue_n043_0008,gNB_5G,-47,gNB_4G_2,-51,0.745472,2,28.6399,1,64.6301,28
190.5,ue_n001_0008,gNB_4G_1,-59,gNB_5G,-73,0.303104,0,-1,0,69.3736,28
190.5,car_north_peak_010_rider,gNB_4G_1,-48,gNB_4G_2,-68,0.188416,0,-1,0,58.2566,28
190.5,car_north_peak_007,gNB_4G_1,-47,gNB_4G_2,-78,0.262144,0,-1,0,58.6657,28
191.5,car_north_peak_006,gNB_4G_1,-45,gNB_5G,-78,0.188416,0,-1,0,29.4,26
191.5,ue_n001_0006,gNB_4G_1,-36,gNB_5G,-67,0.679936,0,-1,0,53.904,28
191.5,ue_n042_0008,gNB_4G_2,-58,gNB_5G,-67,0.745472,2,20.8399,1,55.8442,28
191.5,ue_n042_0002,gNB_4G_2,-46,gNB_4G_1,-51,0.69632,4,17.0399,0,15.5459,18
191.5,ue_ujeongwon_0001,gNB_4G_1,-47,gNB_4G_2,-64,0.393216,0,-1,0,65.0854,28
191.5,ue_n043_0009,gNB_5G,-48,gNB_4G_2,-50,0.745472,2,24.2399,1,62.5016,28
191.5,ue_n043_0010,gNB_4G_2,-54,gNB_4G_1,-59,0.196608,1,33.6399,0,8.46413,11
191.5,ue_n043_0001,gNB_4G_2,-45,gNB_5G,-54,0.352256,5,88.4399,0,66.5373,28
191.5,ue_n001_0009,gNB_4G_1,-49,gNB_5G,-81,0.581632,0,-1,0,67.6225,28
191.5,ue_n001_0001,gNB_4G_2,-43,gNB_4G_1,-45,0.598016,1,22.8399,0,10.3631,13
191.5,car_north_base_010,gNB_4G_1,-48,gNB_4G_2,-75,0.2048,0,-1,0,32.9591,28
191.5,ue_ujeongwon_0002,gNB_4G_1,-49,gNB_5G,-69,0.8192,0,-1,0,30.109,28
191.5,ue_n001_0007,gNB_4G_1,-46,gNB_5G,-65,0.262144,0,-1,0,33.4748,28
191.5,ue_n001_0003,gNB_4G_1,-48,gNB_5G,-62,0.548864,3,8.03993,0,55.2984,28
191.5,car_north_base_001_rider,gNB_4G_2,-48,gNB_4G_1,-54,0.8192,3,51.8399,0,49.4904,28
191.5,car_north_base_002_rider,gNB_4G_2,-48,gNB_5G,-78,0.8192,3,46.4399,1,50.276,28
191.5,car_north_base_009,gNB_4G_1,-43,gNB_5G,-77,0.319488,0,-1,0,68.1601,28
191.5,ue_n043_0003,gNB_4G_2,-45,gNB_5G,-50,0.458752,5,60.4399,0,64.8268,28
191.5,ue_n042_0009,gNB_4G_2,-60,gNB_5G,-68,0.16384,0,-1,0,54.6373,28
191.5,ue_n042_0004,gNB_4G_2,-43,gNB_5G,-58,0.8192,2,130.24,0,53.0912,28
191.5,car_north_base_005,gNB_4G_2,-97,gNB_4G_1,-101,0.221184,11,0.239928,1,11.8831,19
191.5,ue_n043_0004,gNB_4G_2,-45,gNB_5G,-50,0.73728,9,33.2399,0,13.4741,16
191.5,ue_n001_0010,gNB_4G_1,-50,gNB_4G_2,-78,0.8192,0,-1,0,41.4359,28
191.5,ue_n043_0005,gNB_4G_2,-47,gNB_4G_1,-54,0.475136,9,40.2399,1,13.7094,19
191.5,ue_ujeongwon_0004,gNB_4G_1,-48,gNB_5G,-57,0.12288,2,66.8399,1,60.9164,28
191.5,ue_ujeongwon_0005,gNB_4G_1,-45,gNB_5G,-58,0.32768,2,63.0399,1,60.6126,28
191.5,ue_n001_0005,gNB_4G_1,-39,gNB_5G,-64,0.581632,0,-1,0,75.7644,28
191.5,ue_ujeongwon_0006,gNB_4G_1,-47,gNB_5G,-64,0.434176,5,9.03993,0,-6.082,0
191.5,car_north_peak_008_rider,gNB_4G_1,-46,gNB_4G_2,-68,0.344064,0,-1,0,41.4856,28
191.5,ue_n043_0006,gNB_4G_2,-56,gNB_5G,-68,0.581632,5,28.6399,1,55.9986,28
191.5,ue_ujeongwon_0007,gNB_4G_1,-47,gNB_5G,-75,0.8192,0,-1,0,38.2484,28
191.5,ue_ujeongwon_0008,gNB_4G_1,-48,gNB_4G_2,-76,0.360448,0,-1,0,63.9718,28
191.5,ue_n043_0007,gNB_4G_2,-56,gNB_5G,-66,0.4096,5,23.6399,1,41.4733,28
191.5,ue_ujeongwon_0009,gNB_4G_1,-47,gNB_5G,-65,0.581632,2,49.8399,1,53.8833,28
191.5,car_north_base_007_rider,gNB_4G_1,-51,gNB_5G,-75,0.425984,0,-1,0,59.834,28
191.5,ue_ujeongwon_0010,gNB_4G_1,-53,gNB_4G_2,-77,0.688128,0,-1,0,57.2638,28
191.5,car_north_base_008_rider,gNB_4G_2,-44,gNB_5G,-51,0.172032,1,25.2399,0,43.1686,28
191.5,ue_n043_0008,gNB_5G,-48,gNB_4G_2,-50,0.73728,2,29.6399,1,66.3582,28
191.5,ue_n001_0008,gNB_4G_1,-55,gNB_5G,-71,0.303104,0,-1,0,61.5238,28
191.5,car_north_peak_010_rider,gNB_4G_1,-48,gNB_4G_2,-68,0.180224,0,-1,0,26.7846,24
191.5,car_north_peak_007,gNB_4G_1,-47,gNB_4G_2,-79,0.262144,0,-1,0,34.063,28
192.5,car_north_peak_006,gNB_4G_1,-44,gNB_4G_2,-67,0.180224,0,-1,0,22.1107,23
192.5,ue_n001_0006,gNB_4G_1,-36,gNB_5G,-65,0.688128,0,-1,0,58.9203,28
192.5,ue_n042_0008,gNB_4G_2,-55,gNB_5G,-66,0.745472,2,21.8399,1,42.2962,28
192.5,ue_n042_0002,gNB_4G_2,-42,gNB_4G_1,-51,0.679936,4,18.0399,0,15.8094,14
192.5,ue_ujeongwon_0001,gNB_4G_1,-48,gNB_4G_2,-66,0.393216,0,-1,0,65.5692,28
192.5,ue_n043_0009,gNB_5G,-48,gNB_4G_2,-53,0.745472,2,25.2399,1,63.8168,28
192.5,ue_n043_0010,gNB_4G_2,-54,gNB_4G_1,-56,0.2048,1,34.6399,0,57.1965,28
192.5,ue_n043_0001,gNB_4G_2,-44,gNB_5G,-54,0.360448,5,89.4399,0,68.7232,28
192.5,ue_n001_0009,gNB_4G_1,-44,gNB_5G,-88,0.589824,0,-1,0,61.2346,28
192.5,ue_n001_0001,gNB_4G_2,-44,gNB_4G_1,-49,0.581632,1,23.8399,0,19.9109,24
192.5,car_north_base_010,gNB_4G_1,-49,gNB_5G,-75,0.212992,0,-1,0,58.3691,28
192.5,ue_ujeongwon_0002,gNB_4G_1,-53,gNB_5G,-69,0.8192,0,-1,0,34.524,28
192.5,ue_n001_0007,gNB_4G_1,-46,gNB_5G,-65,0.270336,0,-1,0,36.4164,28
192.5,ue_n001_0003,gNB_4G_1,-47,gNB_5G,-64,0.417792,3,9.03993,0,-2.03232,0
192.5,car_north_base_001_rider,gNB_4G_2,-51,gNB_4G_1,-89,0.8192,3,52.8399,0,47.6984,28
192.5,car_north_base_002_rider,gNB_4G_2,-48,gNB_5G,-78,0.8192,3,47.4399,1,47.4192,28
192.5,car_north_base_009,gNB_4G_1,-41,gNB_5G,-80,0.311296,0,-1,0,50.1055,28
192.5,ue_n043_0003,gNB_4G_2,-46,gNB_5G,-51,0.45056,5,61.4399,0,65.5612,28
192.5,ue_n042_0009,gNB_4G_2,-57,gNB_5G,-67,0.155648,0,-1,0,42.1255,28
192.5,ue_n042_0004,gNB_4G_2,-43,gNB_5G,-61,0.8192,2,131.24,0,54.7642,28
192.5,car_north_base_005,gNB_4G_2,-95,gNB_4G_1,-101,0.229376,11,1.23993,1,14.2779,21
192.5,ue_n043_0004,gNB_4G_2,-46,gNB_5G,-49,0.753664,9,34.2399,0,58.8972,28
192.5,ue_n001_0010,gNB_4G_1,-44,gNB_5G,-78,0.8192,0,-1,0,62.0081,28
192.5,ue_n043_0005,gNB_4G_2,-46,gNB_5G,-52,0.483328,9,41.2399,1,14.0067,18
192.5,ue_ujeongwon_0004,gNB_4G_1,-52,gNB_4G_2,-50,0.106496,2,67.8399,1,37.5574,28
192.5,ue_ujeongwon_0005,gNB_4G_1,-49,gNB_4G_2,-62,0.32768,2,64.0399,1,64.5222,28
192.5,ue_n001_0005,gNB_4G_1,-39,gNB_5G,-64,0.589824,0,-1,0,74.2796,28
192.5,ue_ujeongwon_0006,gNB_5G,-63,gNB_4G_2,-73,0.49152,7,0.239928,0,17.7476,28
192.5,car_north_peak_008_rider,gNB_4G_1,-44,gNB_4G_2,-76,0.344064,0,-1,0,35.5782,28
192.5,ue_n043_0006,gNB_4G_2,-55,gNB_5G,-71,0.581632,5,29.6399,1,53.8685,28
192.5,ue_ujeongwon_0007,gNB_4G_1,-45,gNB_5G,-72,0.8192,0,-1,0,37.0452,28
192.5,ue_ujeongwon_0008,gNB_4G_1,-46,gNB_5G,-76,0.352256,0,-1,0,63.3072,28
192.5,ue_n043_0007,gNB_4G_2,-57,gNB_5G,-69,0.4096,5,24.6399,1,40.1245,28
192.5,ue_ujeongwon_0009,gNB_4G_1,-45,gNB_5G,-63,0.581632,2,50.8399,1,63.2379,28
192.5,car_north_base_007_rider,gNB_4G_1,-51,gNB_5G,-67,0.434176,0,-1,0,60.415,28
192.5,ue_ujeongwon_0010,gNB_4G_1,-53,gNB_5G,-79,0.679936,0,-1,0,59.7156,28
192.5,car_north_base_008_rider,gNB_4G_2,-44,gNB_5G,-51,0.172032,1,26.2399,0,60.232,28
192.5,ue_n043_0008,gNB_5G,-50,gNB_4G_2,-49,0.745472,2,30.6399,1,64.7157,28
192.5,ue_n001_0008,gNB_4G_1,-47,gNB_5G,-69,0.303104,0,-1,0,32.7212,28
192.5,car_north_peak_010_rider,gNB_4G_1,-48,gNB_4G_2,-68,0.188416,0,-1,0,24.13,24
192.5,car_north_peak_007,gNB_4G_1,-46,gNB_4G_2,-79,0.262144,0,-1,0,61.9663,28
193.5,car_north_peak_006,gNB_4G_1,-44,gNB_4G_2,-62,0.188416,0,-1,0,22.4406,27
193.5,ue_n001_0006,gNB_4G_1,-36,gNB_4G_2,-82,0.679936,0,-1,0,76.293,28
193.5,ue_n042_0008,gNB_4G_2,-55,gNB_5G,-68,0.745472,2,22.8399,1,57.8836,28
193.5,ue_n042_0002,gNB_4G_2,-46,gNB_4G_1,-51,0.679936,4,19.0399,0,20.9127,15
193.5,ue_ujeongwon_0001,gNB_4G_1,-48,gNB_4G_2,-65,0.385024,0,-1,0,25.9573,28
193.5,ue_n043_0009,gNB_5G,-47,gNB_4G_2,-52,0.745472,2,26.2399,1,63.4824,28
193.5,ue_n043_0010,gNB_4G_2,-53,gNB_4G_1,-56,0.188416,1,35.6399,0,11.2275,11
193.5,ue_n043_0001,gNB_4G_2,-42,gNB_5G,-54,0.352256,5,90.4399,0,63.1268,28
193.5,ue_n001_0009,gNB_4G_1,-48,gNB_4G_2,-83,0.581632,0,-1,0,67.4823,28
193.5,ue_n001_0001,gNB_4G_2,-43,gNB_4G_1,-46,0.589824,1,24.8399,0,67.4079,28
193.5,car_north_base_010,gNB_4G_1,-53,gNB_4G_2,-75,0.212992,0,-1,0,63.0545,28
193.5,ue_ujeongwon_0002,gNB_4G_1,-51,gNB_5G,-67,0.8192,0,-1,0,33.5509,28
193.5,ue_n001_0007,gNB_4G_1,-49,gNB_5G,-66,0.262144,0,-1,0,36.734,28
193.5,ue_n001_0003,gNB_5G,-63,gNB_4G_2,-74,0.507904,5,0.239928,0,17.7476,23
193.5,car_north_base_001_rider,gNB_4G_2,-50,gNB_4G_1,-94,0.8192,3,53.8399,0,63.0995,28
193.5,car_north_base_002_rider,gNB_4G_2,-48,gNB_5G,-78,0.8192,3,48.4399,1,63.1061,28
193.5,car_north_base_009,gNB_4G_1,-37,gNB_5G,-79,0.311296,0,-1,0,72.2315,28
193.5,ue_n043_0003,gNB_4G_2,-45,gNB_5G,-51,0.458752,5,62.4399,0,64.1695,28
193.5,ue_n042_0009,gNB_4G_2,-55,gNB_5G,-67,0.155648,0,-1,0,57.1939,28
193.5,ue_n042_0004,gNB_4G_2,-42,gNB_5G,-66,0.8192,2,132.24,0,68.8815,28
193.5,ue_n043_0004,gNB_4G_2,-47,gNB_5G,-50,0.73728,9,35.2399,0,17.2765,20
193.5,ue_n001_0010,gNB_4G_1,-44,gNB_5G,-78,0.8192,0,-1,0,61.7295,28
193.5,ue_n043_0005,gNB_4G_2,-45,gNB_5G,-50,0.483328,9,42.2399,1,64.7004,28
193.5,ue_ujeongwon_0004,gNB_4G_2,-47,gNB_5G,-63,0.114688,3,0.839928,0,66.575,28
193.5,ue_ujeongwon_0005,gNB_4G_1,-49,gNB_5G,-61,0.32768,2,65.0399,1,66.2114,28
193.5,ue_n001_0005,gNB_4G_1,-40,gNB_5G,-63,0.581632,0,-1,0,74.7772,28
193.5,ue_ujeongwon_0006,gNB_4G_2,-80,gNB_4G_1,-81,0.540672,8,0.0399284,1,12.0138,7
193.5,car_north_peak_008_rider,gNB_4G_1,-47,gNB_4G_2,-78,0.335872,0,-1,0,41.6462,28
193.5,ue_n043_0006,gNB_4G_2,-56,gNB_5G,-74,0.589824,5,30.6399,1,47.4168,28
193.5,ue_ujeongwon_0007,gNB_4G_1,-48,gNB_5G,-79,0.8192,0,-1,0,35.9948,27
193.5,ue_ujeongwon_0008,gNB_4G_1,-46,gNB_5G,-78,0.360448,0,-1,0,34.7782,28
193.5,ue_n043_0007,gNB_4G_2,-56,gNB_5G,-67,0.4096,5,25.6399,1,39.5442,28
193.5,ue_ujeongwon_0009,gNB_4G_1,-45,gNB_5G,-59,0.589824,2,51.8399,1,33.9152,27
193.5,car_north_base_007_rider,gNB_4G_1,-50,gNB_5G,-63,0.434176,0,-1,0,58.9894,28
193.5,ue_ujeongwon_0010,gNB_4G_1,-51,gNB_4G_2,-80,0.679936,0,-1,0,57.651,28
193.5,car_north_base_008_rider,gNB_4G_2,-46,gNB_5G,-51,0.16384,1,27.2399,0,64.9966,28
193.5,ue_n043_0008,gNB_5G,-49,gNB_4G_2,-51,0.745472,2,31.6399,1,65.2135,28
193.5,ue_n001_0008,gNB_4G_1,-44,gNB_5G,-65,0.303104,0,-1,0,36.7366,28
193.5,car_north_peak_010_rider,gNB_4G_1,-48,gNB_4G_2,-68,0.188416,0,-1,0,58.2566,28
193.5,car_north_peak_007,gNB_4G_1,-49,gNB_4G_2,-78,0.270336,0,-1,0,34.5144,28
194.5,car_north_peak_006,gNB_4G_1,-43,gNB_4G_2,-65,0.188416,0,-1,0,18.164,21
194.5,ue_n001_0006,gNB_4G_1,-36,gNB_4G_2,-83,0.679936,0,-1,0,60.5417,28
194.5,ue_n042_0008,gNB_4G_2,-53,gNB_5G,-69,0.745472,2,23.8399,1,56.841,28
194.5,ue_n042_0002,gNB_4G_2,-46,gNB_4G_1,-51,0.688128,4,20.0399,0,66.886,28
194.5,ue_ujeongwon_0001,gNB_4G_1,-47,gNB_5G,-68,0.393216,0,-1,0,55.0597,28
194.5,ue_n043_0009,gNB_5G,-47,gNB_4G_2,-49,0.745472,2,27.2399,1,63.9264,28
194.5,ue_n043_0010,gNB_4G_2,-54,gNB_4G_1,-54,0.196608,1,36.6399,0,17.897,19
194.5,ue_n043_0001,gNB_4G_2,-47,gNB_5G,-50,0.360448,5,91.4399,0,61.816,28
194.5,ue_n001_0009,gNB_4G_1,-44,gNB_4G_2,-76,0.581632,0,-1,0,20.8488,24
194.5,ue_n001_0001,gNB_4G_2,-43,gNB_4G_1,-48,0.581632,1,25.8399,0,68.056,28
194.5,car_north_base_010,gNB_4G_1,-55,gNB_4G_2,-66,0.2048,0,-1,0,69.0948,28
194.5,ue_ujeongwon_0002,gNB_4G_1,-50,gNB_5G,-67,0.8192,0,-1,0,38.5946,28
194.5,ue_n001_0007,gNB_4G_1,-56,gNB_5G,-67,0.262144,0,-1,0,61.4673,28
194.5,ue_n001_0003,gNB_4G_2,-80,gNB_4G_1,-82,0.540672,6,0.0399284,1,11.1222,8
194.5,car_north_base_001_rider,gNB_4G_2,-48,gNB_4G_1,-80,0.8192,3,54.8399,0,30.6638,27
194.5,car_north_base_002_rider,gNB_4G_2,-48,gNB_5G,-78,0.8192,3,49.4399,1,49.7457,28
194.5,car_north_base_009,gNB_4G_1,-39,gNB_5G,-81,0.319488,0,-1,0,67.4629,28
194.5,car_north_peak_009,gNB_4G_1,nan,,-140,0.253952,0,-1,0,35.7638,28
194.5,ue_n043_0003,gNB_4G_2,-46,gNB_5G,-51,0.458752,5,63.4399,0,65.1414,28
194.5,ue_n042_0009,gNB_4G_2,-54,gNB_5G,-66,0.155648,0,-1,0,51.911,28
194.5,ue_n042_0004,gNB_4G_2,-42,gNB_5G,-66,0.8192,2,133.24,0,55.7551,28
194.5,ue_n043_0004,gNB_4G_2,-44,gNB_5G,-51,0.753664,9,36.2399,0,65.5304,28
194.5,ue_n001_0010,gNB_4G_1,-47,gNB_5G,-87,0.8192,0,-1,0,54.2092,28
194.5,ue_n043_0005,gNB_4G_2,-46,gNB_5G,-49,0.483328,9,43.2399,1,63.6683,28
194.5,ue_ujeongwon_0004,gNB_4G_2,-45,gNB_5G,-62,0.114688,3,1.83993,0,65.3753,28
194.5,ue_ujeongwon_0005,gNB_4G_1,-47,gNB_5G,-57,0.32768,2,66.0399,1,64.5982,28
194.5,ue_n001_0005,gNB_4G_1,-36,gNB_5G,-71,0.589824,0,-1,0,51.8851,28
194.5,car_north_peak_008_rider,gNB_4G_1,-48,gNB_4G_2,-79,0.344064,0,-1,0,65.4385,28
194.5,ue_n043_0006,gNB_4G_2,-58,gNB_5G,-71,0.581632,5,31.6399,1,53.2209,28
194.5,ue_ujeongwon_0007,gNB_4G_1,-48,gNB_5G,-79,0.8192,0,-1,0,63.9986,28
194.5,ue_ujeongwon_0008,gNB_4G_1,-45,gNB_4G_2,-77,0.352256,0,-1,0,63.008,28
194.5,ue_n043_0007,gNB_4G_2,-58,gNB_5G,-70,0.4096,5,26.6399,1,55.0657,28
194.5,ue_ujeongwon_0009,gNB_4G_1,-45,gNB_5G,-59,0.581632,2,52.8399,1,52.3631,28
194.5,car_north_base_007_rider,gNB_4G_1,-54,gNB_5G,-65,0.425984,0,-1,0,28.6278,26
194.5,ue_ujeongwon_0010,gNB_4G_1,-53,gNB_4G_2,-78,0.688128,0,-1,0,23.1759,26
194.5,car_north_base_008_rider,gNB_4G_2,-46,gNB_5G,-54,0.172032,1,28.2399,0,24.7696,27
194.5,ue_n043_0008,gNB_5G,-47,gNB_4G_2,-50,0.745472,2,32.6399,1,64.789,28
194.5,ue_n001_0008,gNB_4G_1,-47,gNB_5G,-65,0.303104,0,-1,0,61.7133,28
194.5,car_north_peak_010_rider,gNB_4G_1,-48,gNB_4G_2,-68,0.180224,0,-1,0,24.8505,25
194.5,car_north_peak_007,gNB_4G_1,-48,gNB_4G_2,-75,0.262144,0,-1,0,61.4097,28
195.5,car_north_peak_006,gNB_4G_1,-48,gNB_4G_2,-62,0.180224,0,-1,0,23.9987,26
195.5,ue_n001_0006,gNB_4G_1,-36,gNB_4G_2,-83,0.688128,0,-1,0,58.4076,28
195.5,ue_n042_0008,gNB_4G_2,-54,gNB_5G,-67,0.745472,2,24.8399,1,38.175,28
195.5,ue_n042_0002,gNB_4G_2,-46,gNB_4G_1,-51,0.679936,4,21.0399,0,9.53848,14
195.5,ue_ujeongwon_0001,gNB_4G_1,-48,gNB_5G,-62,0.393216,0,-1,0,50.1472,28
195.5,ue_n043_0009,gNB_5G,-47,gNB_4G_2,-50,0.73728,2,28.2399,1,63.252,28
195.5,ue_n043_0010,gNB_4G_2,-54,gNB_5G,-63,0.196608,1,37.6399,0,54.4557,28
195.5,ue_n043_0001,gNB_4G_2,-49,gNB_5G,-54,0.352256,5,92.4399,0,67.1513,28
195.5,ue_n001_0009,gNB_4G_1,-55,gNB_4G_2,-75,0.589824,0,-1,0,62.8079,28
195.5,ue_n001_0001,gNB_4G_2,-43,gNB_4G_1,-48,0.581632,1,26.8399,0,14.48,15
195.5,car_north_base_010,gNB_4G_1,-44,gNB_4G_2,-65,0.212992,0,-1,0,66.2269,28
195.5,ue_ujeongwon_0002,gNB_4G_1,-48,gNB_5G,-67,0.8192,0,-1,0,66.1277,28
195.5,ue_n001_0007,gNB_4G_1,-48,gNB_5G,-67,0.262144,0,-1,0,65.3925,28
195.5,car_north_base_001_rider,gNB_4G_2,-47,gNB_4G_1,-73,0.8192,3,55.8399,0,42.9584,28
195.5,car_north_base_002_rider,gNB_4G_2,-48,gNB_5G,-78,0.8192,3,50.4399,1,50.4088,28
195.5,car_north_base_009,gNB_4G_1,-38,gNB_4G_2,-82,0.311296,0,-1,0,54.9924,28
195.5,car_north_peak_009,gNB_4G_1,-44,gNB_4G_2,-72,0.516096,0,-1,0,66.7961,28
195.5,ue_n043_0003,gNB_4G_2,-46,gNB_5G,-51,0.45056,5,64.4399,0,62.8338,28
195.5,ue_n042_0009,gNB_4G_2,-58,gNB_5G,-69,0.16384,0,-1,0,38.7135,28
195.5,ue_n042_0004,gNB_4G_2,-43,gNB_5G,-66,0.8192,2,134.24,0,55.1903,28
195.5,ue_n043_0004,gNB_4G_2,-45,gNB_5G,-51,0.73728,9,37.2399,0,17.7019,21
195.5,ue_n001_0010,gNB_4G_1,-44,gNB_5G,-78,0.8192,0,-1,0,63.635,28
195.5,ue_n043_0005,gNB_4G_2,-48,gNB_5G,-50,0.483328,9,44.2399,1,62.0051,28
195.5,ue_ujeongwon_0004,gNB_4G_2,-45,gNB_4G_1,-52,0.12288,3,2.83993,0,66.657,28
195.5,ue_ujeongwon_0005,gNB_4G_1,-47,gNB_5G,-62,0.32768,2,67.0399,1,58.3362,28
195.5,ue_n001_0005,gNB_4G_1,-36,gNB_4G_2,-83,0.581632,0,-1,0,75.5273,28
195.5,car_north_peak_008_rider,gNB_4G_1,-46,gNB_4G_2,-79,0.335872,0,-1,0,61.8881,28
195.5,ue_n043_0006,gNB_4G_2,-58,gNB_5G,-68,0.589824,5,32.6399,1,54.923,28
195.5,ue_ujeongwon_0007,gNB_4G_1,-49,gNB_4G_2,-78,0.8192,0,-1,0,53.4689,28
195.5,ue_ujeongwon_0008,gNB_4G_1,-45,gNB_5G,-72,0.352256,0,-1,0,63.9966,28
195.5,ue_n043_0007,gNB_4G_2,-56,gNB_5G,-72,0.4096,5,27.6399,1,40.3164,28
195.5,ue_ujeongwon_0009,gNB_4G_1,-46,gNB_5G,-59,0.589824,2,53.8399,1,48.9674,28
195.5,ue_ujeongwon_0010,gNB_4G_1,-54,gNB_4G_2,-76,0.679936,0,-1,0,17.3699,22
195.5,car_north_base_008_rider,gNB_4G_2,-45,gNB_5G,-52,0.172032,1,29.2399,0,26.5232,28
195.5,ue_n043_0008,gNB_5G,-47,gNB_4G_2,-49,0.745472,2,33.6399,1,62.1771,28
195.5,ue_n001_0008,gNB_4G_1,-46,gNB_5G,-64,0.303104,0,-1,0,65.0129,28
195.5,car_north_peak_010_rider,gNB_4G_1,-48,gNB_4G_2,-68,0.188416,0,-1,0,58.2566,28
195.5,car_north_peak_007,gNB_4G_1,-49,gNB_5G,-74,0.262144,0,-1,0,62.134,28
196.5,car_north_peak_006,gNB_4G_1,-43,gNB_4G_2,-66,0.188416,0,-1,0,45.3052,28
196.5,ue_n001_0006,gNB_4G_1,-36,gNB_5G,-65,0.679936,0,-1,0,60.3369,28
196.5,ue_n042_0008,gNB_4G_2,-61,gNB_5G,-69,0.73728,2,25.8399,1,44.5707,28
196.5,ue_n042_0002,gNB_4G_2,-46,gNB_4G_1,-51,0.688128,4,22.0399,0,66.886,28
196.5,ue_ujeongwon_0001,gNB_4G_1,-56,gNB_5G,-64,0.385024,0,-1,0,66.4524,28
196.5,ue_n043_0009,gNB_5G,-47,gNB_4G_2,-50,0.745472,2,29.2399,1,64.4392,28
196.5,ue_n043_0010,gNB_4G_2,-56,gNB_5G,-64,0.2048,1,38.6399,0,54.3053,28
196.5,ue_n043_0001,gNB_4G_2,-44,gNB_5G,-50,0.360448,5,93.4399,0,18.1422,19
196.5,ue_n001_0009,gNB_4G_1,-50,gNB_4G_2,-75,0.581632,0,-1,0,22.5845,22
196.5,ue_n001_0001,gNB_4G_2,-46,gNB_4G_1,-50,0.589824,1,27.8399,0,61.6066,28
196.5,car_north_base_010,gNB_4G_1,-56,gNB_4G_2,-67,0.212992,0,-1,0,20.7206,24
196.5,ue_ujeongwon_0002,gNB_4G_1,-48,gNB_5G,-69,0.8192,0,-1,0,37.4612,28
196.5,ue_n001_0007,gNB_4G_1,-52,gNB_5G,-69,0.270336,0,-1,0,24.4128,26
196.5,car_north_base_001_rider,gNB_4G_2,-47,gNB_5G,-69,0.8192,3,56.8399,0,24.6403,26
196.5,car_north_base_002_rider,gNB_4G_2,-48,gNB_5G,-78,0.8192,3,51.4399,1,51.2618,28
196.5,car_north_base_009,gNB_4G_1,-40,gNB_4G_2,-82,0.319488,0,-1,0,70.0285,28
196.5,car_north_peak_009,gNB_4G_1,-45,gNB_4G_2,-78,0.516096,0,-1,0,63.0113,28
196.5,ue_n043_0003,gNB_4G_2,-47,gNB_5G,-52,0.458752,5,65.4399,0,66.6963,28
196.5,ue_n042_0009,gNB_4G_2,-55,gNB_5G,-67,0.155648,0,-1,0,33.6418,28
196.5,ue_n042_0004,gNB_4G_2,-43,gNB_5G,-65,0.8192,2,135.24,0,48.7649,28
196.5,ue_n043_0004,gNB_4G_2,-46,gNB_5G,-49,0.753664,9,38.2399,0,67.7099,28
196.5,ue_n001_0010,gNB_4G_1,-46,gNB_5G,-80,0.8192,0,-1,0,62.4077,28
196.5,ue_n043_0005,gNB_4G_2,-47,gNB_5G,-51,0.483328,9,45.2399,1,15.021,19
196.5,ue_ujeongwon_0004,gNB_4G_2,-44,gNB_4G_1,-51,0.114688,3,3.83993,0,11.0783,12
196.5,ue_ujeongwon_0005,gNB_4G_1,-56,gNB_5G,-60,0.32768,2,68.0399,1,37.3148,28
196.5,ue_n001_0005,gNB_4G_1,-37,gNB_4G_2,-83,0.581632,0,-1,0,57.2633,28
196.5,car_north_peak_008_rider,gNB_4G_1,-48,gNB_4G_2,-77,0.344064,0,-1,0,33.1155,28
196.5,ue_n043_0006,gNB_4G_2,-55,gNB_5G,-70,0.581632,5,33.6399,1,57.571,28
196.5,ue_ujeongwon_0007,gNB_4G_1,-48,gNB_5G,-73,0.8192,0,-1,0,37.0972,28
196.5,ue_ujeongwon_0008,gNB_4G_1,-45,gNB_5G,-72,0.360448,0,-1,0,30.3448,28
196.5,ue_n043_0007,gNB_4G_2,-56,gNB_5G,-68,0.4096,5,28.6399,1,41.6248,28
196.5,ue_ujeongwon_0009,gNB_4G_1,-48,gNB_5G,-61,0.581632,2,54.8399,1,54.5103,28
196.5,ue_ujeongwon_0010,gNB_4G_1,-59,gNB_4G_2,-78,0.679936,0,-1,0,60.2479,28
196.5,car_north_base_008_rider,gNB_4G_2,-44,gNB_5G,-52,0.172032,1,30.2399,0,30.4804,27
196.5,ue_n043_0008,gNB_5G,-48,gNB_4G_2,-49,0.745472,2,34.6399,1,64.9195,28
196.5,ue_n001_0008,gNB_4G_1,-45,gNB_5G,-66,0.303104,0,-1,0,64.328,28
196.5,car_north_peak_010_rider,gNB_4G_1,-48,gNB_4G_2,-68,0.188416,0,-1,0,25.6937,25
196.5,car_north_peak_007,gNB_4G_1,-49,gNB_5G,-75,0.262144,0,-1,0,65.1532,28
197.5,car_north_peak_006,gNB_4G_1,-43,gNB_5G,-80,0.188416,0,-1,0,47.2585,28
197.5,ue_n001_0006,gNB_4G_1,-36,gNB_5G,-65,0.679936,0,-1,0,68.9076,28
197.5,ue_n042_0008,gNB_4G_2,-61,gNB_5G,-69,0.745472,2,26.8399,1,50.0397,28
197.5,ue_n042_0002,gNB_4G_2,-46,gNB_4G_1,-51,0.679936,4,23.0399,0,66.886,28
197.5,ue_ujeongwon_0001,gNB_4G_1,-57,gNB_5G,-63,0.393216,0,-1,0,63.59,28
197.5,ue_n043_0009,gNB_5G,-46,gNB_4G_2,-48,0.745472,2,30.2399,1,65.0138,28
197.5,ue_n043_0010,gNB_4G_2,-56,gNB_4G_1,-63,0.196608,1,39.6399,0,24.0501,26
197.5,ue_n043_0001,gNB_4G_2,-46,gNB_5G,-51,0.352256,5,94.4399,0,65.3458,28
197.5,ue_n001_0009,gNB_4G_1,-60,gNB_4G_2,-78,0.589824,0,-1,0,64.703,28
197.5,ue_n001_0001,gNB_4G_2,-45,gNB_4G_1,-50,0.548864,1,28.8399,0,19.2467,16
197.5,car_north_base_010,gNB_4G_1,-46,gNB_4G_2,-67,0.2048,0,-1,0,44.4998,28
197.5,ue_ujeongwon_0002,gNB_4G_1,-47,gNB_5G,-71,0.8192,0,-1,0,35.8855,28
197.5,ue_n001_0007,gNB_4G_1,-47,gNB_5G,-67,0.262144,0,-1,0,58.2339,28
197.5,car_north_base_001_rider,gNB_4G_2,-50,gNB_5G,-60,0.8192,3,57.8399,0,60.0492,28
197.5,car_north_base_002_rider,gNB_4G_2,-48,gNB_5G,-78,0.8192,3,52.4399,1,50.3005,28
197.5,car_north_base_009,gNB_4G_1,-39,gNB_4G_2,-82,0.311296,0,-1,0,50.9659,28
197.5,car_north_peak_009,gNB_4G_1,-48,gNB_4G_2,-80,0.507904,0,-1,0,59.8217,28
197.5,ue_n043_0003,gNB_4G_2,-45,gNB_5G,-51,0.45056,5,66.4399,0,41.2783,28
197.5,ue_n042_0009,gNB_4G_2,-57,gNB_5G,-66,0.155648,0,-1,0,39.0852,28
197.5,ue_n042_0004,gNB_4G_2,-44,gNB_5G,-66,0.8192,2,136.24,0,51.9662,28
197.5,ue_n043_0004,gNB_4G_2,-43,gNB_5G,-53,0.73728,9,39.2399,0,24.7179,24
197.5,ue_n001_0010,gNB_4G_1,-50,gNB_5G,-84,0.8192,0,-1,0,61.0723,28
197.5,ue_n043_0005,gNB_4G_2,-45,gNB_5G,-51,0.483328,9,46.2399,1,65.1941,28
197.5,ue_ujeongwon_0004,gNB_4G_2,-46,gNB_4G_1,-51,0.12288,3,4.83993,0,63.193,28
197.5,ue_ujeongwon_0005,gNB_4G_1,-47,gNB_5G,-65,0.32768,2,69.0399,1,58.7696,28
197.5,ue_n001_0005,gNB_4G_1,-39,gNB_5G,-69,0.589824,0,-1,0,72.2495,28
197.5,car_north_peak_008_rider,gNB_4G_1,-51,gNB_5G,-75,0.344064,0,-1,0,63.959,28
197.5,ue_n043_0006,gNB_4G_2,-53,gNB_5G,-70,0.589824,5,34.6399,1,60.153,28
197.5,ue_ujeongwon_0007,gNB_4G_1,-47,gNB_5G,-74,0.8192,0,-1,0,39.7676,28
197.5,ue_ujeongwon_0008,gNB_4G_1,-49,gNB_5G,-73,0.352256,0,-1,0,64.0185,28
197.5,ue_n043_0007,gNB_4G_2,-55,gNB_5G,-67,0.4096,5,29.6399,1,55.9986,28
197.5,ue_ujeongwon_0009,gNB_4G_1,-51,gNB_5G,-60,0.589824,2,55.8399,1,51.7752,28
197.5,ue_ujeongwon_0010,gNB_4G_1,-51,gNB_4G_2,-77,0.688128,0,-1,0,56.8705,28
197.5,car_north_base_008_rider,gNB_4G_2,-48,gNB_5G,-54,0.172032,1,31.2399,0,29.6662,28
197.5,ue_n043_0008,gNB_5G,-47,gNB_4G_2,-50,0.745472,2,35.6399,1,64.6054,28
197.5,ue_n001_0008,gNB_4G_1,-51,gNB_5G,-69,0.303104,0,-1,0,36.7534,28
197.5,car_north_peak_010_rider,gNB_4G_1,-47,gNB_4G_2,-68,0.188416,0,-1,0,63.0407,28
197.5,car_north_peak_007,gNB_4G_1,-49,gNB_4G_2,-77,0.270336,0,-1,0,34.5498,26
198.5,car_north_peak_006,gNB_4G_1,-40,gNB_5G,-78,0.188416,0,-1,0,53.1941,28
198.5,ue_n001_0006,gNB_4G_1,-38,gNB_5G,-63,0.688128,0,-1,0,54.5522,28
198.5,ue_n042_0008,gNB_4G_2,-62,gNB_5G,-70,0.745472,2,27.8399,1,30.5618,28
198.5,ue_n042_0002,gNB_4G_2,-46,gNB_4G_1,-51,0.679936,4,24.0399,0,19.4875,22
198.5,ue_ujeongwon_0001,gNB_4G_1,-46,gNB_4G_2,-64,0.385024,0,-1,0,65.5041,28
198.5,ue_n043_0009,gNB_5G,-46,gNB_4G_2,-48,0.745472,2,31.2399,1,64.2258,28
198.5,ue_n043_0010,gNB_4G_2,-56,gNB_5G,-66,0.196608,1,40.6399,0,44.0124,28
198.5,ue_n043_0001,gNB_4G_2,-45,gNB_5G,-54,0.360448,5,95.4399,0,65.0316,28
198.5,ue_n001_0009,gNB_4G_1,-47,gNB_4G_2,-77,0.581632,0,-1,0,61.9727,28
198.5,ue_n001_0001,gNB_4G_2,-45,gNB_4G_1,-49,0.589824,1,29.8399,0,62.1424,28
198.5,car_north_base_010,gNB_4G_1,-43,gNB_4G_2,-63,0.212992,0,-1,0,72.803,28
198.5,ue_ujeongwon_0002,gNB_4G_1,-46,gNB_5G,-73,0.8192,0,-1,0,29.9258,28
198.5,ue_n001_0007,gNB_4G_1,-42,gNB_5G,-67,0.262144,0,-1,0,38.5884,28
198.5,car_north_base_001_rider,gNB_4G_2,-51,gNB_5G,-62,0.8192,3,58.8399,0,39.9578,28
198.5,car_north_base_002_rider,gNB_4G_2,-48,gNB_5G,-78,0.8192,3,53.4399,1,48.523,28
198.5,car_north_base_009,gNB_4G_1,-39,gNB_4G_2,-82,0.319488,0,-1,0,54.7602,28
198.5,car_north_peak_009,gNB_4G_1,-50,gNB_4G_2,-79,0.516096,0,-1,0,36.2442,28
198.5,ue_n043_0003,gNB_4G_2,-46,gNB_5G,-51,0.458752,5,67.4399,0,46.3495,28
198.5,ue_n042_0009,gNB_4G_2,-58,gNB_5G,-75,0.155648,0,-1,0,55.0657,28
198.5,ue_n042_0004,gNB_4G_2,-45,gNB_5G,-60,0.8192,2,137.24,0,64.6528,28
198.5,ue_n043_0004,gNB_4G_2,-45,gNB_5G,-51,0.745472,9,40.2399,0,23.771,26
198.5,ue_n001_0010,gNB_4G_1,-55,gNB_5G,-90,0.8192,0,-1,0,62.1215,28
198.5,ue_n043_0005,gNB_4G_2,-45,gNB_5G,-51,0.475136,9,47.2399,1,27.8221,26
198.5,ue_ujeongwon_0004,gNB_4G_2,-46,gNB_4G_1,-51,0.114688,3,5.83993,0,64.9538,28
198.5,ue_ujeongwon_0005,gNB_4G_1,-48,gNB_5G,-58,0.32768,2,70.0399,1,24.6355,26
198.5,ue_n001_0005,gNB_4G_1,-41,gNB_5G,-61,0.581632,0,-1,0,73.0896,28
198.5,car_north_peak_008_rider,gNB_4G_1,-45,gNB_5G,-77,0.344064,0,-1,0,44.3485,28
198.5,ue_n043_0006,gNB_4G_2,-51,gNB_5G,-72,0.581632,5,35.6399,1,58.9275,28
198.5,ue_ujeongwon_0007,gNB_4G_1,-46,gNB_5G,-73,0.8192,0,-1,0,45.9289,28
198.5,ue_ujeongwon_0008,gNB_4G_1,-49,gNB_4G_2,-77,0.360448,0,-1,0,60.8348,28
198.5,ue_n043_0007,gNB_4G_2,-55,gNB_5G,-70,0.4096,5,30.6399,1,42.8299,28
198.5,ue_ujeongwon_0009,gNB_4G_1,-48,gNB_5G,-61,0.581632,2,56.8399,1,39.2743,26
198.5,ue_ujeongwon_0010,gNB_4G_1,-53,gNB_4G_2,-78,0.679936,0,-1,0,59.4354,28
198.5,car_north_base_008_rider,gNB_4G_2,-45,gNB_5G,-49,0.172032,1,32.2399,0,18.5466,25
198.5,ue_n043_0008,gNB_5G,-49,gNB_4G_2,-48,0.73728,2,36.6399,1,65.8223,28
198.5,ue_n001_0008,gNB_4G_1,-51,gNB_5G,-67,0.303104,0,-1,0,66.586,28
198.5,car_north_peak_010_rider,gNB_4G_1,-44,gNB_4G_2,-78,0.180224,0,-1,0,42.8496,28
198.5,car_north_peak_007,gNB_4G_1,-44,gNB_4G_2,-65,0.262144,0,-1,0,28.4113,28
199.5,car_north_peak_006,gNB_4G_1,-39,gNB_5G,-76,0.180224,0,-1,0,48.3401,28
199.5,ue_n001_0006,gNB_4G_1,-38,gNB_5G,-66,0.679936,0,-1,0,55.313,28
199.5,ue_n042_0008,gNB_4G_2,-61,gNB_5G,-70,0.745472,2,28.8399,1,52.2444,28
199.5,ue_n042_0002,gNB_4G_2,-46,gNB_4G_1,-51,0.679936,4,25.0399,0,18.3735,15
199.5,ue_ujeongwon_0001,gNB_4G_1,-44,gNB_4G_2,-64,0.393216,0,-1,0,64.6163,28
199.5,ue_n043_0009,gNB_5G,-46,gNB_4G_2,-51,0.745472,2,32.2399,1,62.039,28
199.5,ue_n043_0010,gNB_4G_2,-60,gNB_5G,-66,0.196608,1,41.6399,0,49.4595,28
199.5,ue_n043_0001,gNB_4G_2,-45,gNB_5G,-53,0.352256,5,96.4399,0,64.839,28
199.5,ue_n001_0009,gNB_4G_1,-48,gNB_5G,-68,0.589824,0,-1,0,66.2181,28
199.5,ue_n001_0001,gNB_4G_2,-45,gNB_4G_1,-49,0.589824,1,30.8399,0,66.6588,28
199.5,car_north_base_010,gNB_4G_1,-43,gNB_5G,-81,0.212992,0,-1,0,71.4194,28
199.5,ue_ujeongwon_0002,gNB_4G_1,-50,gNB_5G,-68,0.8192,0,-1,0,37.7575,28
199.5,ue_n001_0007,gNB_4G_1,-47,gNB_5G,-67,0.262144,0,-1,0,63.5789,28
199.5,car_north_base_001_rider,gNB_4G_2,-49,gNB_5G,-62,0.8192,3,59.8399,0,26.7907,26
199.5,car_north_base_002_rider,gNB_4G_2,-48,gNB_5G,-78,0.8192,3,54.4399,1,49.878,28
199.5,car_north_base_009,gNB_4G_1,-36,gNB_5G,-72,0.311296,0,-1,0,71.8332,28
199.5,car_north_peak_009,gNB_4G_1,-47,gNB_5G,-75,0.507904,0,-1,0,61.4073,28
199.5,ue_n043_0003,gNB_4G_2,-46,gNB_5G,-51,0.45056,5,68.4399,0,62.918,28
199.5,ue_n042_0009,gNB_4G_2,-56,gNB_5G,-69,0.155648,0,-1,0,54.1331,28
199.5,ue_n042_0004,gNB_4G_2,-43,gNB_5G,-60,0.8192,2,138.24,0,47.816,28
199.5,ue_n043_0004,gNB_4G_2,-45,gNB_5G,-53,0.745472,9,41.2399,0,66.94,28
199.5,ue_n001_0010,gNB_4G_1,-44,gNB_5G,-83,0.8192,0,-1,0,64.2551,28
199.5,ue_n043_0005,gNB_4G_2,-44,gNB_5G,-49,0.483328,9,48.2399,1,65.6968,28
199.5,ue_ujeongwon_0004,gNB_4G_2,-46,gNB_4G_1,-51,0.12288,3,6.83993,0,64.9538,28
199.5,ue_ujeongwon_0005,gNB_4G_1,-45,gNB_5G,-60,0.32768,2,71.0399,1,60.4887,28
199.5,ue_n001_0005,gNB_4G_1,-41,gNB_5G,-70,0.589824,0,-1,0,73.7985,28
199.5,car_north_peak_008_rider,gNB_4G_1,-43,gNB_5G,-75,0.335872,0,-1,0,30.3124,28
199.5,ue_n043_0006,gNB_4G_2,-52,gNB_5G,-70,0.589824,5,36.6399,1,59.2206,28
199.5,ue_ujeongwon_0007,gNB_4G_1,-44,gNB_5G,-75,0.8192,0,-1,0,34.129,28
199.5,ue_ujeongwon_0008,gNB_4G_1,-48,gNB_5G,-73,0.352256,0,-1,0,40.5143,28
199.5,ue_n043_0007,gNB_4G_2,-55,gNB_5G,-71,0.4096,5,31.6399,1,29.5751,28
199.5,ue_ujeongwon_0009,gNB_4G_1,-45,gNB_5G,-62,0.581632,2,57.8399,1,61.706,28
199.5,ue_ujeongwon_0010,gNB_4G_1,-51,gNB_5G,-86,0.679936,0,-1,0,62.1065,28
199.5,car_north_base_008_rider,gNB_4G_2,-44,gNB_5G,-51,0.16384,1,33.2399,0,60.0606,28
199.5,ue_n043_0008,gNB_5G,-50,gNB_4G_2,-48,0.745472,2,37.6399,1,62.9984,28
199.5,ue_n001_0008,gNB_4G_1,-51,gNB_5G,-70,0.303104,0,-1,0,60.6485,28
199.5,car_north_peak_010_rider,gNB_4G_1,-47,gNB_4G_2,-79,0.188416,0,-1,0,37.8407,28
199.5,car_north_peak_007,gNB_4G_1,-43,gNB_4G_2,-65,0.262144,0,-1,0,25.3309,28
200.5,car_north_peak_006,gNB_4G_1,-40,gNB_4G_2,-83,0.188416,0,-1,0,72.2566,28
200.5,ue_n001_0006,gNB_4G_1,-38,gNB_4G_2,-84,0.679936,0,-1,0,77.0787,28
200.5,ue_n042_0008,gNB_4G_2,-58,gNB_5G,-69,0.745472,2,29.8399,1,39.6675,28
200.5,car_north_base_011,gNB_4G_1,-61,gNB_5G,-73,0.147456,0,-1,0,63.0369,28
200.5,ue_n042_0002,gNB_4G_2,-46,gNB_4G_1,-51,0.688128,4,26.0399,0,9.53848,14
200.5,ue_ujeongwon_0001,gNB_4G_1,-43,gNB_5G,-64,0.393216,0,-1,0,26.22,28
200.5,ue_n043_0009,gNB_5G,-48,gNB_4G_2,-47,0.745472,2,33.2399,1,65.1281,28
200.5,ue_n043_0010,gNB_4G_1,-57,gNB_4G_2,-60,0.172032,2,0.239928,0,4.61894,9
200.5,ue_n043_0001,gNB_4G_2,-45,gNB_5G,-58,0.360448,5,97.4399,0,34.488,28
200.5,ue_n001_0009,gNB_4G_1,-45,gNB_5G,-67,0.581632,0,-1,0,62.4555,28
200.5,ue_n001_0001,gNB_4G_2,-46,gNB_4G_1,-47,0.57344,1,31.8399,0,5.66211,8
200.5,car_north_base_010,gNB_4G_1,-39,gNB_5G,-75,0.2048,0,-1,0,72.8534,28
200.5,ue_ujeongwon_0002,gNB_4G_1,-48,gNB_5G,-68,0.8192,0,-1,0,31.6386,28
200.5,ue_n001_0007,gNB_4G_1,-44,gNB_5G,-67,0.270336,0,-1,0,58.4625,28
200.5,car_north_base_001_rider,gNB_4G_2,-52,gNB_5G,-61,0.8192,3,60.8399,0,63.0338,28
200.5,car_north_base_002_rider,gNB_4G_2,-48,gNB_5G,-78,0.8192,3,55.4399,1,63.1061,28
200.5,car_north_base_009,gNB_4G_1,-38,gNB_5G,-72,0.319488,0,-1,0,48.7548,28
200.5,car_north_peak_009,gNB_4G_1,-49,gNB_5G,-73,0.516096,0,-1,0,62.1356,28
200.5,ue_n043_0003,gNB_4G_2,-47,gNB_5G,-52,0.458752,5,69.4399,0,38.6388,28
200.5,ue_n042_0009,gNB_4G_2,-57,gNB_5G,-68,0.16384,0,-1,0,40.2762,28
200.5,ue_n042_0004,gNB_4G_2,-42,gNB_5G,-62,0.8192,2,139.24,0,68.9779,28
200.5,ue_n001_0011,gNB_4G_1,-63,gNB_4G_2,-87,0.049152,0,-1,0,64.7473,28
200.5,ue_n043_0004,gNB_4G_2,-44,gNB_5G,-52,0.745472,9,42.2399,0,12.0174,18
200.5,ue_n001_0010,gNB_4G_1,-45,gNB_5G,-80,0.8192,0,-1,0,63.0258,28
200.5,ue_n043_0005,gNB_4G_2,-44,gNB_5G,-53,0.483328,9,49.2399,1,20.0234,24
200.5,ue_ujeongwon_0004,gNB_4G_2,-46,gNB_4G_1,-51,0.114688,3,7.83993,0,64.9538,28
200.5,ue_ujeongwon_0005,gNB_4G_1,-47,gNB_5G,-57,0.28672,2,72.0399,1,59.2192,28
200.5,ue_n001_0005,gNB_4G_1,-42,gNB_4G_2,-75,0.581632,0,-1,0,72.1132,28
200.5,car_north_peak_008_rider,gNB_4G_1,-41,gNB_4G_2,-65,0.344064,0,-1,0,28.3691,26
200.5,ue_n043_0006,gNB_4G_2,-52,gNB_5G,-68,0.581632,5,37.6399,1,57.3637,28
200.5,ue_ujeongwon_0007,gNB_4G_1,-48,gNB_5G,-76,0.8192,0,-1,0,53.4233,28
200.5,ue_ujeongwon_0008,gNB_4G_1,-47,gNB_4G_2,-78,0.360448,0,-1,0,39.2579,28
200.5,ue_n043_0007,gNB_4G_2,-58,gNB_5G,-68,0.4096,5,32.6399,1,39.6396,28
200.5,ue_ujeongwon_0009,gNB_4G_1,-46,gNB_5G,-66,0.589824,2,58.8399,1,65.0724,28
200.5,ue_ujeongwon_0010,gNB_4G_1,-49,gNB_4G_2,-89,0.688128,0,-1,0,57.3867,28
200.5,car_north_base_008_rider,gNB_4G_2,-47,gNB_5G,-48,0.172032,1,34.2399,0,11.4578,16
200.5,ue_n043_0008,gNB_5G,-49,gNB_4G_2,-47,0.745472,2,38.6399,1,64.5593,28
200.5,ue_n001_0008,gNB_4G_1,-49,gNB_5G,-67,0.303104,0,-1,0,24.5042,26
200.5,car_north_peak_010_rider,gNB_4G_1,-49,gNB_4G_2,-79,0.188416,0,-1,0,62.7948,28
200.5,car_north_peak_007,gNB_4G_1,-43,gNB_4G_2,-64,0.262144,0,-1,0,33.323,28
201.5,car_north_peak_006,gNB_4G_1,-38,gNB_4G_2,-82,0.188416,0,-1,0,52.8691,28
201.5,ue_n001_0006,gNB_4G_1,-37,gNB_4G_2,-84,0.679936,0,-1,0,56.7815,28
201.5,ue_n042_0008,gNB_4G_2,-58,gNB_5G,-69,0.745472,2,30.8399,1,45.0007,28
201.5,car_north_base_011,gNB_4G_1,-44,gNB_4G_2,-78,0.278528,0,-1,0,62.0921,28
201.5,ue_n042_0002,gNB_4G_2,-46,gNB_4G_1,-51,0.679936,4,27.0399,0,13.3812,13
201.5,ue_ujeongwon_0001,gNB_4G_1,-47,gNB_5G,-66,0.385024,0,-1,0,24.7888,25
201.5,ue_n043_0009,gNB_5G,-46,gNB_4G_2,-49,0.745472,2,34.2399,1,62.053,28
201.5,ue_n043_0010,gNB_4G_1,-56,gNB_4G_2,-58,0.221184,2,1.23993,0,49.2934,28
201.5,ue_n043_0001,gNB_4G_2,-45,gNB_5G,-58,0.352256,5,98.4399,0,28.6643,27
201.5,ue_n001_0009,gNB_4G_1,-48,gNB_5G,-66,0.581632,0,-1,0,60.4027,28
201.5,ue_n001_0001,gNB_4G_2,-45,gNB_4G_1,-48,0.499712,1,32.8399,0,54.5147,28
201.5,car_north_base_010,gNB_4G_1,-40,gNB_5G,-78,0.212992,0,-1,0,50.127,28
201.5,ue_ujeongwon_0002,gNB_4G_1,-44,gNB_5G,-69,0.8192,0,-1,0,38.5767,28
201.5,ue_n001_0007,gNB_4G_1,-48,gNB_5G,-69,0.262144,0,-1,0,61.7275,28
201.5,car_north_base_001_rider,gNB_4G_2,-48,gNB_5G,-67,0.8192,3,61.8399,0,28.3659,28
201.5,car_north_base_002_rider,gNB_4G_2,-48,gNB_5G,-78,0.8192,3,56.4399,1,49.9571,28
201.5,car_north_base_009,gNB_4G_1,-40,gNB_5G,-69,0.311296,0,-1,0,56.7533,28
201.5,car_north_peak_009,gNB_4G_1,-49,gNB_5G,-75,0.507904,0,-1,0,60.9796,28
201.5,ue_n043_0003,gNB_4G_2,-47,gNB_5G,-53,0.45056,5,70.4399,0,20.0352,24
201.5,ue_n042_0009,gNB_4G_2,-54,gNB_5G,-67,0.155648,0,-1,0,40.6771,28
201.5,ue_n042_0004,gNB_4G_2,-43,gNB_5G,-63,0.8192,2,140.24,0,46.1609,28
201.5,ue_n001_0011,gNB_4G_1,-55,gNB_4G_2,-83,0.172032,0,-1,0,36.7862,28
201.5,ue_n042_0010,gNB_4G_2,nan,,-140,0.049152,0,-1,0,43.7344,28
201.5,ue_n043_0004,gNB_4G_2,-45,gNB_5G,-50,0.745472,9,43.2399,0,64.4412,28
201.5,ue_n001_0010,gNB_4G_1,-45,gNB_5G,-81,0.8192,0,-1,0,56.8418,28
201.5,ue_n043_0005,gNB_4G_2,-45,gNB_5G,-51,0.483328,9,50.2399,1,25.9865,24
201.5,ue_ujeongwon_0004,gNB_4G_2,-46,gNB_4G_1,-51,0.12288,3,8.83993,0,64.9538,28
201.5,ue_ujeongwon_0005,gNB_4G_1,-48,gNB_4G_2,-47,0.262144,2,73.0399,1,56.2194,28
201.5,ue_n001_0005,gNB_4G_1,-40,gNB_4G_2,-75,0.581632,0,-1,0,71.4342,28
201.5,car_north_peak_008_rider,gNB_4G_1,-44,gNB_4G_2,-65,0.335872,0,-1,0,54.3843,28
201.5,ue_n043_0006,gNB_4G_2,-53,gNB_5G,-64,0.581632,5,38.6399,1,59.1608,28
201.5,ue_ujeongwon_0007,gNB_4G_1,-44,gNB_5G,-79,0.8192,0,-1,0,42.4112,28
201.5,ue_ujeongwon_0008,gNB_4G_1,-46,gNB_5G,-74,0.352256,0,-1,0,65.3233,28
201.5,ue_n043_0007,gNB_4G_2,-55,gNB_5G,-69,0.4096,5,33.6399,1,39.9229,28
201.5,ue_ujeongwon_0009,gNB_4G_1,-48,gNB_5G,-62,0.581632,2,59.8399,1,18.1449,22
201.5,ue_ujeongwon_0010,gNB_4G_1,-49,gNB_4G_2,-90,0.679936,0,-1,0,62.3585,28
201.5,car_north_base_008_rider,gNB_4G_2,-46,gNB_5G,-49,0.172032,1,35.2399,0,18.7987,23
201.5,ue_n043_0008,gNB_5G,-49,gNB_4G_2,-47,0.745472,2,39.6399,1,65.4588,28
201.5,ue_n001_0008,gNB_4G_1,-49,gNB_5G,-67,0.303104,0,-1,0,33.4839,28
201.5,car_north_peak_010_rider,gNB_4G_1,-50,gNB_4G_2,-78,0.180224,0,-1,0,32.1915,27
201.5,car_north_peak_007,gNB_4G_1,-44,gNB_4G_2,-64,0.270336,0,-1,0,29.2043,28
202.5,car_north_peak_006,gNB_4G_1,-36,gNB_4G_2,-83,0.188416,0,-1,0,51.9387,28
202.5,ue_n001_0006,gNB_4G_1,-39,gNB_4G_2,-84,0.688128,0,-1,0,56.5406,28
202.5,ue_n042_0008,gNB_4G_2,-54,gNB_5G,-68,0.745472,2,31.8399,1,40.1159,28
202.5,car_north_base_011,gNB_4G_1,-45,gNB_4G_2,-78,0.28672,0,-1,0,64.5992,28
202.5,ue_n042_0002,gNB_4G_2,-46,gNB_4G_1,-51,0.679936,4,28.0399,0,9.53848,14
202.5,ue_ujeongwon_0001,gNB_4G_1,-47,gNB_5G,-64,0.393216,0,-1,0,68.4209,28
202.5,ue_n043_0009,gNB_5G,-48,gNB_4G_2,-49,0.745472,2,35.2399,1,60.6174,28
202.5,ue_n043_0010,gNB_4G_1,-62,gNB_4G_2,-59,0.180224,2,2.23993,0,47.2181,28
202.5,ue_n043_0001,gNB_4G_2,-46,gNB_5G,-51,0.360448,5,99.4399,0,67.5718,28
202.5,ue_n001_0009,gNB_4G_1,-47,gNB_5G,-64,0.589824,0,-1,0,29.3126,28
202.5,ue_n001_0001,gNB_4G_1,-46,gNB_4G_2,-53,0.442368,2,0.639928,0,-5.88512,0
202.5,car_north_base_010,gNB_4G_1,-39,gNB_4G_2,-82,0.2048,0,-1,0,74.7959,28
202.5,ue_ujeongwon_0002,gNB_4G_1,-45,gNB_5G,-71,0.8192,0,-1,0,29.1531,27
202.5,ue_n001_0007,gNB_4G_1,-49,gNB_5G,-69,0.262144,0,-1,0,31.5577,28
202.5,car_north_base_001_rider,gNB_4G_2,-46,gNB_4G_1,-73,0.8192,3,62.8399,0,31.1138,28
202.5,car_north_base_002_rider,gNB_4G_2,-48,gNB_5G,-78,0.8192,3,57.4399,1,49.0804,28
202.5,car_north_base_009,gNB_4G_1,-39,gNB_5G,-66,0.319488,0,-1,0,74.6332,28
202.5,car_north_peak_009,gNB_4G_1,-49,gNB_5G,-75,0.516096,0,-1,0,66.8775,28
202.5,ue_n043_0003,gNB_4G_2,-47,gNB_5G,-51,0.458752,5,71.4399,0,62.2201,28
202.5,ue_n042_0009,gNB_4G_2,-55,gNB_5G,-73,0.155648,0,-1,0,38.0995,28
202.5,ue_n042_0004,gNB_4G_2,-43,gNB_5G,-59,0.8192,2,141.24,0,65.4938,28
202.5,ue_n001_0011,gNB_4G_1,-47,gNB_5G,-75,0.172032,0,-1,0,49.6742,28
202.5,ue_n042_0010,gNB_4G_2,-74,gNB_4G_1,-84,0.090112,0,-1,0,43.3452,28
202.5,ue_n043_0004,gNB_4G_2,-45,gNB_5G,-51,0.745472,9,44.2399,0,37.6088,28
202.5,ue_n001_0010,gNB_4G_1,-43,gNB_5G,-77,0.8192,0,-1,0,64.6981,28
202.5,ue_n043_0005,gNB_4G_2,-45,gNB_5G,-53,0.483328,9,51.2399,1,24.4204,25
202.5,ue_ujeongwon_0004,gNB_4G_2,-46,gNB_4G_1,-51,0.114688,3,9.83993,0,64.9538,28
202.5,ue_ujeongwon_0005,gNB_4G_1,-49,gNB_4G_2,-47,0.32768,2,74.0399,1,56.7877,28
202.5,ue_n001_0005,gNB_4G_1,-39,gNB_4G_2,-76,0.589824,0,-1,0,54.6858,28
202.5,car_north_peak_008_rider,gNB_4G_1,-56,gNB_4G_2,-67,0.344064,0,-1,0,21.8783,25
202.5,ue_n043_0006,gNB_4G_2,-52,gNB_5G,-65,0.589824,5,39.6399,1,47.1735,28
202.5,ue_ujeongwon_0007,gNB_4G_1,-44,gNB_5G,-78,0.8192,0,-1,0,39.7052,28
202.5,ue_ujeongwon_0008,gNB_4G_1,-46,gNB_5G,-78,0.360448,0,-1,0,58.8452,28
202.5,ue_n043_0007,gNB_4G_2,-55,gNB_5G,-70,0.4096,5,34.6399,1,43.109,28
202.5,ue_ujeongwon_0009,gNB_4G_1,-47,gNB_5G,-59,0.589824,2,60.8399,1,64.9718,28
202.5,ue_ujeongwon_0010,gNB_4G_1,-46,gNB_4G_2,-89,0.679936,0,-1,0,66.0034,28
202.5,car_north_base_008_rider,gNB_4G_2,-46,gNB_5G,-46,0.172032,1,36.2399,0,20.5973,22
202.5,ue_n043_0008,gNB_5G,-48,gNB_4G_2,-48,0.745472,2,40.6399,1,68.3888,28
202.5,ue_n001_0008,gNB_4G_1,-48,gNB_4G_2,-73,0.303104,0,-1,0,65.8284,28
202.5,car_north_peak_010_rider,gNB_4G_1,-50,gNB_4G_2,-78,0.188416,0,-1,0,33.7093,28
202.5,car_north_peak_007,gNB_4G_1,-44,gNB_4G_2,-64,0.262144,0,-1,0,72.8031,28
203.5,car_north_peak_006,gNB_4G_1,-37,gNB_5G,-73,0.180224,0,-1,0,45.4824,28
203.5,ue_n001_0006,gNB_4G_1,-38,gNB_5G,-80,0.679936,0,-1,0,74.6558,28
203.5,car_north_base_011,gNB_4G_1,-47,gNB_4G_2,-78,0.278528,0,-1,0,27.5621,25
203.5,ue_n042_0002,gNB_4G_2,-46,gNB_4G_1,-51,0.688128,4,29.0399,0,12.6962,15
203.5,ue_ujeongwon_0001,gNB_4G_1,-52,gNB_4G_2,-61,0.385024,0,-1,0,67.215,28
203.5,ue_n043_0009,gNB_5G,-50,gNB_4G_2,-48,0.745472,2,36.2399,1,64.2218,28
203.5,ue_n043_0010,gNB_4G_2,-60,gNB_5G,-65,0.188416,3,0.639928,1,55.2137,28
203.5,ue_n043_0001,gNB_4G_2,-45,gNB_5G,-55,0.352256,5,100.44,0,16.482,21
203.5,ue_n001_0009,gNB_4G_1,-46,gNB_5G,-65,0.581632,0,-1,0,36.3318,28
203.5,ue_n001_0001,gNB_4G_1,-47,gNB_4G_2,-49,0.557056,2,1.63993,0,58.4045,28
203.5,car_north_base_010,gNB_4G_1,-39,gNB_4G_2,-84,0.212992,0,-1,0,72.7335,28
203.5,ue_ujeongwon_0002,gNB_4G_1,-45,gNB_4G_2,-68,0.8192,0,-1,0,27.7682,26
203.5,ue_n001_0007,gNB_4G_1,-53,gNB_5G,-66,0.270336,0,-1,0,66.9071,28
203.5,car_north_base_001_rider,gNB_4G_2,-50,gNB_4G_1,-76,0.8192,3,63.8399,0,40.5951,28
203.5,car_north_base_002_rider,gNB_4G_2,-48,gNB_5G,-78,0.8192,3,58.4399,1,45.1781,28
203.5,car_north_base_009,gNB_4G_1,-36,gNB_5G,-69,0.311296,0,-1,0,49.3182,28
203.5,car_north_peak_009,gNB_4G_1,-44,gNB_4G_2,-65,0.507904,0,-1,0,65.9492,28
203.5,ue_n043_0003,gNB_4G_2,-47,gNB_5G,-51,0.458752,5,72.4399,0,64.0652,28
203.5,ue_n042_0009,gNB_4G_2,-55,gNB_5G,-69,0.155648,0,-1,0,52.0012,28
203.5,ue_n042_0004,gNB_4G_2,-42,gNB_5G,-57,0.8192,2,142.24,0,42.9708,28
203.5,ue_n001_0011,gNB_4G_1,-48,gNB_5G,-76,0.16384,0,-1,0,64.8053,28
203.5,ue_n042_0010,gNB_4G_2,-68,gNB_5G,-66,0.090112,0,-1,0,22.4324,24
203.5,ue_n043_0004,gNB_4G_2,-44,gNB_5G,-51,0.745472,9,45.2399,0,66.7444,28
203.5,ue_n001_0010,gNB_4G_1,-47,gNB_4G_2,-103,0.8192,0,-1,0,59.7942,28
203.5,ue_n043_0005,gNB_4G_2,-45,gNB_5G,-52,0.483328,9,52.2399,1,67.4463,28
203.5,ue_ujeongwon_0004,gNB_4G_2,-46,gNB_4G_1,-51,0.12288,3,10.8399,0,64.9538,28
203.5,ue_ujeongwon_0005,gNB_4G_2,-45,gNB_4G_1,-48,0.311296,3,0.639928,0,65.5775,28
203.5,ue_n001_0005,gNB_4G_1,-38,gNB_4G_2,-83,0.581632,0,-1,0,66.9329,28
203.5,car_north_peak_008_rider,gNB_4G_1,-46,gNB_4G_2,-67,0.344064,0,-1,0,24.8589,23
203.5,ue_n043_0006,gNB_4G_2,-54,gNB_5G,-66,0.581632,5,40.6399,1,46.2513,28
203.5,ue_ujeongwon_0007,gNB_4G_1,-46,gNB_5G,-76,0.8192,0,-1,0,39.3762,28
203.5,ue_ujeongwon_0008,gNB_4G_1,-49,gNB_5G,-79,0.352256,0,-1,0,70.5253,28
203.5,ue_n043_0007,gNB_4G_2,-53,gNB_5G,-69,0.4096,5,35.6399,1,57.7956,28
203.5,ue_ujeongwon_0009,gNB_4G_1,-48,gNB_5G,-59,0.581632,2,61.8399,1,60.2029,28
203.5,ue_ujeongwon_0010,gNB_4G_1,-47,gNB_4G_2,-88,0.688128,0,-1,0,61.1876,28
203.5,car_north_base_008_rider,gNB_4G_2,-48,gNB_5G,-48,0.172032,1,37.2399,0,21.4584,21
203.5,ue_n043_0008,gNB_4G_2,-46,gNB_5G,-50,0.745472,3,0.439928,0,63.6966,28
203.5,ue_n001_0008,gNB_4G_1,-48,gNB_5G,-67,0.303104,0,-1,0,34.2074,28
203.5,car_north_peak_010_rider,gNB_4G_1,-51,gNB_5G,-74,0.188416,0,-1,0,38.6372,28
203.5,car_north_peak_007,gNB_4G_1,-43,gNB_4G_2,-72,0.262144,0,-1,0,63.5793,28
204.5,car_north_peak_006,gNB_4G_1,-41,gNB_5G,-66,0.188416,0,-1,0,52.5724,28
204.5,ue_n001_0006,gNB_4G_1,-37,gNB_5G,-64,0.679936,0,-1,0,57.6557,28
204.5,car_north_base_011,gNB_4G_1,-51,gNB_4G_2,-76,0.28672,0,-1,0,64.0845,28
204.5,ue_n042_0002,gNB_4G_2,-46,gNB_4G_1,-52,0.679936,4,30.0399,0,18.8645,22
204.5,ue_ujeongwon_0001,gNB_4G_1,-47,gNB_4G_2,-61,0.393216,0,-1,0,26.0431,25
204.5,ue_n043_0009,gNB_5G,-47,gNB_4G_2,-47,0.745472,2,37.2399,1,59.0259,28
204.5,ue_n043_0010,gNB_4G_2,-56,gNB_4G_1,-62,0.2048,3,1.63993,1,21.5908,20
204.5,ue_n043_0001,gNB_4G_2,-44,gNB_5G,-52,0.360448,5,101.44,0,66.3068,28
204.5,ue_n001_0009,gNB_4G_1,-43,gNB_5G,-65,0.589824,0,-1,0,34.098,28
204.5,ue_n001_0001,gNB_4G_2,-44,gNB_4G_1,-48,0.57344,3,0.639928,1,68.5848,28
204.5,car_north_base_010,gNB_4G_1,-37,gNB_4G_2,-82,0.212992,0,-1,0,72.9419,28
204.5,ue_ujeongwon_0002,gNB_4G_1,-47,gNB_4G_2,-70,0.8192,0,-1,0,63.7203,28
204.5,ue_n001_0007,gNB_4G_1,-47,gNB_5G,-68,0.262144,0,-1,0,66.097,28
204.5,car_north_base_001_rider,gNB_4G_2,-55,gNB_4G_1,-86,0.8192,3,64.8399,0,36.5052,28
204.5,car_north_base_002_rider,gNB_4G_2,-50,gNB_5G,-78,0.8192,3,59.4399,1,45.2154,28
204.5,car_north_base_009,gNB_4G_1,-37,gNB_5G,-68,0.319488,0,-1,0,52.5629,28
204.5,car_north_peak_009,gNB_4G_1,-44,gNB_4G_2,-62,0.507904,0,-1,0,25.3486,28
204.5,ue_n043_0003,gNB_4G_2,-47,gNB_5G,-51,0.45056,5,73.4399,0,63.9231,28
204.5,ue_n042_0009,gNB_4G_2,-59,gNB_5G,-68,0.16384,0,-1,0,42.2609,28
204.5,ue_n042_0004,gNB_4G_2,-45,gNB_5G,-57,0.8192,2,143.24,0,62.1157,28
204.5,ue_n001_0011,gNB_4G_1,-44,gNB_5G,-78,0.172032,0,-1,0,67.829,28
204.5,ue_n042_0010,gNB_4G_2,-66,gNB_5G,-65,0.08192,0,-1,0,23.8548,26
204.5,ue_n043_0004,gNB_4G_2,-45,gNB_5G,-51,0.745472,9,46.2399,0,38.7849,28
204.5,ue_n001_0010,gNB_4G_1,-47,gNB_4G_2,-78,0.8192,0,-1,0,36.0872,28
204.5,ue_n043_0005,gNB_4G_2,-44,gNB_5G,-51,0.475136,9,53.2399,1,17.7387,23
204.5,ue_ujeongwon_0004,gNB_4G_2,-46,gNB_4G_1,-51,0.114688,3,11.8399,0,64.9538,28
204.5,ue_ujeongwon_0005,gNB_4G_2,-44,gNB_4G_1,-48,0.32768,3,1.63993,0,62.4423,28
204.5,ue_n001_0005,gNB_4G_1,-41,gNB_4G_2,-65,0.589824,0,-1,0,24.9285,28
204.5,car_north_peak_008_rider,gNB_4G_1,-43,gNB_4G_2,-61,0.344064,0,-1,0,42.7309,28
204.5,ue_n043_0006,gNB_4G_2,-54,gNB_5G,-68,0.589824,5,41.6399,1,53.9307,28
204.5,ue_ujeongwon_0007,gNB_4G_1,-48,gNB_5G,-78,0.8192,0,-1,0,34.272,28
204.5,ue_ujeongwon_0008,gNB_4G_1,-44,gNB_5G,-79,0.360448,0,-1,0,45.7766,28
204.5,ue_n043_0007,gNB_4G_2,-53,gNB_5G,-67,0.4096,5,36.6399,1,48.6918,28
204.5,ue_ujeongwon_0009,gNB_4G_1,-47,gNB_5G,-65,0.581632,2,62.8399,1,42.0032,28
204.5,ue_ujeongwon_0010,gNB_4G_1,-46,gNB_4G_2,-89,0.679936,0,-1,0,52.1862,28
204.5,car_north_base_008_rider,gNB_4G_2,-48,gNB_5G,-47,0.16384,1,38.2399,0,35.7938,28
204.5,ue_n043_0008,gNB_4G_2,-47,gNB_5G,-52,0.745472,3,1.43993,0,28.5788,28
204.5,ue_n001_0008,gNB_4G_1,-49,gNB_5G,-67,0.303104,0,-1,0,37.4617,28
204.5,car_north_peak_010_rider,gNB_4G_1,-47,gNB_4G_2,-77,0.188416,0,-1,0,67.7608,28
204.5,car_north_peak_007,gNB_4G_1,-40,gNB_5G,-83,0.262144,0,-1,0,72.3434,28
205.5,car_north_peak_006,gNB_4G_1,-38,gNB_5G,-68,0.188416,0,-1,0,75.9419,28
205.5,ue_n001_0006,gNB_4G_1,-37,gNB_5G,-64,0.688128,0,-1,0,59.0627,28
205.5,car_north_base_011,gNB_4G_1,-46,gNB_5G,-75,0.278528,0,-1,0,38.4392,28
205.5,ue_n042_0002,gNB_4G_2,-46,gNB_4G_1,-51,0.679936,4,31.0399,0,17.7636,22
205.5,ue_ujeongwon_0001,gNB_4G_1,-45,gNB_4G_2,-60,0.393216,0,-1,0,59.0981,28
205.5,ue_n043_0009,gNB_4G_2,-48,gNB_5G,-52,0.745472,3,0.0399284,0,61.9368,28
205.5,ue_n043_0010,gNB_4G_2,-56,gNB_5G,-65,0.196608,3,2.63993,1,55.2733,28
205.5,ue_n043_0001,gNB_4G_2,-44,gNB_5G,-52,0.352256,5,102.44,0,66.3243,28
205.5,ue_n001_0009,gNB_4G_1,-48,gNB_5G,-64,0.581632,0,-1,0,52.4962,28
205.5,ue_n001_0001,gNB_4G_2,-42,gNB_4G_1,-52,0.57344,3,1.63993,1,9.29754,14
205.5,car_north_base_010,gNB_4G_1,-37,gNB_5G,-67,0.2048,0,-1,0,55.732,28
205.5,ue_ujeongwon_0002,gNB_4G_1,-47,gNB_4G_2,-69,0.8192,0,-1,0,24.9582,27
205.5,ue_n001_0007,gNB_4G_1,-52,gNB_5G,-68,0.262144,0,-1,0,38.4027,28
205.5,car_north_base_001_rider,gNB_4G_2,-50,gNB_4G_1,-86,0.8192,3,65.8399,0,45.5948,28
205.5,car_north_base_002_rider,gNB_4G_2,-52,gNB_5G,-78,0.8192,3,60.4399,1,50.449,28
205.5,car_north_base_009,gNB_4G_1,-37,gNB_5G,-73,0.311296,0,-1,0,71.2271,28
205.5,car_north_peak_009,gNB_4G_1,-43,gNB_4G_2,-65,0.516096,0,-1,0,24.6609,27
205.5,ue_n043_0003,gNB_4G_2,-45,gNB_5G,-52,0.458752,5,74.4399,0,43.4945,28
205.5,ue_n042_0009,gNB_4G_2,-54,gNB_5G,-71,0.155648,0,-1,0,40.0852,28
205.5,ue_n042_0004,gNB_4G_2,-42,gNB_5G,-58,0.8192,2,144.24,0,49.0579,28
205.5,ue_n001_0011,gNB_4G_1,-43,gNB_5G,-77,0.172032,0,-1,0,62.5284,28
205.5,ue_n042_0010,gNB_4G_2,-67,gNB_5G,-70,0.090112,0,-1,0,25.0472,25
205.5,ue_n043_0004,gNB_4G_2,-45,gNB_5G,-51,0.745472,9,47.2399,0,65.9023,28
205.5,ue_n001_0010,gNB_4G_1,-45,gNB_4G_2,-77,0.8192,0,-1,0,65.5659,28
205.5,ue_n043_0005,gNB_4G_2,-45,gNB_5G,-52,0.483328,9,54.2399,1,66.7444,28
205.5,ue_ujeongwon_0004,gNB_4G_2,-46,gNB_4G_1,-51,0.12288,3,12.8399,0,64.9538,28
205.5,ue_ujeongwon_0005,gNB_4G_2,-48,gNB_4G_1,-47,0.303104,3,2.63993,0,59.0056,28
205.5,ue_n001_0005,gNB_4G_1,-41,gNB_4G_2,-63,0.581632,0,-1,0,65.1202,28
205.5,car_north_peak_008_rider,gNB_4G_1,-40,gNB_5G,-75,0.335872,0,-1,0,61.5034,28
205.5,ue_n043_0006,gNB_4G_2,-56,gNB_5G,-67,0.581632,5,42.6399,1,38.6551,28
205.5,ue_ujeongwon_0007,gNB_4G_1,-50,gNB_4G_2,-78,0.8192,0,-1,0,40.5546,28
205.5,ue_ujeongwon_0008,gNB_4G_1,-47,gNB_5G,-78,0.352256,0,-1,0,63.926,28
205.5,ue_n043_0007,gNB_4G_2,-52,gNB_5G,-69,0.4096,5,37.6399,1,41.6649,28
205.5,ue_ujeongwon_0009,gNB_4G_1,-47,gNB_5G,-57,0.589824,2,63.8399,1,40.6944,28
205.5,ue_ujeongwon_0010,gNB_4G_1,-46,gNB_4G_2,-89,0.679936,0,-1,0,49.9598,28
205.5,car_north_base_008_rider,gNB_4G_2,-49,gNB_5G,-50,0.172032,1,39.2399,0,38.4455,28
205.5,ue_n043_0008,gNB_5G,-47,gNB_4G_2,-56,0.73728,4,0.439928,1,63.1122,28
205.5,ue_n001_0008,gNB_4G_1,-48,gNB_5G,-70,0.303104,0,-1,0,35.9676,25
205.5,car_north_peak_010_rider,gNB_4G_1,-44,gNB_5G,-75,0.180224,0,-1,0,29.1279,27
205.5,car_north_peak_007,gNB_4G_1,-38,gNB_5G,-76,0.270336,0,-1,0,54.768,28
206.5,car_north_peak_006,gNB_4G_1,-35,gNB_5G,-66,0.188416,0,-1,0,51.2763,28
206.5,ue_n001_0006,gNB_4G_1,-37,gNB_5G,-66,0.679936,0,-1,0,54.4894,28
206.5,car_north_base_011,gNB_4G_1,-47,gNB_5G,-77,0.278528,0,-1,0,28.6413,28
206.5,ue_n042_0002,gNB_4G_2,-46,gNB_4G_1,-51,0.688128,4,32.0399,0,66.886,28
206.5,ue_ujeongwon_0001,gNB_4G_1,-46,gNB_4G_2,-60,0.385024,0,-1,0,66.5517,28
206.5,ue_n043_0009,gNB_4G_2,-48,gNB_5G,-51,0.73728,3,1.03993,0,62.2888,28
206.5,ue_n043_0010,gNB_4G_2,-56,gNB_5G,-65,0.172032,3,3.63993,1,50.0258,28
206.5,ue_n043_0001,gNB_4G_2,-44,gNB_5G,-55,0.352256,5,103.44,0,24.6023,26
206.5,ue_n001_0009,gNB_4G_1,-56,gNB_5G,-67,0.589824,0,-1,0,28.0393,28
206.5,ue_n001_0001,gNB_4G_2,-46,gNB_4G_1,-48,0.557056,3,2.63993,1,17.0837,21
206.5,car_north_base_010,gNB_4G_1,-40,gNB_5G,-66,0.212992,0,-1,0,50.5098,28
206.5,ue_ujeongwon_0002,gNB_4G_1,-48,gNB_4G_2,-61,0.8192,0,-1,0,23.234,22
206.5,ue_n001_0007,gNB_4G_1,-46,gNB_5G,-72,0.262144,0,-1,0,39.3726,28
206.5,car_north_base_001_rider,gNB_4G_2,-49,gNB_4G_1,-74,0.69632,3,66.8399,0,-14.9921,0
206.5,car_north_base_002_rider,gNB_4G_2,-49,gNB_5G,-78,0.8192,3,61.4399,1,40.9556,28
206.5,car_north_base_009,gNB_4G_1,-39,gNB_5G,-82,0.311296,0,-1,0,49.1667,28
206.5,car_north_peak_009,gNB_4G_1,-48,gNB_4G_2,-62,0.507904,0,-1,0,72.034,28
206.5,ue_n043_0003,gNB_4G_2,-49,gNB_5G,-50,0.45056,5,75.4399,0,64.3102,28
206.5,ue_n042_0009,gNB_4G_2,-55,gNB_5G,-69,0.155648,0,-1,0,57.571,28
206.5,ue_n042_0004,gNB_4G_2,-43,gNB_5G,-58,0.8192,2,145.24,0,53.7493,28
206.5,ue_n001_0011,gNB_4G_1,-47,gNB_5G,-76,0.172032,0,-1,0,64.7243,28
206.5,ue_n042_0010,gNB_4G_2,-66,gNB_5G,-74,0.090112,0,-1,0,25.9414,25
206.5,ue_n043_0004,gNB_4G_2,-45,gNB_5G,-53,0.73728,9,48.2399,0,21.3344,23
206.5,ue_n001_0010,gNB_4G_1,-52,gNB_4G_2,-74,0.8192,0,-1,0,25.6768,25
206.5,ue_n043_0005,gNB_4G_2,-44,gNB_5G,-51,0.483328,9,55.2399,1,66.4692,28
206.5,ue_ujeongwon_0004,gNB_4G_2,-46,gNB_4G_1,-51,0.114688,3,13.8399,0,64.9538,28
206.5,ue_ujeongwon_0005,gNB_4G_2,-47,gNB_4G_1,-50,0.311296,3,3.63993,0,61.4891,28
206.5,ue_n001_0005,gNB_4G_1,-43,gNB_4G_2,-80,0.589824,0,-1,0,64.5313,28
206.5,car_north_peak_008_rider,gNB_4G_1,-37,gNB_5G,-77,0.344064,0,-1,0,69.3416,28
206.5,ue_n043_0006,gNB_4G_2,-54,gNB_5G,-69,0.589824,5,43.6399,1,41.6437,28
206.5,ue_ujeongwon_0007,gNB_4G_1,-45,gNB_5G,-77,0.8192,0,-1,0,36.7218,28
206.5,ue_ujeongwon_0008,gNB_4G_1,-47,gNB_5G,-75,0.360448,0,-1,0,44.0033,28
206.5,ue_n043_0007,gNB_4G_2,-53,gNB_5G,-65,0.4096,5,38.6399,1,41.2252,28
206.5,ue_ujeongwon_0009,gNB_4G_1,-50,gNB_5G,-65,0.581632,2,64.8399,1,58.7438,28
206.5,ue_ujeongwon_0010,gNB_4G_1,-43,gNB_4G_2,-89,0.679936,0,-1,0,61.8377,28
206.5,car_north_base_008_rider,gNB_4G_2,-50,gNB_5G,-48,0.172032,1,40.2399,0,33.8002,28
206.5,ue_n043_0008,gNB_5G,-47,gNB_4G_2,-46,0.745472,4,1.43993,1,65.4491,28
206.5,ue_n001_0008,gNB_4G_1,-48,gNB_5G,-70,0.303104,0,-1,0,61.2178,28
206.5,car_north_peak_010_rider,gNB_4G_1,-42,gNB_4G_2,-71,0.188416,0,-1,0,26.1754,25
206.5,car_north_peak_007,gNB_4G_1,-40,gNB_5G,-78,0.262144,0,-1,0,72.1626,28
207.5,car_north_peak_006,gNB_4G_1,-38,gNB_5G,-71,0.180224,0,-1,0,71.9718,28
207.5,ue_n001_0006,gNB_4G_1,-36,gNB_5G,-67,0.688128,0,-1,0,55.1333,28
207.5,car_north_base_011,gNB_4G_1,-49,gNB_5G,-73,0.28672,0,-1,0,65.1525,28
207.5,ue_n042_0002,gNB_4G_2,-45,gNB_4G_1,-51,0.679936,4,33.0399,0,17.1258,20
207.5,ue_ujeongwon_0001,gNB_4G_1,-46,gNB_4G_2,-59,0.393216,0,-1,0,62.9045,28
207.5,ue_n043_0009,gNB_4G_2,-49,gNB_5G,-48,0.745472,3,2.03993,0,35.2034,28
207.5,ue_n043_0010,gNB_4G_2,-60,gNB_4G_1,-60,0.196608,3,4.63993,1,52.2712,28
207.5,ue_n043_0001,gNB_4G_2,-47,gNB_5G,-55,0.360448,5,104.44,0,66.4206,28
207.5,ue_n001_0009,gNB_4G_1,-48,gNB_5G,-67,0.581632,0,-1,0,57.7206,28
207.5,ue_n001_0001,gNB_4G_2,-46,gNB_4G_1,-46,0.606208,3,3.63993,1,8.40847,15
207.5,car_north_base_010,gNB_4G_1,-36,gNB_5G,-65,0.212992,0,-1,0,56.6655,28
207.5,ue_ujeongwon_0002,gNB_4G_1,-47,gNB_4G_2,-62,0.8192,0,-1,0,23.5794,28
207.5,ue_n001_0007,gNB_4G_1,-53,gNB_5G,-70,0.270336,0,-1,0,61.0492,28
207.5,car_north_base_001_rider,gNB_4G_1,-61,gNB_4G_2,-80,0.712704,4,0.639928,0,25.2203,28
207.5,car_north_base_002_rider,gNB_4G_2,-51,gNB_5G,-78,0.8192,3,62.4399,1,63.1061,28
207.5,car_north_base_009,gNB_4G_1,-40,gNB_4G_2,-84,0.319488,0,-1,0,72.5848,28
207.5,car_north_peak_009,gNB_4G_1,-45,gNB_4G_2,-62,0.516096,0,-1,0,73.591,28
207.5,ue_n043_0003,gNB_4G_2,-47,gNB_5G,-52,0.458752,5,76.4399,0,42.8862,28
207.5,ue_n042_0009,gNB_4G_2,-53,gNB_5G,-69,0.155648,0,-1,0,42.3878,28
207.5,ue_n042_0004,gNB_4G_2,-39,gNB_5G,-60,0.8192,2,146.24,0,69.116,28
207.5,ue_n001_0011,gNB_4G_1,-46,gNB_5G,-74,0.172032,0,-1,0,69.1681,28
207.5,ue_n042_0010,gNB_4G_2,-66,gNB_5G,-68,0.090112,0,-1,0,26.7309,27
207.5,ue_n043_0004,gNB_4G_2,-46,gNB_5G,-52,0.745472,9,49.2399,0,25.4477,24
207.5,ue_n001_0010,gNB_4G_1,-43,gNB_4G_2,-76,0.8192,0,-1,0,34.5429,28
207.5,ue_n043_0005,gNB_4G_2,-44,gNB_5G,-52,0.483328,9,56.2399,1,64.1415,28
207.5,ue_ujeongwon_0004,gNB_4G_2,-46,gNB_4G_1,-51,0.12288,3,14.8399,0,64.9538,28
207.5,ue_ujeongwon_0005,gNB_4G_2,-49,gNB_4G_1,-49,0.319488,3,4.63993,0,63.4741,28
207.5,ue_n001_0005,gNB_4G_1,-42,gNB_4G_2,-85,0.581632,0,-1,0,68.8837,28
207.5,car_north_peak_008_rider,gNB_4G_1,-40,gNB_5G,-77,0.344064,0,-1,0,64.6283,28
207.5,ue_n043_0006,gNB_4G_2,-52,gNB_5G,-72,0.581632,5,44.6399,1,37.4053,28
207.5,ue_ujeongwon_0007,gNB_4G_1,-47,gNB_5G,-78,0.8192,0,-1,0,35.798,28
207.5,ue_ujeongwon_0008,gNB_4G_1,-48,gNB_5G,-79,0.352256,0,-1,0,59.0908,28
207.5,ue_n043_0007,gNB_4G_2,-52,gNB_5G,-65,0.4096,5,39.6399,1,44.7917,28
207.5,ue_ujeongwon_0009,gNB_4G_1,-52,gNB_5G,-65,0.589824,2,65.8399,1,59.3137,28
207.5,ue_ujeongwon_0010,gNB_4G_1,-45,gNB_4G_2,-89,0.688128,0,-1,0,68.0153,28
207.5,car_north_base_008_rider,gNB_4G_2,-49,gNB_5G,-48,0.172032,1,41.2399,0,19.3162,18
207.5,ue_n043_0008,gNB_5G,-48,gNB_4G_2,-46,0.745472,4,2.43993,1,65.5924,24
207.5,ue_n001_0008,gNB_4G_1,-50,gNB_5G,-68,0.303104,0,-1,0,36.0231,28
207.5,car_north_peak_010_rider,gNB_4G_1,-42,gNB_4G_2,-63,0.188416,0,-1,0,64.7286,28
207.5,car_north_peak_007,gNB_4G_1,-40,gNB_5G,-81,0.262144,0,-1,0,51.4061,28
208.5,car_north_peak_006,gNB_4G_1,-39,gNB_5G,-69,0.188416,0,-1,0,67.4358,28
208.5,ue_n001_0006,gNB_4G_1,-38,gNB_5G,-66,0.679936,0,-1,0,75.2954,28
208.5,car_north_base_011,gNB_4G_1,-48,gNB_4G_2,-73,0.278528,0,-1,0,66.8556,28
208.5,ue_n042_0002,gNB_4G_2,-42,gNB_4G_1,-51,0.688128,4,34.0399,0,17.5384,21
208.5,ue_ujeongwon_0001,gNB_4G_1,-47,gNB_4G_2,-58,0.393216,0,-1,0,61.6212,28
208.5,ue_n043_0009,gNB_4G_2,-47,gNB_5G,-47,0.745472,3,3.03993,0,35.6891,28
208.5,ue_n043_0010,gNB_4G_2,-59,gNB_4G_1,-59,0.180224,3,5.63993,1,2.84703,4
208.5,ue_n043_0001,gNB_4G_2,-45,gNB_5G,-52,0.352256,5,105.44,0,12.5883,17
208.5,ue_n001_0009,gNB_4G_1,-53,gNB_5G,-69,0.581632,0,-1,0,30.3166,28
208.5,ue_n001_0001,gNB_4G_2,-45,gNB_4G_1,-46,0.589824,3,4.63993,1,67.0858,28
208.5,car_north_base_010,gNB_4G_1,-36,gNB_5G,-66,0.2048,0,-1,0,62.2274,28
208.5,ue_ujeongwon_0002,gNB_4G_1,-50,gNB_4G_2,-63,0.8192,0,-1,0,65.6008,28
208.5,ue_n001_0007,gNB_4G_1,-46,gNB_5G,-67,0.262144,0,-1,0,63.7202,28
208.5,car_north_base_001_rider,gNB_4G_1,-61,gNB_4G_2,-83,0.688128,4,1.63993,0,12.5641,28
208.5,car_north_base_002_rider,gNB_4G_2,-49,gNB_5G,-78,0.8192,3,63.4399,1,50.984,28
208.5,car_north_base_009,gNB_4G_1,-39,gNB_4G_2,-84,0.311296,0,-1,0,57.2617,28
208.5,car_north_peak_009,gNB_4G_1,-44,gNB_5G,-78,0.507904,0,-1,0,72.8162,28
208.5,ue_n043_0003,gNB_4G_2,-46,gNB_5G,-52,0.45056,5,77.4399,0,40.3183,28
208.5,ue_n042_0009,gNB_4G_2,-53,gNB_5G,-67,0.16384,0,-1,0,47.269,28
208.5,ue_n042_0004,gNB_4G_2,-42,gNB_5G,-60,0.8192,2,147.24,0,50.1357,28
208.5,ue_n001_0011,gNB_4G_1,-46,gNB_5G,-69,0.172032,0,-1,0,43.9135,28
208.5,ue_n042_0010,gNB_4G_2,-65,gNB_5G,-67,0.090112,0,-1,0,30.9978,27
208.5,ue_n043_0004,gNB_4G_2,-46,gNB_5G,-51,0.745472,9,50.2399,0,25.2536,26
208.5,ue_n001_0010,gNB_4G_1,-45,gNB_5G,-73,0.8192,0,-1,0,64.1976,28
208.5,ue_n043_0005,gNB_4G_2,-45,gNB_5G,-52,0.475136,9,57.2399,1,15.6299,22
208.5,ue_ujeongwon_0004,gNB_4G_2,-46,gNB_4G_1,-51,0.114688,3,15.8399,0,64.9538,28
208.5,ue_ujeongwon_0005,gNB_4G_2,-47,gNB_4G_1,-52,0.311296,3,5.63993,0,9.35192,14
208.5,ue_n001_0005,gNB_4G_1,-39,gNB_4G_2,-81,0.581632,0,-1,0,51.648,28
208.5,car_north_peak_008_rider,gNB_4G_1,-44,gNB_5G,-78,0.335872,0,-1,0,50.5581,28
208.5,ue_n043_0006,gNB_4G_2,-56,gNB_5G,-67,0.581632,5,45.6399,1,53.3311,28
208.5,ue_ujeongwon_0007,gNB_4G_1,-46,gNB_5G,-77,0.8192,0,-1,0,51.5375,28
208.5,ue_ujeongwon_0008,gNB_4G_1,-44,gNB_4G_2,-78,0.360448,0,-1,0,66.7297,28
208.5,ue_n043_0007,gNB_4G_2,-52,gNB_5G,-66,0.4096,5,40.6399,1,38.1231,28
208.5,ue_ujeongwon_0009,gNB_4G_1,-48,gNB_5G,-57,0.540672,2,66.8399,1,61.5436,28
208.5,ue_ujeongwon_0010,gNB_4G_1,-44,gNB_4G_2,-89,0.679936,0,-1,0,77.1152,28
208.5,car_north_base_008_rider,gNB_4G_2,-49,gNB_5G,-47,0.172032,1,42.2399,0,26.5244,27
208.5,ue_n043_0008,gNB_5G,-48,gNB_4G_2,-48,0.745472,4,3.43993,1,62.4795,2
208.5,ue_n001_0008,gNB_4G_1,-47,gNB_5G,-68,0.303104,0,-1,0,38.039,28
208.5,car_north_peak_010_rider,gNB_4G_1,-41,gNB_4G_2,-64,0.188416,0,-1,0,64.0739,28
208.5,car_north_peak_007,gNB_4G_1,-39,gNB_4G_2,-82,0.262144,0,-1,0,70.2043,28
209.5,car_north_peak_006,gNB_4G_1,-39,gNB_5G,-69,0.188416,0,-1,0,52.4108,28
209.5,ue_n001_0006,gNB_4G_1,-38,gNB_5G,-65,0.679936,0,-1,0,52.8287,28
209.5,car_north_base_011,gNB_4G_1,-44,gNB_4G_2,-63,0.28672,0,-1,0,22.6495,25
209.5,ue_n042_0002,gNB_4G_2,-46,gNB_4G_1,-51,0.671744,4,35.0399,0,12.8996,14
209.5,ue_ujeongwon_0001,gNB_4G_1,-44,gNB_4G_2,-61,0.385024,0,-1,0,66.263,28
209.5,ue_n043_0009,gNB_4G_2,-48,gNB_5G,-48,0.745472,3,4.03993,0,39.153,28
209.5,ue_n043_0010,gNB_4G_1,-57,gNB_4G_2,-62,0.139264,4,0.639928,0,-5.33433,0
209.5,ue_n043_0001,gNB_4G_2,-45,gNB_5G,-52,0.360448,5,106.44,0,14.1282,20
209.5,ue_n001_0009,gNB_4G_1,-47,gNB_5G,-67,0.589824,0,-1,0,38.8025,28
209.5,ue_n001_0001,gNB_4G_2,-44,gNB_4G_1,-48,0.581632,3,5.63993,1,12.9047,18
209.5,car_north_base_010,gNB_4G_1,-37,gNB_5G,-71,0.212992,0,-1,0,54.9432,28
209.5,ue_ujeongwon_0002,gNB_4G_1,-46,gNB_4G_2,-62,0.8192,0,-1,0,63.5294,28
209.5,ue_n001_0007,gNB_4G_1,-47,gNB_5G,-70,0.262144,0,-1,0,46.5164,28
209.5,car_north_base_001_rider,gNB_4G_2,-57,gNB_4G_1,-63,0.45056,5,0.439928,1,-36.8745,0
209.5,car_north_base_002_rider,gNB_4G_2,-48,gNB_5G,-77,0.8192,3,64.4399,1,46.7338,28
209.5,car_north_base_009,gNB_4G_1,-41,gNB_4G_2,-90,0.319488,0,-1,0,60.7444,28
209.5,car_north_peak_009,gNB_4G_1,-39,gNB_5G,-75,0.516096,0,-1,0,48.0915,28
209.5,ue_n043_0003,gNB_4G_2,-46,gNB_5G,-53,0.458752,5,78.4399,0,37.9414,28
209.5,ue_n042_0009,gNB_4G_2,-52,gNB_5G,-70,0.155648,0,-1,0,59.2206,28
209.5,ue_n042_0004,gNB_4G_2,-44,gNB_5G,-59,0.8192,2,148.24,0,66.491,28
209.5,ue_n001_0011,gNB_4G_1,-48,gNB_5G,-69,0.16384,0,-1,0,41.0377,28
209.5,ue_n042_0010,gNB_4G_2,-64,gNB_5G,-67,0.090112,0,-1,0,49.9686,28
209.5,ue_n043_0004,gNB_4G_2,-45,gNB_5G,-49,0.745472,9,51.2399,0,42.2859,28
209.5,ue_n001_0010,gNB_4G_1,-45,gNB_5G,-70,0.8192,0,-1,0,41.5661,28
209.5,ue_n043_0005,gNB_4G_2,-46,gNB_5G,-51,0.483328,9,58.2399,1,15.2367,18
209.5,ue_ujeongwon_0004,gNB_4G_2,-46,gNB_4G_1,-51,0.12288,3,16.8399,0,14.4983,12
209.5,ue_ujeongwon_0005,gNB_4G_2,-43,gNB_4G_1,-50,0.32768,3,6.63993,0,66.6894,28
209.5,ue_n001_0005,gNB_4G_1,-40,gNB_4G_2,-84,0.589824,0,-1,0,60.8223,28
209.5,car_north_peak_008_rider,gNB_4G_1,-39,gNB_4G_2,-83,0.344064,0,-1,0,49.1235,28
209.5,ue_n043_0006,gNB_4G_2,-57,gNB_5G,-72,0.589824,5,46.6399,1,43.3112,28
209.5,ue_ujeongwon_0007,gNB_4G_1,-46,gNB_5G,-71,0.8192,0,-1,0,40.493,28
209.5,ue_ujeongwon_0008,gNB_4G_1,-43,gNB_5G,-78,0.352256,0,-1,0,37.69,28
209.5,ue_n043_0007,gNB_4G_2,-54,gNB_5G,-66,0.4096,5,41.6399,1,47.3266,28
209.5,ue_ujeongwon_0009,gNB_4G_1,-51,gNB_4G_2,-50,0.4096,2,67.8399,1,-9.11931,0
209.5,ue_ujeongwon_0010,gNB_4G_1,-37,gNB_4G_2,-90,0.679936,0,-1,0,57.9006,28
209.5,car_north_base_008_rider,gNB_5G,-49,gNB_4G_2,-51,0.172032,2,0.839928,0,65.541,28
209.5,ue_n043_0008,gNB_5G,-48,gNB_4G_2,-48,0.73728,4,4.43993,1,62.722,28
209.5,ue_n001_0008,gNB_4G_1,-51,gNB_5G,-68,0.303104,0,-1,0,26.7917,28
209.5,car_north_peak_010_rider,gNB_4G_1,-44,gNB_4G_2,-66,0.180224,0,-1,0,25.2336,28
209.5,car_north_peak_007,gNB_4G_1,-35,gNB_4G_2,-83,0.270336,0,-1,0,51.3216,28
210.5,car_north_peak_006,gNB_4G_1,-38,gNB_4G_2,-82,0.180224,0,-1,0,73.9485,28
210.5,ue_n001_0006,gNB_4G_1,-36,gNB_5G,-65,0.688128,0,-1,0,55.2457,28
210.5,car_north_base_011,gNB_4G_1,-44,gNB_4G_2,-64,0.278528,0,-1,0,70.3263,28
210.5,ue_n042_0002,gNB_4G_2,-46,gNB_4G_1,-51,0.688128,4,36.0399,0,19.0774,23
210.5,ue_ujeongwon_0001,gNB_4G_1,-46,gNB_4G_2,-57,0.393216,0,-1,0,65.9416,28
210.5,ue_n043_0009,gNB_4G_2,-47,gNB_5G,-49,0.745472,3,5.03993,0,38.6748,28
210.5,ue_n043_0010,gNB_4G_2,-65,gNB_5G,-65,0.16384,5,0.839928,1,34.2267,28
210.5,ue_n043_0001,gNB_4G_2,-43,gNB_5G,-54,0.352256,5,107.44,0,64.3661,28
210.5,ue_n001_0009,gNB_4G_1,-42,gNB_5G,-67,0.581632,0,-1,0,63.1689,28
210.5,ue_n001_0001,gNB_4G_2,-45,gNB_4G_1,-50,0.581632,3,6.63993,1,66.2514,28
210.5,car_north_base_010,gNB_4G_1,-36,gNB_5G,-65,0.212992,0,-1,0,71.8966,28
210.5,ue_ujeongwon_0002,gNB_4G_1,-52,gNB_4G_2,-59,0.8192,0,-1,0,23.3825,22
210.5,ue_n001_0007,gNB_4G_1,-47,gNB_5G,-68,0.262144,0,-1,0,47.4881,24
210.5,car_north_base_001_rider,gNB_4G_1,-67,gNB_5G,-100,0.688128,6,0.839928,1,39.3403,28
210.5,car_north_base_002_rider,gNB_4G_2,-49,gNB_5G,-73,0.8192,3,65.4399,1,22.1451,28
210.5,car_north_base_009,gNB_4G_1,-42,gNB_5G,-95,0.311296,0,-1,0,39.1102,28
210.5,car_north_peak_009,gNB_4G_1,-40,gNB_5G,-77,0.516096,0,-1,0,73.9459,28
210.5,ue_n043_0003,gNB_4G_2,-46,gNB_5G,-52,0.458752,5,79.4399,0,38.6651,28
210.5,ue_n042_0009,gNB_4G_2,-52,gNB_5G,-67,0.155648,0,-1,0,54.4102,28
210.5,ue_n042_0004,gNB_4G_2,-43,gNB_5G,-60,0.8192,2,149.24,0,45.7372,28
210.5,ue_n001_0011,gNB_4G_1,-44,gNB_5G,-68,0.172032,0,-1,0,38.6949,24
210.5,ue_n042_0010,gNB_4G_2,-61,gNB_5G,-69,0.090112,0,-1,0,29.0032,28
210.5,ue_n043_0004,gNB_4G_2,-45,gNB_5G,-52,0.745472,9,52.2399,0,65.6054,28
210.5,ue_n001_0010,gNB_4G_1,-49,gNB_5G,-73,0.8192,0,-1,0,64.6293,28
210.5,ue_n043_0005,gNB_4G_2,-46,gNB_5G,-50,0.483328,9,59.2399,1,25.6106,28
210.5,ue_ujeongwon_0004,gNB_4G_2,-46,gNB_4G_1,-51,0.114688,3,17.8399,0,64.9538,28
210.5,ue_ujeongwon_0005,gNB_4G_2,-44,gNB_4G_1,-49,0.32768,3,7.63993,0,68.2131,28
210.5,ue_n001_0005,gNB_4G_1,-42,gNB_4G_2,-97,0.581632,0,-1,0,69.6099,28
210.5,ue_n043_0011,gNB_4G_2,nan,,-140,0.188416,0,-1,0,45.4348,28
210.5,car_north_peak_008_rider,gNB_4G_1,-40,gNB_4G_2,-84,0.344064,0,-1,0,65.5536,28
210.5,ue_n043_0006,gNB_4G_2,-57,gNB_5G,-68,0.581632,5,47.6399,1,55.3719,28
210.5,ue_ujeongwon_0007,gNB_4G_1,-48,gNB_5G,-68,0.8192,0,-1,0,64.4771,28
210.5,ue_ujeongwon_0008,gNB_4G_1,-46,gNB_5G,-76,0.360448,0,-1,0,67.8578,28
210.5,ue_n043_0007,gNB_4G_2,-54,gNB_5G,-67,0.4096,5,42.6399,1,44.4607,28
210.5,ue_ujeongwon_0009,gNB_4G_2,-60,gNB_5G,-63,0.524288,3,0.839928,0,66.575,28
210.5,ue_ujeongwon_0010,gNB_4G_1,-38,gNB_4G_2,-89,0.688128,0,-1,0,71.095,28
210.5,car_north_base_008_rider,gNB_5G,-46,gNB_4G_2,-51,0.172032,2,1.83993,0,62.5522,28
210.5,ue_n043_0008,gNB_4G_2,-46,gNB_5G,-50,0.745472,5,0.439928,0,63.403,28
210.5,ue_n001_0008,gNB_4G_1,-47,gNB_5G,-69,0.303104,0,-1,0,27.5486,28
210.5,car_north_peak_010_rider,gNB_4G_1,-44,gNB_4G_2,-62,0.188416,0,-1,0,42.2876,28
210.5,car_north_peak_007,gNB_4G_1,-36,gNB_5G,-82,0.262144,0,-1,0,78.9723,28
211.5,car_north_peak_006,gNB_4G_1,-38,gNB_4G_2,-89,0.188416,0,-1,0,64.4637,28
211.5,ue_n001_0006,gNB_4G_1,-37,gNB_5G,-66,0.679936,0,-1,0,57.0056,28
211.5,car_north_base_011,gNB_4G_1,-46,gNB_4G_2,-63,0.28672,0,-1,0,24.6811,27
211.5,ue_n042_0002,gNB_4G_2,-46,gNB_4G_1,-52,0.688128,4,37.0399,0,66.886,28
211.5,ue_ujeongwon_0001,gNB_4G_1,-48,gNB_4G_2,-56,0.385024,0,-1,0,32.3264,16
211.5,ue_n043_0009,gNB_4G_2,-47,gNB_5G,-51,0.745472,3,6.03993,0,35.014,28
211.5,ue_n043_0010,gNB_4G_2,-58,gNB_5G,-68,0.2048,5,1.83993,1,56.9056,28
211.5,ue_n043_0001,gNB_4G_2,-45,gNB_5G,-57,0.360448,5,108.44,0,67.2908,28
211.5,ue_n001_0009,gNB_4G_1,-47,gNB_5G,-67,0.589824,0,-1,0,33.0578,28
211.5,ue_n001_0001,gNB_4G_2,-44,gNB_4G_1,-57,0.589824,3,7.63993,1,62.0475,28
211.5,car_north_base_010,gNB_4G_1,-39,gNB_5G,-76,0.2048,0,-1,0,49.025,28
211.5,ue_ujeongwon_0002,gNB_4G_1,-47,gNB_4G_2,-61,0.8192,0,-1,0,19.6935,21
211.5,ue_n001_0007,gNB_4G_1,-48,gNB_4G_2,-63,0.270336,0,-1,0,22.5554,26
211.5,ue_n001_0012,gNB_4G_1,-61,gNB_4G_2,-80,0.196608,0,-1,0,34.8196,28
211.5,car_north_base_001_rider,gNB_4G_1,-67,gNB_5G,-98,0.8192,6,1.83993,1,20.9007,28
211.5,car_north_base_002_rider,gNB_4G_2,-48,gNB_4G_1,-60,0.8192,3,66.4399,1,48.0217,28
211.5,car_north_base_009,gNB_4G_1,-41,gNB_4G_2,-77,0.319488,0,-1,0,33.4346,28
211.5,car_north_peak_009,gNB_4G_1,-39,gNB_5G,-76,0.507904,0,-1,0,52.1416,28
211.5,ue_n043_0003,gNB_4G_2,-48,gNB_5G,-52,0.45056,5,80.4399,0,64.3324,28
211.5,ue_n042_0009,gNB_4G_2,-52,gNB_5G,-65,0.155648,0,-1,0,46.4147,28
211.5,ue_n042_0004,gNB_4G_2,-46,gNB_5G,-59,0.8192,2,150.24,0,47.8977,28
211.5,ue_n001_0011,gNB_4G_1,-46,gNB_5G,-68,0.172032,0,-1,0,63.8417,28
211.5,ue_n042_0010,gNB_4G_2,-61,gNB_5G,-67,0.090112,0,-1,0,34.4532,28
211.5,ue_n043_0004,gNB_4G_2,-45,gNB_5G,-52,0.745472,9,53.2399,0,61.1692,28
211.5,ue_n001_0010,gNB_4G_1,-47,gNB_5G,-70,0.8192,0,-1,0,63.7964,28
211.5,ue_n043_0005,gNB_4G_2,-45,gNB_5G,-50,0.483328,9,60.2399,1,39.099,28
211.5,ue_ujeongwon_0004,gNB_4G_2,-46,gNB_4G_1,-51,0.12288,3,18.8399,0,60.9746,28
211.5,ue_ujeongwon_0005,gNB_4G_2,-43,gNB_4G_1,-51,0.32768,3,8.63993,0,63.6057,28
211.5,ue_n001_0005,gNB_4G_1,-39,gNB_5G,-98,0.589824,0,-1,0,58.5083,28
211.5,ue_n043_0011,gNB_5G,-53,gNB_4G_2,-61,0.4096,0,-1,0,56.6666,24
211.5,car_north_peak_008_rider,gNB_4G_1,-42,gNB_4G_2,-82,0.335872,0,-1,0,50.8648,28
211.5,ue_n043_0006,gNB_4G_2,-55,gNB_5G,-67,0.589824,5,48.6399,1,53.9016,28
211.5,ue_ujeongwon_0007,gNB_4G_1,-44,gNB_5G,-70,0.8192,0,-1,0,55.776,28
211.5,ue_ujeongwon_0008,gNB_4G_1,-46,gNB_5G,-70,0.352256,0,-1,0,40.6363,28
211.5,ue_n043_0007,gNB_4G_2,-54,gNB_5G,-69,0.4096,5,43.6399,1,41.1252,28
211.5,ue_ujeongwon_0009,gNB_4G_2,-46,gNB_5G,-62,0.581632,3,1.83993,0,64.5835,28
211.5,ue_ujeongwon_0010,gNB_4G_1,-40,gNB_4G_2,-91,0.679936,0,-1,0,61.4454,28
211.5,car_north_base_008_rider,gNB_5G,-47,gNB_4G_2,-53,0.16384,2,2.83993,0,63.5767,28
211.5,ue_n043_0008,gNB_4G_2,-47,gNB_5G,-47,0.745472,5,1.43993,0,65.1064,28
211.5,ue_n001_0008,gNB_4G_1,-46,gNB_4G_2,-69,0.303104,0,-1,0,61.9932,28
211.5,car_north_peak_010_rider,gNB_4G_1,-39,gNB_4G_2,-73,0.188416,0,-1,0,71.8969,28
211.5,car_north_peak_007,gNB_4G_1,-39,gNB_5G,-65,0.262144,0,-1,0,50.5004,28
212.5,car_north_peak_006,gNB_4G_1,-40,gNB_4G_2,-97,0.188416,0,-1,0,57.2617,28
212.5,ue_n001_0006,gNB_4G_1,-38,gNB_5G,-66,0.679936,0,-1,0,58.8539,28
212.5,ue_n043_0012,gNB_4G_2,nan,,-140,0.098304,0,-1,0,50.2055,28
212.5,car_north_base_011,gNB_4G_1,-46,gNB_4G_2,-62,0.278528,0,-1,0,29.5032,28
212.5,ue_n042_0002,gNB_4G_2,-46,gNB_4G_1,-51,0.679936,4,38.0399,0,66.886,28
212.5,ue_ujeongwon_0001,gNB_4G_1,-46,gNB_4G_2,-54,0.393216,0,-1,0,67.8938,28
212.5,ue_n043_0009,gNB_4G_2,-48,gNB_5G,-51,0.745472,3,7.03993,0,64.4751,28
212.5,ue_n043_0010,gNB_4G_2,-54,gNB_5G,-75,0.196608,5,2.83993,1,55.6971,28
212.5,ue_n043_0001,gNB_4G_2,-44,gNB_5G,-56,0.352256,5,109.44,0,67.1259,28
212.5,ue_n001_0009,gNB_4G_1,-44,gNB_5G,-67,0.581632,0,-1,0,62.491,28
212.5,ue_n001_0001,gNB_4G_2,-43,gNB_4G_1,-48,0.57344,3,8.63993,1,13.2069,19
212.5,car_north_base_010,gNB_4G_1,-37,gNB_4G_2,-81,0.212992,0,-1,0,47.9208,28
212.5,ue_ujeongwon_0002,gNB_4G_1,-48,gNB_4G_2,-60,0.8192,0,-1,0,22.7917,23
212.5,ue_n001_0007,gNB_4G_1,-50,gNB_4G_2,-63,0.262144,0,-1,0,66.906,28
212.5,ue_n001_0012,gNB_4G_1,-56,gNB_4G_2,-80,0.679936,0,-1,0,38.4933,28
212.5,car_north_base_001_rider,gNB_5G,-67,gNB_4G_1,-84,0.761856,7,0.239928,0,36.1865,28
212.5,car_north_base_002_rider,gNB_4G_2,-49,gNB_5G,-70,0.8192,3,67.4399,1,48.8602,28
212.5,car_north_base_009,gNB_4G_1,-42,gNB_4G_2,-70,0.311296,0,-1,0,44.747,28
212.5,car_north_peak_009,gNB_4G_1,-37,gNB_4G_2,-84,0.516096,0,-1,0,74.2446,28
212.5,ue_n043_0003,gNB_4G_2,-47,gNB_5G,-55,0.458752,5,81.4399,0,66.6939,28
212.5,ue_n042_0009,gNB_4G_2,-53,gNB_5G,-66,0.155648,0,-1,0,41.0798,28
212.5,ue_n042_0004,gNB_4G_2,-44,gNB_5G,-59,0.8192,2,151.24,0,64.0441,28
212.5,ue_n001_0011,gNB_4G_1,-45,gNB_5G,-68,0.172032,0,-1,0,65.4877,28
212.5,ue_n042_0010,gNB_4G_2,-60,gNB_5G,-68,0.08192,0,-1,0,40.6861,28
212.5,ue_n043_0004,gNB_4G_2,-44,gNB_5G,-52,0.745472,9,54.2399,0,65.3513,28
212.5,ue_n001_0010,gNB_4G_1,-45,gNB_5G,-71,0.8192,0,-1,0,35.8775,28
212.5,ue_n043_0005,gNB_4G_2,-45,gNB_5G,-53,0.483328,9,61.2399,1,64.7648,26
212.5,ue_ujeongwon_0004,gNB_4G_2,-46,gNB_4G_1,-51,0.114688,3,19.8399,0,64.9538,28
212.5,ue_ujeongwon_0005,gNB_4G_2,-45,gNB_4G_1,-48,0.319488,3,9.63993,0,55.6024,28
212.5,ue_n001_0005,gNB_4G_1,-40,gNB_4G_2,-97,0.581632,0,-1,0,65.7187,28
212.5,ue_n043_0011,gNB_5G,-53,gNB_4G_2,-61,0.4096,0,-1,0,59.6012,24
212.5,car_north_peak_008_rider,gNB_4G_1,-38,gNB_4G_2,-83,0.344064,0,-1,0,48.7087,28
212.5,ue_n043_0006,gNB_4G_2,-57,gNB_5G,-68,0.581632,5,49.6399,1,42.1301,28
212.5,ue_ujeongwon_0007,gNB_4G_1,-45,gNB_5G,-71,0.8192,0,-1,0,37.9079,28
212.5,ue_ujeongwon_0008,gNB_4G_1,-46,gNB_5G,-69,0.360448,0,-1,0,39.4492,28
212.5,ue_n043_0007,gNB_4G_2,-54,gNB_5G,-70,0.4096,5,44.6399,1,45.3044,28
212.5,ue_ujeongwon_0009,gNB_4G_2,-45,gNB_4G_1,-52,0.589824,3,2.83993,0,61.0077,28
212.5,car_north_base_012_rider,gNB_4G_1,-52,gNB_4G_2,-77,0.172032,0,-1,0,35.7667,28
212.5,ue_ujeongwon_0010,gNB_4G_1,-39,gNB_4G_2,-93,0.688128,0,-1,0,70.2435,28
212.5,car_north_base_008_rider,gNB_5G,-47,gNB_4G_2,-52,0.172032,2,3.83993,0,63.4973,28
212.5,ue_n043_0008,gNB_4G_2,-46,gNB_5G,-49,0.745472,5,2.43993,0,65.6808,28
212.5,ue_n001_0008,gNB_4G_1,-47,gNB_4G_2,-69,0.303104,0,-1,0,63.7203,28
212.5,car_north_peak_010_rider,gNB_4G_1,-41,gNB_5G,-77,0.188416,0,-1,0,72.6348,28
212.5,car_north_peak_007,gNB_4G_1,-37,gNB_5G,-65,0.262144,0,-1,0,49.3663,28
213.5,car_north_peak_006,gNB_4G_1,-41,gNB_4G_2,-95,0.188416,0,-1,0,69.7593,28
213.5,ue_n001_0006,gNB_4G_1,-38,gNB_5G,-67,0.688128,0,-1,0,47.9432,28
213.5,ue_n043_0012,gNB_5G,-52,gNB_4G_2,-60,0.196608,0,-1,0,61.0875,28
213.5,car_north_base_011,gNB_4G_1,-46,gNB_4G_2,-62,0.28672,0,-1,0,73.6638,28
213.5,ue_n042_0002,gNB_4G_2,-46,gNB_4G_1,-51,0.679936,4,39.0399,0,16.8758,21
213.5,ue_ujeongwon_0001,gNB_4G_1,-52,gNB_4G_2,-54,0.393216,0,-1,0,65.5289,28
213.5,ue_n043_0009,gNB_4G_2,-47,gNB_5G,-50,0.73728,3,8.03993,0,25.3148,24
213.5,ue_n043_0010,gNB_4G_2,-55,gNB_5G,-70,0.196608,5,3.83993,1,54.8105,28
213.5,ue_n043_0001,gNB_4G_2,-44,gNB_5G,-54,0.360448,5,110.44,0,66.6603,28
213.5,ue_n001_0009,gNB_4G_1,-48,gNB_5G,-70,0.589824,0,-1,0,61.8537,28
213.5,ue_n001_0001,gNB_4G_2,-44,gNB_4G_1,-48,0.589824,3,9.63993,1,13.1148,18
213.5,car_north_base_010,gNB_4G_1,-38,gNB_4G_2,-72,0.212992,0,-1,0,72.773,28
213.5,ue_ujeongwon_0002,gNB_4G_1,-49,gNB_4G_2,-61,0.8192,0,-1,0,23.2711,26
213.5,ue_n001_0007,gNB_4G_1,-47,gNB_4G_2,-60,0.262144,0,-1,0,57.4217,28
213.5,ue_n001_0012,gNB_4G_1,-48,gNB_5G,-78,0.688128,0,-1,0,37.4589,28
213.5,car_north_base_001_rider,gNB_5G,-74,gNB_4G_1,-85,0.8192,7,1.23993,0,41.2926,28
213.5,car_north_base_002_rider,gNB_4G_2,-49,gNB_5G,-63,0.8192,3,68.4399,1,61.4922,28
213.5,car_north_base_009,gNB_4G_1,-42,gNB_4G_2,-78,0.319488,0,-1,0,67.4752,28
213.5,car_north_peak_009,gNB_4G_1,-40,gNB_4G_2,-83,0.507904,0,-1,0,75.5615,28
213.5,ue_n043_0003,gNB_4G_2,-44,gNB_5G,-53,0.45056,5,82.4399,0,64.3153,28
213.5,ue_n042_0009,gNB_4G_2,-54,gNB_5G,-66,0.16384,0,-1,0,46.4246,28
213.5,ue_n042_0004,gNB_4G_2,-46,gNB_5G,-61,0.8192,2,152.24,0,67.0515,28
213.5,ue_n001_0011,gNB_4G_1,-48,gNB_5G,-69,0.172032,0,-1,0,66.5079,28
213.5,ue_n042_0010,gNB_4G_2,-56,gNB_5G,-68,0.090112,0,-1,0,44.438,28
213.5,ue_n043_0004,gNB_4G_2,-45,gNB_5G,-52,0.745472,9,55.2399,0,66.1206,28
213.5,ue_n001_0010,gNB_4G_1,-47,gNB_5G,-65,0.8192,0,-1,0,33.2546,28
213.5,ue_n043_0005,gNB_4G_2,-46,gNB_5G,-51,0.483328,9,62.2399,1,20.0176,15
213.5,ue_ujeongwon_0004,gNB_4G_2,-46,gNB_4G_1,-51,0.12288,3,20.8399,0,64.9538,28
213.5,ue_ujeongwon_0005,gNB_4G_2,-52,gNB_4G_1,-51,0.311296,3,10.6399,0,69.308,28
213.5,ue_n001_0005,gNB_4G_1,-47,gNB_5G,-96,0.589824,0,-1,0,69.2781,28
213.5,ue_n043_0011,gNB_5G,-53,gNB_4G_2,-57,0.4096,0,-1,0,57.8253,18
213.5,car_north_peak_008_rider,gNB_4G_1,-41,gNB_5G,-67,0.344064,0,-1,0,49.7482,28
213.5,ue_n043_0006,gNB_4G_2,-55,gNB_5G,-70,0.581632,5,50.6399,1,55.8523,28
213.5,ue_ujeongwon_0007,gNB_4G_1,-47,gNB_5G,-71,0.8192,0,-1,0,43.4872,28
213.5,ue_ujeongwon_0008,gNB_4G_1,-43,gNB_5G,-68,0.352256,0,-1,0,68.6549,28
213.5,ue_n043_0007,gNB_4G_2,-52,gNB_5G,-72,0.4096,5,45.6399,1,33.9781,28
213.5,ue_ujeongwon_0009,gNB_4G_2,-44,gNB_4G_1,-47,0.581632,3,3.83993,0,66.9558,28
213.5,car_north_base_012_rider,gNB_4G_1,-44,gNB_4G_2,-77,0.344064,0,-1,0,35.2729,28
213.5,ue_ujeongwon_0010,gNB_4G_1,-40,gNB_4G_2,-92,0.679936,0,-1,0,73.6515,28
213.5,car_north_base_008_rider,gNB_5G,-47,gNB_4G_2,-52,0.172032,2,4.83993,0,64.3166,28
213.5,ue_n043_0008,gNB_4G_2,-45,gNB_5G,-47,0.745472,5,3.43993,0,63.817,28
213.5,ue_n001_0008,gNB_4G_1,-47,gNB_4G_2,-70,0.303104,0,-1,0,26.8457,27
213.5,car_north_peak_010_rider,gNB_4G_1,-40,gNB_5G,-78,0.180224,0,-1,0,47.9271,28
213.5,car_north_peak_007,gNB_4G_1,-38,gNB_5G,-67,0.270336,0,-1,0,51.2861,28
213.5,ue_n043_0013,gNB_5G,-51,gNB_4G_2,-60,0.278528,0,-1,0,47.7411,28
214.5,car_north_peak_006,gNB_4G_1,-41,gNB_4G_2,-95,0.180224,0,-1,0,35.965,28
214.5,ue_n001_0006,gNB_4G_1,-38,gNB_5G,-65,0.679936,0,-1,0,51.6242,28
214.5,ue_n043_0012,gNB_5G,-50,gNB_4G_2,-60,0.196608,0,-1,0,56.6666,28
214.5,car_north_base_011,gNB_4G_1,-44,gNB_4G_2,-72,0.278528,0,-1,0,76.2861,28
214.5,ue_n042_0002,gNB_4G_2,-46,gNB_4G_1,-51,0.679936,4,40.0399,0,16.6526,17
214.5,ue_ujeongwon_0001,gNB_4G_1,-50,gNB_4G_2,-52,0.385024,0,-1,0,66.0807,28
214.5,ue_n043_0009,gNB_4G_2,-47,gNB_5G,-50,0.753664,3,9.03993,0,64.5639,28
214.5,ue_n043_0010,gNB_4G_2,-56,gNB_5G,-68,0.2048,5,4.83993,1,38.0866,28
214.5,ue_n043_0001,gNB_4G_2,-44,gNB_5G,-52,0.352256,5,111.44,0,63.9218,28
214.5,ue_n001_0009,gNB_4G_1,-49,gNB_5G,-69,0.581632,0,-1,0,26.2344,24
214.5,ue_n001_0001,gNB_4G_2,-45,gNB_4G_1,-47,0.589824,3,10.6399,1,18.3467,25
214.5,car_north_base_010,gNB_4G_1,-40,gNB_4G_2,-82,0.2048,0,-1,0,66.9225,28
214.5,ue_ujeongwon_0002,gNB_4G_1,-48,gNB_4G_2,-62,0.8192,0,-1,0,23.9279,22
214.5,ue_n001_0007,gNB_4G_1,-45,gNB_4G_2,-60,0.262144,0,-1,0,17.9403,20
214.5,ue_n001_0012,gNB_4G_1,-47,gNB_5G,-79,0.679936,0,-1,0,38.6188,28
214.5,car_north_base_001_rider,gNB_5G,-70,gNB_4G_1,-84,0.8192,7,2.23993,0,42.3966,28
214.5,car_north_base_002_rider,gNB_4G_2,-49,gNB_5G,-63,0.8192,3,69.4399,1,45.2652,28
214.5,car_north_base_009,gNB_4G_1,-43,gNB_4G_2,-69,0.311296,0,-1,0,34.0587,28
214.5,car_north_peak_009,gNB_4G_1,-35,gNB_4G_2,-83,0.516096,0,-1,0,76.2068,28
214.5,ue_n043_0003,gNB_4G_2,-46,gNB_5G,-52,0.458752,5,83.4399,0,66.4201,28
214.5,ue_n042_0009,gNB_4G_2,-55,gNB_5G,-68,0.155648,0,-1,0,53.9307,28
214.5,ue_n042_0004,gNB_4G_2,-44,gNB_5G,-61,0.8192,2,153.24,0,66.9582,28
214.5,ue_n001_0011,gNB_4G_1,-44,gNB_5G,-68,0.172032,0,-1,0,65.606,28
214.5,ue_n042_0010,gNB_4G_2,-55,gNB_5G,-67,0.090112,0,-1,0,43.0802,28
214.5,ue_n043_0004,gNB_4G_2,-45,gNB_5G,-53,0.745472,9,56.2399,0,64.4049,28
214.5,ue_n001_0010,gNB_4G_1,-50,gNB_5G,-62,0.8192,0,-1,0,35.5395,28
214.5,ue_n043_0005,gNB_4G_2,-48,gNB_5G,-50,0.483328,9,63.2399,1,46.7202,28
214.5,ue_ujeongwon_0004,gNB_4G_2,-46,gNB_4G_1,-51,0.114688,3,21.8399,0,64.9538,28
214.5,ue_ujeongwon_0005,gNB_4G_2,-42,gNB_4G_1,-51,0.32768,3,11.6399,0,59.594,28
214.5,ue_n001_0005,gNB_4G_1,-40,gNB_4G_2,-94,0.581632,0,-1,0,69.7763,28
214.5,ue_n043_0011,gNB_5G,-52,gNB_4G_2,-56,0.4096,0,-1,0,57.3864,28
214.5,car_north_peak_008_rider,gNB_4G_1,-38,gNB_5G,-66,0.335872,0,-1,0,55.2656,28
214.5,ue_n043_0006,gNB_4G_2,-55,gNB_5G,-67,0.589824,5,51.6399,1,44.1409,28
214.5,ue_ujeongwon_0007,gNB_4G_1,-48,gNB_5G,-70,0.8192,0,-1,0,45.9594,28
214.5,ue_ujeongwon_0008,gNB_4G_1,-44,gNB_5G,-70,0.360448,0,-1,0,63.1336,28
214.5,ue_n043_0007,gNB_4G_2,-59,gNB_5G,-73,0.4096,5,46.6399,1,39.0206,28
214.5,ue_ujeongwon_0009,gNB_4G_2,-44,gNB_4G_1,-49,0.581632,3,4.83993,0,25.452,11
214.5,car_north_base_012_rider,gNB_4G_1,-46,gNB_4G_2,-78,0.344064,0,-1,0,58.6645,28
214.5,ue_ujeongwon_0010,gNB_4G_1,-38,gNB_4G_2,-92,0.679936,0,-1,0,70.1362,28
214.5,car_north_base_008_rider,gNB_5G,-47,gNB_4G_2,-52,0.172032,2,5.83993,0,61.7031,28
214.5,ue_n043_0008,gNB_4G_2,-47,gNB_5G,-50,0.745472,5,4.43993,0,66.1637,28
214.5,ue_n001_0008,gNB_4G_1,-44,gNB_4G_2,-64,0.303104,0,-1,0,67.0232,28
214.5,car_north_peak_010_rider,gNB_4G_1,-42,gNB_5G,-77,0.188416,0,-1,0,57.5042,28
214.5,car_north_peak_007,gNB_4G_1,-38,gNB_5G,-72,0.262144,0,-1,0,69.3138,28
214.5,ue_n043_0013,gNB_5G,-52,gNB_4G_2,-60,0.630784,0,-1,0,63.3365,28
214.5,ue_n001_0013,gNB_4G_1,-44,gNB_5G,-75,0.180224,0,-1,0,67.9709,28
215.5,car_north_peak_006,gNB_4G_1,-41,gNB_4G_2,-83,0.188416,0,-1,0,35.8542,28
215.5,ue_n001_0006,gNB_4G_1,-40,gNB_5G,-62,0.679936,0,-1,0,51.5019,28
215.5,ue_n043_0012,gNB_5G,-54,gNB_4G_2,-60,0.196608,0,-1,0,57.2799,28
215.5,car_north_base_011,gNB_4G_1,-43,gNB_5G,-81,0.28672,0,-1,0,46.7125,28
215.5,ue_n042_0002,gNB_4G_2,-43,gNB_4G_1,-51,0.688128,4,41.0399,0,15.6193,15
215.5,ue_ujeongwon_0001,gNB_4G_1,-46,gNB_4G_2,-55,0.393216,0,-1,0,66.6626,28
215.5,ue_n043_0009,gNB_4G_2,-46,gNB_5G,-48,0.745472,3,10.0399,0,62.807,28
215.5,ue_n043_0010,gNB_4G_2,-57,gNB_5G,-75,0.196608,5,5.83993,1,29.4956,28
215.5,ue_n043_0001,gNB_4G_2,-46,gNB_5G,-52,0.360448,5,112.44,0,21.5652,19
215.5,ue_n001_0009,gNB_4G_1,-52,gNB_5G,-66,0.589824,0,-1,0,63.8233,28
215.5,ue_n001_0001,gNB_4G_2,-44,gNB_4G_1,-48,0.581632,3,11.6399,1,68.9624,28
215.5,car_north_base_010,gNB_4G_1,-41,gNB_4G_2,-96,0.212992,0,-1,0,60.7031,28
215.5,ue_ujeongwon_0002,gNB_4G_1,-48,gNB_4G_2,-64,0.8192,0,-1,0,23.9546,26
215.5,ue_n001_0007,gNB_4G_1,-45,gNB_4G_2,-61,0.270336,0,-1,0,60.2277,28
215.5,ue_n001_0012,gNB_4G_1,-45,gNB_5G,-77,0.679936,0,-1,0,62.5313,28
215.5,car_north_base_001_rider,gNB_5G,-68,gNB_4G_1,-89,0.8192,7,3.23993,0,41.9816,28
215.5,car_north_base_002_rider,gNB_4G_2,-48,gNB_5G,-83,0.8192,3,70.4399,1,59.4606,28
215.5,car_north_base_009,gNB_4G_1,-42,gNB_5G,-66,0.319488,0,-1,0,40.7666,28
215.5,car_north_peak_009,gNB_4G_1,-37,gNB_5G,-77,0.507904,0,-1,0,77.8421,28
215.5,ue_n043_0003,gNB_4G_2,-44,gNB_5G,-55,0.45056,5,84.4399,0,38.2678,28
215.5,ue_n042_0009,gNB_4G_2,-56,gNB_5G,-67,0.155648,0,-1,0,47.9922,28
215.5,ue_n042_0004,gNB_4G_2,-47,gNB_5G,-61,0.8192,2,154.24,0,35.2121,28
215.5,ue_n001_0011,gNB_4G_1,-46,gNB_5G,-70,0.16384,0,-1,0,33.9013,28
215.5,ue_n042_0010,gNB_4G_2,-54,gNB_5G,-66,0.090112,0,-1,0,51.911,28
215.5,ue_n043_0004,gNB_4G_2,-46,gNB_5G,-51,0.745472,9,57.2399,0,64.2244,28
215.5,ue_n001_0010,gNB_4G_1,-47,gNB_5G,-67,0.8192,0,-1,0,64.3446,28
215.5,ue_n043_0005,gNB_4G_2,-46,gNB_5G,-51,0.483328,9,64.2399,1,37.3582,28
215.5,ue_ujeongwon_0004,gNB_4G_2,-46,gNB_4G_1,-51,0.12288,3,22.8399,0,64.9538,28
215.5,ue_ujeongwon_0005,gNB_4G_2,-47,gNB_4G_1,-52,0.32768,3,12.6399,0,69.8881,28
215.5,ue_n001_0005,gNB_4G_1,-41,gNB_4G_2,-96,0.589824,0,-1,0,68.9921,28
215.5,ue_n043_0011,gNB_5G,-53,gNB_4G_1,-59,0.4096,0,-1,0,56.2644,28
215.5,car_north_peak_008_rider,gNB_4G_1,-37,gNB_5G,-67,0.344064,0,-1,0,72.5208,28
215.5,ue_n043_0006,gNB_4G_2,-53,gNB_5G,-68,0.581632,5,52.6399,1,56.6543,28
215.5,ue_ujeongwon_0007,gNB_4G_1,-46,gNB_5G,-68,0.8192,0,-1,0,37.7721,28
215.5,ue_ujeongwon_0008,gNB_4G_1,-42,gNB_5G,-71,0.352256,0,-1,0,45.2064,28
215.5,ue_n043_0007,gNB_4G_2,-56,gNB_5G,-68,0.4096,5,47.6399,1,31.5776,28
215.5,ue_ujeongwon_0009,gNB_4G_2,-44,gNB_4G_1,-48,0.589824,3,5.83993,0,66.9558,28
215.5,car_north_base_012_rider,gNB_4G_1,-49,gNB_4G_2,-78,0.335872,0,-1,0,28.9609,28
215.5,ue_ujeongwon_0010,gNB_4G_1,-40,gNB_4G_2,-90,0.679936,0,-1,0,68.4045,28
215.5,car_north_base_008_rider,gNB_5G,-48,gNB_4G_2,-57,0.172032,2,6.83993,0,65.3729,28
215.5,ue_n043_0008,gNB_4G_2,-45,gNB_5G,-47,0.745472,5,5.43993,0,64.8447,28
215.5,ue_n001_0008,gNB_4G_1,-50,gNB_4G_2,-64,0.303104,0,-1,0,23.5755,28
215.5,car_north_peak_010_rider,gNB_4G_1,-40,gNB_4G_2,-83,0.188416,0,-1,0,51.4059,28
215.5,car_north_peak_007,gNB_4G_1,-36,gNB_5G,-67,0.262144,0,-1,0,73.9165,28
215.5,ue_n043_0013,gNB_5G,-50,gNB_4G_2,-59,0.630784,0,-1,0,58.2641,28
215.5,ue_n001_0013,gNB_4G_1,-44,gNB_5G,-75,0.376832,0,-1,0,39.7066,28
216.5,car_north_peak_006,gNB_4G_1,-41,gNB_4G_2,-72,0.188416,0,-1,0,35.0596,28
216.5,ue_n001_0006,gNB_4G_1,-39,gNB_5G,-63,0.679936,0,-1,0,51.6352,28
216.5,ue_n043_0012,gNB_5G,-53,gNB_4G_2,-58,0.196608,0,-1,0,57.5474,28
216.5,car_north_base_011,gNB_4G_1,-39,gNB_5G,-80,0.278528,0,-1,0,54.9558,28
216.5,ue_n042_0002,gNB_4G_2,-44,gNB_4G_1,-51,0.679936,4,42.0399,0,20.8675,22
216.5,ue_ujeongwon_0001,gNB_4G_1,-47,gNB_4G_2,-54,0.385024,0,-1,0,16.0055,19
216.5,ue_n043_0009,gNB_4G_2,-48,gNB_5G,-48,0.745472,3,11.0399,0,20.4538,25
216.5,ue_n043_0010,gNB_4G_2,-54,gNB_5G,-71,0.196608,5,6.83993,1,32.2265,28
216.5,ue_n043_0001,gNB_4G_2,-45,gNB_5G,-54,0.352256,5,113.44,0,63.9667,28
216.5,ue_n001_0009,gNB_4G_1,-47,gNB_5G,-68,0.581632,0,-1,0,35.8956,28
216.5,ue_n001_0001,gNB_4G_2,-42,gNB_5G,-55,0.589824,3,12.6399,1,65.9244,28
216.5,car_north_base_010,gNB_4G_1,-41,gNB_4G_2,-96,0.2048,0,-1,0,69.3206,28
216.5,ue_ujeongwon_0002,gNB_4G_1,-48,gNB_4G_2,-64,0.8192,0,-1,0,65.967,28
216.5,ue_n001_0007,gNB_4G_1,-48,gNB_4G_2,-60,0.262144,0,-1,0,30.6222,24
216.5,ue_n001_0012,gNB_4G_1,-43,gNB_5G,-76,0.679936,0,-1,0,60.3994,28
216.5,car_north_base_001_rider,gNB_5G,-69,gNB_4G_1,-97,0.8192,7,4.23993,0,42.62,28
216.5,car_north_base_002_rider,gNB_4G_2,-51,gNB_4G_1,-56,0.8192,3,71.4399,1,61.9771,26
216.5,car_north_base_009,gNB_4G_1,-44,gNB_5G,-62,0.311296,0,-1,0,38.5676,28
216.5,car_north_peak_009,gNB_4G_1,-41,gNB_5G,-67,0.507904,0,-1,0,76.1288,28
216.5,ue_n043_0003,gNB_4G_2,-47,gNB_5G,-53,0.458752,5,85.4399,0,43.9721,28
216.5,ue_n042_0009,gNB_4G_2,-56,gNB_5G,-67,0.155648,0,-1,0,58.8801,28
216.5,ue_n042_0004,gNB_4G_2,-61,gNB_5G,-64,0.712704,2,155.24,0,-21.1451,0
216.5,ue_n001_0011,gNB_4G_1,-45,gNB_5G,-71,0.172032,0,-1,0,66.3812,28
216.5,ue_n042_0010,gNB_4G_2,-58,gNB_5G,-68,0.090112,0,-1,0,39.7588,28
216.5,ue_n043_0004,gNB_4G_2,-46,gNB_5G,-48,0.745472,9,58.2399,0,65.6944,28
216.5,ue_n001_0010,gNB_4G_1,-46,gNB_5G,-69,0.8192,0,-1,0,66.2301,28
216.5,ue_n043_0005,gNB_4G_2,-46,gNB_5G,-50,0.475136,9,65.2399,1,63.0259,28
216.5,ue_ujeongwon_0004,gNB_4G_2,-46,gNB_4G_1,-51,0.114688,3,23.8399,0,64.9538,28
216.5,ue_ujeongwon_0005,gNB_4G_2,-41,gNB_4G_1,-47,0.32768,3,13.6399,0,17.8336,22
216.5,ue_n001_0005,gNB_4G_1,-41,gNB_4G_2,-95,0.581632,0,-1,0,68.7709,28
216.5,ue_n043_0011,gNB_5G,-54,gNB_4G_2,-56,0.4096,0,-1,0,58.7121,28
216.5,car_north_peak_008_rider,gNB_4G_1,-39,gNB_5G,-66,0.335872,0,-1,0,70.853,28
216.5,ue_n043_0006,gNB_4G_2,-52,gNB_5G,-65,0.589824,5,53.6399,1,58.8122,28
216.5,ue_ujeongwon_0007,gNB_4G_1,-46,gNB_5G,-71,0.8192,0,-1,0,42.1462,28
216.5,ue_ujeongwon_0008,gNB_4G_1,-44,gNB_5G,-67,0.352256,0,-1,0,43.8029,28
216.5,ue_n043_0007,gNB_4G_2,-58,gNB_5G,-68,0.4096,5,48.6399,1,36.7552,28
216.5,ue_ujeongwon_0009,gNB_4G_2,-44,gNB_4G_1,-48,0.589824,3,6.83993,0,66.9558,28
216.5,car_north_base_012_rider,gNB_4G_1,-50,gNB_4G_2,-77,0.344064,0,-1,0,61.9691,28
216.5,ue_ujeongwon_0010,gNB_4G_1,-42,gNB_4G_2,-90,0.688128,0,-1,0,42.182,28
216.5,car_north_base_008_rider,gNB_5G,-46,gNB_4G_2,-55,0.172032,2,7.83993,0,59.7804,28
216.5,ue_n043_0008,gNB_4G_2,-46,gNB_5G,-47,0.745472,5,6.43993,0,65.8793,28
216.5,ue_n001_0008,gNB_4G_1,-51,gNB_4G_2,-63,0.303104,0,-1,0,21.2571,22
216.5,car_north_peak_010_rider,gNB_4G_1,-39,gNB_4G_2,-82,0.180224,0,-1,0,53.035,28
216.5,car_north_peak_007,gNB_4G_1,-38,gNB_5G,-69,0.262144,0,-1,0,52.185,28
216.5,ue_n043_0013,gNB_5G,-54,gNB_4G_2,-66,0.622592,0,-1,0,52.6663,28
216.5,ue_n001_0013,gNB_4G_1,-46,gNB_5G,-76,0.36864,0,-1,0,53.395,28
217.5,car_north_peak_006,gNB_4G_1,-41,gNB_4G_2,-71,0.188416,0,-1,0,58.8075,28
217.5,ue_n001_0006,gNB_4G_1,-40,gNB_5G,-65,0.688128,0,-1,0,49.3437,28
217.5,ue_n043_0012,gNB_5G,-53,gNB_4G_2,-58,0.188416,0,-1,0,57.3864,28
217.5,car_north_base_011,gNB_4G_1,-38,gNB_5G,-79,0.28672,0,-1,0,74.8075,28
217.5,ue_n042_0002,gNB_4G_2,-46,gNB_4G_1,-51,0.679936,4,43.0399,0,18.3196,22
217.5,ue_ujeongwon_0001,gNB_4G_1,-44,gNB_4G_2,-59,0.393216,0,-1,0,7.85866,12
217.5,ue_n043_0009,gNB_4G_2,-48,gNB_5G,-48,0.73728,3,12.0399,0,65.1089,28
217.5,ue_n043_0010,gNB_4G_2,-56,gNB_5G,-68,0.2048,5,7.83993,1,24.1548,26
217.5,ue_n043_0001,gNB_4G_2,-46,gNB_5G,-54,0.360448,5,114.44,0,65.5431,28
217.5,ue_n001_0009,gNB_4G_1,-46,gNB_5G,-68,0.581632,0,-1,0,64.6966,28
217.5,ue_n001_0001,gNB_4G_2,-43,gNB_5G,-51,0.581632,3,13.6399,1,67.2556,28
217.5,car_north_base_010,gNB_4G_1,-40,gNB_4G_2,-81,0.212992,0,-1,0,66.9785,28
217.5,ue_ujeongwon_0002,gNB_4G_1,-52,gNB_4G_2,-66,0.8192,0,-1,0,66.8829,28
217.5,ue_n001_0007,gNB_4G_1,-53,gNB_4G_2,-61,0.262144,0,-1,0,61.1173,28
217.5,ue_n001_0012,gNB_4G_1,-54,gNB_5G,-77,0.688128,0,-1,0,44.5716,28
217.5,car_north_base_001_rider,gNB_5G,-69,gNB_4G_1,-97,0.8192,7,5.23993,0,40.0795,28
217.5,car_north_base_002_rider,gNB_4G_2,-49,gNB_4G_1,-54,0.8192,3,72.4399,1,19.7462,28
217.5,car_north_base_009,gNB_4G_1,-46,gNB_5G,-61,0.319488,0,-1,0,64.8418,28
217.5,car_north_peak_009,gNB_4G_1,-40,gNB_5G,-66,0.516096,0,-1,0,77.8571,28
217.5,ue_n043_0003,gNB_4G_2,-47,gNB_5G,-49,0.45056,5,86.4399,0,52.4707,28
217.5,ue_n042_0009,gNB_4G_2,-53,gNB_5G,-70,0.16384,0,-1,0,48.7666,28
217.5,ue_n042_0004,gNB_4G_1,-51,gNB_5G,-61,0.811008,3,0.839928,0,36.4593,28
217.5,ue_n001_0011,gNB_4G_1,-48,gNB_5G,-67,0.172032,0,-1,0,38.8416,21
217.5,ue_n042_0010,gNB_4G_2,-55,gNB_5G,-67,0.090112,0,-1,0,39.1179,28
217.5,ue_n043_0004,gNB_4G_2,-45,gNB_5G,-48,0.745472,9,59.2399,0,64.8915,28
217.5,ue_n001_0010,gNB_4G_1,-46,gNB_5G,-69,0.8192,0,-1,0,66.5944,28
217.5,ue_n043_0005,gNB_4G_2,-47,gNB_5G,-50,0.483328,9,66.2399,1,15.2686,19
217.5,ue_ujeongwon_0004,gNB_4G_2,-46,gNB_4G_1,-52,0.12288,3,24.8399,0,63.193,28
217.5,ue_ujeongwon_0005,gNB_4G_2,-44,gNB_4G_1,-49,0.32768,3,14.6399,0,67.4714,28
217.5,ue_n001_0005,gNB_4G_1,-43,gNB_4G_2,-91,0.581632,0,-1,0,64.2713,28
217.5,ue_n043_0011,gNB_5G,-53,gNB_4G_2,-56,0.4096,0,-1,0,59.4081,23
217.5,car_north_peak_008_rider,gNB_4G_1,-37,gNB_5G,-69,0.344064,0,-1,0,53.5202,28
217.5,ue_n043_0006,gNB_4G_2,-52,gNB_5G,-66,0.581632,5,54.6399,1,52.9478,28
217.5,ue_ujeongwon_0007,gNB_4G_1,-45,gNB_5G,-71,0.8192,0,-1,0,40.517,28
217.5,ue_ujeongwon_0008,gNB_4G_1,-48,gNB_5G,-69,0.360448,0,-1,0,31.4395,28
217.5,ue_n043_0007,gNB_4G_2,-57,gNB_5G,-68,0.4096,5,49.6399,1,43.5731,28
217.5,ue_ujeongwon_0009,gNB_4G_2,-44,gNB_4G_1,-48,0.57344,3,7.83993,0,8.74399,10
217.5,car_north_base_012_rider,gNB_4G_1,-48,gNB_4G_2,-79,0.344064,0,-1,0,62.3012,28
217.5,ue_ujeongwon_0010,gNB_4G_1,-49,gNB_4G_2,-88,0.679936,0,-1,0,73.4629,28
217.5,car_north_base_008_rider,gNB_5G,-49,gNB_4G_2,-56,0.16384,2,8.83993,0,58.1898,28
217.5,ue_n043_0008,gNB_4G_2,-45,gNB_5G,-48,0.745472,5,7.43993,0,64.1464,28
217.5,ue_n001_0008,gNB_4G_1,-46,gNB_4G_2,-62,0.311296,0,-1,0,60.5118,28
217.5,car_north_peak_010_rider,gNB_4G_1,-36,gNB_4G_2,-83,0.188416,0,-1,0,57.2087,28
217.5,car_north_peak_007,gNB_4G_1,-40,gNB_5G,-69,0.270336,0,-1,0,54.428,28
217.5,ue_n043_0013,gNB_5G,-53,gNB_4G_2,-59,0.630784,0,-1,0,58.0535,28
217.5,ue_n001_0013,gNB_4G_1,-42,gNB_4G_2,-81,0.36864,0,-1,0,58.8076,28
218.5,car_north_peak_006,gNB_4G_1,-47,gNB_4G_2,-67,0.180224,0,-1,0,41.4868,28
218.5,ue_n001_0006,gNB_4G_1,-35,gNB_5G,-76,0.679936,0,-1,0,51.8866,28
218.5,ue_n043_0012,gNB_5G,-53,gNB_4G_2,-58,0.196608,0,-1,0,55.9603,28
218.5,car_north_base_011,gNB_4G_1,-39,gNB_4G_2,-84,0.278528,0,-1,0,52.8415,28
218.5,ue_n042_0002,gNB_4G_2,-46,gNB_4G_1,-51,0.688128,4,44.0399,0,66.886,28
218.5,ue_ujeongwon_0001,gNB_4G_1,-47,gNB_4G_2,-53,0.376832,0,-1,0,60.1716,28
218.5,ue_n043_0009,gNB_4G_2,-46,gNB_5G,-48,0.745472,3,13.0399,0,63.403,28
218.5,ue_n043_0010,gNB_4G_2,-67,gNB_5G,-66,0.196608,5,8.83993,1,29.651,25
218.5,ue_n043_0001,gNB_4G_2,-45,gNB_4G_1,-51,0.352256,5,115.44,0,67.9051,28
218.5,ue_n001_0009,gNB_4G_1,-46,gNB_5G,-72,0.589824,0,-1,0,57.4389,28
218.5,ue_n001_0001,gNB_4G_2,-43,gNB_5G,-54,0.589824,3,14.6399,1,33.3704,28
218.5,car_north_base_010,gNB_4G_1,-44,gNB_4G_2,-68,0.212992,0,-1,0,37.2076,28
218.5,ue_ujeongwon_0002,gNB_4G_1,-51,gNB_4G_2,-65,0.8192,0,-1,0,27.153,26
218.5,ue_n001_0007,gNB_4G_1,-47,gNB_4G_2,-61,0.262144,0,-1,0,59.1113,28
218.5,ue_n001_0012,gNB_4G_1,-46,gNB_5G,-78,0.679936,0,-1,0,69.0774,28
218.5,car_north_base_002_rider,gNB_4G_2,-49,gNB_4G_1,-55,0.8192,3,73.4399,1,18.9528,24
218.5,car_north_base_009,gNB_4G_1,-46,gNB_5G,-61,0.311296,0,-1,0,30.9775,28
218.5,car_north_peak_009,gNB_4G_1,-36,gNB_5G,-66,0.516096,0,-1,0,49.7075,28
218.5,ue_n043_0003,gNB_4G_2,-44,gNB_5G,-53,0.458752,5,87.4399,0,50.0307,28
218.5,ue_n042_0009,gNB_4G_2,-54,gNB_5G,-72,0.155648,0,-1,0,44.7356,28
218.5,ue_n042_0004,gNB_4G_1,-48,gNB_5G,-61,0.8192,3,1.83993,0,42.0501,28
218.5,ue_n001_0011,gNB_4G_1,-52,gNB_5G,-67,0.172032,0,-1,0,66.5654,25
218.5,ue_n042_0010,gNB_4G_2,-57,gNB_5G,-64,0.090112,0,-1,0,39.0852,28
218.5,ue_n043_0004,gNB_4G_2,-45,gNB_5G,-49,0.745472,9,60.2399,0,59.6468,28
218.5,ue_n001_0010,gNB_4G_1,-48,gNB_5G,-69,0.8192,0,-1,0,57.9932,28
218.5,ue_n043_0005,gNB_4G_2,-47,gNB_5G,-49,0.483328,9,67.2399,1,23.6456,28
218.5,ue_ujeongwon_0004,gNB_4G_2,-46,gNB_4G_1,-51,0.114688,3,25.8399,0,64.9538,28
218.5,ue_ujeongwon_0005,gNB_4G_2,-43,gNB_4G_1,-49,0.32768,3,15.6399,0,65.4497,28
218.5,ue_n001_0005,gNB_4G_1,-41,gNB_5G,-77,0.589824,0,-1,0,66.6508,28
218.5,ue_n043_0011,gNB_5G,-52,gNB_4G_2,-55,0.4096,0,-1,0,57.5677,28
218.5,car_north_peak_008_rider,gNB_4G_1,-37,gNB_5G,-69,0.344064,0,-1,0,45.797,28
218.5,ue_n043_0006,gNB_4G_2,-58,gNB_5G,-66,0.589824,5,55.6399,1,53.0003,28
218.5,ue_ujeongwon_0007,gNB_4G_1,-48,gNB_5G,-67,0.8192,0,-1,0,35.1082,28
218.5,ue_ujeongwon_0008,gNB_4G_1,-51,gNB_5G,-71,0.352256,0,-1,0,63.1524,28
218.5,ue_n043_0007,gNB_4G_2,-54,gNB_5G,-72,0.4096,5,50.6399,1,37.6182,28
218.5,ue_ujeongwon_0009,gNB_4G_2,-44,gNB_4G_1,-48,0.598016,3,8.83993,0,62.9765,28
218.5,car_north_base_012_rider,gNB_4G_1,-48,gNB_4G_2,-79,0.335872,0,-1,0,38.2311,28
218.5,ue_ujeongwon_0010,gNB_4G_1,-40,gNB_4G_2,-88,0.688128,0,-1,0,56.5459,28
218.5,car_north_base_008_rider,gNB_5G,-52,gNB_4G_2,-59,0.172032,2,9.83993,0,54.7801,28
218.5,ue_n043_0008,gNB_4G_2,-47,gNB_5G,-49,0.745472,5,8.43993,0,63.6684,28
218.5,ue_n001_0008,gNB_4G_1,-51,gNB_4G_2,-60,0.294912,0,-1,0,17.9391,20
218.5,car_north_peak_010_rider,gNB_4G_1,-42,gNB_5G,-76,0.188416,0,-1,0,56.5559,28
218.5,car_north_peak_007,gNB_4G_1,-41,gNB_4G_2,-85,0.262144,0,-1,0,47.8867,28
218.5,ue_n043_0013,gNB_5G,-53,gNB_4G_2,-57,0.630784,0,-1,0,56.2811,28
218.5,ue_n001_0013,gNB_4G_1,-42,gNB_5G,-77,0.376832,0,-1,0,42.6742,28
219.5,car_north_peak_006,gNB_4G_1,-43,gNB_5G,-63,0.188416,0,-1,0,34.5105,28
219.5,ue_n001_0006,gNB_4G_1,-36,gNB_4G_2,-83,0.688128,0,-1,0,54.4903,28
219.5,ue_n043_0012,gNB_5G,-53,gNB_4G_2,-59,0.196608,0,-1,0,53.7151,28
219.5,car_north_base_011,gNB_4G_1,-38,gNB_4G_2,-83,0.28672,0,-1,0,57.9695,28
219.5,ue_n042_0002,gNB_4G_2,-46,gNB_4G_1,-51,0.679936,4,45.0399,0,14.3924,16
219.5,ue_ujeongwon_0001,gNB_4G_1,-44,gNB_4G_2,-50,0.352256,0,-1,0,64.5778,28
219.5,ue_n043_0009,gNB_4G_2,-47,gNB_5G,-47,0.745472,3,14.0399,0,38.7954,28
219.5,ue_n043_0010,gNB_4G_2,-65,gNB_5G,-64,0.2048,5,9.83993,1,24.9043,25
219.5,ue_n043_0001,gNB_4G_2,-43,gNB_4G_1,-51,0.352256,5,116.44,0,24.8329,24
219.5,ue_n001_0009,gNB_4G_1,-52,gNB_5G,-69,0.581632,0,-1,0,64.8748,28
219.5,ue_n001_0001,gNB_4G_2,-44,gNB_5G,-64,0.581632,3,15.6399,1,31.9137,28
219.5,car_north_base_010,gNB_4G_1,-44,gNB_4G_2,-73,0.2048,0,-1,0,61.2509,28
219.5,ue_ujeongwon_0002,gNB_4G_1,-47,gNB_4G_2,-66,0.8192,0,-1,0,41.049,28
219.5,ue_n001_0007,gNB_4G_1,-46,gNB_4G_2,-64,0.270336,0,-1,0,63.4065,28
219.5,ue_n001_0012,gNB_4G_1,-43,gNB_5G,-77,0.688128,0,-1,0,37.3169,28
219.5,car_north_base_002_rider,gNB_4G_2,-52,gNB_4G_1,-54,0.8192,3,74.4399,1,62.6748,26
219.5,car_north_base_009,gNB_4G_1,-47,gNB_5G,-60,0.311296,0,-1,0,62.9597,28
219.5,car_north_peak_009,gNB_4G_1,-36,gNB_5G,-68,0.507904,0,-1,0,59.7643,28
219.5,ue_n043_0003,gNB_4G_2,-46,gNB_5G,-53,0.45056,5,88.4399,0,65.041,28
219.5,ue_n042_0009,gNB_4G_2,-56,gNB_5G,-73,0.155648,0,-1,0,44.3093,28
219.5,ue_n042_0004,gNB_4G_1,-49,gNB_5G,-60,0.8192,3,2.83993,0,38.5951,28
219.5,ue_n001_0011,gNB_4G_1,-47,gNB_5G,-70,0.172032,0,-1,0,41.9161,28
219.5,ue_n042_0010,gNB_4G_2,-58,gNB_5G,-74,0.090112,0,-1,0,37.5624,28
219.5,ue_n043_0004,gNB_4G_2,-44,gNB_5G,-52,0.73728,9,61.2399,0,42.2892,28
219.5,ue_n001_0010,gNB_4G_1,-48,gNB_5G,-70,0.8192,0,-1,0,31.8764,28
219.5,ue_n043_0005,gNB_4G_2,-46,gNB_5G,-50,0.483328,9,68.2399,1,66.1123,28
219.5,ue_ujeongwon_0004,gNB_4G_2,-46,gNB_4G_1,-51,0.12288,3,26.8399,0,64.9538,28
219.5,ue_ujeongwon_0005,gNB_4G_2,-44,gNB_4G_1,-49,0.32768,3,16.6399,0,67.24,28
219.5,ue_n001_0005,gNB_4G_1,-40,gNB_5G,-70,0.581632,0,-1,0,65.4031,28
219.5,ue_n043_0011,gNB_5G,-52,gNB_4G_2,-56,0.4096,0,-1,0,55.3248,28
219.5,car_north_peak_008_rider,gNB_4G_1,-38,gNB_5G,-66,0.344064,0,-1,0,58.0057,28
219.5,ue_n043_0006,gNB_4G_2,-58,gNB_5G,-67,0.581632,5,56.6399,1,35.6597,28
219.5,ue_ujeongwon_0007,gNB_4G_1,-52,gNB_5G,-66,0.8192,0,-1,0,31.2314,28
219.5,ue_ujeongwon_0008,gNB_4G_1,-47,gNB_5G,-71,0.360448,0,-1,0,67.093,28
219.5,ue_n043_0007,gNB_4G_2,-55,gNB_5G,-67,0.4096,5,51.6399,1,46.7235,28
219.5,ue_ujeongwon_0009,gNB_4G_2,-44,gNB_4G_1,-48,0.581632,3,9.83993,0,66.8575,28
219.5,car_north_base_012_rider,gNB_4G_1,-48,gNB_5G,-76,0.344064,0,-1,0,29.7054,28
219.5,ue_ujeongwon_0010,gNB_4G_1,-39,gNB_4G_2,-90,0.679936,0,-1,0,72.7483,28
219.5,car_north_base_008_rider,gNB_5G,-55,gNB_4G_2,-57,0.172032,2,10.8399,0,52.9501,28
219.5,ue_n043_0008,gNB_4G_2,-46,gNB_5G,-50,0.73728,5,9.43993,0,29.971,27
219.5,ue_n001_0008,gNB_4G_1,-46,gNB_4G_2,-61,0.311296,0,-1,0,65.1332,28
219.5,car_north_peak_010_rider,gNB_4G_1,-40,gNB_5G,-66,0.188416,0,-1,0,55.782,28
219.5,car_north_peak_007,gNB_4G_1,-37,gNB_4G_2,-81,0.262144,0,-1,0,53.5154,28
219.5,ue_n043_0013,gNB_5G,-53,gNB_4G_1,-57,0.630784,0,-1,0,59.6204,28
219.5,ue_n001_0013,gNB_4G_1,-43,gNB_5G,-77,0.36864,0,-1,0,36.7265,28
220.5,car_north_peak_006,gNB_4G_1,-45,gNB_5G,-62,0.188416,0,-1,0,64.8418,28
220.5,ue_n001_0006,gNB_4G_1,-37,gNB_5G,-81,0.679936,0,-1,0,73.2161,28
220.5,ue_n043_0012,gNB_5G,-55,gNB_4G_2,-56,0.196608,0,-1,0,57.246,28
220.5,car_north_base_011,gNB_4G_1,-37,gNB_5G,-82,0.278528,0,-1,0,57.3492,28
220.5,ue_n042_0002,gNB_4G_2,-42,gNB_4G_1,-51,0.679936,4,46.0399,0,15.5527,15
220.5,ue_ujeongwon_0001,gNB_4G_1,-44,gNB_4G_2,-54,0.393216,0,-1,0,22.8983,28
220.5,ue_n043_0009,gNB_4G_2,-46,gNB_5G,-49,0.745472,3,15.0399,0,62.6186,28
220.5,ue_n043_0010,gNB_4G_2,-67,gNB_5G,-64,0.196608,5,10.8399,1,35.8717,28
220.5,ue_n043_0001,gNB_4G_2,-43,gNB_4G_1,-54,0.360448,5,117.44,0,65.5319,28
220.5,ue_n001_0009,gNB_4G_1,-46,gNB_5G,-66,0.589824,0,-1,0,40.2838,26
220.5,ue_n001_0001,gNB_4G_2,-45,gNB_5G,-63,0.589824,3,16.6399,1,43.1474,28
220.5,car_north_base_010,gNB_4G_1,-43,gNB_4G_2,-73,0.212992,0,-1,0,55.7306,28
220.5,ue_ujeongwon_0002,gNB_4G_1,-48,gNB_4G_2,-76,0.8192,0,-1,0,25.2759,27
220.5,ue_n001_0007,gNB_4G_1,-51,gNB_5G,-66,0.262144,0,-1,0,23.188,27
220.5,ue_n001_0012,gNB_4G_1,-50,gNB_5G,-77,0.679936,0,-1,0,63.471,28
220.5,car_north_base_002_rider,gNB_4G_2,-49,gNB_4G_1,-54,0.8192,3,75.4399,1,47.5598,27
220.5,car_north_base_009,gNB_4G_1,-48,gNB_5G,-59,0.319488,0,-1,0,37.1184,28
220.5,car_north_peak_009,gNB_4G_1,-37,gNB_5G,-64,0.507904,0,-1,0,74.9294,28
220.5,ue_n043_0003,gNB_4G_2,-46,gNB_5G,-53,0.458752,5,89.4399,0,53.8246,28
220.5,ue_n042_0009,gNB_4G_2,-54,gNB_5G,-68,0.155648,0,-1,0,39.5191,28
220.5,ue_n042_0004,gNB_4G_1,-48,gNB_5G,-61,0.8192,3,3.83993,0,33.449,28
220.5,ue_n001_0011,gNB_4G_1,-47,gNB_5G,-68,0.172032,0,-1,0,62.6528,28
220.5,ue_n042_0010,gNB_4G_2,-56,gNB_5G,-69,0.08192,0,-1,0,54.1331,28
220.5,ue_n043_0004,gNB_4G_2,-46,gNB_5G,-51,0.745472,9,62.2399,0,45.6712,28
220.5,ue_n001_0010,gNB_4G_1,-44,gNB_5G,-67,0.8192,0,-1,0,65.6051,28
220.5,ue_n043_0005,gNB_4G_2,-45,gNB_5G,-51,0.483328,9,69.2399,1,33.1846,28
220.5,ue_ujeongwon_0004,gNB_4G_2,-46,gNB_4G_1,-51,0.114688,3,27.8399,0,64.9538,28
220.5,ue_ujeongwon_0005,gNB_4G_2,-44,gNB_4G_1,-49,0.319488,3,17.6399,0,21.4316,25
220.5,ue_n001_0005,gNB_4G_1,-43,gNB_4G_2,-71,0.589824,0,-1,0,63.2206,28
220.5,ue_n043_0011,gNB_5G,-54,gNB_4G_2,-57,0.4096,0,-1,0,54.8788,28
220.5,car_north_peak_008_rider,gNB_4G_1,-38,gNB_5G,-69,0.335872,0,-1,0,71.2271,28
220.5,ue_n043_0006,gNB_4G_2,-58,gNB_5G,-64,0.589824,5,57.6399,1,39.7475,28
220.5,ue_ujeongwon_0007,gNB_4G_1,-47,gNB_5G,-70,0.8192,0,-1,0,40.9318,28
220.5,ue_ujeongwon_0008,gNB_4G_1,-45,gNB_5G,-71,0.352256,0,-1,0,34.4993,28
220.5,ue_n043_0007,gNB_4G_2,-53,gNB_5G,-68,0.4096,5,52.6399,1,38.1295,28
220.5,ue_ujeongwon_0009,gNB_4G_2,-44,gNB_4G_1,-48,0.581632,3,10.8399,0,62.9764,28
220.5,car_north_base_012_rider,gNB_4G_1,-50,gNB_5G,-73,0.335872,0,-1,0,27.0486,27
220.5,ue_ujeongwon_0010,gNB_4G_1,-38,gNB_4G_2,-90,0.679936,0,-1,0,73.6728,28
220.5,car_north_base_008_rider,gNB_5G,-57,gNB_4G_2,-58,0.172032,2,11.8399,0,49.0654,28
220.5,ue_n043_0008,gNB_4G_2,-45,gNB_5G,-48,0.745472,5,10.4399,0,23.4704,26
220.5,ue_n001_0008,gNB_4G_1,-44,gNB_4G_2,-61,0.294912,0,-1,0,24.9861,22
220.5,car_north_peak_010_rider,gNB_4G_1,-40,gNB_5G,-66,0.180224,0,-1,0,57.0382,28
220.5,car_north_peak_007,gNB_4G_1,-38,gNB_4G_2,-83,0.270336,0,-1,0,49.6465,28
220.5,ue_n043_0013,gNB_5G,-54,gNB_4G_2,-55,0.630784,0,-1,0,40.6316,28
220.5,ue_n001_0013,gNB_4G_1,-47,gNB_5G,-79,0.376832,0,-1,0,66.0898,28
221.5,car_north_peak_006,gNB_4G_1,-46,gNB_5G,-62,0.180224,0,-1,0,29.1123,28
221.5,ue_n001_0006,gNB_4G_1,-39,gNB_5G,-64,0.679936,0,-1,0,75.9357,28
221.5,ue_n043_0012,gNB_5G,-57,gNB_4G_2,-57,0.196608,0,-1,0,57.5526,28
221.5,car_north_base_011,gNB_4G_1,-40,gNB_5G,-66,0.28672,0,-1,0,49.4921,28
221.5,ue_n042_0002,gNB_4G_2,-45,gNB_4G_1,-51,0.688128,4,47.0399,0,19.6654,24
221.5,ue_ujeongwon_0001,gNB_4G_1,-46,gNB_4G_2,-55,0.385024,0,-1,0,19.2925,25
221.5,ue_n043_0009,gNB_4G_2,-48,gNB_5G,-49,0.745472,3,16.0399,0,46.0939,28
221.5,ue_n043_0010,gNB_4G_2,-65,gNB_5G,-66,0.196608,5,11.8399,1,43.3437,28
221.5,ue_n043_0001,gNB_4G_2,-45,gNB_5G,-54,0.360448,5,118.44,0,10.3274,14
221.5,ue_n001_0009,gNB_4G_1,-47,gNB_5G,-70,0.581632,0,-1,0,63.5115,28
221.5,ue_n001_0001,gNB_4G_2,-46,gNB_5G,-57,0.581632,3,17.6399,1,41.1547,28
221.5,car_north_base_010,gNB_4G_1,-43,gNB_5G,-68,0.212992,0,-1,0,63.3779,28
221.5,ue_ujeongwon_0002,gNB_4G_1,-55,gNB_5G,-64,0.8192,0,-1,0,68.2607,28
221.5,ue_n001_0007,gNB_4G_1,-51,gNB_4G_2,-65,0.262144,0,-1,0,32.1326,28
221.5,ue_n001_0012,gNB_4G_1,-51,gNB_5G,-79,0.679936,0,-1,0,69.2741,28
221.5,car_north_base_002_rider,gNB_4G_2,-51,gNB_4G_1,-87,0.8192,3,76.4399,1,49.4375,28
221.5,car_north_base_009,gNB_4G_1,-49,gNB_5G,-57,0.311296,0,-1,0,61.9256,28
221.5,car_north_peak_009,gNB_4G_1,-36,gNB_5G,-65,0.516096,0,-1,0,74.0212,28
221.5,ue_n043_0003,gNB_4G_2,-55,gNB_5G,-53,0.458752,5,90.4399,0,43.4662,28
221.5,ue_n042_0009,gNB_4G_2,-56,gNB_5G,-67,0.16384,0,-1,0,54.568,28
221.5,ue_n042_0004,gNB_4G_1,-49,gNB_5G,-62,0.8192,3,4.83993,0,42.6633,28
221.5,ue_n001_0011,gNB_4G_1,-47,gNB_5G,-70,0.16384,0,-1,0,65.8687,28
221.5,ue_n042_0010,gNB_4G_2,-57,gNB_5G,-68,0.090112,0,-1,0,43.5964,28
221.5,ue_n043_0004,gNB_4G_2,-45,gNB_5G,-51,0.745472,9,63.2399,0,46.4478,28
221.5,ue_n001_0010,gNB_4G_1,-46,gNB_5G,-66,0.8192,0,-1,0,63.5649,28
221.5,ue_n043_0005,gNB_4G_2,-46,gNB_5G,-51,0.475136,9,70.2399,1,44.6111,28
221.5,ue_ujeongwon_0004,gNB_4G_2,-46,gNB_4G_1,-51,0.12288,3,28.8399,0,64.9538,28
221.5,ue_ujeongwon_0005,gNB_4G_2,-44,gNB_4G_1,-49,0.32768,3,18.6399,0,11.6954,11
221.5,ue_n001_0005,gNB_4G_1,-41,gNB_4G_2,-68,0.581632,0,-1,0,70.6248,28
221.5,ue_n043_0011,gNB_5G,-56,gNB_4G_2,-56,0.4096,0,-1,0,54.4905,28
221.5,car_north_peak_008_rider,gNB_4G_1,-38,gNB_4G_2,-88,0.344064,0,-1,0,70.9336,28
221.5,ue_n043_0006,gNB_4G_2,-57,gNB_5G,-65,0.581632,5,58.6399,1,47.7448,28
221.5,ue_ujeongwon_0007,gNB_4G_1,-44,gNB_5G,-69,0.8192,0,-1,0,68.8633,28
221.5,ue_ujeongwon_0008,gNB_4G_1,-48,gNB_5G,-66,0.360448,0,-1,0,38.6516,28
221.5,ue_n043_0007,gNB_4G_2,-59,gNB_5G,-65,0.4096,5,53.6399,1,46.6667,28
221.5,ue_ujeongwon_0009,gNB_4G_2,-44,gNB_4G_1,-48,0.589824,3,11.8399,0,66.8575,28
221.5,car_north_base_012_rider,gNB_4G_1,-45,gNB_4G_2,-71,0.344064,0,-1,0,69.104,28
221.5,ue_ujeongwon_0010,gNB_4G_1,-37,gNB_4G_2,-89,0.679936,0,-1,0,13.8417,19
221.5,car_north_base_008_rider,gNB_4G_2,-56,gNB_5G,-62,0.172032,3,0.239928,0,55.2016,28
221.5,ue_n043_0008,gNB_4G_2,-46,gNB_5G,-47,0.745472,5,11.4399,0,65.8056,28
221.5,ue_n001_0008,gNB_4G_1,-53,gNB_4G_2,-62,0.311296,0,-1,0,62.3673,28
221.5,car_north_peak_010_rider,gNB_4G_1,-36,gNB_5G,-66,0.188416,0,-1,0,77.3384,28
221.5,car_north_peak_007,gNB_4G_1,-41,gNB_4G_2,-86,0.262144,0,-1,0,66.4983,28
221.5,ue_n043_0013,gNB_5G,-57,gNB_4G_2,-58,0.630784,0,-1,0,56.3581,28
221.5,ue_n001_0013,gNB_4G_1,-46,gNB_5G,-69,0.36864,0,-1,0,40.4399,28
