"time","x","y","z"
"1.000","-243.749945","511.675038","28.622057"
"1.100","-243.750896","511.455040","28.622057"
"1.200","-243.751845","511.235042","28.622057"
"1.300","-243.752795","511.015044","28.622057"
"1.400","-243.753745","510.795046","28.622057"
"1.500","-243.754695","510.575048","28.622057"
"1.600","-243.755646","510.355050","28.622057"
"1.700","-243.756596","510.135052","28.622057"
"1.800","-243.757546","509.915054","28.622057"
"1.900","-243.758496","509.695056","28.622057"
"2.000","-243.759445","509.475059","28.622057"
"2.100","-243.760395","509.255061","28.622057"
"2.200","-243.761346","509.035063","28.622057"
"2.300","-243.762296","508.815065","28.622057"
"2.400","-243.763246","508.595067","28.622057"
"2.500","-243.764196","508.375069","28.622057"
"2.600","-243.765146","508.155071","28.622057"
"2.700","-243.766096","507.935073","28.622057"
"2.800","-243.767046","507.715075","28.622057"
"2.900","-243.767996","507.495077","28.622057"
"3.000","-243.768946","507.275079","28.622057"
"3.100","-243.769896","507.055081","28.622057"
"3.200","-243.770846","506.835083","28.622057"
"3.300","-243.771797","506.615085","28.622057"
"3.400","-243.772746","506.395087","28.622057"
"3.500","-243.773696","506.175089","28.622057"
"3.600","-243.774646","505.955091","28.622057"
"3.700","-243.775596","505.735093","28.622057"
"3.800","-243.776546","505.515095","28.622057"
"3.900","-243.777497","505.295097","28.622057"
"4.000","-243.778447","505.075100","28.622057"
"4.100","-243.779397","504.855102","28.622057"
"4.200","-243.780347","504.635104","28.622057"
"4.300","-243.781296","504.415106","28.622057"
"4.400","-243.782247","504.195108","28.622057"
"4.500","-243.783197","503.975110","28.622057"
"4.600","-243.784147","503.755112","28.622057"
"4.700","-243.785097","503.535114","28.622057"
"4.800","-243.786046","503.315116","28.622057"
"4.900","-243.786997","503.095118","28.622057"
"5.000","-243.787947","502.875120","28.622057"
"5.100","-243.788897","502.655122","28.622057"
"5.200","-243.789847","502.435124","28.622057"
"5.300","-243.790797","502.215126","28.622057"
"5.400","-243.791747","501.995128","28.622057"
"5.500","-243.792697","501.775130","28.622057"
"5.600","-243.793647","501.555132","28.622057"
"5.700","-243.794597","501.335134","28.622057"
"5.800","-243.795547","501.115136","28.622057"
"5.900","-243.796498","500.895139","28.622057"
"6.000","-243.797447","500.675141","28.622057"
"6.100","-243.798398","500.455143","28.622057"
"6.200","-243.799348","500.235145","28.622057"
"6.300","-243.800297","500.015147","28.622057"
"6.400","-243.801248","499.795149","28.622057"
"6.500","-243.802197","499.575151","28.622057"
"6.600","-243.803148","499.355153","28.622057"
"6.700","-243.804098","499.135155","28.622057"
"6.800","-243.805048","498.915157","28.622057"
"6.900","-243.805998","498.695159","28.622057"
"7.000","-243.806948","498.475161","28.622057"
"7.100","-243.807898","498.255163","28.622057"
"7.200","-243.808848","498.035165","28.622057"
"7.300","-243.809798","497.815167","28.622057"
"7.400","-243.810748","497.595169","28.622057"
"7.500","-243.811698","497.375171","28.622057"
"7.600","-243.812649","497.155173","28.622057"
"7.700","-243.813598","496.935175","28.622057"
"7.800","-243.814548","496.715177","28.622057"
"7.900","-243.815498","496.495180","28.622057"
"8.000","-243.816448","496.275182","28.622057"
"8.100","-243.817399","496.055184","28.622057"
"8.200","-243.818348","495.835186","28.622057"
"8.300","-243.819299","495.615188","28.622057"
"8.400","-243.820249","495.395190","28.622057"
"8.500","-243.821198","495.175192","28.622057"
"8.600","-243.822149","494.955194","28.622057"
"8.700","-243.823099","494.735196","28.622057"
"8.800","-243.824049","494.515198","28.622057"
"8.900","-243.824999","494.295200","28.622057"
"9.000","-243.825949","494.075202","28.622057"
"9.100","-243.826899","493.855204","28.622057"
"9.200","-243.827849","493.635206","28.622057"
"9.300","-243.828799","493.415208","28.622057"
"9.400","-243.829749","493.195210","28.622057"
"9.500","-243.830699","492.975212","28.622057"
"9.600","-243.831649","492.755214","28.622057"
"9.700","-243.832599","492.535216","28.622057"
"9.800","-243.833550","492.315219","28.622057"
"9.900","-243.834499","492.095221","28.622057"
"10.000","-243.835449","491.875223","28.622057"
"10.100","-243.836399","491.655225","28.622057"
"10.200","-243.837349","491.435227","28.622057"
"10.300","-243.838300","491.215229","28.622057"
"10.400","-243.839250","490.995231","28.622057"
"10.500","-243.840200","490.775233","28.622057"
"10.600","-243.841150","490.555235","28.622057"
"10.700","-243.842100","490.335237","28.622057"
"10.800","-243.843050","490.115239","28.622057"
"10.900","-243.844000","489.895241","28.622057"
"11.000","-243.844950","489.675243","28.622057"
"11.100","-243.845900","489.455245","28.622057"
"11.200","-243.846850","489.235247","28.622057"
"11.300","-243.847800","489.015249","28.622057"
"11.400","-243.848750","488.795251","28.622057"
"11.500","-243.849700","488.575253","28.622057"
"11.600","-243.850650","488.355255","28.622057"
"11.700","-243.851600","488.135258","28.622057"
"11.800","-243.852550","487.915260","28.622057"
"11.900","-243.853500","487.695262","28.622057"
"12.000","-243.854451","487.475264","28.622057"
"12.100","-243.855401","487.255266","28.622057"
"12.200","-243.856350","487.035268","28.622057"
"12.300","-243.857300","486.815270","28.622057"
"12.400","-243.858250","486.595272","28.622057"
"12.500","-243.859201","486.375274","28.622057"
"12.600","-243.860151","486.155276","28.622057"
"12.700","-243.861101","485.935278","28.622057"
"12.800","-243.862051","485.715280","28.622057"
"12.900","-243.863001","485.495282","28.622057"
"13.000","-243.863951","485.275284","28.622057"
"13.100","-243.864901","485.055286","28.622057"
"13.200","-243.865851","484.835288","28.622057"
"13.300","-243.866801","484.615290","28.622057"
"13.400","-243.867751","484.395292","28.622057"
"13.500","-243.868701","484.175294","28.622057"
"13.600","-243.869651","483.955296","28.622057"
"13.700","-243.870601","483.735299","28.622057"
"13.800","-243.871551","483.515301","28.622057"
"13.900","-243.872501","483.295303","28.622057"
"14.000","-243.873451","483.075305","28.622057"
"14.100","-243.874401","482.855307","28.622057"
"14.200","-243.875352","482.635309","28.622057"
"14.300","-243.876302","482.415311","28.622057"
"14.400","-243.877251","482.195313","28.622057"
"14.500","-243.878201","481.975315","28.622057"
"14.600","-243.879152","481.755317","28.622057"
"14.700","-243.880101","481.535319","28.622057"
"14.800","-243.881052","481.315321","28.622057"
"14.900","-243.882002","481.095323","28.622057"
"15.000","-243.882952","480.875325","28.622057"
"15.100","-243.883902","480.655327","28.622057"
"15.200","-243.884852","480.435329","28.622057"
"15.300","-243.885802","480.215331","28.622057"
"15.400","-243.886752","479.995333","28.622057"
"15.500","-243.887702","479.775335","28.622057"
"15.600","-243.888652","479.555338","28.622057"
"15.700","-243.889602","479.335340","28.622057"
"15.800","-243.890552","479.115342","28.622057"
"15.900","-243.891502","478.895344","28.622057"
"16.000","-243.892452","478.675346","28.622057"
"16.100","-243.893402","478.455348","28.622057"
"16.200","-243.894352","478.235350","28.622057"
"16.300","-243.895303","478.015352","28.622057"
"16.400","-243.896252","477.795354","28.622057"
"16.500","-243.897203","477.575356","28.622057"
"16.600","-243.898153","477.355358","28.622057"
"16.700","-243.899102","477.135360","28.622057"
"16.800","-243.900053","476.915362","28.622057"
"16.900","-243.901002","476.695364","28.622057"
"17.000","-243.901953","476.475366","28.622057"
"17.100","-243.902903","476.255368","28.622057"
"17.200","-243.903853","476.035370","28.622057"
"17.300","-243.904803","475.815372","28.622057"
"17.400","-243.905753","475.595374","28.622057"
"17.500","-243.906703","475.375376","28.622057"
"17.600","-243.907653","475.155379","28.622057"
"17.700","-243.908603","474.935381","28.622057"
"17.800","-243.909553","474.715383","28.622057"
"17.900","-243.910503","474.495385","28.622057"
"18.000","-243.911454","474.275387","28.622057"
"18.100","-243.912403","474.055389","28.622057"
"18.200","-243.913353","473.835391","28.622057"
"18.300","-243.914303","473.615393","28.622057"
"18.400","-243.915253","473.395395","28.622057"
"18.500","-243.916204","473.175397","28.622057"
"18.600","-243.917153","472.955399","28.622057"
"18.700","-243.918104","472.735401","28.622057"
"18.800","-243.919054","472.515403","28.622057"
"18.900","-243.920003","472.295405","28.622057"
"19.000","-243.920954","472.075407","28.622057"
"19.100","-243.921904","471.855409","28.622057"
"19.200","-243.922854","471.635411","28.622057"
"19.300","-243.923804","471.415413","28.622057"
"19.400","-243.924754","471.195415","28.622057"
"19.500","-243.925704","470.975418","28.622057"
"19.600","-243.926654","470.755420","28.622057"
"19.700","-243.927604","470.535422","28.622057"
"19.800","-243.928554","470.315424","28.622057"
"19.900","-243.929504","470.095426","28.622057"
"20.000","-243.930454","469.875428","28.622057"
"20.100","-243.931404","469.655430","28.622057"
"20.200","-243.932355","469.435432","28.622057"
"20.300","-243.933304","469.215434","28.622057"
"20.400","-243.934254","468.995436","28.622057"
"20.500","-243.935205","468.775438","28.622057"
"20.600","-243.936154","468.555440","28.622057"
"20.700","-243.937105","468.335442","28.622057"
"20.800","-243.938055","468.115444","28.622057"
"20.900","-243.939005","467.895446","28.622057"
"21.000","-243.939955","467.675448","28.622057"
"21.100","-243.940905","467.455450","28.622057"
"21.200","-243.941855","467.235452","28.622057"
"21.300","-243.942805","467.015454","28.622057"
"21.400","-243.943755","466.795456","28.622057"
"21.500","-243.944705","466.575459","28.622057"
"21.600","-243.945655","466.355461","28.622057"
"21.700","-243.946605","466.135463","28.622057"
"21.800","-243.947555","465.915465","28.622057"
"21.900","-243.948505","465.695467","28.622057"
"22.000","-243.949455","465.475469","28.622057"
"22.100","-243.950405","465.255471","28.622057"
"22.200","-243.951356","465.035473","28.622057"
"22.300","-243.952305","464.815475","28.622057"
"22.400","-243.953256","464.595477","28.622057"
"22.500","-243.954206","464.375479","28.622057"
"22.600","-243.955155","464.155481","28.622057"
"22.700","-243.956105","463.935483","28.622057"
"22.800","-243.957055","463.715485","28.622057"
"22.900","-243.958006","463.495487","28.622057"
"23.000","-243.958956","463.275489","28.622057"
"23.100","-243.959906","463.055491","28.622057"
"23.200","-243.960856","462.835493","28.622057"
"23.300","-243.961806","462.615495","28.622057"
"23.400","-243.962756","462.395498","28.622057"
"23.500","-243.963706","462.175500","28.622057"
"23.600","-243.964656","461.955502","28.622057"
"23.700","-243.965606","461.735504","28.622057"
"23.800","-243.966556","461.515506","28.622057"
"23.900","-243.967507","461.295508","28.622057"
"24.000","-243.968456","461.075510","28.622057"
"24.100","-243.969406","460.855512","28.622057"
"24.200","-243.970356","460.635514","28.622057"
"24.300","-243.971306","460.415516","28.622057"
"24.400","-243.972256","460.195518","28.622057"
"24.500","-243.973206","459.975520","28.622057"
"24.600","-243.974157","459.755522","28.622057"
"24.700","-243.975107","459.535524","28.622057"
"24.800","-243.976056","459.315526","28.622057"
"24.900","-243.977006","459.095528","28.622057"
"25.000","-243.977957","458.875530","28.622057"
"25.100","-243.978907","458.655532","28.622057"
"25.200","-243.979857","458.435534","28.622057"
"25.300","-243.980807","458.215537","28.622057"
"25.400","-243.981757","457.995539","28.622057"
"25.500","-243.982707","457.775541","28.622057"
"25.600","-243.983657","457.555543","28.622057"
"25.700","-243.984607","457.335545","28.622057"
"25.800","-243.985557","457.115547","28.622057"
"25.900","-243.986507","456.895549","28.622057"
"26.000","-243.987457","456.675551","28.622057"
"26.100","-243.988407","456.455553","28.622057"
"26.200","-243.989357","456.235555","28.622057"
"26.300","-243.990307","456.015557","28.622057"
"26.400","-243.991257","455.795559","28.622057"
"26.500","-243.992207","455.575561","28.622057"
"26.600","-243.993157","455.355563","28.622057"
"26.700","-243.994108","455.135565","28.622057"
"26.800","-243.995058","454.915567","28.622057"
"26.900","-243.996008","454.695569","28.622057"
"27.000","-243.996958","454.475571","28.622057"
"27.100","-243.997907","454.255573","28.622057"
"27.200","-243.998858","454.035575","28.622057"
"27.300","-243.999808","453.815578","28.622057"
"27.400","-244.000758","453.595580","28.622057"
"27.500","-244.001708","453.375582","28.622057"
"27.600","-244.002658","453.155584","28.622057"
"27.700","-244.003608","452.935586","28.622057"
"27.800","-244.004558","452.715588","28.622057"
"27.900","-244.005508","452.495590","28.622057"
"28.000","-244.006458","452.275592","28.622057"
"28.100","-244.007408","452.055594","28.622057"
"28.200","-244.008358","451.835596","28.622057"
"28.300","-244.009308","451.615598","28.622057"
"28.400","-244.010259","451.395600","28.622057"
"28.500","-244.011208","451.175602","28.622057"
"28.600","-244.012158","450.955604","28.622057"
"28.700","-244.013109","450.735606","28.622057"
"28.800","-244.014058","450.515608","28.622057"
"28.900","-244.015009","450.295610","28.622057"
"29.000","-244.015959","450.075612","28.622057"
"29.100","-244.016909","449.855614","28.622057"
"29.200","-244.017859","449.635617","28.622057"
"29.300","-244.018808","449.415619","28.622057"
"29.400","-244.019759","449.195621","28.622057"
"29.500","-244.020709","448.975623","28.622057"
"29.600","-244.021659","448.755625","28.622057"
"29.700","-244.022609","448.535627","28.622057"
"29.800","-244.023559","448.315629","28.622057"
"29.900","-244.024509","448.095631","28.622057"
"30.000","-244.025459","447.875633","28.622057"
"30.100","-244.026409","447.655635","28.622057"
"30.200","-244.027359","447.435637","28.622057"
"30.300","-244.028309","447.215639","28.622057"
"30.400","-244.029259","446.995641","28.622057"
"30.500","-244.030209","446.775643","28.622037"
"30.600","-244.031160","446.555645","28.621897"
"30.700","-244.032109","446.335649","28.621355"
"30.800","-244.033059","446.115662","28.619178"
"30.900","-244.034009","445.895694","28.615543"
"31.000","-244.034959","445.675732","28.611544"
"31.100","-244.035909","445.455763","28.607979"
"31.200","-244.036859","445.235780","28.605417"
"31.300","-244.037809","445.015785","28.604907"
"31.400","-244.038759","444.795787","28.604907"
"31.500","-244.039709","444.575789","28.604907"
"31.600","-244.040659","444.355791","28.604907"
"31.700","-244.041609","444.135793","28.604907"
"31.800","-244.042559","443.915795","28.604907"
"31.900","-244.043510","443.695798","28.604907"
"32.000","-244.044460","443.475800","28.604907"
"32.100","-244.045410","443.255802","28.604907"
"32.200","-244.046360","443.035804","28.604907"
"32.300","-244.047309","442.815806","28.604907"
"32.400","-244.048260","442.595808","28.604907"
"32.500","-244.049210","442.375810","28.604907"
"32.600","-244.050160","442.155812","28.604907"
"32.700","-244.051110","441.935814","28.604907"
"32.800","-244.052060","441.715816","28.604907"
"32.900","-244.053010","441.495818","28.604907"
"33.000","-244.053960","441.275820","28.604907"
"33.100","-244.054910","441.055822","28.604907"
"33.200","-244.055860","440.835824","28.604907"
"33.300","-244.056810","440.615826","28.604907"
"33.400","-244.057760","440.395828","28.604907"
"33.500","-244.058710","440.175830","28.604907"
"33.600","-244.059661","439.955832","28.604907"
"33.700","-244.060610","439.735834","28.604907"
"33.800","-244.061560","439.515836","28.604907"
"33.900","-244.062510","439.295839","28.604907"
"34.000","-244.063460","439.075841","28.604907"
"34.100","-244.064411","438.855843","28.604907"
"34.200","-244.065361","438.635845","28.604907"
"34.300","-244.066311","438.415847","28.604907"
"34.400","-244.067261","438.195849","28.604907"
"34.500","-244.068210","437.975851","28.604907"
"34.600","-244.069161","437.755853","28.604907"
"34.700","-244.070111","437.535855","28.604907"
"34.800","-244.071061","437.315857","28.604907"
"34.900","-244.072011","437.095859","28.604907"
"35.000","-244.072961","436.875861","28.604907"
"35.100","-244.073911","436.655863","28.604907"
"35.200","-244.074861","436.435865","28.604907"
"35.300","-244.075811","436.215867","28.604907"
"35.400","-244.076761","435.995869","28.604907"
"35.500","-244.077711","435.775871","28.604907"
"35.600","-244.078661","435.555873","28.604907"
"35.700","-244.079611","435.335875","28.604907"
"35.800","-244.080562","435.115878","28.604907"
"35.900","-244.081511","434.895880","28.604907"
"36.000","-244.082461","434.675882","28.604907"
"36.100","-244.083412","434.455884","28.604907"
"36.200","-244.084361","434.235886","28.604907"
"36.300","-244.085312","434.015888","28.604907"
"36.400","-244.086262","433.795890","28.604907"
"36.500","-244.087212","433.575892","28.604907"
"36.600","-244.088162","433.355894","28.604907"
"36.700","-244.089112","433.135896","28.604907"
"36.800","-244.090062","432.915898","28.604907"
"36.900","-244.091012","432.695900","28.604907"
"37.000","-244.091962","432.475902","28.604907"
"37.100","-244.092912","432.255904","28.604907"
"37.200","-244.093862","432.035906","28.604907"
"37.300","-244.094812","431.815908","28.604907"
"37.400","-244.095762","431.595910","28.604907"
"37.500","-244.096712","431.375912","28.604907"
"37.600","-244.097662","431.155914","28.604907"
"37.700","-244.098612","430.935916","28.604907"
"37.800","-244.099563","430.715919","28.604907"
"37.900","-244.100512","430.495921","28.604907"
"38.000","-244.101463","430.275923","28.604907"
"38.100","-244.102413","430.055925","28.604907"
"38.200","-244.103362","429.835927","28.604907"
"38.300","-244.104313","429.615929","28.604907"
"38.400","-244.105262","429.395931","28.604907"
"38.500","-244.106213","429.175933","28.604907"
"38.600","-244.107163","428.955935","28.604907"
"38.700","-244.108113","428.735937","28.604907"
"38.800","-244.109063","428.515939","28.604907"
"38.900","-244.110013","428.295941","28.604907"
"39.000","-244.110963","428.075943","28.604907"
"39.100","-244.111913","427.855945","28.604907"
"39.200","-244.112863","427.635947","28.604907"
"39.300","-244.113813","427.415949","28.604907"
"39.400","-244.114763","427.195951","28.604907"
"39.500","-244.115714","426.975953","28.604907"
"39.600","-244.116663","426.755955","28.604907"
"39.700","-244.117613","426.535958","28.604907"
"39.800","-244.118563","426.315960","28.604907"
"39.900","-244.119513","426.095962","28.604907"
"40.000","-244.120464","425.875964","28.604907"
"40.100","-244.121413","425.655966","28.604907"
"40.200","-244.122364","425.435968","28.604907"
"40.300","-244.123314","425.215970","28.604907"
"40.400","-244.124263","424.995972","28.604907"
"40.500","-244.125214","424.775974","28.604907"
"40.600","-244.126164","424.555976","28.604907"
"40.700","-244.127114","424.335978","28.604907"
"40.800","-244.128064","424.115980","28.604907"
"40.900","-244.129014","423.895982","28.604907"
"41.000","-244.129964","423.675984","28.604907"
"41.100","-244.130914","423.455986","28.604907"
"41.200","-244.131864","423.235988","28.604907"
"41.300","-244.132814","423.015990","28.604907"
"41.400","-244.133764","422.795992","28.604907"
"41.500","-244.134714","422.575994","28.604907"
"41.600","-244.135664","422.355996","28.604907"
"41.700","-244.136615","422.135999","28.604907"
"41.800","-244.137564","421.916001","28.604907"
"41.900","-244.138514","421.696003","28.604907"
"42.000","-244.139464","421.476005","28.604907"
"42.100","-244.140414","421.256007","28.604907"
"42.200","-244.141365","421.036009","28.604907"
"42.300","-244.142315","420.816011","28.604907"
"42.400","-244.143265","420.596013","28.604907"
"42.500","-244.144215","420.376015","28.604907"
"42.600","-244.145165","420.156017","28.604907"
"42.700","-244.146114","419.936019","28.604907"
"42.800","-244.147065","419.716021","28.604907"
"42.900","-244.148015","419.496023","28.604907"
"43.000","-244.148965","419.276025","28.604907"
"43.100","-244.149915","419.056027","28.604907"
"43.200","-244.150865","418.836029","28.604907"
"43.300","-244.151815","418.616031","28.604907"
"43.400","-244.152765","418.396033","28.604907"
"43.500","-244.153715","418.176035","28.604907"
"43.600","-244.154665","417.956038","28.604907"
"43.700","-244.155615","417.736040","28.604907"
"43.800","-244.156565","417.516042","28.604907"
"43.900","-244.157516","417.296044","28.604907"
"44.000","-244.158466","417.076046","28.604907"
"44.100","-244.159415","416.856048","28.604907"
"44.200","-244.160365","416.636050","28.604907"
"44.300","-244.161316","416.416052","28.604907"
"44.400","-244.162265","416.196054","28.604907"
"44.500","-244.163216","415.976056","28.604907"
"44.600","-244.164166","415.756058","28.604907"
"44.700","-244.165116","415.536060","28.604907"
"44.800","-244.166066","415.316062","28.604907"
"44.900","-244.167015","415.096064","28.604907"
"45.000","-244.167966","414.876066","28.604907"
"45.100","-244.168916","414.656068","28.604907"
"45.200","-244.169866","414.436070","28.604907"
"45.300","-244.170816","414.216072","28.604907"
"45.400","-244.171766","413.996074","28.604907"
"45.500","-244.172716","413.776077","28.604907"
"45.600","-244.173666","413.556079","28.604907"
"45.700","-244.174616","413.336081","28.604907"
"45.800","-244.175566","413.116083","28.604907"
"45.900","-244.176516","412.896085","28.604907"
"46.000","-244.177466","412.676087","28.604907"
"46.100","-244.178416","412.456089","28.604907"
"46.200","-244.179367","412.236091","28.604907"
"46.300","-244.180316","412.016093","28.604907"
"46.400","-244.181266","411.796095","28.604907"
"46.500","-244.182217","411.576097","28.604907"
"46.600","-244.183166","411.356099","28.604907"
"46.700","-244.184117","411.136101","28.604907"
"46.800","-244.185067","410.916103","28.604907"
"46.900","-244.186017","410.696105","28.604907"
"47.000","-244.186967","410.476107","28.604907"
"47.100","-244.187917","410.256109","28.604907"
"47.200","-244.188867","410.036111","28.604907"
"47.300","-244.189817","409.816113","28.604907"
"47.400","-244.190767","409.596115","28.604907"
"47.500","-244.191717","409.376118","28.604907"
"47.600","-244.192667","409.156120","28.604907"
"47.700","-244.193617","408.936122","28.604907"
"47.800","-244.194567","408.716124","28.604907"
"47.900","-244.195517","408.496126","28.604907"
"48.000","-244.196467","408.276128","28.604907"
"48.100","-244.197417","408.056130","28.604907"
"48.200","-244.198368","407.836132","28.604907"
"48.300","-244.199317","407.616134","28.604907"
"48.400","-244.200268","407.396136","28.604907"
"48.500","-244.201218","407.176138","28.604907"
"48.600","-244.202167","406.956140","28.604907"
"48.700","-244.203118","406.736142","28.604907"
"48.800","-244.204068","406.516144","28.604907"
"48.900","-244.205018","406.296146","28.604907"
"49.000","-244.205968","406.076148","28.604907"
"49.100","-244.206918","405.856150","28.604907"
"49.200","-244.207868","405.636152","28.604907"
"49.300","-244.208818","405.416154","28.604907"
"49.400","-244.209768","405.196157","28.604907"
"49.500","-244.210718","404.976159","28.604907"
"49.600","-244.211668","404.756161","28.604907"
"49.700","-244.212618","404.536163","28.604907"
"49.800","-244.213568","404.316165","28.604907"
"49.900","-244.214519","404.096167","28.604907"
"50.000","-244.215468","403.876169","28.604907"
"50.100","-244.216418","403.656171","28.604907"
"50.200","-244.217369","403.436173","28.604907"
"50.300","-244.218318","403.216175","28.604907"
"50.400","-244.219269","402.996177","28.604907"
"50.500","-244.220218","402.776179","28.604907"
"50.600","-244.221169","402.556181","28.604907"
"50.700","-244.222119","402.336183","28.604907"
"50.800","-244.223068","402.116185","28.604907"
"50.900","-244.224019","401.896187","28.604907"
"51.000","-244.224969","401.676189","28.604907"
"51.100","-244.225919","401.456191","28.604907"
"51.200","-244.226869","401.236193","28.604907"
"51.300","-244.227819","401.016195","28.604907"
"51.400","-244.228769","400.796198","28.604907"
"51.500","-244.229719","400.576200","28.604907"
"51.600","-244.230669","400.356202","28.604907"
"51.700","-244.231619","400.136204","28.604907"
"51.800","-244.232569","399.916206","28.604907"
"51.900","-244.233520","399.696208","28.604907"
"52.000","-244.234469","399.476210","28.604907"
"52.100","-244.235420","399.256212","28.604907"
"52.200","-244.236369","399.036214","28.604907"
"52.300","-244.237319","398.816216","28.604907"
"52.400","-244.238269","398.596218","28.604907"
"52.500","-244.239219","398.376220","28.604907"
"52.600","-244.240170","398.156222","28.604907"
"52.700","-244.241120","397.936224","28.604907"
"52.800","-244.242070","397.716226","28.604907"
"52.900","-244.243020","397.496228","28.604907"
"53.000","-244.243970","397.276230","28.604907"
"53.100","-244.244920","397.056232","28.604907"
"53.200","-244.245870","396.836234","28.604907"
"53.300","-244.246820","396.616237","28.604907"
"53.400","-244.247770","396.396239","28.604907"
"53.500","-244.248720","396.176241","28.604907"
"53.600","-244.249670","395.956243","28.604907"
"53.700","-244.250620","395.736245","28.604907"
"53.800","-244.251570","395.516247","28.604907"
"53.900","-244.252520","395.296249","28.604907"
"54.000","-244.253470","395.076251","28.604907"
"54.100","-244.254420","394.856253","28.604907"
"54.200","-244.255370","394.636255","28.604907"
"54.300","-244.256321","394.416257","28.604907"
"54.400","-244.257271","394.196259","28.604907"
"54.500","-244.258220","393.976261","28.604907"
"54.600","-244.259170","393.756263","28.604907"
"54.700","-244.260121","393.536265","28.604907"
"54.800","-244.261071","393.316267","28.604907"
"54.900","-244.262021","393.096269","28.604907"
"55.000","-244.262971","392.876271","28.604907"
"55.100","-244.263921","392.656273","28.604907"
"55.200","-244.264871","392.436275","28.604907"
"55.300","-244.265820","392.216278","28.604907"
"55.400","-244.266771","391.996280","28.604907"
"55.500","-244.267721","391.776282","28.604907"
"55.600","-244.268671","391.556284","28.604907"
"55.700","-244.269621","391.336286","28.604907"
"55.800","-244.270571","391.116288","28.604907"
"55.900","-244.271521","390.896290","28.604907"
"56.000","-244.272471","390.676292","28.604907"
"56.100","-244.273421","390.456294","28.604907"
"56.200","-244.274371","390.236296","28.604907"
"56.300","-244.275321","390.016298","28.604907"
"56.400","-244.276271","389.796300","28.604907"
"56.500","-244.277222","389.576302","28.604907"
"56.600","-244.278172","389.356304","28.604907"
"56.700","-244.279121","389.136306","28.604907"
"56.800","-244.280071","388.916308","28.604907"
"56.900","-244.281022","388.696310","28.604907"
"57.000","-244.281971","388.476312","28.604907"
"57.100","-244.282922","388.256314","28.604907"
"57.200","-244.283872","388.036317","28.604907"
"57.300","-244.284822","387.816319","28.604907"
"57.400","-244.285772","387.596321","28.604907"
"57.500","-244.286722","387.376323","28.604907"
"57.600","-244.287672","387.156325","28.604907"
"57.700","-244.288622","386.936327","28.604907"
"57.800","-244.289572","386.716329","28.604907"
"57.900","-244.290522","386.496331","28.604907"
"58.000","-244.291472","386.276333","28.604907"
"58.100","-244.292422","386.056335","28.604907"
"58.200","-244.293372","385.836337","28.604907"
"58.300","-244.294322","385.616339","28.604907"
"58.400","-244.295272","385.396341","28.604907"
"58.500","-244.296222","385.176343","28.604907"
"58.600","-244.297173","384.956345","28.604907"
"58.700","-244.298122","384.736347","28.604907"
"58.800","-244.299073","384.516349","28.604907"
"58.900","-244.300023","384.296351","28.604907"
"59.000","-244.300972","384.076353","28.604907"
"59.100","-244.301923","383.856356","28.604907"
"59.200","-244.302873","383.636358","28.604907"
"59.300","-244.303823","383.416360","28.604907"
"59.400","-244.304773","383.196362","28.604907"
"59.500","-244.305723","382.976364","28.604907"
"59.600","-244.306673","382.756366","28.604907"
"59.700","-244.307623","382.536368","28.604907"
"59.800","-244.308573","382.316370","28.604907"
"59.900","-244.309523","382.096372","28.604907"
"60.000","-244.310473","381.876374","28.604907"
"60.100","-244.311423","381.656376","28.604907"
"60.200","-244.312373","381.436378","28.604907"
"60.300","-244.313324","381.216380","28.604907"
"60.400","-244.314273","380.996382","28.604907"
"60.500","-244.315223","380.776384","28.604907"
"60.600","-244.316174","380.556386","28.604907"
"60.700","-244.317123","380.336388","28.604907"
"60.800","-244.318074","380.116390","28.604907"
"60.900","-244.319024","379.896392","28.604907"
"61.000","-244.319974","379.676394","28.604907"
"61.100","-244.320924","379.456397","28.604907"
"61.200","-244.321873","379.236399","28.604907"
"61.300","-244.322824","379.016401","28.604907"
"61.400","-244.323774","378.796403","28.604907"
"61.500","-244.324724","378.576405","28.604907"
"61.600","-244.325674","378.356407","28.604907"
"61.700","-244.326624","378.136409","28.604907"
"61.800","-244.327574","377.916411","28.604907"
"61.900","-244.328524","377.696413","28.604907"
"62.000","-244.329474","377.476415","28.604907"
"62.100","-244.330424","377.256417","28.604907"
"62.200","-244.331374","377.036419","28.604907"
"62.300","-244.332325","376.816421","28.604907"
"62.400","-244.333274","376.596423","28.604907"
"62.500","-244.334225","376.376425","28.604907"
"62.600","-244.335174","376.156427","28.604907"
"62.700","-244.336124","375.936429","28.604907"
"62.800","-244.337075","375.716431","28.604907"
"62.900","-244.338024","375.496433","28.604907"
"63.000","-244.338975","375.276436","28.604907"
"63.100","-244.339925","375.056438","28.604907"
"63.200","-244.340875","374.836440","28.604907"
"63.300","-244.341825","374.616442","28.604907"
"63.400","-244.342775","374.396444","28.604907"
"63.500","-244.343725","374.176446","28.604907"
"63.600","-244.344675","373.956448","28.604907"
"63.700","-244.345625","373.736450","28.604907"
"63.800","-244.346575","373.516452","28.604907"
"63.900","-244.347525","373.296454","28.604907"
"64.000","-244.348475","373.076456","28.604907"
"64.100","-244.349425","372.856458","28.604907"
"64.200","-244.350375","372.636460","28.604907"
"64.300","-244.351325","372.416462","28.604907"
"64.400","-244.352275","372.196464","28.604907"
"64.500","-244.353226","371.976466","28.604907"
"64.600","-244.354175","371.756468","28.604907"
"64.700","-244.355126","371.536470","28.604907"
"64.800","-244.356076","371.316472","28.604907"
"64.900","-244.357025","371.096474","28.604907"
"65.000","-244.357975","370.876477","28.604907"
"65.100","-244.358926","370.656479","28.604907"
"65.200","-244.359876","370.436481","28.604907"
"65.300","-244.360826","370.216483","28.604907"
"65.400","-244.361776","369.996485","28.604907"
"65.500","-244.362726","369.776487","28.604907"
"65.600","-244.363676","369.556489","28.604907"
"65.700","-244.364626","369.336491","28.604907"
"65.800","-244.365576","369.116493","28.604907"
"65.900","-244.366526","368.896495","28.604907"
"66.000","-244.367476","368.676497","28.604907"
"66.100","-244.368426","368.456499","28.604907"
"66.200","-244.369377","368.236501","28.604907"
"66.300","-244.370326","368.016503","28.604907"
"66.400","-244.371276","367.796505","28.604907"
"66.500","-244.372226","367.576507","28.604907"
"66.600","-244.373176","367.356509","28.604907"
"66.700","-244.374126","367.136511","28.604907"
"66.800","-244.375077","366.916513","28.604907"
"66.900","-244.376027","366.696516","28.604907"
"67.000","-244.376977","366.476518","28.604907"
"67.100","-244.377926","366.256520","28.604907"
"67.200","-244.378876","366.036522","28.604907"
"67.300","-244.379827","365.816524","28.604907"
"67.400","-244.380777","365.596526","28.604907"
"67.500","-244.381727","365.376528","28.604907"
"67.600","-244.382677","365.156530","28.604907"
"67.700","-244.383627","364.936532","28.604907"
"67.800","-244.384577","364.716534","28.604907"
"67.900","-244.385527","364.496536","28.604907"
"68.000","-244.386477","364.276538","28.604907"
"68.100","-244.387427","364.056540","28.604907"
"68.200","-244.388377","363.836542","28.604907"
"68.300","-244.389327","363.616544","28.604907"
"68.400","-244.390277","363.396546","28.604907"
"68.500","-244.391227","363.176548","28.604907"
"68.600","-244.392177","362.956550","28.604907"
"68.700","-244.393127","362.736552","28.604907"
"68.800","-244.394077","362.516554","28.604907"
"68.900","-244.395027","362.296557","28.604907"
"69.000","-244.395978","362.076559","28.604907"
"69.100","-244.396928","361.856561","28.604907"
"69.200","-244.397878","361.636563","28.604907"
"69.300","-244.398828","361.416565","28.604907"
"69.400","-244.399777","361.196567","28.604907"
"69.500","-244.400728","360.976569","28.604907"
"69.600","-244.401678","360.756571","28.604907"
"69.700","-244.402628","360.536573","28.604907"
"69.800","-244.403578","360.316575","28.604907"
"69.900","-244.404528","360.096577","28.604907"
"70.000","-244.405478","359.876579","28.604907"
"70.100","-244.406428","359.656581","28.604907"
"70.200","-244.407378","359.436583","28.604907"
"70.300","-244.408328","359.216585","28.604907"
"70.400","-244.409278","358.996587","28.604907"
"70.500","-244.410228","358.776589","28.604907"
"70.600","-244.411178","358.556591","28.604907"
"70.700","-244.412129","358.336593","28.604907"
"70.800","-244.413078","358.116596","28.604907"
"70.900","-244.414028","357.896598","28.604907"
"71.000","-244.414979","357.676600","28.604907"
"71.100","-244.415928","357.456602","28.604907"
"71.200","-244.416879","357.236604","28.604907"
"71.300","-244.417829","357.016606","28.604907"
"71.400","-244.418779","356.796608","28.604907"
"71.500","-244.419729","356.576610","28.604907"
"71.600","-244.420678","356.356612","28.604907"
"71.700","-244.421629","356.136614","28.604907"
"71.800","-244.422579","355.916616","28.604907"
"71.900","-244.423529","355.696618","28.604907"
"72.000","-244.424479","355.476620","28.604907"
"72.100","-244.425429","355.256622","28.604907"
"72.200","-244.426379","355.036624","28.604907"
"72.300","-244.427329","354.816626","28.604907"
"72.400","-244.428279","354.596628","28.604907"
"72.500","-244.429229","354.376630","28.604907"
"72.600","-244.430179","354.156632","28.604907"
"72.700","-244.431130","353.936635","28.604907"
"72.800","-244.432079","353.716637","28.604907"
"72.900","-244.433030","353.496639","28.604907"
"73.000","-244.433979","353.276641","28.604907"
"73.100","-244.434929","353.056643","28.604907"
"73.200","-244.435880","352.836645","28.604907"
"73.300","-244.436829","352.616647","28.604907"
"73.400","-244.437780","352.396649","28.604907"
"73.500","-244.438730","352.176651","28.604907"
"73.600","-244.439680","351.956653","28.604907"
"73.700","-244.440630","351.736655","28.604907"
"73.800","-244.441580","351.516657","28.604907"
"73.900","-244.442530","351.296659","28.604907"
"74.000","-244.443480","351.076661","28.604907"
"74.100","-244.444430","350.856663","28.604907"
"74.200","-244.445380","350.636665","28.604907"
"74.300","-244.446330","350.416667","28.604907"
"74.400","-244.447281","350.196669","28.604907"
"74.500","-244.448230","349.976671","28.604907"
"74.600","-244.449180","349.756673","28.604907"
"74.700","-244.450130","349.536676","28.604907"
"74.800","-244.451080","349.316678","28.604907"
"74.900","-244.452031","349.096680","28.604907"
"75.000","-244.452980","348.876682","28.604907"
"75.100","-244.453931","348.656684","28.604907"
"75.200","-244.454881","348.436686","28.604907"
"75.300","-244.455830","348.216688","28.604907"
"75.400","-244.456781","347.996690","28.604907"
"75.500","-244.457731","347.776692","28.604907"
"75.600","-244.458681","347.556694","28.604907"
"75.700","-244.459631","347.336696","28.604907"
"75.800","-244.460581","347.116698","28.604907"
"75.900","-244.461531","346.896700","28.604907"
"76.000","-244.462481","346.676702","28.604907"
"76.100","-244.463431","346.456704","28.604907"
"76.200","-244.464381","346.236706","28.604907"
"76.300","-244.465331","346.016708","28.604907"
"76.400","-244.466281","345.796710","28.604907"
"76.500","-244.467231","345.576712","28.604907"
"76.600","-244.468182","345.356715","28.604907"
"76.700","-244.469131","345.136717","28.604907"
"76.800","-244.470081","344.916719","28.604907"
"76.900","-244.471031","344.696721","28.604907"
"77.000","-244.471981","344.476723","28.604907"
"77.100","-244.472932","344.256725","28.604907"
"77.200","-244.473882","344.036727","28.604907"
"77.300","-244.474832","343.816729","28.604907"
"77.400","-244.475782","343.596731","28.604907"
"77.500","-244.476731","343.376733","28.604907"
"77.600","-244.477682","343.156735","28.604907"
"77.700","-244.478632","342.936737","28.604907"
"77.800","-244.479582","342.716739","28.604907"
"77.900","-244.480532","342.496741","28.604907"
"78.000","-244.481482","342.276743","28.604907"
"78.100","-244.482432","342.056745","28.604907"
"78.200","-244.483382","341.836747","28.604907"
"78.300","-244.484332","341.616749","28.604907"
"78.400","-244.485282","341.396751","28.604907"
"78.500","-244.486232","341.176753","28.604907"
"78.600","-244.487182","340.956756","28.604907"
"78.700","-244.488132","340.736758","28.604907"
"78.800","-244.489083","340.516760","28.604907"
"78.900","-244.490033","340.296762","28.604907"
"79.000","-244.490982","340.076764","28.604907"
"79.100","-244.491932","339.856766","28.604907"
"79.200","-244.492882","339.636768","28.604907"
"79.300","-244.493832","339.416770","28.604907"
"79.400","-244.494783","339.196772","28.604907"
"79.500","-244.495733","338.976774","28.604907"
"79.600","-244.496683","338.756776","28.604907"
"79.700","-244.497633","338.536778","28.604907"
"79.800","-244.498582","338.316780","28.604907"
"79.900","-244.499533","338.096782","28.604907"
"80.000","-244.500483","337.876784","28.604907"
"80.100","-244.501433","337.656786","28.604907"
"80.200","-244.502383","337.436788","28.604907"
"80.300","-244.503333","337.216790","28.604907"
"80.400","-244.504283","336.996792","28.604907"
"80.500","-244.505233","336.776795","28.604907"
"80.600","-244.506183","336.556797","28.604907"
"80.700","-244.507133","336.336799","28.604907"
"80.800","-244.508083","336.116801","28.604907"
"80.900","-244.509033","335.896803","28.604907"
"81.000","-244.509983","335.676805","28.604907"
"81.100","-244.510934","335.456807","28.604907"
"81.200","-244.511883","335.236809","28.604907"
"81.300","-244.512833","335.016811","28.604907"
"81.400","-244.513784","334.796813","28.604907"
"81.500","-244.514733","334.576815","28.604907"
"81.600","-244.515684","334.356817","28.604907"
"81.700","-244.516634","334.136819","28.604907"
"81.800","-244.517584","333.916821","28.604907"
"81.900","-244.518534","333.696823","28.604907"
"82.000","-244.519483","333.476825","28.604907"
"82.100","-244.520434","333.256827","28.604907"
"82.200","-244.521384","333.036829","28.604907"
"82.300","-244.522334","332.816831","28.604907"
"82.400","-244.523284","332.596833","28.604907"
"82.500","-244.524234","332.376836","28.604907"
"82.600","-244.525184","332.156838","28.604907"
"82.700","-244.526134","331.936840","28.604907"
"82.800","-244.527084","331.716842","28.604907"
"82.900","-244.528034","331.496844","28.604907"
"83.000","-244.528984","331.276846","28.604907"
"83.100","-244.529935","331.056848","28.604907"
"83.200","-244.530884","330.836850","28.604907"
"83.300","-244.531835","330.616852","28.604907"
"83.400","-244.532785","330.396854","28.604907"
"83.500","-244.533734","330.176856","28.604907"
"83.600","-244.534685","329.956858","28.604907"
"83.700","-244.535634","329.736860","28.604907"
"83.800","-244.536585","329.516862","28.604907"
"83.900","-244.537535","329.296864","28.604907"
"84.000","-244.538485","329.076866","28.604907"
"84.100","-244.539435","328.856868","28.604907"
"84.200","-244.540385","328.636870","28.604907"
"84.300","-244.541335","328.416872","28.604907"
"84.400","-244.542285","328.196875","28.604907"
"84.500","-244.543235","327.976877","28.604907"
"84.600","-244.544185","327.756879","28.604907"
"84.700","-244.545135","327.536881","28.604907"
"84.800","-244.546086","327.316883","28.604907"
"84.900","-244.547035","327.096885","28.604907"
"85.000","-244.547985","326.876887","28.604907"
"85.100","-244.548935","326.656889","28.604907"
"85.200","-244.549885","326.436891","28.604907"
"85.300","-244.550836","326.216893","28.604907"
"85.400","-244.551785","325.996895","28.604907"
"85.500","-244.552735","325.776897","28.604907"
"85.600","-244.553686","325.556899","28.604907"
"85.700","-244.554635","325.336901","28.604907"
"85.800","-244.555586","325.116903","28.604907"
"85.900","-244.556536","324.896905","28.604907"
"86.000","-244.557486","324.676907","28.604907"
"86.100","-244.558436","324.456909","28.604907"
"86.200","-244.559386","324.236911","28.604907"
"86.300","-244.560336","324.016914","28.604907"
"86.400","-244.561286","323.796916","28.604907"
"86.500","-244.562236","323.576918","28.604907"
"86.600","-244.563186","323.356920","28.604907"
"86.700","-244.564136","323.136922","28.604907"
"86.800","-244.565086","322.916924","28.604907"
"86.900","-244.566036","322.696926","28.604907"
"87.000","-244.566986","322.476928","28.604907"
"87.100","-244.567936","322.256930","28.604907"
"87.200","-244.568886","322.036932","28.604907"
"87.300","-244.569836","321.816934","28.604907"
"87.400","-244.570786","321.596936","28.604907"
"87.500","-244.571737","321.376938","28.604907"
"87.600","-244.572687","321.156940","28.604907"
"87.700","-244.573636","320.936942","28.604907"
"87.800","-244.574586","320.716944","28.604907"
"87.900","-244.575537","320.496946","28.604907"
"88.000","-244.576487","320.276948","28.604907"
"88.100","-244.577437","320.056950","28.604907"
"88.200","-244.578387","319.836952","28.604907"
"88.300","-244.579337","319.616955","28.604907"
"88.400","-244.580287","319.396957","28.604907"
"88.500","-244.581237","319.176959","28.604907"
"88.600","-244.582187","318.956961","28.604907"
"88.700","-244.583137","318.736963","28.604907"
"88.800","-244.584087","318.516965","28.604907"
"88.900","-244.585037","318.296967","28.604907"
"89.000","-244.585987","318.076969","28.604907"
"89.100","-244.586937","317.856971","28.604907"
"89.200","-244.587887","317.636973","28.604907"
"89.300","-244.588837","317.416975","28.604907"
"89.400","-244.589787","317.196977","28.604907"
"89.500","-244.590737","316.976979","28.604907"
"89.600","-244.591687","316.756981","28.604907"
"89.700","-244.592638","316.536983","28.604907"
"89.800","-244.593588","316.316985","28.604907"
"89.900","-244.594537","316.096987","28.604907"
"90.000","-244.595487","315.876989","28.604907"
"90.100","-244.596438","315.656991","28.604907"
"90.200","-244.597388","315.436994","28.604907"
"90.300","-244.598338","315.216996","28.604907"
"90.400","-244.599288","314.996998","28.604907"
"90.500","-244.600238","314.777000","28.604907"
"90.600","-244.601188","314.557002","28.604907"
"90.700","-244.602138","314.337004","28.604907"
"90.800","-244.603088","314.117006","28.604907"
"90.900","-244.604038","313.897008","28.604907"
"91.000","-244.604988","313.677010","28.604907"
"91.100","-244.605938","313.457012","28.604907"
"91.200","-244.606888","313.237014","28.604907"
"91.300","-244.607838","313.017016","28.604907"
"91.400","-244.608788","312.797018","28.604907"
"91.500","-244.609738","312.577020","28.604907"
"91.600","-244.610688","312.357022","28.604907"
"91.700","-244.611638","312.137024","28.604907"
"91.800","-244.612589","311.917026","28.604907"
"91.900","-244.613539","311.697028","28.604907"
"92.000","-244.614489","311.477030","28.604907"
"92.100","-244.615439","311.257032","28.604907"
"92.200","-244.616388","311.037035","28.604907"
"92.300","-244.617339","310.817037","28.604907"
"92.400","-244.618289","310.597039","28.604907"
"92.500","-244.619239","310.377041","28.604907"
"92.600","-244.620189","310.157043","28.604907"
"92.700","-244.621139","309.937045","28.604907"
"92.800","-244.622089","309.717047","28.604907"
"92.900","-244.623039","309.497049","28.604907"
"93.000","-244.623989","309.277051","28.604907"
"93.100","-244.624939","309.057053","28.604907"
"93.200","-244.625889","308.837055","28.604907"
"93.300","-244.626839","308.617057","28.604907"
"93.400","-244.627789","308.397059","28.604907"
"93.500","-244.628740","308.177061","28.604907"
"93.600","-244.629689","307.957063","28.604907"
"93.700","-244.630639","307.737065","28.604907"
"93.800","-244.631590","307.517067","28.604907"
"93.900","-244.632539","307.297069","28.604907"
"94.000","-244.633490","307.077071","28.604907"
"94.100","-244.634439","306.857074","28.604907"
"94.200","-244.635390","306.637076","28.604907"
"94.300","-244.636340","306.417078","28.604907"
"94.400","-244.637289","306.197080","28.604907"
"94.500","-244.638240","305.977082","28.604907"
"94.600","-244.639190","305.757084","28.604907"
"94.700","-244.640140","305.537086","28.604907"
"94.800","-244.641090","305.317088","28.604907"
"94.900","-244.642040","305.097090","28.604907"
"95.000","-244.642990","304.877092","28.604907"
"95.100","-244.643940","304.657094","28.604907"
"95.200","-244.644890","304.437096","28.604907"
"95.300","-244.645840","304.217098","28.604907"
"95.400","-244.646790","303.997100","28.604907"
"95.500","-244.647740","303.777102","28.604907"
"95.600","-244.648690","303.557104","28.604907"
"95.700","-244.649641","303.337106","28.604907"
"95.800","-244.650590","303.117108","28.604907"
"95.900","-244.651540","302.897110","28.604907"
"96.000","-244.652491","302.677112","28.604907"
"96.100","-244.653440","302.457115","28.604907"
"96.200","-244.654391","302.237117","28.604907"
"96.300","-244.655341","302.017119","28.604907"
"96.400","-244.656291","301.797121","28.604907"
"96.500","-244.657241","301.577123","28.604907"
"96.600","-244.658191","301.357125","28.604907"
"96.700","-244.659141","301.137127","28.604907"
"96.800","-244.660091","300.917129","28.604907"
"96.900","-244.661041","300.697131","28.604907"
"97.000","-244.661991","300.477133","28.604907"
"97.100","-244.662925","300.257135","28.604907"
"97.200","-244.663820","300.037137","28.604907"
"97.300","-244.664698","299.817139","28.604907"
"97.400","-244.665530","299.597140","28.604907"
"97.500","-244.666359","299.377142","28.604907"
"97.600","-244.667176","299.157143","28.604907"
"97.700","-244.665608","298.937244","28.604907"
"97.800","-244.646554","298.718070","28.604907"
"97.900","-244.627514","298.498897","28.604907"
"98.000","-244.639430","298.279220","28.604907"
"98.100","-244.651345","298.059543","28.604907"
"98.200","-244.660630","297.839741","28.604907"
"98.300","-244.669527","297.619921","28.604907"
"98.400","-244.676880","297.400046","28.604907"
"98.500","-244.683537","297.180147","28.604907"
"98.600","-244.676905","296.960874","28.604907"
"98.700","-244.649606","296.742574","28.604907"
"98.800","-244.627127","296.524297","28.604907"
"98.900","-244.656465","296.306262","28.604907"
"99.000","-244.685802","296.088227","28.604907"
"99.100","-244.688404","295.868685","28.604907"
"99.200","-244.683748","295.648734","28.604907"
"99.300","-244.678768","295.428791","28.604907"
"99.400","-244.673436","295.208855","28.604907"
"99.500","-244.667901","294.988926","28.604907"
"99.600","-244.661018","294.769033","28.604907"
"99.700","-244.654134","294.549141","28.604907"
"99.800","-244.666975","294.329766","28.604907"
"99.900","-244.685378","294.110537","28.604907"
"100.000","-244.689692","293.891333","28.604907"
"100.100","-244.670533","293.672169","28.604907"
"100.200","-244.651372","293.453004","28.604907"
"100.300","-244.655588","293.233109","28.604907"
"100.400","-244.661010","293.013176","28.604907"
"100.500","-244.678322","292.794171","28.604907"
"100.600","-244.707096","292.576061","28.604907"
"100.700","-244.735686","292.357941","28.604907"
"100.800","-244.728863","292.138047","28.604907"
"100.900","-244.722041","291.918153","28.604907"
"101.000","-244.715037","291.698265","28.604907"
"101.100","-244.707896","291.478380","28.604907"
"101.200","-244.698251","291.258698","28.604907"
"101.300","-244.670152","291.040500","28.604907"
"101.400","-244.642052","290.822302","28.604907"
"101.500","-244.610190","290.604635","28.604907"
"101.600","-244.576776","290.387187","28.604907"
"101.700","-244.541421","290.170062","28.604907"
"101.800","-244.502585","289.953517","28.604907"
"101.900","-244.463748","289.736972","28.604907"
"102.000","-244.422268","289.520919","28.604907"
"102.100","-244.380715","289.304879","28.604907"
"102.200","-244.338923","289.088885","28.604907"
"102.300","-244.296959","288.872924","28.604907"
"102.400","-244.254840","288.656994","28.604907"
"102.500","-244.212050","288.441195","28.604907"
"102.600","-244.169260","288.225397","28.604907"
"102.700","-244.123162","288.010286","28.604907"
"102.800","-244.076399","287.795313","28.604907"
"102.900","-244.027144","287.580915","28.604907"
"103.000","-243.975090","287.367162","28.604907"
"103.100","-243.923027","287.153411","28.604907"
"103.200","-243.870840","286.939690","28.604907"
"103.300","-243.818654","286.725970","28.604907"
"103.400","-243.764955","286.512627","28.604907"
"103.500","-243.710301","286.299524","28.604907"
"103.600","-243.654358","286.086772","28.604907"
"103.700","-243.593488","285.875360","28.604907"
"103.800","-243.532619","285.663949","28.604907"
"103.900","-243.467128","285.453935","28.604907"
"104.000","-243.400600","285.244235","28.604907"
"104.100","-243.334243","285.034481","28.604907"
"104.200","-243.268143","284.824646","28.604907"
"104.300","-243.202044","284.614810","28.604907"
"104.400","-243.130135","284.406895","28.604907"
"104.500","-243.058179","284.198995","28.604907"
"104.600","-242.977640","283.994390","28.604907"
"104.700","-242.892003","283.791742","28.604907"
"104.800","-242.811163","283.587310","28.604907"
"104.900","-242.743588","283.377945","28.604907"
"105.000","-242.676013","283.168580","28.604907"
"105.100","-242.597428","282.963149","28.604907"
"105.200","-242.517047","282.758359","28.604907"
"105.300","-242.433598","282.554830","28.604907"
"105.400","-242.346711","282.352715","28.604907"
"105.500","-242.258461","282.151291","28.604907"
"105.600","-242.146651","281.961822","28.604907"
"105.700","-242.034841","281.772353","28.604907"
"105.800","-241.917698","281.586193","28.604907"
"105.900","-241.797565","281.401889","28.604907"
"106.000","-241.690101","281.212160","28.604907"
"106.100","-241.639647","280.998024","28.604907"
"106.200","-241.589193","280.783888","28.604907"
"106.300","-241.504193","280.582371","28.604907"
"106.400","-241.404736","280.386136","28.604907"
"106.500","-241.303759","280.190697","28.604907"
"106.600","-241.199069","279.997203","28.604907"
"106.700","-241.094378","279.803709","28.604907"
"106.800","-240.986749","279.611837","28.604907"
"106.900","-240.878772","279.420158","28.604907"
"107.000","-240.769982","279.228941","28.604907"
"107.100","-240.660585","279.038068","28.604907"
"107.200","-240.550863","278.847384","28.604907"
"107.300","-240.440082","278.657311","28.604907"
"107.400","-240.329303","278.467238","28.604907"
"107.500","-240.218958","278.276911","28.604907"
"107.600","-240.108644","278.086568","28.604907"
"107.700","-239.998046","277.896389","28.604907"
"107.800","-239.887325","277.706282","28.604907"
"107.900","-239.775788","277.516655","28.604907"
"108.000","-239.662930","277.327808","28.604907"
"108.100","-239.550164","277.138908","28.604907"
"108.200","-239.439540","276.948744","28.604907"
"108.300","-239.328915","276.758581","28.604907"
"108.400","-239.213134","276.571551","28.604907"
"108.500","-239.095245","276.385804","28.604907"
"108.600","-238.975594","276.201205","28.604907"
"108.700","-238.853189","276.018402","28.604907"
"108.800","-238.730878","275.835536","28.604907"
"108.900","-238.609878","275.651800","28.604907"
"109.000","-238.488878","275.468063","28.604907"
"109.100","-238.367729","275.284426","28.604907"
"109.200","-238.246504","275.100837","28.604907"
"109.300","-238.124657","274.917665","28.604907"
"109.400","-238.001648","274.735268","28.604907"
"109.500","-237.878300","274.553104","28.604907"
"109.600","-237.751785","274.373120","28.604907"
"109.700","-237.625272","274.193136","28.604907"
"109.800","-237.496666","274.014645","28.604907"
"109.900","-237.367573","273.836502","28.604907"
"110.000","-237.239248","273.657807","28.604907"
"110.100","-237.111696","273.478557","28.604907"
"110.200","-236.983857","273.299513","28.604907"
"110.300","-236.854605","273.121486","28.604907"
"110.400","-236.725351","272.943459","28.604907"
"110.500","-236.593972","272.766999","28.604907"
"110.600","-236.462251","272.590789","28.604907"
"110.700","-236.328146","272.416407","28.604907"
"110.800","-236.192379","272.243296","28.604907"
"110.900","-236.056028","272.070650","28.604907"
"111.000","-235.917849","271.899458","28.604907"
"111.100","-235.779671","271.728266","28.604907"
"111.200","-235.642779","271.556044","28.604907"
"111.300","-235.506065","271.383680","28.604907"
"111.400","-235.366976","271.213254","28.604907"
"111.500","-235.225586","271.044705","28.604907"
"111.600","-235.083732","270.876552","28.604907"
"111.700","-234.939268","270.710629","28.604907"
"111.800","-234.794805","270.544707","28.604907"
"111.900","-234.647982","270.380877","28.604907"
"112.000","-234.500480","270.217649","28.604907"
"112.100","-234.351857","270.055454","28.604907"
"112.200","-234.201369","269.894976","28.604907"
"112.300","-234.050882","269.734497","28.604907"
"112.400","-233.896872","269.577396","28.604907"
"112.500","-233.742781","269.420375","28.604907"
"112.600","-233.588274","269.263763","28.604907"
"112.700","-233.433502","269.107412","28.604907"
"112.800","-233.277623","268.952186","28.604907"
"112.900","-233.118697","268.800059","28.604907"
"113.000","-232.959771","268.647933","28.604907"
"113.100","-232.800313","268.496364","28.604907"
"113.200","-232.640834","268.344817","28.604907"
"113.300","-232.480524","268.194152","28.604907"
"113.400","-232.319828","268.043896","28.604907"
"113.500","-232.159220","267.893547","28.604907"
"113.600","-231.998734","267.743067","28.604907"
"113.700","-231.837998","267.592856","28.604907"
"113.800","-231.675634","267.444404","28.604907"
"113.900","-231.513270","267.295953","28.604907"
"114.000","-231.351079","267.147311","28.604907"
"114.100","-231.188920","266.998637","28.604907"
"114.200","-231.023900","266.853194","28.604907"
"114.300","-230.856566","266.710368","28.604907"
"114.400","-230.689130","266.567661","28.604907"
"114.500","-230.521332","266.425381","28.604907"
"114.600","-230.353532","266.283102","28.604907"
"114.700","-230.183527","266.143470","28.604907"
"114.800","-230.013356","266.004035","28.604907"
"114.900","-229.842224","265.865789","28.604907"
"115.000","-229.670340","265.728473","28.604907"
"115.100","-229.498721","265.590826","28.604907"
"115.200","-229.327787","265.452329","28.604907"
"115.300","-229.156634","265.314112","28.604907"
"115.400","-228.980884","265.181778","28.604907"
"115.500","-228.805135","265.049445","28.604907"
"115.600","-228.630180","264.916064","28.604907"
"115.700","-228.455397","264.782457","28.604907"
"115.800","-228.281988","264.647084","28.604907"
"115.900","-228.109475","264.510558","28.604907"
"116.000","-227.936638","264.374444","28.604907"
"116.100","-227.763240","264.239044","28.604907"
"116.200","-227.589546","264.104027","28.604907"
"116.300","-227.414589","263.970648","28.604907"
"116.400","-227.239632","263.837269","28.604907"
"116.500","-227.063796","263.705050","28.604907"
"116.600","-226.887936","263.572864","28.604907"
"116.700","-226.711484","263.441472","28.604907"
"116.800","-226.534722","263.310494","28.604907"
"116.900","-226.357416","263.180259","28.604907"
"117.000","-226.179149","263.051337","28.604907"
"117.100","-226.000824","262.922498","28.604907"
"117.200","-225.818850","262.798864","28.604907"
"117.300","-225.636876","262.675229","28.604907"
"117.400","-225.455120","262.551274","28.604907"
"117.500","-225.273463","262.427174","28.604907"
"117.600","-225.090115","262.305641","28.604907"
"117.700","-224.904414","262.187680","28.604907"
"117.800","-224.718782","262.069608","28.604907"
"117.900","-224.533911","261.950349","28.604907"
"118.000","-224.349041","261.831088","28.604907"
"118.100","-224.165803","261.709344","28.604907"
"118.200","-223.982959","261.587001","28.604907"
"118.300","-223.797997","261.467939","28.604907"
"118.400","-223.611152","261.351797","28.604907"
"118.500","-223.424096","261.235998","28.604907"
"118.600","-223.236600","261.120909","28.604907"
"118.700","-223.049094","261.005837","28.604907"
"118.800","-222.861479","260.890943","28.604907"
"118.900","-222.673865","260.776048","28.604907"
"119.000","-222.487040","260.659876","28.604907"
"119.100","-222.300398","260.543408","28.604907"
"119.200","-222.112969","260.428216","28.604907"
"119.300","-221.925109","260.313724","28.604907"
"119.400","-221.737480","260.198854","28.604907"
"119.500","-221.550077","260.083614","28.604907"
"119.600","-221.363272","259.967418","28.604907"
"119.700","-221.177484","259.849592","28.604907"
"119.800","-220.991967","259.731343","28.604907"
"119.900","-220.807254","259.611840","28.604907"
"120.000","-220.622535","259.492346","28.604907"
"120.100","-220.437762","259.372935","28.604907"
"120.200","-220.252988","259.253525","28.604907"
"120.300","-220.069829","259.131655","28.604907"
"120.400","-219.886731","259.009691","28.604907"
"120.500","-219.700927","258.891920","28.604907"
"120.600","-219.514376","258.775306","28.604907"
"120.700","-219.328455","258.657696","28.604907"
"120.800","-219.142987","258.539368","28.604907"
"120.900","-218.957058","258.421770","28.604907"
"121.000","-218.770452","258.305244","28.604907"
"121.100","-218.583956","258.188543","28.604907"
"121.200","-218.397862","258.071201","28.604907"
"121.300","-218.211903","257.953648","28.604907"
"121.400","-218.026965","257.834492","28.604907"
"121.500","-217.842033","257.715329","28.604907"
"121.600","-217.658244","257.594409","28.604907"
"121.700","-217.474466","257.473473","28.604907"
"121.800","-217.292461","257.349883","28.604907"
"121.900","-217.110453","257.226300","28.604907"
"122.000","-216.928370","257.102825","28.604907"
"122.100","-216.746457","256.979113","28.604907"
"122.200","-216.570330","256.847283","28.604907"
"122.300","-216.394252","256.715388","28.604907"
"122.400","-216.220906","256.579922","28.604907"
"122.500","-216.047519","256.444508","28.604907"
"122.600","-215.871313","256.312784","28.604907"
"122.700","-215.695118","256.181044","28.604907"
"122.800","-215.519664","256.048319","28.604907"
"122.900","-215.344210","255.915594","28.604907"
"123.000","-215.170716","255.780321","28.604907"
"123.100","-214.997372","255.644851","28.604907"
"123.200","-214.824667","255.508570","28.604907"
"123.300","-214.652125","255.372081","28.604907"
"123.400","-214.479645","255.235514","28.604907"
"123.500","-214.307189","255.098916","28.604907"
"123.600","-214.134262","254.962916","28.604907"
"123.700","-213.961110","254.827201","28.604907"
"123.800","-213.788960","254.690223","28.604907"
"123.900","-213.617263","254.552672","28.604907"
"124.000","-213.447187","254.413132","28.604907"
"124.100","-213.277765","254.272789","28.604907"
"124.200","-213.113472","254.126555","28.604907"
"124.300","-212.951161","253.978045","28.604907"
"124.400","-212.790110","253.828173","28.604907"
"124.500","-212.629337","253.678000","28.604907"
"124.600","-212.467064","253.529450","28.604907"
"124.700","-212.304605","253.381103","28.604907"
"124.800","-212.147739","253.226862","28.604907"
"124.900","-211.991114","253.072367","28.604907"
"125.000","-211.833812","252.918562","28.604907"
"125.100","-211.676489","252.764778","28.604907"
"125.200","-211.521726","252.608419","28.604907"
"125.300","-211.367038","252.451985","28.604907"
"125.400","-211.215024","252.292951","28.604907"
"125.500","-211.063024","252.133905","28.604907"
"125.600","-210.912058","251.973876","28.604907"
"125.700","-210.761139","251.813804","28.604210"
"125.800","-210.610466","251.653505","28.602890"
"125.900","-210.459820","251.493191","28.600643"
"126.000","-210.310127","251.331995","28.597897"
"126.100","-210.160610","251.170635","28.595081"
"126.200","-210.010748","251.009597","28.592258"
"126.300","-209.860750","250.848676","28.590098"
"126.400","-209.710394","250.688083","28.588350"
"126.500","-209.559853","250.527658","28.587759"
"126.600","-209.408997","250.367526","28.587759"
"126.700","-209.257963","250.207560","28.587759"
"126.800","-209.110171","250.044636","28.587666"
"126.900","-208.964589","249.879695","28.587259"
"127.000","-208.821338","249.712746","28.586361"
"127.100","-208.679629","249.544478","28.584329"
"127.200","-208.537624","249.376469","28.581653"
"127.300","-208.395400","249.208644","28.578972"
"127.400","-208.255587","249.038823","28.576336"
"127.500","-208.117329","248.867715","28.573730"
"127.600","-207.977279","248.698083","28.571090"
"127.700","-207.835956","248.529499","28.568426"
"127.800","-207.696651","248.359262","28.565800"
"127.900","-207.559332","248.187399","28.563212"
"128.000","-207.422593","248.015077","28.560636"
"128.100","-207.286645","247.842127","28.558073"
"128.200","-207.150395","247.669416","28.555504"
"128.300","-207.013329","247.497352","28.552920"
"128.400","-206.876214","247.325325","28.550381"
"128.500","-206.738882","247.153469","28.548117"
"128.600","-206.601458","246.981679","28.546487"
"128.700","-206.462237","246.811335","28.546777"
"128.800","-206.323034","246.641014","28.543188"
"128.900","-206.185910","246.469038","28.538672"
"129.000","-206.049050","246.296824","28.535298"
"129.100","-205.912050","246.124702","28.533212"
"129.200","-205.775001","245.952607","28.533062"
"129.300","-205.637215","245.781104","28.532384"
"129.400","-205.499063","245.609926","28.529211"
"129.500","-205.361953","245.437945","28.524499"
"129.600","-205.225428","245.265471","28.520998"
"129.700","-205.090926","245.091397","28.519698"
"129.800","-204.957859","244.916202","28.519630"
"129.900","-204.826687","244.739600","28.519209"
"130.000","-204.697200","244.561775","28.516365"
"130.100","-204.568137","244.383669","28.511788"
"130.200","-204.439498","244.205237","28.508192"
"130.300","-204.310400","244.027110","28.507137"
"130.400","-204.180764","243.849362","28.507784"
"130.500","-204.051166","243.671592","28.507227"
"130.600","-203.921629","243.493801","28.504193"
"130.700","-203.793116","243.315305","28.499602"
"130.800","-203.666373","243.135523","28.496130"
"130.900","-203.540636","242.955007","28.495514"
"131.000","-203.416721","242.773227","28.496499"
"131.100","-203.293571","242.590936","28.496172"
"131.200","-203.171535","242.407916","28.493012"
"131.300","-203.052400","242.223049","28.488750"
"131.400","-202.936376","242.036158","28.485957"
"131.500","-202.822605","241.847877","28.485750"
"131.600","-202.710669","241.658486","28.486793"
"131.700","-202.600135","241.468277","28.487832"
"131.800","-202.490519","241.277532","28.488765"
"131.900","-202.382923","241.085649","28.489111"
"132.000","-202.276627","240.893033","28.488731"
"132.100","-202.171161","240.699964","28.487959"
"132.200","-202.066219","240.506622","28.485728"
"132.300","-201.959783","240.314107","28.483084"
"132.400","-201.852258","240.122180","28.482564"
"132.500","-201.748493","239.928230","28.483902"
"132.600","-201.647647","239.732713","28.485652"
"132.700","-201.546728","239.537233","28.487401"
"132.800","-201.445734","239.341792","28.489148"
"132.900","-201.346296","239.145563","28.490246"
"133.000","-201.249129","238.948196","28.488984"
"133.100","-201.151456","238.751099","28.485472"
"133.200","-201.052997","238.554387","28.482400"
"133.300","-200.954154","238.357850","28.481521"
"133.400","-200.854597","238.161671","28.482901"
"133.500","-200.756714","237.964673","28.484734"
"133.600","-200.662495","237.765879","28.486671"
"133.700","-200.568865","237.566810","28.488625"
"133.800","-200.476753","237.367031","28.490621"
"133.900","-200.384923","237.167123","28.492439"
"134.000","-200.293966","236.966809","28.493353"
"134.100","-200.203858","236.766117","28.493149"
"134.200","-200.116627","236.564152","28.493536"
"134.300","-200.029136","236.362316","28.496151"
"134.400","-199.940258","236.161100","28.499727"
"134.500","-199.851417","235.959852","28.502093"
"134.600","-199.762860","235.758464","28.501761"
"134.700","-199.674272","235.557095","28.500083"
"134.800","-199.585526","235.355795","28.498564"
"134.900","-199.497849","235.154034","28.497906"
"135.000","-199.413964","234.950658","28.498570"
"135.100","-199.333124","234.746110","28.500866"
"135.200","-199.257974","234.539358","28.503273"
"135.300","-199.184484","234.332015","28.505361"
"135.400","-199.112953","234.123973","28.506752"
"135.500","-199.045393","233.914640","28.508423"
"135.600","-198.980600","233.704424","28.511649"
"135.700","-198.914444","233.494639","28.515266"
"135.800","-198.847738","233.285010","28.517501"
"135.900","-198.782228","233.074993","28.517290"
"136.000","-198.716976","232.864895","28.516207"
"136.100","-198.655766","232.653585","28.515813"
"136.200","-198.594954","232.442173","28.518294"
"136.300","-198.539761","232.229243","28.522089"
"136.400","-198.485018","232.016203","28.526080"
"136.500","-198.433313","231.802403","28.530084"
"136.600","-198.382356","231.588421","28.533723"
"136.700","-198.333311","231.373969","28.535775"
"136.800","-198.284396","231.159477","28.536289"
"136.900","-198.235662","230.944943","28.536311"
"137.000","-198.189998","230.729753","28.536390"
"137.100","-198.146879","230.514030","28.538049"
"137.200","-198.105282","230.298025","28.541263"
"137.300","-198.064421","230.081888","28.545168"
"137.400","-198.025284","229.865437","28.549224"
"137.500","-197.986588","229.648894","28.552646"
"137.600","-197.950864","229.431825","28.554609"
"137.700","-197.915391","229.214704","28.554318"
"137.800","-197.880696","228.997457","28.554099"
"137.900","-197.847993","228.779915","28.554568"
"138.000","-197.817962","228.561988","28.556797"
"138.100","-197.793371","228.343426","28.560594"
"138.200","-197.770852","228.124620","28.564695"
"138.300","-197.757098","227.905111","28.568809"
"138.400","-197.744435","227.685514","28.572926"
"138.500","-197.736483","227.465698","28.577047"
"138.600","-197.728649","227.245876","28.581168"
"138.700","-197.715110","227.026327","28.585026"
"138.800","-197.701537","226.806761","28.587583"
"138.900","-197.684764","226.587405","28.587759"
"139.000","-197.667748","226.368064","28.587759"
"139.100","-197.650745","226.148722","28.587759"
"139.200","-197.633746","225.929390","28.589466"
"139.300","-197.616713","225.710077","28.592848"
"139.400","-197.599647","225.490778","28.596918"
"139.500","-197.582579","225.271480","28.601029"
"139.600","-197.565507","225.052170","28.604145"
"139.700","-197.548433","224.832835","28.604753"
"139.800","-197.531359","224.613499","28.604907"
"139.900","-197.514284","224.394162","28.604907"
"140.000","-197.497210","224.174826","28.604907"
"140.100","-197.480135","223.955489","28.604907"
"140.200","-197.463061","223.736153","28.604907"
"140.300","-197.445987","223.516817","28.604907"
"140.400","-197.428912","223.297480","28.604907"
"140.500","-197.411838","223.078144","28.604907"
"140.600","-197.394763","222.858807","28.604907"
"140.700","-197.377689","222.639471","28.604907"
"140.800","-197.360614","222.420134","28.604907"
"140.900","-197.343540","222.200798","28.604907"
"141.000","-197.326465","221.981462","28.604907"
"141.100","-197.309391","221.762125","28.604907"
"141.200","-197.292317","221.542789","28.604907"
"141.300","-197.275242","221.323452","28.604907"
"141.400","-197.258168","221.104116","28.604907"
"141.500","-197.241094","220.884780","28.604907"
"141.600","-197.224019","220.665443","28.604907"
"141.700","-197.206945","220.446107","28.604907"
"141.800","-197.189870","220.226770","28.604907"
"141.900","-197.172796","220.007434","28.604907"
"142.000","-197.155722","219.788097","28.604907"
"142.100","-197.138647","219.568761","28.604907"
"142.200","-197.121573","219.349425","28.604907"
"142.300","-197.104498","219.130088","28.604907"
"142.400","-197.087424","218.910752","28.604907"
"142.500","-197.070350","218.691415","28.604907"
"142.600","-197.053276","218.472079","28.604907"
"142.700","-197.036201","218.252743","28.604907"
"142.800","-197.019127","218.033406","28.604907"
"142.900","-197.002052","217.814070","28.604907"
"143.000","-196.984978","217.594733","28.604907"
"143.100","-196.967903","217.375397","28.604907"
"143.200","-196.950829","217.156060","28.604907"
"143.300","-196.933754","216.936724","28.604907"
"143.400","-196.916680","216.717388","28.604907"
"143.500","-196.899606","216.498051","28.604907"
"143.600","-196.882531","216.278715","28.604907"
"143.700","-196.865456","216.059378","28.604907"
"143.800","-196.848383","215.840042","28.604907"
"143.900","-196.831308","215.620706","28.604907"
"144.000","-196.814234","215.401369","28.604907"
"144.100","-196.797159","215.182033","28.604907"
"144.200","-196.780085","214.962696","28.604907"
"144.300","-196.763011","214.743360","28.604907"
"144.400","-196.745936","214.524023","28.604907"
"144.500","-196.728861","214.304687","28.604907"
"144.600","-196.711787","214.085351","28.604907"
"144.700","-196.694713","213.866014","28.604907"
"144.800","-196.677638","213.646678","28.604907"
"144.900","-196.660564","213.427341","28.604907"
"145.000","-196.643490","213.208005","28.604907"
"145.100","-196.626415","212.988668","28.604907"
"145.200","-196.609341","212.769332","28.604907"
"145.300","-196.592267","212.549996","28.604907"
"145.400","-196.575192","212.330659","28.604907"
"145.500","-196.558118","212.111323","28.604513"
"145.600","-196.541044","211.891994","28.602767"
"145.700","-196.523971","211.672683","28.599448"
"145.800","-196.506900","211.453386","28.595283"
"145.900","-196.489827","211.234064","28.593233"
"146.000","-196.472752","211.014729","28.592480"
"146.100","-196.455678","210.795393","28.592069"
"146.200","-196.438604","210.576058","28.591328"
"146.300","-196.421530","210.356731","28.589496"
"146.400","-196.404457","210.137403","28.587916"
"146.500","-196.387382","209.918067","28.587786"
"146.600","-196.370308","209.698730","28.587707"
"146.700","-196.353234","209.479394","28.587493"
"146.800","-196.336159","209.260058","28.587193"
"146.900","-196.319084","209.040722","28.587091"
"147.000","-196.302010","208.821385","28.586989"
"147.100","-196.284936","208.602049","28.586887"
"147.200","-196.267861","208.382712","28.586785"
"147.300","-196.250787","208.163376","28.586683"
"147.400","-196.233712","207.944040","28.586581"
"147.500","-196.216638","207.724705","28.585838"
"147.600","-196.199565","207.505386","28.583177"
"147.700","-196.182494","207.286087","28.579195"
"147.800","-196.165423","207.066789","28.575037"
"147.900","-196.148350","206.847477","28.571876"
"148.000","-196.131276","206.628147","28.570644"
"148.100","-196.114202","206.408811","28.570542"
"148.200","-196.097128","206.189476","28.570028"
"148.300","-196.080053","205.970143","28.568702"
"148.400","-196.062979","205.750813","28.567251"
"148.500","-196.045905","205.531477","28.566815"
"148.600","-196.028830","205.312141","28.566472"
"148.700","-196.011756","205.092804","28.566135"
"148.800","-195.994682","204.873468","28.565797"
"148.900","-195.977607","204.654132","28.565458"
"149.000","-195.960533","204.434796","28.565121"
"149.100","-195.943459","204.215460","28.564783"
"149.200","-195.926384","203.996124","28.564446"
"149.300","-195.909310","203.776787","28.564108"
"149.400","-195.892236","203.557451","28.563770"
"149.500","-195.875161","203.338115","28.563432"
"149.600","-195.858087","203.118779","28.563094"
"149.700","-195.841012","202.899443","28.562756"
"149.800","-195.823938","202.680107","28.562418"
"149.900","-195.806863","202.460770","28.562080"
"150.000","-195.789789","202.241434","28.561743"
"150.100","-195.772715","202.022098","28.561405"
"150.200","-195.755641","201.802762","28.561066"
"150.300","-195.738566","201.583426","28.560819"
"150.400","-195.721492","201.364090","28.561100"
"150.500","-195.704418","201.144759","28.562542"
"150.600","-195.687346","200.925455","28.566315"
"150.700","-195.670274","200.706151","28.570089"
"150.800","-195.653202","200.486840","28.573485"
"150.900","-195.636128","200.267517","28.575872"
"151.000","-195.619054","200.048186","28.577319"
"151.100","-195.601982","199.828877","28.580648"
"151.200","-195.584910","199.609578","28.584670"
"151.300","-195.567839","199.390279","28.588725"
"151.400","-195.550768","199.170979","28.592779"
"151.500","-195.533696","198.951680","28.596833"
"151.600","-195.516625","198.732381","28.600888"
"151.700","-195.499553","198.513082","28.604943"
"151.800","-195.482481","198.293783","28.608998"
"151.900","-195.465410","198.074484","28.613053"
"152.000","-195.448339","197.855184","28.617070"
"152.100","-195.431266","197.635877","28.620644"
"152.200","-195.414192","197.416549","28.622433"
"152.300","-195.397118","197.197213","28.622526"
"152.400","-195.380044","196.977876","28.622229"
"152.500","-195.362969","196.758541","28.622783"
"152.600","-195.345896","196.539220","28.625389"
"152.700","-195.328824","196.319918","28.629254"
"152.800","-195.311753","196.100620","28.633351"
"152.900","-195.294681","195.881309","28.636652"
"153.000","-195.277607","195.661982","28.638637"
"153.100","-195.260533","195.442648","28.639207"
"153.200","-195.243459","195.223311","28.639207"
"153.300","-195.226384","195.003975","28.639207"
"153.400","-195.209310","194.784639","28.639207"
"153.500","-195.192235","194.565302","28.639207"
"153.600","-195.175161","194.345966","28.639207"
"153.700","-195.158086","194.126629","28.639207"
"153.800","-195.141012","193.907293","28.639207"
"153.900","-195.123938","193.687957","28.639154"
"154.000","-195.106864","193.468621","28.638674"
"154.100","-195.089790","193.249290","28.637091"
"154.200","-195.072717","193.029984","28.633444"
"154.300","-195.055643","192.810649","28.632958"
"154.400","-195.038569","192.591313","28.632620"
"154.500","-195.021494","192.371977","28.632282"
"154.600","-195.004420","192.152644","28.631176"
"154.700","-194.987348","191.933336","28.627843"
"154.800","-194.970276","191.714028","28.624301"
"154.900","-194.953202","191.494703","28.622501"
"155.000","-194.936128","191.275367","28.622087"
"155.100","-194.919054","191.056031","28.621860"
"155.200","-194.901980","190.836698","28.620800"
"155.300","-194.884907","190.617381","28.618074"
"155.400","-194.867835","190.398084","28.613894"
"155.500","-194.850764","190.178787","28.609740"
"155.600","-194.833691","189.959474","28.606625"
"155.700","-194.816617","189.740143","28.605117"
"155.800","-194.799543","189.520806","28.604911"
"155.900","-194.782469","189.301470","28.604907"
"156.000","-194.765394","189.082134","28.604902"
"156.100","-194.748320","188.862797","28.604892"
"156.200","-194.731245","188.643461","28.604883"
"156.300","-194.714171","188.424124","28.604873"
"156.400","-194.697097","188.204788","28.604863"
"156.500","-194.680022","187.985452","28.604853"
"156.600","-194.662948","187.766115","28.605004"
"156.700","-194.645874","187.546779","28.605489"
"156.800","-194.628799","187.327445","28.606423"
"156.900","-194.611725","187.108111","28.606973"
"157.000","-194.594651","186.888774","28.606787"
"157.100","-194.577576","186.669439","28.607165"
"157.200","-194.560502","186.450112","28.609031"
"157.300","-194.543431","186.230805","28.612566"
"157.400","-194.526359","186.011506","28.616677"
"157.500","-194.509287","185.792205","28.620556"
"157.600","-194.492213","185.572873","28.621808"
"157.700","-194.475139","185.353537","28.621469"
"157.800","-194.458065","185.134200","28.621211"
"157.900","-194.440990","184.914864","28.621592"
"158.000","-194.423917","184.695550","28.624505"
"158.100","-194.406846","184.476247","28.628345"
"158.200","-194.389774","184.256948","28.632416"
"158.300","-194.372703","184.037650","28.636527"
"158.400","-194.355631","183.818352","28.640638"
"158.500","-194.338560","183.599054","28.644748"
"158.600","-194.321488","183.379747","28.648366"
"158.700","-194.304414","183.160426","28.650789"
"158.800","-194.287341","182.941093","28.651778"
"158.900","-194.270266","182.721756","28.651713"
"159.000","-194.253192","182.502421","28.651733"
"159.100","-194.236118","182.283088","28.653048"
"159.200","-194.219044","182.063760","28.654936"
"159.300","-194.201970","181.844429","28.656355"
"159.400","-194.184895","181.625092","28.656355"
"159.500","-194.167821","181.405756","28.656355"
"159.600","-194.150747","181.186419","28.656355"
"159.700","-194.133672","180.967083","28.656355"
"159.800","-194.116598","180.747746","28.656355"
"159.900","-194.099524","180.528410","28.656355"
"160.000","-194.082449","180.309074","28.656355"
"160.100","-194.065375","180.089737","28.656355"
"160.200","-194.048301","179.870401","28.656355"
"160.300","-194.031226","179.651064","28.656355"
"160.400","-194.014152","179.431728","28.656355"
"160.500","-193.997077","179.212392","28.656355"
"160.600","-193.980003","178.993055","28.656355"
"160.700","-193.962928","178.773719","28.656355"
"160.800","-193.945854","178.554382","28.656355"
"160.900","-193.928779","178.335046","28.656355"
"161.000","-193.911705","178.115709","28.656355"
"161.100","-193.894631","177.896373","28.656355"
"161.200","-193.877556","177.677037","28.656355"
"161.300","-193.860481","177.457700","28.656355"
"161.400","-193.843408","177.238364","28.656355"
"161.500","-193.826333","177.019027","28.656355"
"161.600","-193.809259","176.799691","28.656355"
"161.700","-193.792184","176.580354","28.656355"
"161.800","-193.775110","176.361018","28.656355"
"161.900","-193.758036","176.141682","28.656355"
"162.000","-193.740961","175.922345","28.656355"
"162.100","-193.723887","175.703009","28.656355"
"162.200","-193.706812","175.483672","28.656355"
"162.300","-193.689738","175.264336","28.656355"
"162.400","-193.672663","175.045000","28.656355"
"162.500","-193.655589","174.825663","28.656355"
"162.600","-193.638515","174.606327","28.656355"
"162.700","-193.621440","174.386990","28.656355"
"162.800","-193.604366","174.167654","28.656355"
"162.900","-193.587292","173.948317","28.656355"
"163.000","-193.570217","173.728981","28.656355"
"163.100","-193.553143","173.509645","28.656355"
"163.200","-193.536068","173.290308","28.656355"
"163.300","-193.518994","173.070972","28.656355"
"163.400","-193.501920","172.851635","28.656355"
"163.500","-193.484845","172.632299","28.656355"
"163.600","-193.467770","172.412963","28.656355"
"163.700","-193.450696","172.193626","28.656355"
"163.800","-193.433622","171.974290","28.656355"
"163.900","-193.416548","171.754953","28.656355"
"164.000","-193.399473","171.535617","28.656609"
"164.100","-193.382399","171.316289","28.658097"
"164.200","-193.365326","171.096970","28.660742"
"164.300","-193.348253","170.877637","28.661880"
"164.400","-193.331178","170.658301","28.662434"
"164.500","-193.314103","170.438965","28.662772"
"164.600","-193.297029","170.219629","28.663110"
"164.700","-193.279955","170.000293","28.663448"
"164.800","-193.262880","169.780956","28.663786"
"164.900","-193.245806","169.561620","28.664124"
"165.000","-193.228731","169.342284","28.664462"
"165.100","-193.211658","169.122948","28.664800"
"165.200","-193.194583","168.903612","28.665138"
"165.300","-193.177508","168.684276","28.665476"
"165.400","-193.160434","168.464939","28.665814"
"165.500","-193.143360","168.245603","28.666152"
"165.600","-193.126285","168.026267","28.666490"
"165.700","-193.109211","167.806931","28.666828"
"165.800","-193.092137","167.587595","28.667166"
"165.900","-193.075062","167.368259","28.667504"
"166.000","-193.057988","167.148922","28.667842"
"166.100","-193.040914","166.929586","28.668179"
"166.200","-193.023839","166.710250","28.668517"
"166.300","-193.006764","166.490914","28.668856"
"166.400","-192.989690","166.271578","28.669193"
"166.500","-192.972616","166.052242","28.669531"
"166.600","-192.955542","165.832905","28.669869"
"166.700","-192.938467","165.613570","28.670428"
"166.800","-192.921393","165.394245","28.672603"
"166.900","-192.904322","165.174943","28.676433"
"167.000","-192.887251","164.955654","28.680990"
"167.100","-192.870181","164.736375","28.686028"
"167.200","-192.853112","164.517107","28.691511"
"167.300","-192.836043","164.297829","28.696563"
"167.400","-192.818971","164.078540","28.701116"
"167.500","-192.801901","163.859250","28.705618"
"167.600","-192.784830","163.639956","28.709961"
"167.700","-192.767759","163.420666","28.714471"
"167.800","-192.750689","163.201384","28.719396"
"167.900","-192.733620","162.982112","28.724735"
"168.000","-192.716550","162.762847","28.730339"
"168.100","-192.699482","162.543576","28.735693"
"168.200","-192.682411","162.324297","28.740734"
"168.300","-192.665341","162.105015","28.745645"
"168.400","-192.648269","161.885706","28.749066"
"168.500","-192.631195","161.666376","28.750694"
"168.600","-192.614121","161.447042","28.751712"
"168.700","-192.597047","161.227711","28.753197"
"168.800","-192.579974","161.008397","28.756225"
"168.900","-192.562910","160.789190","28.763277"
"169.000","-192.545850","160.570046","28.772483"
"169.100","-192.528791","160.350902","28.781711"
"169.200","-192.511695","160.131762","28.790941"
"169.300","-192.494550","159.912625","28.800174"
"169.400","-192.477368","159.693492","28.809409"
"169.500","-192.460137","159.474362","28.818647"
"169.600","-192.442941","159.255230","28.827882"
"169.700","-192.425793","159.036094","28.837115"
"169.800","-192.412051","158.816774","28.846164"
"169.900","-192.406564","158.597011","28.854767"
"170.000","-192.400610","158.377293","28.863958"
"170.100","-192.391337","158.157895","28.877326"
"170.200","-192.382073","157.938708","28.893787"
"170.300","-192.366724","157.719937","28.911033"
"170.400","-192.350394","157.501257","28.928691"
"170.500","-192.332981","157.283239","28.952243"
"170.600","-192.314466","157.065710","28.979409"
"170.700","-192.295958","156.848263","29.007227"
"170.800","-192.271238","156.631202","29.033059"
"170.900","-192.245618","156.414356","29.059912"
"171.000","-192.218690","156.197782","29.087504"
"171.100","-192.185031","155.982057","29.114511"
"171.200","-192.151340","155.766130","29.139816"
"171.300","-192.113089","155.551132","29.166007"
"171.400","-192.069391","155.337417","29.194565"
"171.500","-192.025808","155.124266","29.227219"
"171.600","-191.977092","154.912443","29.260739"
"171.700","-191.922002","154.701835","29.292486"
"171.800","-191.866752","154.490618","29.319407"
"171.900","-191.807639","154.279720","29.339627"
"172.000","-191.743830","154.070097","29.359293"
"172.100","-191.680126","153.860815","29.382434"
"172.200","-191.604235","153.656796","29.410920"
"172.300","-191.513865","153.458355","29.440152"
"172.400","-191.423430","153.259773","29.468156"
"172.500","-191.327134","153.063605","29.493270"
"172.600","-191.228751","152.868256","29.516922"
"172.700","-191.129630","152.673220","29.539976"
"172.800","-191.025655","152.480833","29.563979"
"172.900","-190.921752","152.288579","29.589323"
"173.000","-190.826599","152.092082","29.614984"
"173.100","-190.738517","151.892141","29.640771"
"173.200","-190.650245","151.692295","29.666644"
"173.300","-190.561345","151.492793","29.693015"
"173.400","-190.472560","151.293547","29.721619"
"173.500","-190.380602","151.096100","29.752561"
"173.600","-190.288375","150.898588","29.782271"
"173.700","-190.191755","150.703329","29.812691"
"173.800","-190.092998","150.509506","29.845547"
"173.900","-189.993958","150.315829","29.878402"
"174.000","-189.891681","150.123844","29.911277"
"174.100","-189.789404","149.931857","29.944152"
"174.200","-189.684949","149.741071","29.977031"
"174.300","-189.577500","149.551932","30.009916"
"174.400","-189.470052","149.362794","30.042801"
"174.500","-189.355573","149.177921","30.075845"
"174.600","-189.238530","148.994639","30.109141"
"174.700","-189.120607","148.811974","30.142587"
"174.800","-188.995935","148.634026","30.177103"
"174.900","-188.871147","148.455910","30.210304"
"175.000","-188.743124","148.279671","30.240887"
"175.100","-188.612202","148.105361","30.270470"
"175.200","-188.481436","147.931258","30.301890"
"175.300","-188.350268","147.757920","30.335777"
"175.400","-188.219137","147.584773","30.370774"
"175.500","-188.087343","147.412053","30.405370"
"175.600","-187.954280","147.240209","30.439482"
"175.700","-187.821054","147.068154","30.471855"
"175.800","-187.682594","146.900216","30.503733"
"175.900","-187.543038","146.733160","30.535613"
"176.000","-187.402005","146.567395","30.567615"
"176.100","-187.258289","146.404285","30.601377"
"176.200","-187.114632","146.241241","30.635723"
"176.300","-186.968042","146.080873","30.670229"
"176.400","-186.820982","145.920936","30.704774"
"176.500","-186.672793","145.762061","30.739326"
"176.600","-186.522258","145.605394","30.773890"
"176.700","-186.371677","145.448677","30.808021"
"176.800","-186.220792","145.291831","30.840155"
"176.900","-186.069864","145.134991","30.872119"
"177.000","-185.917651","144.979868","30.906092"
"177.100","-185.761481","144.829271","30.942577"
"177.200","-185.605366","144.678726","30.979508"
"177.300","-185.444395","144.533127","31.015219"
"177.400","-185.281987","144.388921","31.050267"
"177.500","-185.118740","144.245546","31.084765"
"177.600","-184.953263","144.104725","31.119211"
"177.700","-184.787800","143.963915","31.153772"
"177.800","-184.622353","143.823461","31.189819"
"177.900","-184.457065","143.683268","31.227572"
"178.000","-184.290912","143.545040","31.268456"
"178.100","-184.120606","143.412021","31.309710"
"178.200","-183.950201","143.278926","31.350301"
"178.300","-183.779198","143.146585","31.390843"
"178.400","-183.608021","143.014476","31.431409"
"178.500","-183.436182","142.883984","31.474257"
"178.600","-183.262417","142.756860","31.519472"
"178.700","-183.088780","142.629827","31.565436"
"178.800","-182.912508","142.505939","31.609883"
"178.900","-182.735427","142.382378","31.652009"
"179.000","-182.557403","142.260684","31.695523"
"179.100","-182.378469","142.141131","31.741212"
"179.200","-182.200005","142.021863","31.789436"
"179.300","-182.022474","141.901555","31.838515"
"179.400","-181.844804","141.781151","31.886842"
"179.500","-181.666481","141.660738","31.932683"
"179.600","-181.488035","141.540571","31.978691"
"179.700","-181.308775","141.422253","32.026120"
"179.800","-181.125533","141.310983","32.075527"
"179.900","-180.942754","141.199996","32.127236"
"180.000","-180.758946","141.091303","32.180145"
"180.100","-180.574522","140.982618","32.230869"
"180.200","-180.390014","140.873469","32.280296"
"180.300","-180.205827","140.763627","32.329385"
"180.400","-180.021263","140.653560","32.376503"
"180.500","-179.837023","140.542343","32.422174"
"180.600","-179.653072","140.430648","32.467852"
"180.700","-179.468150","140.320745","32.513458"
"180.800","-179.272666","140.230367","32.558376"
"180.900","-179.077976","140.140356","32.607260"
"181.000","-178.881590","140.055224","32.657825"
"181.100","-178.683266","139.975140","32.709346"
"181.200","-178.484963","139.895064","32.760956"
"181.300","-178.284853","139.818826","32.811338"
"181.400","-178.083874","139.743473","32.859601"
"181.500","-177.882725","139.668196","32.907268"
"181.600","-177.680196","139.596488","32.954595"
"181.700","-177.477723","139.524799","33.002186"
"181.800","-177.273825","139.458084","33.050754"
"181.900","-177.069178","139.394387","33.100364"
"182.000","-176.863875","139.333455","33.150645"
"182.100","-176.657597","139.275778","33.200873"
"182.200","-176.453016","139.213153","33.251697"
"182.300","-176.250936","139.142977","33.303069"
"182.400","-176.050918","139.067371","33.354114"
"182.500","-175.855283","138.980448","33.404822"
"182.600","-175.660207","138.892858","33.456461"
"182.700","-175.468609","138.798027","33.508396"
"182.800","-175.277013","138.703197","33.560342"
"182.900","-175.081961","138.615573","33.612041"
"183.000","-174.886699","138.528385","33.663724"
"183.100","-174.685391","138.456739","33.714603"
"183.200","-174.480757","138.393641","33.765036"
"183.300","-174.275967","138.331032","33.815434"
"183.400","-174.070434","138.270767","33.865676"
"183.500","-173.864902","138.210500","33.915918"
"183.600","-173.658723","138.152556","33.966205"
"183.700","-173.452083","138.096194","34.016438"
"183.800","-173.245378","138.039819","34.066387"
"183.900","-173.038358","137.984458","34.116164"
"184.000","-172.831522","137.929147","34.166738"
"184.100","-172.625095","137.876034","34.221178"
"184.200","-172.418825","137.824069","34.277319"
"184.300","-172.212111","137.773867","34.333335"
"184.400","-172.003597","137.728768","34.387074"
"184.500","-171.794750","137.683596","34.439440"
"184.600","-171.585807","137.638480","34.491474"
"184.700","-171.376862","137.593376","34.543507"
"184.800","-171.167893","137.548371","34.595533"
"184.900","-170.959155","137.503539","34.648620"
"185.000","-170.750584","137.459236","34.702778"
"185.100","-170.541593","137.418653","34.758239"
"185.200","-170.332600","137.378068","34.813691"
"185.300","-170.122777","137.340718","34.868259"
"185.400","-169.912579","137.303764","34.921651"
"185.500","-169.702206","137.266045","34.973799"
"185.600","-169.491778","137.227842","35.025381"
"185.700","-169.281656","137.188169","35.077062"
"185.800","-169.072101","137.145779","35.128923"
"185.900","-168.862423","137.103975","35.180746"
"186.000","-168.652080","137.065349","35.232358"
"186.100","-168.441740","137.026724","35.283983"
"186.200","-168.231291","136.988695","35.335608"
"186.300","-168.020825","136.950695","35.387184"
"186.400","-167.810687","136.911003","35.438812"
"186.500","-167.600672","136.870741","35.490509"
"186.600","-167.390047","136.833641","35.542010"
"186.700","-167.179401","136.799212","35.595302"
"186.800","-166.968682","136.767545","35.649978"
"186.900","-166.757687","136.737701","35.704663"
"187.000","-166.548414","136.699081","35.759956"
"187.100","-166.340334","136.654354","35.815655"
"187.200","-166.135269","136.598964","35.871835"
"187.300","-165.933243","136.532817","35.928492"
"187.400","-165.730541","136.468769","35.985072"
"187.500","-165.526669","136.408362","36.041528"
"187.600","-165.322204","136.350040","36.097894"
"187.700","-165.115796","136.298531","36.153954"
"187.800","-164.909273","136.247462","36.209959"
"187.900","-164.700860","136.203961","36.265379"
"188.000","-164.492819","136.160537","36.322241"
"188.100","-164.285000","136.117147","36.379930"
"188.200","-164.077358","136.073788","36.438279"
"188.300","-163.869598","136.030951","36.496590"
"188.400","-163.661424","135.989199","36.554209"
"188.500","-163.452951","135.947413","36.610713"
"188.600","-163.243981","135.905834","36.665509"
"188.700","-163.035011","135.864255","36.720307"
"188.800","-162.826091","135.823015","36.775551"
"188.900","-162.617343","135.781884","36.831515"
"189.000","-162.409562","135.739413","36.889996"
"189.100","-162.201643","135.694641","36.946243"
"189.200","-161.993344","135.649788","37.001010"
"189.300","-161.782772","135.615909","37.054867"
"189.400","-161.572009","135.583002","37.108683"
"189.500","-161.359835","135.561384","37.161978"
"189.600","-161.146851","135.546244","37.214973"
"189.700","-160.933547","135.536276","37.267657"
"189.800","-160.719929","135.531399","37.320035"
"189.900","-160.506946","135.519639","37.372781"
"190.000","-160.295529","135.490917","37.426427"
"190.100","-160.085019","135.457619","37.480195"
"190.200","-159.878050","135.406297","37.534321"
"190.300","-159.671118","135.354541","37.588174"
"190.400","-159.464510","135.301523","37.642045"
"190.500","-159.257754","135.249082","37.695909"
"190.600","-159.050761","135.197567","37.749761"
"190.700","-158.843634","135.146530","37.803550"
"190.800","-158.636213","135.096503","37.857158"
"190.900","-158.428710","135.046588","37.910549"
"191.000","-158.220777","134.997902","37.963402"
"191.100","-158.012476","134.949129","38.014701"
"191.200","-157.803333","134.902737","38.064746"
"191.300","-157.593902","134.857233","38.114422"
"191.400","-157.384435","134.811897","38.164104"
"191.500","-157.174904","134.766852","38.213780"
"191.600","-156.965372","134.721808","38.263454"
"191.700","-156.752328","134.697679","38.312721"
"191.800","-156.539236","134.673677","38.361870"
"191.900","-156.325932","134.649875","38.410191"
"192.000","-156.112263","134.626166","38.456903"
"192.100","-155.898302","134.602579","38.502336"
"192.200","-155.684267","134.579603","38.547737"
"192.300","-155.470344","134.556639","38.593667"
"192.400","-155.256514","134.534138","38.640252"
"192.500","-155.042700","134.511867","38.687025"
"192.600","-154.828321","134.492370","38.732221"
"192.700","-154.613336","134.479435","38.777101"
"192.800","-154.398351","134.466501","38.821979"
"192.900","-154.182908","134.466793","38.866357"
"193.000","-153.967428","134.468182","38.910705"
"193.100","-153.751947","134.469815","38.955034"
"193.200","-153.536465","134.471646","38.999352"
"193.300","-153.320987","134.473914","39.043662"
"193.400","-153.105519","134.478285","39.087869"
"193.500","-152.890044","134.482655","39.132044"
"193.600","-152.674557","134.486406","39.176218"
"193.700","-152.459070","134.490069","39.220397"
"193.800","-152.243605","134.494549","39.264606"
"193.900","-152.028149","134.499403","39.308826"
"194.000","-151.812681","134.503756","39.353033"
"194.100","-151.597065","134.507605","39.396555"
"194.200","-151.381133","134.511839","39.438441"
"194.300","-151.164950","134.516856","39.478932"
"194.400","-150.948754","134.521882","39.519357"
"194.500","-150.732559","134.526946","39.559778"
"194.600","-150.516363","134.532008","39.600200"
"194.700","-150.300168","134.537057","39.640623"
"194.800","-150.084010","134.542105","39.681247"
"194.900","-149.868021","134.543123","39.723034"
"195.000","-149.652425","134.543788","39.766822"
"195.100","-149.436943","134.544444","39.811170"
"195.200","-149.221473","134.545098","39.855583"
"195.300","-149.006005","134.546416","39.899983"
"195.400","-148.790537","134.548111","39.944377"
"195.500","-148.575069","134.549783","39.988770"
"195.600","-148.359601","134.551431","40.033162"
"195.700","-148.144132","134.553077","40.077554"
"195.800","-147.928664","134.554718","40.121947"
"195.900","-147.713203","134.556807","40.166331"
"196.000","-147.497819","134.563835","40.210608"
"196.100","-147.282433","134.570862","40.254871"
"196.200","-147.067508","134.577827","40.301329"
"196.300","-146.852869","134.584778","40.349096"
"196.400","-146.638249","134.585854","40.397315"
"196.500","-146.423617","134.584911","40.445611"
"196.600","-146.208636","134.583964","40.492301"
"196.700","-145.993312","134.583014","40.537409"
"196.800","-145.777882","134.582070","40.582007"
"196.900","-145.562420","134.581132","40.626453"
"197.000","-145.346958","134.580197","40.670896"
"197.100","-145.131495","134.579267","40.715332"
"197.200","-144.916032","134.578336","40.759772"
"197.300","-144.700570","134.577406","40.804214"
"197.400","-144.485107","134.576476","40.848656"
"197.500","-144.269645","134.575545","40.893098"
"197.600","-144.054182","134.574615","40.937540"
"197.700","-143.838720","134.573684","40.981983"
"197.800","-143.623123","134.572753","41.025764"
"197.900","-143.407292","134.571821","41.068372"
"198.000","-143.191189","134.570887","41.109582"
"198.100","-142.974960","134.569954","41.150129"
"198.200","-142.758798","134.569021","41.191033"
"198.300","-142.542852","134.568088","41.233051"
"198.400","-142.327209","134.567157","41.276603"
"198.500","-142.111747","134.566226","41.321048"
"198.600","-141.896286","134.565296","41.365496"
"198.700","-141.680820","134.564365","41.409922"
"198.800","-141.465149","134.563434","41.453340"
"198.900","-141.249225","134.562502","41.495480"
"199.000","-141.033109","134.561568","41.536624"
"199.100","-140.816936","134.560635","41.577469"
"199.200","-140.601119","134.559702","41.620139"
"199.300","-140.385254","134.558770","41.662574"
"199.400","-140.169166","134.557837","41.703863"
"199.500","-139.952973","134.556903","41.744604"
"199.600","-139.736744","134.555970","41.785149"
"199.700","-139.520514","134.555036","41.825693"
"199.800","-139.304285","134.554102","41.866243"
"199.900","-139.088055","134.553169","41.906785"
"200.000","-138.871826","134.552234","41.947332"
"200.100","-138.655597","134.551301","41.987881"
"200.200","-138.439366","134.550367","42.028420"
"200.300","-138.223138","134.549433","42.068972"
"200.400","-138.006909","134.548500","42.109519"
"200.500","-137.790679","134.547566","42.150061"
"200.600","-137.574449","134.546632","42.190604"
"200.700","-137.358220","134.545698","42.231152"
"200.800","-137.141991","134.544764","42.271698"
"200.900","-136.925625","134.543830","42.311502"
"201.000","-136.708998","134.542894","42.349860"
"201.100","-136.492209","134.541959","42.387297"
"201.200","-136.275406","134.541023","42.424656"
"201.300","-136.058777","134.540087","42.463003"
"201.400","-135.842548","134.539153","42.503549"
"201.500","-135.626318","134.538219","42.544090"
"201.600","-135.410088","134.537285","42.584635"
"201.700","-135.193859","134.536351","42.625183"
"201.800","-134.977629","134.535418","42.665724"
"201.900","-134.761400","134.534484","42.706275"
"202.000","-134.545171","134.533550","42.746820"
"202.100","-134.328941","134.532617","42.787364"
"202.200","-134.112712","134.531683","42.827913"
"202.300","-133.896483","134.530749","42.868463"
"202.400","-133.680254","134.529815","42.909008"
"202.500","-133.464139","134.528882","42.950145"
"202.600","-133.248351","134.527950","42.992978"
"202.700","-133.032436","134.527018","43.035166"
"202.800","-132.816323","134.526084","43.076329"
"202.900","-132.600099","134.525151","43.116904"
"203.000","-132.383918","134.524217","43.157705"
"203.100","-132.168087","134.523285","43.200312"
"203.200","-131.952481","134.522354","43.244052"
"203.300","-131.736876","134.521423","43.287795"
"203.400","-131.521039","134.520491","43.330375"
"203.500","-131.304932","134.519558","43.371560"
"203.600","-131.088702","134.518624","43.412102"
"203.700","-130.872472","134.517690","43.452644"
"203.800","-130.656243","134.516756","43.493194"
"203.900","-130.440014","134.515822","43.533743"
"204.000","-130.223785","134.514888","43.574288"
"204.100","-130.007545","134.513955","43.614777"
"204.200","-129.791102","134.513021","43.654167"
"204.300","-129.574362","134.512084","43.691887"
"204.400","-129.357450","134.511148","43.728607"
"204.500","-129.140530","134.510211","43.765276"
"204.600","-128.923711","134.509274","43.802542"
"204.700","-128.707082","134.508339","43.840891"
"204.800","-128.490442","134.507403","43.879181"
"204.900","-128.273665","134.506467","43.916683"
"205.000","-128.056826","134.505531","43.953832"
"205.100","-127.840217","134.504595","43.992268"
"205.200","-127.623988","134.503662","44.032815"
"205.300","-127.407759","134.502728","44.073361"
"205.400","-127.191506","134.501794","44.113783"
"205.500","-126.975079","134.500860","44.153258"
"205.600","-126.758349","134.499923","44.191032"
"205.700","-126.541946","134.498989","44.230642"
"205.800","-126.325676","134.498055","44.270969"
"205.900","-126.109441","134.497121","44.311487"
"206.000","-125.893211","134.496187","44.352029"
"206.100","-125.676981","134.495253","44.392574"
"206.200","-125.460752","134.494320","44.433119"
"206.300","-125.244522","134.493386","44.473665"
"206.400","-125.028293","134.492452","44.514211"
"206.500","-124.812064","134.491519","44.554758"
"206.600","-124.595826","134.490585","44.595257"
"206.700","-124.379499","134.489651","44.635271"
"206.800","-124.162858","134.488715","44.673556"
"206.900","-123.945977","134.487778","44.710456"
"207.000","-123.729046","134.486842","44.747062"
"207.100","-123.512200","134.485905","44.784175"
"207.200","-123.295551","134.484970","44.822411"
"207.300","-123.079244","134.484035","44.862531"
"207.400","-122.863015","134.483102","44.903081"
"207.500","-122.646786","134.482168","44.943629"
"207.600","-122.430557","134.481234","44.984173"
"207.700","-122.214327","134.480301","45.024720"
"207.800","-121.998098","134.479367","45.065266"
"207.900","-121.781843","134.478433","45.105672"
"208.000","-121.565442","134.477498","45.145282"
"208.100","-121.348714","134.476562","45.183072"
"208.200","-121.131783","134.475626","45.219677"
"208.300","-120.914853","134.474688","45.256287"
"208.400","-120.697923","134.473752","45.292904"
"208.500","-120.480992","134.472815","45.329509"
"208.600","-120.264062","134.471878","45.366119"
"208.700","-120.047131","134.470942","45.402731"
"208.800","-119.830235","134.470005","45.439542"
"208.900","-119.613707","134.469070","45.478431"
"209.000","-119.397421","134.468136","45.518677"
"209.100","-119.181182","134.467202","45.559170"
"209.200","-118.964881","134.466268","45.599327"
"209.300","-118.748360","134.465333","45.638278"
"209.400","-118.531560","134.464397","45.675649"
"209.500","-118.314629","134.463460","45.712255"
"209.600","-118.097724","134.462523","45.749011"
"209.700","-117.881031","134.461587","45.787006"
"209.800","-117.664599","134.460652","45.826456"
"209.900","-117.448361","134.459719","45.866955"
"210.000","-117.232131","134.458785","45.907495"
"210.100","-117.015902","134.457851","45.948043"
"210.200","-116.799840","134.456918","45.989471"
"210.300","-116.584018","134.455986","46.032124"
"210.400","-116.368399","134.455055","46.075799"
"210.500","-116.152785","134.454124","46.119496"
"210.600","-115.936908","134.453191","46.161866"
"210.700","-115.720737","134.452258","46.202718"
"210.800","-115.504508","134.451325","46.243266"
"210.900","-115.288276","134.450391","46.283798"
"211.000","-115.072007","134.449457","46.324135"
"211.100","-114.855525","134.448522","46.363305"
"211.200","-114.638754","134.447586","46.400851"
"211.300","-114.421888","134.446649","46.437841"
"211.400","-114.205222","134.445713","46.475982"
"211.500","-113.989074","134.444780","46.516934"
"211.600","-113.773335","134.443849","46.560001"
"211.700","-113.557796","134.442918","46.604067"
"211.800","-113.342107","134.441986","46.647385"
"211.900","-113.126097","134.441053","46.689081"
"212.000","-112.909899","134.440120","46.729792"
"212.100","-112.693670","134.439186","46.770339"
"212.200","-112.477440","134.438252","46.810885"
"212.300","-112.261211","134.437319","46.851429"
"212.400","-112.044981","134.436385","46.891975"
"212.500","-111.828752","134.435451","46.932519"
"212.600","-111.612521","134.434517","46.973060"
"212.700","-111.396293","134.433583","47.013610"
"212.800","-111.179742","134.432648","47.052397"
"212.900","-110.962965","134.431712","47.089899"
"213.000","-110.746218","134.430776","47.127578"
"213.100","-110.529799","134.429842","47.167077"
"213.200","-110.313739","134.428908","47.208509"
"213.300","-110.097732","134.427976","47.250217"
"213.400","-109.881564","134.427042","47.291088"
"213.500","-109.665346","134.426108","47.331694"
"213.600","-109.449116","134.425174","47.372240"
"213.700","-109.232888","134.424241","47.412793"
"213.800","-109.016658","134.423307","47.453337"
"213.900","-108.800429","134.422373","47.493884"
"214.000","-108.584200","134.421440","47.534431"
"214.100","-108.367971","134.420506","47.574976"
"214.200","-108.151741","134.419572","47.615521"
"214.300","-107.935511","134.418638","47.656067"
"214.400","-107.719395","134.417705","47.697210"
"214.500","-107.503496","134.416773","47.739470"
"214.600","-107.287821","134.415841","47.782866"
"214.700","-107.072275","134.414910","47.826901"
"214.800","-106.856545","134.413979","47.869995"
"214.900","-106.640347","134.413045","47.910712"
"215.000","-106.424124","134.412111","47.951288"
"215.100","-106.207894","134.411177","47.991835"
"215.200","-105.991665","134.410244","48.032381"
"215.300","-105.775435","134.409310","48.072926"
"215.400","-105.559207","134.408376","48.113480"
"215.500","-105.342978","134.407443","48.154023"
"215.600","-105.126748","134.406509","48.194565"
"215.700","-104.910518","134.405575","48.235109"
"215.800","-104.694288","134.404641","48.275655"
"215.900","-104.478059","134.403707","48.316202"
"216.000","-104.261688","134.402773","48.355974"
"216.100","-104.045134","134.401838","48.394748"
"216.200","-103.828612","134.400903","48.433701"
"216.300","-103.612217","134.399968","48.473353"
"216.400","-103.395966","134.399034","48.513782"
"216.500","-103.179720","134.398101","48.554239"
"216.600","-102.963187","134.397165","48.593129"
"216.700","-102.746433","134.396229","48.630771"
"216.800","-102.529499","134.395293","48.667360"
"216.900","-102.312407","134.394355","48.702996"
"217.000","-102.095145","134.393417","48.737579"
"217.100","-101.878001","134.392479","48.772893"
"217.200","-101.660997","134.391542","48.809062"
"217.300","-101.444050","134.390605","48.845575"
"217.400","-101.227119","134.389668","48.882183"
"217.500","-101.010188","134.388732","48.918791"
"217.600","-100.793258","134.387795","48.955405"
"217.700","-100.576395","134.386858","48.992400"
"217.800","-100.359782","134.385923","49.030847"
"217.900","-100.143232","134.384987","49.069641"
"218.000","-99.926431","134.384052","49.107013"
"218.100","-99.709502","134.383114","49.143630"
"218.200","-99.492641","134.382178","49.180647"
"218.300","-99.276005","134.381243","49.218956"
"218.400","-99.059595","134.380308","49.258523"
"218.500","-98.843297","134.379374","49.298702"
"218.600","-98.626740","134.378439","49.337439"
"218.700","-98.409915","134.377502","49.374667"
"218.800","-98.193002","134.376566","49.411381"
"218.900","-97.976072","134.375629","49.447991"
"219.000","-97.759152","134.374692","49.484661"
"219.100","-97.542347","134.373756","49.521997"
"219.200","-97.325884","134.372821","49.561273"
"219.300","-97.109571","134.371887","49.601370"
"219.400","-96.892960","134.370951","49.639825"
"219.500","-96.675977","134.370015","49.676119"
"219.600","-96.458784","134.369076","49.711139"
"219.700","-96.241774","134.368139","49.747267"
"219.800","-96.024827","134.367203","49.783784"
"219.900","-95.807775","134.366265","49.819661"
"220.000","-95.590540","134.365327","49.854415"
"220.100","-95.373123","134.364388","49.888006"
"220.200","-95.155591","134.363449","49.920854"
"220.300","-94.938099","134.362509","49.953958"
"220.400","-94.720786","134.361571","49.988221"
"220.500","-94.503661","134.360634","50.023655"
"220.600","-94.286654","134.359697","50.059807"
"220.700","-94.069587","134.358759","50.095584"
"220.800","-93.852024","134.357820","50.128224"
"220.900","-93.634460","134.356880","50.160860"
"221.000","-93.416896","134.355940","50.193497"
"221.100","-93.199362","134.355001","50.226328"
"221.200","-92.981910","134.354062","50.259700"
"221.300","-92.764734","134.353124","50.294810"
"221.400","-92.547733","134.352187","50.331000"
"221.500","-92.330454","134.351249","50.365440"
"221.600","-92.112716","134.350308","50.396851"
"221.700","-91.894682","134.349367","50.426173"
"221.800","-91.676555","134.348425","50.454803"
"221.900","-91.458517","134.347483","50.484089"
"222.000","-91.240721","134.346543","50.515136"
"222.100","-91.023081","134.345603","50.547257"
"222.200","-90.805515","134.344663","50.579875"
"222.300","-90.587921","134.343724","50.612308"
"222.400","-90.370070","134.342783","50.642969"
"222.500","-90.151999","134.341841","50.672021"
"222.600","-89.933877","134.340899","50.700694"
"222.700","-89.715750","134.339957","50.729326"
"222.800","-89.497623","134.339015","50.757957"
"222.900","-89.279497","134.338073","50.786588"
"223.000","-89.061370","134.337131","50.815220"
"223.100","-88.843243","134.336189","50.843851"
"223.200","-88.625116","134.335247","50.872482"
"223.300","-88.406989","134.334305","50.901113"
"223.400","-88.188862","134.333363","50.929743"
"223.500","-87.970734","134.332421","50.958373"
"223.600","-87.752607","134.331480","50.987004"
"223.700","-87.534481","134.330537","51.015635"
"223.800","-87.316354","134.329596","51.044267"
"223.900","-87.098227","134.328653","51.072898"
"224.000","-86.880100","134.327712","51.101529"
"224.100","-86.661973","134.326769","51.130160"
"224.200","-86.443846","134.325828","51.158791"
"224.300","-86.225719","134.324886","51.187423"
"224.400","-86.007558","134.323985","51.215798"
"224.500","-85.789205","134.323099","51.242620"
"224.600","-85.570814","134.322258","51.269154"
"224.700","-85.352572","134.321470","51.296899"
"224.800","-85.134417","134.320550","51.325310"
"224.900","-84.916280","134.319139","51.353843"
"225.000","-84.698032","134.317742","51.381519"
"225.100","-84.479705","134.327531","51.406766"
"225.200","-84.261270","134.337325","51.431054"
"225.300","-84.042775","134.345873","51.455273"
"225.400","-83.824268","134.354079","51.479507"
"225.500","-83.605700","134.359479","51.503857"
"225.600","-83.387086","134.362754","51.528293"
"225.700","-83.168468","134.365659","51.552737"
"225.800","-82.949788","134.367965","51.576680"
"225.900","-82.730957","134.369701","51.599239"
"226.000","-82.512001","134.370327","51.620639"
"226.100","-82.293009","134.369227","51.641455"
"226.200","-82.074089","134.363612","51.662490"
"226.300","-81.855337","134.356817","51.684727"
"226.400","-81.636970","134.344882","51.708671"
"226.500","-81.418631","134.332990","51.732896"
"226.600","-81.200127","134.321426","51.755723"
"226.700","-80.981307","134.309778","51.775269"
"226.800","-80.762410","134.296360","51.792700"
"226.900","-80.543466","134.282939","51.809541"
"227.000","-80.324847","134.266660","51.827982"
"227.100","-80.106424","134.250257","51.848520"
"227.200","-79.888417","134.229367","51.869337"
"227.300","-79.670481","134.207690","51.890169"
"227.400","-79.452953","134.181969","51.910541"
"227.500","-79.235435","134.155064","51.929559"
"227.600","-79.018261","134.124451","51.946643"
"227.700","-78.801238","134.092373","51.963132"
"227.800","-78.584749","134.056937","51.979602"
"227.900","-78.368528","134.019822","51.996060"
"228.000","-78.152856","133.979713","52.012499"
"228.100","-77.937583","133.937434","52.028921"
"228.200","-77.722863","133.892574","52.045543"
"228.300","-77.508671","133.845277","52.062421"
"228.400","-77.294542","133.797688","52.079271"
"228.500","-77.080435","133.749714","52.095264"
"228.600","-76.867061","133.698367","52.109878"
"228.700","-76.655145","133.641050","52.124251"
"228.800","-76.443678","133.582350","52.139432"
"228.900","-76.233243","133.520162","52.155236"
"229.000","-76.023179","133.456724","52.170793"
"229.100","-75.814492","133.388581","52.185140"
"229.200","-75.606033","133.319491","52.198031"
"229.300","-75.399154","133.245563","52.209688"
"229.400","-75.192467","133.171118","52.221328"
"229.500","-74.987721","133.091458","52.232866"
"229.600","-74.783015","133.011697","52.244403"
"229.700","-74.580111","132.927440","52.255835"
"229.800","-74.377206","132.843184","52.267268"
"229.900","-74.177016","132.752652","52.278464"
"230.000","-73.976921","132.661804","52.288905"
"230.100","-73.779006","132.566092","52.296905"
"230.200","-73.581463","132.469777","52.306888"
"230.300","-73.386674","132.368296","52.319159"
"230.400","-73.192484","132.265700","52.331980"
"230.500","-73.000391","132.159005","52.342423"
"230.600","-72.808771","132.051211","52.350256"
"230.700","-72.620279","131.938034","52.357361"
"230.800","-72.432715","131.823273","52.364413"
"230.900","-72.249464","131.701813","52.371305"
"231.000","-72.067486","131.578374","52.378149"
"231.100","-71.889092","131.449844","52.384860"
"231.200","-71.711661","131.319944","52.391534"
"231.300","-71.538738","131.184115","52.397605"
"231.400","-71.366675","131.047090","52.401862"
"231.500","-71.199573","130.904035","52.403213"
"231.600","-71.033227","130.760060","52.403717"
"231.700","-70.873093","130.609237","52.403916"
"231.800","-70.713638","130.457665","52.404089"
"231.900","-70.557707","130.302478","52.405235"
"232.000","-70.401958","130.147118","52.407537"
"232.100","-70.253482","129.984799","52.410083"
"232.200","-70.105178","129.822323","52.412562"
"232.300","-69.964504","129.653177","52.412484"
"232.400","-69.824112","129.483823","52.409821"
"232.500","-69.688578","129.310533","52.408783"
"232.600","-69.553705","129.136739","52.408606"
"232.700","-69.423283","128.959569","52.409550"
"232.800","-69.294942","128.780960","52.411007"
"232.900","-69.174822","128.596667","52.413637"
"233.000","-69.056889","128.411043","52.417595"
"233.100","-68.945469","128.221388","52.421655"
"233.200","-68.836411","128.030391","52.424500"
"233.300","-68.732863","127.836286","52.425364"
"233.400","-68.631400","127.641108","52.426220"
"233.500","-68.533745","127.443988","52.428594"
"233.600","-68.438377","127.245813","52.433117"
"233.700","-68.346960","127.045781","52.438590"
"233.800","-68.257802","126.844753","52.443790"
"233.900","-68.172815","126.641877","52.448083"
"234.000","-68.089597","126.438265","52.450947"
"234.100","-68.010178","126.233106","52.452453"
"234.200","-67.932423","126.027329","52.453989"
"234.300","-67.858644","125.820077","52.455800"
"234.400","-67.786391","125.612324","52.458899"
"234.500","-67.718398","125.403160","52.464107"
"234.600","-67.652017","125.193499","52.469255"
"234.700","-67.590971","124.982190","52.473877"
"234.800","-67.530885","124.770586","52.476627"
"234.900","-67.474686","124.557885","52.476627"
"235.000","-67.419507","124.344931","52.476803"
"235.100","-67.369340","124.130735","52.478297"
"235.200","-67.319875","123.916414","52.482398"
"235.300","-67.274700","123.701156","52.487211"
"235.400","-67.230048","123.485779","52.491217"
"235.500","-67.189947","123.269476","52.493364"
"235.600","-67.150246","123.053093","52.493778"
"235.700","-67.115242","122.835896","52.493883"
"235.800","-67.080528","122.618662","52.495518"
"235.900","-67.050685","122.400721","52.498857"
"236.000","-67.021072","122.182773","52.503353"
"236.100","-66.996404","121.964171","52.505554"
"236.200","-66.971957","121.745539","52.506582"
"236.300","-66.952470","121.526404","52.506966"
"236.400","-66.933206","121.307252","52.507403"
"236.500","-66.918922","121.087720","52.508765"
"236.600","-66.904821","120.868179","52.510138"
"236.700","-66.895798","120.648366","52.510928"
"236.800","-66.886890","120.428547","52.510968"
"236.900","-66.881978","120.208603","52.511595"
"237.000","-66.877109","119.988669","52.513904"
"237.100","-66.875202","119.768705","52.517362"
"237.200","-66.873311","119.548752","52.521512"
"237.300","-66.875528","119.328797","52.525336"
"237.400","-66.877746","119.108816","52.527281"
"237.500","-66.882932","118.888879","52.528060"
"237.600","-66.888165","118.668942","52.528075"
"237.700","-66.897452","118.449139","52.528075"
"237.800","-66.906836","118.229339","52.528075"
"237.900","-66.919089","118.009681","52.528075"
"238.000","-66.931379","117.790024","52.528075"
"238.100","-66.947706","117.570631","52.528077"
"238.200","-66.964066","117.351242","52.529046"
"238.300","-66.984391","117.132193","52.531090"
"238.400","-67.004714","116.913159","52.534421"
"238.500","-67.027250","116.694347","52.538122"
"238.600","-67.049787","116.475534","52.541699"
"238.700","-67.073488","116.256827","52.543874"
"238.800","-67.097492","116.038144","52.544856"
"238.900","-67.122111","115.819527","52.545169"
"239.000","-67.147216","115.600964","52.545227"
"239.100","-67.165444","115.381984","52.545227"
"239.200","-67.166941","115.161989","52.545227"
"239.300","-67.168436","114.941994","52.545227"
"239.400","-67.169760","114.721998","52.545227"
"239.500","-67.171083","114.502002","52.545227"
"239.600","-67.172237","114.282005","52.545227"
"239.700","-67.173325","114.062007","52.545227"
"239.800","-67.174355","113.842010","52.545227"
"239.900","-67.175305","113.622012","52.545227"
"240.000","-67.176255","113.402014","52.545227"
"240.100","-67.177205","113.182016","52.545227"
"240.200","-67.178156","112.962018","52.545227"
"240.300","-67.179105","112.742020","52.545227"
"240.400","-67.180056","112.522022","52.545227"
"240.500","-67.181005","112.302024","52.545227"
"240.600","-67.181955","112.082026","52.545227"
"240.700","-67.182906","111.862028","52.545227"
"240.800","-67.183855","111.642030","52.545227"
"240.900","-67.184806","111.422032","52.545227"
"241.000","-67.185756","111.202035","52.545227"
"241.100","-67.186706","110.982037","52.545227"
"241.200","-67.187656","110.762039","52.545227"
"241.300","-67.188606","110.542041","52.545227"
"241.400","-67.189556","110.322043","52.545227"
"241.500","-67.190506","110.102045","52.545227"
"241.600","-67.191456","109.882047","52.545227"
"241.700","-67.192406","109.662049","52.545227"
"241.800","-67.193356","109.442051","52.545227"
"241.900","-67.194306","109.222053","52.545227"
"242.000","-67.195256","109.002055","52.545227"
"242.100","-67.196206","108.782057","52.545227"
"242.200","-67.197156","108.562059","52.545227"
"242.300","-67.198106","108.342061","52.545227"
"242.400","-67.199057","108.122063","52.545227"
"242.500","-67.200006","107.902065","52.545227"
"242.600","-67.200957","107.682067","52.545227"
"242.700","-67.201907","107.462069","52.545227"
"242.800","-67.202856","107.242071","52.545227"
"242.900","-67.203807","107.022073","52.545227"
"243.000","-67.204757","106.802076","52.545227"
"243.100","-67.205707","106.582078","52.545227"
"243.200","-67.206657","106.362080","52.545227"
"243.300","-67.207607","106.142082","52.545227"
"243.400","-67.208557","105.922084","52.545227"
"243.500","-67.209507","105.702086","52.545227"
"243.600","-67.210457","105.482088","52.545227"
"243.700","-67.211407","105.262090","52.545227"
"243.800","-67.212357","105.042092","52.545227"
"243.900","-67.213307","104.822094","52.545227"
"244.000","-67.214257","104.602096","52.545227"
"244.100","-67.215208","104.382098","52.545227"
"244.200","-67.216157","104.162100","52.545227"
"244.300","-67.217107","103.942102","52.545227"
"244.400","-67.218057","103.722104","52.545227"
"244.500","-67.219007","103.502106","52.545227"
"244.600","-67.219958","103.282108","52.545227"
"244.700","-67.220908","103.062110","52.545227"
"244.800","-67.221858","102.842112","52.545227"
"244.900","-67.222808","102.622115","52.545227"
"245.000","-67.223757","102.402117","52.545227"
"245.100","-67.224707","102.182119","52.545227"
"245.200","-67.225658","101.962121","52.545227"
"245.300","-67.226608","101.742123","52.545227"
"245.400","-67.227558","101.522125","52.545227"
"245.500","-67.228508","101.302127","52.545227"
"245.600","-67.229458","101.082129","52.545227"
"245.700","-67.230408","100.862131","52.545227"
"245.800","-67.231358","100.642133","52.545227"
"245.900","-67.232308","100.422135","52.545227"
"246.000","-67.233258","100.202137","52.545227"
"246.100","-67.234208","99.982139","52.545227"
"246.200","-67.235158","99.762141","52.545227"
"246.300","-67.236109","99.542143","52.545227"
"246.400","-67.237058","99.322145","52.545227"
"246.500","-67.238008","99.102147","52.545227"
"246.600","-67.238958","98.882149","52.545227"
"246.700","-67.239908","98.662151","52.545227"
"246.800","-67.240858","98.442153","52.545227"
"246.900","-67.241809","98.222156","52.545227"
"247.000","-67.242759","98.002158","52.545227"
"247.100","-67.243709","97.782160","52.545227"
"247.200","-67.244659","97.562162","52.545227"
"247.300","-67.245608","97.342164","52.545227"
"247.400","-67.246559","97.122166","52.545227"
"247.500","-67.247509","96.902168","52.545227"
"247.600","-67.248459","96.682170","52.545227"
"247.700","-67.249409","96.462172","52.545227"
"247.800","-67.250359","96.242174","52.545227"
"247.900","-67.251309","96.022176","52.545227"
"248.000","-67.252259","95.802178","52.545227"
"248.100","-67.253209","95.582180","52.545227"
"248.200","-67.254159","95.362182","52.545227"
"248.300","-67.255109","95.142184","52.545227"
"248.400","-67.256059","94.922186","52.545227"
"248.500","-67.257009","94.702188","52.545227"
"248.600","-67.257960","94.482190","52.545227"
"248.700","-67.258909","94.262192","52.545227"
"248.800","-67.259859","94.042195","52.545227"
"248.900","-67.260810","93.822197","52.545227"
"249.000","-67.261759","93.602199","52.545227"
"249.100","-67.262710","93.382201","52.545227"
"249.200","-67.263660","93.162203","52.545227"
"249.300","-67.264610","92.942205","52.545227"
"249.400","-67.265560","92.722207","52.545227"
"249.500","-67.266509","92.502209","52.545227"
"249.600","-67.267460","92.282211","52.545227"
"249.700","-67.268410","92.062213","52.545227"
"249.800","-67.269360","91.842215","52.545227"
"249.900","-67.270310","91.622217","52.545227"
"250.000","-67.271260","91.402219","52.545227"
"250.100","-67.272210","91.182221","52.545227"
"250.200","-67.273160","90.962223","52.545227"
"250.300","-67.274110","90.742225","52.545227"
"250.400","-67.275060","90.522227","52.545227"
"250.500","-67.276010","90.302229","52.545227"
"250.600","-67.276961","90.082231","52.545227"
"250.700","-67.277910","89.862234","52.545227"
"250.800","-67.278861","89.642236","52.545227"
"250.900","-67.279810","89.422238","52.545227"
"251.000","-67.280760","89.202240","52.545227"
"251.100","-67.281711","88.982242","52.545227"
"251.200","-67.282660","88.762244","52.545227"
"251.300","-67.283611","88.542246","52.545227"
"251.400","-67.284561","88.322248","52.545227"
"251.500","-67.285511","88.102250","52.545227"
"251.600","-67.286461","87.882252","52.545227"
"251.700","-67.287411","87.662254","52.545227"
"251.800","-67.288361","87.442256","52.545227"
"251.900","-67.289311","87.222258","52.545227"
"252.000","-67.290261","87.002260","52.545227"
"252.100","-67.291211","86.782262","52.545227"
"252.200","-67.292161","86.562267","52.545883"
"252.300","-67.293111","86.342294","52.548794"
"252.400","-67.294061","86.122362","52.554149"
"252.500","-67.295010","85.902413","52.558647"
"252.600","-67.295961","85.682421","52.560228"
"252.700","-67.296910","85.462423","52.560228"
"252.800","-67.297861","85.242425","52.560228"
"252.900","-67.298811","85.022427","52.560228"
"253.000","-67.299761","84.802429","52.560228"
"253.100","-67.300711","84.582435","52.559058"
"253.200","-67.301660","84.362556","52.552331"
"253.300","-67.302610","84.142617","52.547663"
"253.400","-67.303560","83.922630","52.545778"
"253.500","-67.304510","83.702662","52.542582"
"253.600","-67.305460","83.482801","52.535237"
"253.700","-67.306409","83.262947","52.527544"
"253.800","-67.307359","83.042992","52.523781"
"253.900","-67.308309","82.823000","52.522185"
"254.000","-67.309259","82.603019","52.519585"
"254.100","-67.310209","82.383050","52.515984"
"254.200","-67.311159","82.163091","52.511859"
"254.300","-67.312109","81.943138","52.507451"
"254.400","-67.313058","81.723229","52.501205"
"254.500","-67.314008","81.503305","52.495513"
"254.600","-67.314958","81.283337","52.491881"
"254.700","-67.315908","81.063343","52.490693"
"254.800","-67.316858","80.843345","52.490576"
"254.900","-67.317808","80.623347","52.490576"
"255.000","-67.318758","80.403349","52.490576"
"255.100","-67.319708","80.183351","52.490576"
"255.200","-67.320658","79.963354","52.490576"
"255.300","-67.321608","79.743356","52.490576"
"255.400","-67.322558","79.523358","52.490576"
"255.500","-67.323508","79.303360","52.490576"
"255.600","-67.324458","79.083362","52.490576"
"255.700","-67.325408","78.863364","52.490576"
"255.800","-67.326359","78.643366","52.490576"
"255.900","-67.327308","78.423368","52.490576"
"256.000","-67.328259","78.203370","52.490576"
"256.100","-67.329209","77.983372","52.490576"
"256.200","-67.330158","77.763374","52.490576"
"256.300","-67.331109","77.543376","52.490576"
"256.400","-67.332059","77.323378","52.490576"
"256.500","-67.333009","77.103404","52.493684"
"256.600","-67.333959","76.883421","52.496220"
"256.700","-67.334909","76.663428","52.497596"
"256.800","-67.335859","76.443431","52.497629"
"256.900","-67.336808","76.223448","52.495403"
"257.000","-67.337759","76.003465","52.492838"
"257.100","-67.338709","75.783474","52.491308"
"257.200","-67.339659","75.563479","52.490173"
"257.300","-67.340609","75.343491","52.488213"
"257.400","-67.341559","75.123519","52.484905"
"257.500","-67.342509","74.903559","52.480780"
"257.600","-67.343458","74.683595","52.476997"
"257.700","-67.344408","74.463613","52.474305"
"257.800","-67.345359","74.243628","52.471931"
"257.900","-67.346308","74.023659","52.468518"
"258.000","-67.347258","73.803764","52.461799"
"258.100","-67.348208","73.583835","52.456283"
"258.200","-67.349158","73.363852","52.453793"
"258.300","-67.350108","73.143862","52.451922"
"258.400","-67.351057","72.923887","52.448831"
"258.500","-67.352008","72.703924","52.444882"
"258.600","-67.352957","72.483960","52.441047"
"258.700","-67.353908","72.263979","52.438470"
"258.800","-67.354858","72.043985","52.437282"
"258.900","-67.355808","71.823987","52.436967"
"259.000","-67.356758","71.603989","52.436901"
"259.100","-67.357707","71.384017","52.434696"
"259.200","-67.358657","71.164102","52.428729"
"259.300","-67.359607","70.944209","52.422025"
"259.400","-67.360557","70.724256","52.417954"
"259.500","-67.361507","70.504261","52.416824"
"259.600","-67.362457","70.284280","52.414198"
"259.700","-67.363407","70.064314","52.410438"
"259.800","-67.364357","69.844324","52.408567"
"259.900","-67.365306","69.624327","52.408067"
"260.000","-67.366257","69.404329","52.408031"
"260.100","-67.367207","69.184331","52.408031"
"260.200","-67.368157","68.964333","52.408031"
"260.300","-67.369107","68.744335","52.408031"
"260.400","-67.370057","68.524337","52.408031"
"260.500","-67.371007","68.304339","52.408031"
"260.600","-67.371957","68.084341","52.408031"
"260.700","-67.372907","67.864343","52.408031"
"260.800","-67.373857","67.644345","52.408031"
"260.900","-67.374807","67.424347","52.408031"
"261.000","-67.375757","67.204349","52.408031"
"261.100","-67.376707","66.984351","52.408031"
"261.200","-67.377658","66.764354","52.408031"
"261.300","-67.378607","66.544356","52.408031"
"261.400","-67.379557","66.324358","52.408031"
"261.500","-67.380508","66.104360","52.408031"
"261.600","-67.381457","65.884362","52.408031"
"261.700","-67.382408","65.664364","52.408031"
"261.800","-67.383358","65.444366","52.408031"
"261.900","-67.384308","65.224368","52.408031"
"262.000","-67.385258","65.004370","52.408031"
"262.100","-67.386207","64.784372","52.408031"
"262.200","-67.387158","64.564374","52.408031"
"262.300","-67.388108","64.344376","52.408031"
"262.400","-67.389058","64.124378","52.408031"
"262.500","-67.390008","63.904380","52.408031"
"262.600","-67.390958","63.684382","52.408031"
"262.700","-67.391908","63.464384","52.408031"
"262.800","-67.392858","63.244386","52.408031"
"262.900","-67.393808","63.024388","52.408031"
"263.000","-67.394758","62.804390","52.408031"
"263.100","-67.395708","62.584393","52.408031"
"263.200","-67.396659","62.364395","52.408031"
"263.300","-67.397608","62.144397","52.408031"
"263.400","-67.398559","61.924399","52.408031"
"263.500","-67.399508","61.704401","52.408031"
"263.600","-67.400458","61.484403","52.408031"
"263.700","-67.401409","61.264405","52.408031"
"263.800","-67.402358","61.044407","52.408031"
"263.900","-67.403309","60.824409","52.408031"
"264.000","-67.404259","60.604411","52.408031"
"264.100","-67.405209","60.384413","52.408031"
"264.200","-67.406159","60.164415","52.408031"
"264.300","-67.407109","59.944417","52.408031"
"264.400","-67.408059","59.724419","52.408031"
"264.500","-67.409009","59.504421","52.408031"
"264.600","-67.409959","59.284423","52.408031"
"264.700","-67.410909","59.064425","52.408031"
"264.800","-67.411859","58.844427","52.408031"
"264.900","-67.412810","58.624429","52.408031"
"265.000","-67.413759","58.404431","52.408031"
"265.100","-67.414709","58.184434","52.408031"
"265.200","-67.415659","57.964436","52.408031"
"265.300","-67.416609","57.744438","52.408031"
"265.400","-67.417560","57.524440","52.408031"
"265.500","-67.418509","57.304442","52.408031"
"265.600","-67.419460","57.084444","52.408031"
"265.700","-67.420410","56.864446","52.408031"
"265.800","-67.421359","56.644448","52.408031"
"265.900","-67.422309","56.424450","52.408031"
"266.000","-67.423260","56.204452","52.408031"
"266.100","-67.424210","55.984454","52.408031"
"266.200","-67.425160","55.764456","52.408031"
"266.300","-67.426110","55.544458","52.408031"
"266.400","-67.427060","55.324460","52.408031"
"266.500","-67.428010","55.104462","52.408031"
"266.600","-67.428960","54.884464","52.408031"
"266.700","-67.429910","54.664466","52.408031"
"266.800","-67.430860","54.444468","52.408031"
"266.900","-67.431810","54.224470","52.408031"
"267.000","-67.432760","54.004473","52.408031"
"267.100","-67.433711","53.784475","52.408031"
"267.200","-67.434660","53.564477","52.408031"
"267.300","-67.435610","53.344479","52.408031"
"267.400","-67.436560","53.124481","52.408031"
"267.500","-67.437510","52.904483","52.408031"
"267.600","-67.438460","52.684485","52.408031"
"267.700","-67.439411","52.464487","52.408031"
"267.800","-67.440361","52.244489","52.408031"
"267.900","-67.441311","52.024491","52.408031"
"268.000","-67.442260","51.804493","52.408031"
"268.100","-67.443210","51.584495","52.408031"
"268.200","-67.444161","51.364497","52.408031"
"268.300","-67.445111","51.144499","52.408031"
"268.400","-67.446061","50.924501","52.408031"
"268.500","-67.447011","50.704503","52.408031"
"268.600","-67.447961","50.484505","52.408031"
"268.700","-67.448911","50.264507","52.408031"
"268.800","-67.449861","50.044509","52.408031"
"268.900","-67.450811","49.824511","52.408031"
"269.000","-67.451761","49.604514","52.408031"
"269.100","-67.452711","49.384516","52.408031"
"269.200","-67.453661","49.164518","52.408031"
"269.300","-67.454611","48.944520","52.408031"
"269.400","-67.455562","48.724522","52.408031"
"269.500","-67.456511","48.504524","52.408031"
"269.600","-67.457461","48.284526","52.408031"
"269.700","-67.458411","48.064528","52.408031"
"269.800","-67.459361","47.844530","52.408031"
"269.900","-67.460312","47.624532","52.408031"
"270.000","-67.461262","47.404534","52.408031"
"270.100","-67.462212","47.184536","52.408031"
"270.200","-67.463162","46.964538","52.408031"
"270.300","-67.464111","46.744540","52.408031"
"270.400","-67.465062","46.524542","52.408031"
"270.500","-67.466012","46.304544","52.408031"
"270.600","-67.466962","46.084546","52.408031"
"270.700","-67.467912","45.864548","52.408031"
"270.800","-67.468862","45.644550","52.408031"
"270.900","-67.469812","45.424553","52.408031"
"271.000","-67.470762","45.204555","52.408031"
"271.100","-67.471712","44.984557","52.408031"
"271.200","-67.472662","44.764559","52.408031"
"271.300","-67.473612","44.544561","52.408031"
"271.400","-67.474562","44.324563","52.408031"
"271.500","-67.475512","44.104565","52.408031"
"271.600","-67.476463","43.884567","52.408031"
"271.700","-67.477412","43.664569","52.408031"
"271.800","-67.478362","43.444571","52.408031"
"271.900","-67.479313","43.224573","52.408031"
"272.000","-67.480262","43.004575","52.408031"
"272.100","-67.481213","42.784577","52.408031"
"272.200","-67.482163","42.564579","52.408031"
"272.300","-67.483113","42.344581","52.408031"
"272.400","-67.484063","42.124583","52.408031"
"272.500","-67.485012","41.904585","52.408031"
"272.600","-67.485963","41.684587","52.408031"
"272.700","-67.486913","41.464589","52.408031"
"272.800","-67.487863","41.244592","52.408031"
"272.900","-67.488813","41.024594","52.408031"
"273.000","-67.489763","40.804596","52.408031"
"273.100","-67.490713","40.584598","52.408031"
"273.200","-67.491663","40.364600","52.408031"
"273.300","-67.492613","40.144602","52.408031"
"273.400","-67.493563","39.924604","52.408031"
"273.500","-67.494513","39.704606","52.408031"
"273.600","-67.495464","39.484608","52.408031"
"273.700","-67.496413","39.264610","52.408031"
"273.800","-67.497364","39.044612","52.408031"
"273.900","-67.498314","38.824614","52.408031"
"274.000","-67.499263","38.604616","52.408031"
"274.100","-67.500214","38.384618","52.408031"
"274.200","-67.501163","38.164620","52.408031"
"274.300","-67.502114","37.944622","52.408031"
"274.400","-67.503064","37.724624","52.408031"
"274.500","-67.504014","37.504626","52.408031"
"274.600","-67.504964","37.284628","52.408031"
"274.700","-67.505914","37.064630","52.408031"
"274.800","-67.506864","36.844633","52.408031"
"274.900","-67.507814","36.624635","52.408031"
"275.000","-67.508764","36.404637","52.408031"
"275.100","-67.509714","36.184639","52.408031"
"275.200","-67.510664","35.964641","52.407842"
"275.300","-67.511615","35.744646","52.406771"
"275.400","-67.512564","35.524662","52.404340"
"275.500","-67.513514","35.304699","52.400478"
"275.600","-67.514464","35.084795","52.394037"
"275.700","-67.515413","34.864898","52.387379"
"275.800","-67.516363","34.644979","52.381485"
"275.900","-67.517313","34.425040","52.376431"
"276.000","-67.518263","34.205121","52.370543"
"276.100","-67.519212","33.985288","52.362146"
"276.200","-67.520161","33.765535","52.351795"
"276.300","-67.521109","33.545860","52.339893"
"276.400","-67.522058","33.326282","52.326340"
"276.500","-67.523005","33.106858","52.310526"
"276.600","-67.523952","32.887618","52.292318"
"276.700","-67.524898","32.668506","52.272596"
"276.800","-67.525845","32.449443","52.252329"
"276.900","-67.526790","32.230374","52.232142"
"277.000","-67.527736","32.011225","52.212842"
"277.100","-67.528684","31.791925","52.195335"
"277.200","-67.529631","31.572614","52.177999"
"277.300","-67.530576","31.353729","52.155890"
"277.400","-67.531520","31.135105","52.131345"
"277.500","-67.532465","30.916487","52.106748"
"277.600","-67.533408","30.697868","52.082152"
"277.700","-67.534352","30.479249","52.057555"
"277.800","-67.535297","30.260631","52.032958"
"277.900","-67.536241","30.042012","52.008362"
"278.000","-67.537185","29.823393","51.983766"
"278.100","-67.538129","29.604775","51.959171"
"278.200","-67.539073","29.386156","51.934576"
"278.300","-67.540017","29.167537","51.909980"
"278.400","-67.540961","28.948886","51.885676"
"278.500","-67.541906","28.730099","51.862645"
