time_s,ue_id,x,y,z,active
0.000,ue1,-344.122,318.529,32.648,true
1.000,ue1,-343.088,318.467,32.832,true
2.000,ue1,-342.155,318.411,33.235,true
3.000,ue1,-341.244,318.356,33.586,true
4.000,ue1,-340.309,318.301,33.916,true
5.000,ue1,-339.058,318.226,34.071,true
6.000,ue1,-338.917,317.271,34.073,true
7.000,ue1,-339.084,315.915,34.073,true
8.000,ue1,-339.240,314.644,34.074,true
9.000,ue1,-339.401,313.340,34.074,true
10.000,ue1,-339.548,312.150,34.074,true
11.000,ue1,-339.695,310.950,34.074,true
12.000,ue1,-339.851,309.690,34.074,true
13.000,ue1,-339.997,308.505,34.074,true
14.000,ue1,-340.163,307.153,34.074,true
15.000,ue1,-340.340,305.717,34.099,true
16.000,ue1,-340.488,304.520,33.851,true
17.000,ue1,-340.579,303.776,33.390,true
18.000,ue1,-340.692,302.860,32.961,true
19.000,ue1,-340.792,302.050,32.432,true
20.000,ue1,-340.889,301.260,31.872,true
21.000,ue1,-340.992,300.421,31.309,true
22.000,ue1,-341.097,299.575,30.850,true
23.000,ue1,-341.221,298.563,30.493,true
24.000,ue1,-341.378,297.295,30.493,true
25.000,ue1,-341.558,295.835,30.493,true
26.000,ue1,-341.700,294.676,30.467,true
27.000,ue1,-341.786,293.979,29.902,true
28.000,ue1,-341.881,293.211,29.347,true
29.000,ue1,-341.973,292.460,28.734,true
30.000,ue1,-342.136,291.141,28.734,true
31.000,ue1,-342.315,289.689,28.734,true
32.000,ue1,-342.468,288.447,28.694,true
33.000,ue1,-341.426,287.908,28.692,true
34.000,ue1,-340.209,287.797,28.521,true
35.000,ue1,-338.971,287.684,28.349,true
36.000,ue1,-337.573,287.556,28.349,true
37.000,ue1,-336.204,287.431,28.349,true
38.000,ue1,-334.766,287.300,28.349,true
39.000,ue1,-333.476,287.182,28.349,true
40.000,ue1,-332.284,287.073,28.350,true
41.000,ue1,-330.895,286.946,28.350,true
42.000,ue1,-329.645,286.832,28.350,true
43.000,ue1,-328.376,286.716,28.350,true
44.000,ue1,-326.982,286.589,28.350,true
45.000,ue1,-325.709,286.473,28.350,true
46.000,ue1,-324.326,286.347,28.351,true
47.000,ue1,-322.988,286.225,28.351,true
48.000,ue1,-321.608,286.098,28.351,true
49.000,ue1,-320.333,285.982,28.351,true
50.000,ue1,-318.968,285.857,28.351,true
51.000,ue1,-317.524,285.726,28.351,true
52.000,ue1,-316.196,285.604,28.352,true
53.000,ue1,-314.958,285.491,28.352,true
54.000,ue1,-313.598,285.367,28.352,true
55.000,ue1,-312.364,285.254,28.352,true
56.000,ue1,-310.935,285.124,28.352,true
57.000,ue1,-309.672,285.009,28.352,true
58.000,ue1,-308.378,284.890,28.352,true
59.000,ue1,-307.082,284.815,28.352,true
60.000,ue1,-305.887,284.758,28.353,true
61.000,ue1,-304.640,284.698,28.353,true
62.000,ue1,-303.537,284.645,28.545,true
63.000,ue1,-302.264,284.584,28.707,true
64.000,ue1,-301.095,284.720,28.698,true
65.000,ue1,-300.838,286.181,28.686,true
66.000,ue1,-300.624,287.391,28.647,true
67.000,ue1,-300.400,288.662,28.647,true
68.000,ue1,-300.220,289.686,29.008,true
69.000,ue1,-300.055,290.619,29.528,true
70.000,ue1,-299.899,291.504,29.958,true
71.000,ue1,-299.753,292.334,30.382,true
72.000,ue1,-299.552,293.473,30.489,true
73.000,ue1,-299.313,294.826,30.489,true
74.000,ue1,-299.140,295.810,30.755,true
75.000,ue1,-299.009,296.554,31.443,true
0.000,ue2,-120.676,244.685,33.098,true
1.000,ue2,-121.874,244.690,33.098,true
2.000,ue2,-123.107,244.695,33.098,true
3.000,ue2,-124.436,244.701,33.098,true
4.000,ue2,-125.646,244.706,33.098,true
5.000,ue2,-126.799,244.711,33.098,true
6.000,ue2,-128.020,244.716,33.098,true
7.000,ue2,-129.408,244.722,33.098,true
8.000,ue2,-130.771,244.728,33.098,true
9.000,ue2,-132.144,244.734,33.098,true
10.000,ue2,-133.483,244.776,33.110,true
11.000,ue2,-134.778,244.973,33.115,true
12.000,ue2,-135.973,245.154,33.123,true
13.000,ue2,-137.113,245.328,33.132,true
14.000,ue2,-138.366,245.518,33.151,true
15.000,ue2,-139.514,245.692,33.177,true
16.000,ue2,-140.634,245.863,33.210,true
17.000,ue2,-141.902,246.055,33.250,true
18.000,ue2,-143.020,246.225,33.395,true
19.000,ue2,-144.341,246.426,33.346,true
20.000,ue2,-145.670,246.628,33.330,true
21.000,ue2,-146.823,246.803,33.324,true
22.000,ue2,-147.985,246.980,33.318,true
23.000,ue2,-149.146,247.156,33.313,true
24.000,ue2,-150.277,247.328,33.308,true
25.000,ue2,-151.413,247.501,33.303,true
26.000,ue2,-152.786,247.481,33.291,true
27.000,ue2,-154.025,247.454,33.280,true
28.000,ue2,-155.267,247.426,33.270,true
29.000,ue2,-156.420,247.401,33.261,true
30.000,ue2,-157.721,247.372,33.195,true
31.000,ue2,-158.861,247.346,33.125,true
32.000,ue2,-160.249,247.316,33.040,true
33.000,ue2,-161.617,247.285,32.961,true
34.000,ue2,-162.900,247.257,32.897,true
35.000,ue2,-164.038,247.231,32.840,true
36.000,ue2,-165.169,247.206,32.781,true
37.000,ue2,-166.455,247.178,32.622,true
38.000,ue2,-167.744,247.149,32.443,true
39.000,ue2,-169.085,247.119,32.258,true
40.000,ue2,-170.351,247.091,32.052,true
41.000,ue2,-171.607,247.063,31.813,true
42.000,ue2,-172.766,247.037,31.591,true
43.000,ue2,-173.920,247.012,31.343,true
44.000,ue2,-175.102,246.985,31.142,true
45.000,ue2,-176.446,246.956,30.910,true
46.000,ue2,-177.661,246.929,30.640,true
47.000,ue2,-178.781,246.904,30.327,true
48.000,ue2,-180.105,246.874,30.171,true
49.000,ue2,-181.349,246.847,30.026,true
50.000,ue2,-182.573,246.819,29.890,true
51.000,ue2,-183.925,246.789,29.707,true
52.000,ue2,-185.170,246.762,29.503,true
53.000,ue2,-185.328,245.556,29.465,true
54.000,ue2,-185.297,244.279,29.388,true
55.000,ue2,-185.267,243.008,29.298,true
56.000,ue2,-185.238,241.829,29.162,true
57.000,ue2,-185.209,240.635,29.087,true
58.000,ue2,-185.177,239.317,29.039,true
59.000,ue2,-185.147,238.086,29.014,true
60.000,ue2,-185.119,236.932,28.967,true
61.000,ue2,-185.089,235.700,28.924,true
62.000,ue2,-185.059,234.432,28.860,true
63.000,ue2,-185.025,233.050,28.810,true
64.000,ue2,-184.997,231.906,28.807,true
65.000,ue2,-184.968,230.701,28.808,true
66.000,ue2,-184.935,229.333,28.809,true
67.000,ue2,-184.906,228.159,28.798,true
68.000,ue2,-184.876,226.886,28.783,true
69.000,ue2,-184.845,225.634,28.769,true
70.000,ue2,-184.814,224.327,28.753,true
71.000,ue2,-184.786,223.177,28.740,true
72.000,ue2,-184.754,221.863,28.724,true
73.000,ue2,-184.722,220.540,28.709,true
74.000,ue2,-184.689,219.182,28.693,true
75.000,ue2,-184.657,217.867,28.678,true
76.000,ue2,-184.625,216.540,28.662,true
77.000,ue2,-184.595,215.323,28.648,true
78.000,ue2,-184.566,214.116,28.634,true
79.000,ue2,-184.533,212.741,28.616,true
80.000,ue2,-184.501,211.446,28.590,true
81.000,ue2,-184.473,210.272,28.567,true
82.000,ue2,-184.445,209.142,28.545,true
83.000,ue2,-184.416,207.928,28.520,true
84.000,ue2,-184.388,206.766,28.497,true
85.000,ue2,-184.357,205.522,28.496,true
86.000,ue2,-184.328,204.287,28.495,true
87.000,ue2,-184.294,202.919,28.495,true
88.000,ue2,-184.267,201.791,28.502,true
89.000,ue2,-184.233,200.401,28.510,true
90.000,ue2,-184.202,199.098,28.518,true
91.000,ue2,-184.172,197.862,28.526,true
92.000,ue2,-184.141,196.586,28.534,true
93.000,ue2,-184.109,195.290,28.542,true
94.000,ue2,-184.076,193.905,28.550,true
95.000,ue2,-184.043,192.545,28.558,true
96.000,ue2,-184.012,191.277,28.566,true
97.000,ue2,-183.982,190.027,28.574,true
98.000,ue2,-183.949,188.659,28.582,true
99.000,ue2,-183.917,187.344,28.628,true
100.000,ue2,-183.887,186.103,28.650,true
101.000,ue2,-183.857,184.883,28.668,true
102.000,ue2,-183.799,183.590,28.688,true
103.000,ue2,-183.654,182.435,28.714,true
104.000,ue2,-183.501,181.214,28.741,true
105.000,ue2,-183.345,179.965,28.839,true
106.000,ue2,-183.175,178.612,28.935,true
107.000,ue2,-183.028,177.438,29.026,true
108.000,ue2,-182.862,176.106,29.114,true
109.000,ue2,-182.708,174.883,29.136,true
110.000,ue2,-182.554,173.648,29.061,true
111.000,ue2,-182.394,172.372,29.151,true
112.000,ue2,-182.237,171.118,29.237,true
113.000,ue2,-182.069,169.776,29.328,true
114.000,ue2,-181.910,168.507,29.415,true
115.000,ue2,-181.838,167.266,29.493,true
116.000,ue2,-181.925,166.043,29.552,true
117.000,ue2,-182.020,164.696,29.610,true
118.000,ue2,-182.119,163.311,29.671,true
119.000,ue2,-182.200,162.170,29.860,true
120.000,ue2,-182.287,160.940,29.969,true
121.000,ue2,-182.374,159.722,29.984,true
122.000,ue2,-182.172,158.660,30.015,true
123.000,ue2,-180.970,158.669,30.106,true
124.000,ue2,-179.818,158.677,30.223,true
125.000,ue2,-178.670,158.685,30.358,true
126.000,ue2,-177.491,158.693,30.522,true
127.000,ue2,-176.327,158.701,30.707,true
128.000,ue2,-175.212,158.709,30.898,true
129.000,ue2,-173.919,158.718,31.085,true
130.000,ue2,-172.631,158.728,31.273,true
131.000,ue2,-171.496,158.736,31.435,true
132.000,ue2,-170.342,158.744,31.582,true
133.000,ue2,-169.193,158.752,31.730,true
134.000,ue2,-167.853,158.761,31.901,true
135.000,ue2,-166.597,158.770,32.064,true
136.000,ue2,-165.466,158.778,32.217,true
137.000,ue2,-164.296,158.786,32.375,true
138.000,ue2,-162.935,158.796,32.521,true
139.000,ue2,-161.561,158.806,32.654,true
140.000,ue2,-160.411,158.814,32.766,true
141.000,ue2,-159.022,158.823,32.824,true
142.000,ue2,-157.688,158.833,32.871,true
143.000,ue2,-156.514,158.841,32.916,true
144.000,ue2,-155.410,158.351,33.014,true
145.000,ue2,-154.422,157.617,33.091,true
146.000,ue2,-153.393,156.851,33.114,true
147.000,ue2,-152.487,156.178,33.181,true
148.000,ue2,-151.402,155.371,33.213,true
149.000,ue2,-150.326,154.551,33.273,true
150.000,ue2,-149.388,153.656,33.264,true
151.000,ue2,-148.395,152.711,33.254,true
152.000,ue2,-147.460,151.820,33.254,true
153.000,ue2,-146.953,151.337,33.850,true
154.000,ue2,-146.354,150.766,34.351,true
155.000,ue2,-145.653,150.098,34.776,true
156.000,ue2,-145.102,149.574,35.196,true
157.000,ue2,-144.379,149.309,35.620,true
158.000,ue2,-143.722,149.096,36.282,true
159.000,ue2,-143.001,148.861,36.865,true
160.000,ue2,-142.306,148.636,37.289,true
161.000,ue2,-141.619,148.413,37.713,true
162.000,ue2,-140.907,148.181,38.138,true
163.000,ue2,-140.188,147.948,38.713,true
164.000,ue2,-139.553,147.742,39.382,true
165.000,ue2,-138.742,147.478,39.811,true
166.000,ue2,-137.832,147.183,40.285,true
167.000,ue2,-137.243,146.991,40.906,true
168.000,ue2,-136.501,146.750,41.487,true
169.000,ue2,-135.632,146.468,41.918,true
170.000,ue2,-134.616,146.138,42.162,true
171.000,ue2,-133.567,145.798,42.529,true
172.000,ue2,-132.526,145.459,42.871,true
173.000,ue2,-131.366,145.083,43.215,true
174.000,ue2,-130.197,144.703,43.524,true
175.000,ue2,-128.921,144.558,43.760,true
176.000,ue2,-127.635,144.436,44.000,true
177.000,ue2,-126.361,144.314,44.238,true
178.000,ue2,-125.105,144.195,44.473,true
179.000,ue2,-123.780,144.069,44.721,true
0.000,ue3,-372.816,175.397,27.405,true
1.000,ue3,-371.782,175.674,26.890,true
2.000,ue3,-370.253,176.084,26.889,true
3.000,ue3,-369.570,177.005,26.876,true
4.000,ue3,-369.772,178.443,26.873,true
5.000,ue3,-369.964,179.808,26.873,true
6.000,ue3,-370.150,181.128,26.873,true
7.000,ue3,-370.330,182.407,26.873,true
8.000,ue3,-370.543,183.918,26.873,true
9.000,ue3,-370.734,185.280,26.873,true
10.000,ue3,-370.945,186.773,26.873,true
11.000,ue3,-371.165,188.340,26.873,true
12.000,ue3,-371.362,189.736,26.873,true
13.000,ue3,-371.545,191.041,26.873,true
14.000,ue3,-371.762,192.578,26.873,true
15.000,ue3,-371.972,194.071,26.873,true
16.000,ue3,-372.179,195.543,26.873,true
17.000,ue3,-372.367,196.876,26.873,true
18.000,ue3,-372.579,198.386,26.873,true
19.000,ue3,-372.769,199.733,26.873,true
20.000,ue3,-372.949,201.016,26.873,true
21.000,ue3,-373.170,202.588,26.873,true
3.000,ue4,-344.050,318.508,32.648,true
4.000,ue4,-342.783,318.432,33.026,true
5.000,ue4,-341.584,318.361,33.448,true
6.000,ue4,-340.485,318.294,33.903,true
7.000,ue4,-339.179,318.216,34.069,true
8.000,ue4,-338.848,317.234,34.073,true
9.000,ue4,-339.040,315.675,34.073,true
10.000,ue4,-339.229,314.138,34.074,true
11.000,ue4,-339.428,312.523,34.074,true
12.000,ue4,-339.615,311.000,34.074,true
13.000,ue4,-339.816,309.370,34.074,true
14.000,ue4,-339.986,307.990,34.074,true
15.000,ue4,-340.161,306.569,34.099,true
16.000,ue4,-340.320,305.279,34.099,true
17.000,ue4,-340.447,304.249,33.645,true
18.000,ue4,-340.546,303.443,33.210,true
19.000,ue4,-340.659,302.532,32.738,true
20.000,ue4,-340.740,301.873,32.244,true
21.000,ue4,-340.862,300.883,31.739,true
22.000,ue4,-340.961,300.082,31.238,true
23.000,ue4,-341.048,299.371,30.713,true
24.000,ue4,-341.192,298.206,30.493,true
25.000,ue4,-341.372,296.745,30.493,true
26.000,ue4,-341.538,295.393,30.493,true
27.000,ue4,-341.651,294.479,30.236,true
28.000,ue4,-341.751,293.667,29.796,true
29.000,ue4,-341.837,292.971,29.185,true
30.000,ue4,-341.957,291.996,28.734,true
31.000,ue4,-342.146,290.456,28.734,true
32.000,ue4,-342.269,289.464,28.694,true
33.000,ue4,-342.441,288.066,28.694,true
34.000,ue4,-343.771,287.272,28.697,true
35.000,ue4,-345.104,286.465,28.702,true
36.000,ue4,-346.410,285.674,28.682,true
37.000,ue4,-347.617,284.944,28.673,true
38.000,ue4,-348.977,284.741,28.698,true
39.000,ue4,-350.374,284.633,28.702,true
40.000,ue4,-351.749,284.527,28.702,true
41.000,ue4,-353.277,284.409,28.702,true
42.000,ue4,-354.888,284.285,28.702,true
43.000,ue4,-356.321,284.174,28.702,true
44.000,ue4,-357.836,284.057,28.702,true
45.000,ue4,-359.265,283.946,28.702,true
46.000,ue4,-360.863,283.823,28.702,true
47.000,ue4,-362.477,283.706,28.702,true
48.000,ue4,-363.783,283.964,28.702,true
49.000,ue4,-365.116,284.228,28.702,true
50.000,ue4,-366.723,284.545,28.702,true
51.000,ue4,-368.119,284.821,28.702,true
52.000,ue4,-369.571,285.107,28.685,true
53.000,ue4,-371.030,285.395,28.530,true
54.000,ue4,-372.420,285.670,28.507,true
55.000,ue4,-373.853,285.953,28.547,true
56.000,ue4,-375.440,286.266,28.591,true
57.000,ue4,-376.893,286.553,28.631,true
58.000,ue4,-378.436,286.858,28.674,true
59.000,ue4,-379.558,286.616,28.677,true
60.000,ue4,-379.589,285.052,28.446,true
61.000,ue4,-379.620,283.548,28.087,true
62.000,ue4,-379.648,282.139,27.680,true
63.000,ue4,-379.674,280.846,27.262,true
64.000,ue4,-379.703,279.436,26.942,true
65.000,ue4,-379.733,277.946,26.873,true
66.000,ue4,-379.765,276.329,26.873,true
67.000,ue4,-379.798,274.702,26.873,true
68.000,ue4,-379.830,273.107,26.873,true
69.000,ue4,-379.863,271.483,26.873,true
70.000,ue4,-379.891,270.121,26.873,true
71.000,ue4,-379.919,268.707,26.873,true
72.000,ue4,-379.911,267.103,26.873,true
73.000,ue4,-379.881,265.486,26.873,true
74.000,ue4,-379.853,263.954,26.873,true
75.000,ue4,-379.826,262.497,26.873,true
3.000,ue5,-120.510,244.934,33.098,true
4.000,ue5,-121.815,244.940,33.098,true
5.000,ue5,-123.163,244.945,33.098,true
6.000,ue5,-124.333,244.950,33.098,true
7.000,ue5,-125.686,244.956,33.098,true
8.000,ue5,-127.008,244.962,33.098,true
9.000,ue5,-128.255,244.967,33.098,true
10.000,ue5,-129.420,244.972,33.098,true
11.000,ue5,-130.763,244.978,33.098,true
12.000,ue5,-132.081,244.984,33.098,true
13.000,ue5,-133.329,245.027,33.110,true
14.000,ue5,-134.565,245.215,33.115,true
15.000,ue5,-135.945,245.425,33.125,true
16.000,ue5,-137.212,245.617,33.133,true
17.000,ue5,-138.603,245.829,33.159,true
18.000,ue5,-139.798,246.010,33.194,true
19.000,ue5,-140.960,246.187,33.221,true
20.000,ue5,-141.949,246.337,33.416,true
21.000,ue5,-143.277,246.539,33.379,true
22.000,ue5,-144.564,246.734,33.337,true
23.000,ue5,-145.980,246.950,33.328,true
24.000,ue5,-147.179,247.132,33.321,true
25.000,ue5,-148.540,247.339,33.315,true
26.000,ue5,-149.815,247.532,33.309,true
27.000,ue5,-151.235,247.748,33.303,true
28.000,ue5,-152.399,247.736,33.293,true
29.000,ue5,-153.646,247.708,33.282,true
30.000,ue5,-154.875,247.681,33.272,true
31.000,ue5,-156.038,247.655,33.262,true
32.000,ue5,-157.439,247.624,33.202,true
33.000,ue5,-158.834,247.593,33.117,true
34.000,ue5,-160.058,247.565,33.042,true
35.000,ue5,-161.234,247.539,32.972,true
36.000,ue5,-162.444,247.512,32.912,true
37.000,ue5,-163.787,247.483,32.845,true
38.000,ue5,-165.203,247.451,32.766,true
39.000,ue5,-166.617,247.420,32.576,true
40.000,ue5,-167.920,247.391,32.396,true
41.000,ue5,-169.133,247.364,32.230,true
42.000,ue5,-170.550,247.332,31.982,true
43.000,ue5,-171.796,247.305,31.745,true
44.000,ue5,-172.939,247.279,31.516,true
45.000,ue5,-174.244,247.250,31.260,true
46.000,ue5,-175.581,247.220,31.032,true
47.000,ue5,-176.829,247.193,30.813,true
48.000,ue5,-178.078,247.165,30.462,true
49.000,ue5,-179.302,247.138,30.246,true
50.000,ue5,-180.493,247.111,30.106,true
51.000,ue5,-181.771,247.083,29.961,true
52.000,ue5,-182.950,247.057,29.822,true
53.000,ue5,-184.143,247.030,29.653,true
54.000,ue5,-185.086,247.381,29.472,true
55.000,ue5,-185.140,248.817,29.455,true
56.000,ue5,-185.175,249.756,29.298,true
57.000,ue5,-185.221,251.000,29.381,true
58.000,ue5,-185.264,252.153,29.444,true
59.000,ue5,-185.308,253.319,29.507,true
60.000,ue5,-185.357,254.646,29.558,true
61.000,ue5,-185.405,255.907,29.589,true
62.000,ue5,-185.449,257.103,29.608,true
63.000,ue5,-185.499,258.449,29.682,true
64.000,ue5,-185.541,259.553,29.869,true
65.000,ue5,-185.593,260.955,29.908,true
66.000,ue5,-184.733,261.248,30.015,true
67.000,ue5,-183.323,261.242,30.167,true
68.000,ue5,-182.138,261.237,30.314,true
69.000,ue5,-180.740,261.231,30.487,true
70.000,ue5,-179.411,261.226,30.652,true
71.000,ue5,-177.990,261.219,30.829,true
72.000,ue5,-176.757,261.214,30.983,true
73.000,ue5,-175.542,261.209,31.135,true
74.000,ue5,-174.243,261.203,31.298,true
75.000,ue5,-172.904,261.197,31.473,true
76.000,ue5,-171.631,261.192,31.642,true
77.000,ue5,-170.475,261.187,31.808,true
78.000,ue5,-169.109,261.181,32.060,true
79.000,ue5,-167.711,261.175,32.300,true
80.000,ue5,-166.366,261.169,32.493,true
81.000,ue5,-165.203,261.164,32.617,true
82.000,ue5,-163.873,261.158,32.787,true
83.000,ue5,-162.707,261.153,32.905,true
84.000,ue5,-161.478,261.148,32.989,true
85.000,ue5,-160.205,261.143,33.109,true
86.000,ue5,-158.950,261.137,33.185,true
87.000,ue5,-157.521,261.131,33.246,true
88.000,ue5,-156.189,261.125,33.298,true
89.000,ue5,-154.908,261.120,33.323,true
90.000,ue5,-153.781,261.115,33.098,true
91.000,ue5,-152.482,261.109,33.098,true
3.000,ue6,-373.083,175.316,27.405,true
4.000,ue6,-372.284,175.530,27.067,true
5.000,ue6,-371.207,175.819,26.890,true
6.000,ue6,-370.168,176.097,26.888,true
7.000,ue6,-369.761,175.350,26.890,true
8.000,ue6,-369.618,174.095,26.890,true
9.000,ue6,-369.498,173.039,26.890,true
10.000,ue6,-369.366,171.882,26.890,true
11.000,ue6,-369.220,170.604,26.890,true
12.000,ue6,-369.085,169.413,26.890,true
13.000,ue6,-368.954,168.264,26.890,true
14.000,ue6,-368.832,167.194,26.890,true
15.000,ue6,-368.695,165.993,26.890,true
16.000,ue6,-368.571,164.902,26.890,true
17.000,ue6,-368.436,163.723,26.890,true
18.000,ue6,-368.295,162.483,26.890,true
19.000,ue6,-368.167,161.357,26.890,true
20.000,ue6,-368.046,160.294,26.890,true
21.000,ue6,-367.925,159.233,26.890,true
22.000,ue6,-367.807,158.193,26.890,true
23.000,ue6,-367.666,156.956,26.890,true
24.000,ue6,-367.528,155.748,26.890,true
25.000,ue6,-367.395,154.582,26.890,true
26.000,ue6,-367.273,153.506,26.890,true
27.000,ue6,-367.145,152.382,26.890,true
28.000,ue6,-367.021,151.294,26.890,true
29.000,ue6,-366.880,150.055,26.890,true
30.000,ue6,-366.748,148.902,26.890,true
31.000,ue6,-366.723,147.616,26.890,true
32.000,ue6,-366.772,146.346,26.890,true
33.000,ue6,-366.817,145.184,26.890,true
34.000,ue6,-366.861,144.025,26.890,true
35.000,ue6,-366.911,142.725,26.890,true
36.000,ue6,-366.958,141.517,26.890,true
37.000,ue6,-367.005,140.277,26.890,true
38.000,ue6,-367.050,139.104,26.890,true
39.000,ue6,-367.096,137.921,26.903,true
40.000,ue6,-367.146,136.628,26.920,true
41.000,ue6,-367.193,135.399,26.950,true
42.000,ue6,-367.239,134.195,26.973,true
43.000,ue6,-367.285,133.001,27.015,true
44.000,ue6,-367.334,131.712,27.063,true
45.000,ue6,-367.380,130.515,27.108,true
46.000,ue6,-367.422,129.434,27.167,true
47.000,ue6,-367.465,128.323,27.225,true
48.000,ue6,-367.505,127.262,27.276,true
49.000,ue6,-367.550,126.111,27.325,true
6.000,ue7,-292.312,306.123,33.050,true
7.000,ue7,-293.123,305.829,33.630,true
8.000,ue7,-294.072,305.484,34.098,true
9.000,ue7,-295.265,305.050,34.098,true
10.000,ue7,-296.549,304.583,34.098,true
11.000,ue7,-297.922,304.084,34.098,true
12.000,ue7,-298.277,302.689,34.098,true
13.000,ue7,-298.524,301.287,34.099,true
14.000,ue7,-298.702,300.280,33.823,true
15.000,ue7,-298.850,299.441,33.364,true
16.000,ue7,-298.988,298.659,32.837,true
17.000,ue7,-299.114,297.944,32.198,true
18.000,ue7,-299.242,297.216,31.638,true
19.000,ue7,-299.377,296.450,30.972,true
20.000,ue7,-299.518,295.655,30.489,true
21.000,ue7,-299.765,294.252,30.489,true
22.000,ue7,-300.003,292.902,30.489,true
23.000,ue7,-300.150,292.065,30.058,true
24.000,ue7,-300.323,291.085,29.640,true
25.000,ue7,-300.456,290.331,29.094,true
26.000,ue7,-300.595,289.542,28.647,true
27.000,ue7,-300.814,288.302,28.647,true
28.000,ue7,-301.062,286.896,28.663,true
29.000,ue7,-301.307,285.504,28.698,true
30.000,ue7,-301.209,284.265,28.699,true
31.000,ue7,-300.787,283.089,28.700,true
32.000,ue7,-300.316,281.776,28.705,true
33.000,ue7,-299.281,280.782,28.704,true
34.000,ue7,-298.241,279.961,28.670,true
35.000,ue7,-297.152,279.101,28.683,true
36.000,ue7,-296.122,278.288,28.704,true
37.000,ue7,-294.985,277.390,28.704,true
38.000,ue7,-293.999,276.611,28.704,true
39.000,ue7,-292.816,275.928,28.704,true
40.000,ue7,-291.394,275.477,28.704,true
41.000,ue7,-290.101,275.067,28.704,true
42.000,ue7,-288.680,274.616,28.704,true
43.000,ue7,-287.383,274.205,28.704,true
44.000,ue7,-286.220,273.836,28.704,true
45.000,ue7,-284.931,273.426,28.704,true
46.000,ue7,-283.492,273.047,28.704,true
47.000,ue7,-282.215,272.997,28.704,true
48.000,ue7,-280.754,272.940,28.704,true
49.000,ue7,-279.313,272.885,28.703,true
50.000,ue7,-277.945,272.831,28.685,true
51.000,ue7,-276.721,272.784,28.669,true
52.000,ue7,-275.351,272.731,28.653,true
53.000,ue7,-273.989,273.277,28.655,true
54.000,ue7,-272.651,273.967,28.669,true
55.000,ue7,-271.397,274.615,28.673,true
56.000,ue7,-270.231,275.217,28.677,true
57.000,ue7,-268.910,275.899,28.669,true
58.000,ue7,-267.791,276.311,28.654,true
59.000,ue7,-266.445,276.413,28.646,true
60.000,ue7,-265.030,276.520,28.657,true
61.000,ue7,-263.581,276.629,28.630,true
62.000,ue7,-262.223,276.732,28.715,true
63.000,ue7,-260.740,276.844,28.733,true
64.000,ue7,-259.356,276.949,28.749,true
65.000,ue7,-258.112,277.043,28.762,true
66.000,ue7,-256.619,277.156,28.776,true
67.000,ue7,-255.349,277.252,28.788,true
68.000,ue7,-253.977,277.356,28.802,true
69.000,ue7,-252.603,277.460,28.815,true
70.000,ue7,-251.170,277.568,28.829,true
71.000,ue7,-249.713,277.678,28.850,true
72.000,ue7,-248.412,277.777,28.837,true
73.000,ue7,-247.169,277.871,28.823,true
74.000,ue7,-245.789,277.975,28.807,true
75.000,ue7,-245.908,279.376,28.806,true
76.000,ue7,-246.164,280.845,28.808,true
77.000,ue7,-246.396,282.178,28.810,true
78.000,ue7,-246.655,283.664,28.812,true
79.000,ue7,-246.887,284.997,28.814,true
80.000,ue7,-247.128,286.382,28.814,true
81.000,ue7,-247.350,287.660,28.811,true
82.000,ue7,-247.590,289.038,28.809,true
83.000,ue7,-247.806,290.278,28.809,true
84.000,ue7,-248.047,291.664,28.808,true
85.000,ue7,-248.262,292.894,28.808,true
86.000,ue7,-248.518,294.365,28.808,true
87.000,ue7,-248.592,295.599,28.807,true
88.000,ue7,-248.586,297.068,28.807,true
89.000,ue7,-248.580,298.417,28.807,true
90.000,ue7,-248.575,299.722,28.806,true
91.000,ue7,-248.568,301.164,28.806,true
92.000,ue7,-248.562,302.651,28.806,true
93.000,ue7,-248.556,304.091,28.805,true
94.000,ue7,-248.550,305.407,28.805,true
95.000,ue7,-248.544,306.915,28.805,true
96.000,ue7,-248.538,308.214,28.805,true
97.000,ue7,-248.532,309.578,28.804,true
98.000,ue7,-248.526,310.908,28.804,true
99.000,ue7,-248.521,312.183,28.804,true
100.000,ue7,-248.515,313.520,28.803,true
101.000,ue7,-248.509,315.019,28.803,true
102.000,ue7,-248.503,316.386,28.803,true
103.000,ue7,-248.496,317.881,28.802,true
104.000,ue7,-248.987,318.790,28.802,true
105.000,ue7,-250.155,318.752,28.741,true
106.000,ue7,-251.330,318.713,28.915,true
107.000,ue7,-251.952,318.693,29.172,true
108.000,ue7,-253.039,318.657,29.433,true
109.000,ue7,-253.946,318.628,29.942,true
110.000,ue7,-255.117,318.589,30.200,true
111.000,ue7,-256.248,318.552,30.183,true
112.000,ue7,-257.656,318.506,30.183,true
113.000,ue7,-258.899,318.466,30.183,true
114.000,ue7,-260.200,318.423,30.183,true
6.000,ue8,-25.665,151.257,62.595,true
7.000,ue8,-26.826,151.133,62.595,true
8.000,ue8,-27.933,151.015,62.595,true
9.000,ue8,-29.107,150.890,62.595,true
10.000,ue8,-30.428,150.749,62.595,true
11.000,ue8,-31.773,150.685,62.595,true
12.000,ue8,-33.044,150.691,62.583,true
13.000,ue8,-34.304,150.696,62.521,true
14.000,ue8,-35.484,150.701,62.458,true
15.000,ue8,-36.765,150.707,62.363,true
16.000,ue8,-37.892,150.712,62.246,true
17.000,ue8,-39.151,150.717,62.077,true
18.000,ue8,-40.477,150.723,61.862,true
19.000,ue8,-41.716,150.633,61.585,true
20.000,ue8,-42.884,150.411,61.260,true
21.000,ue8,-44.166,150.167,60.826,true
22.000,ue8,-45.203,149.971,60.411,true
23.000,ue8,-46.337,149.755,59.883,true
24.000,ue8,-47.441,149.545,59.313,true
25.000,ue8,-48.491,149.346,58.735,true
26.000,ue8,-49.595,149.136,58.074,true
27.000,ue8,-50.573,148.950,57.487,true
28.000,ue8,-51.712,148.734,56.805,true
29.000,ue8,-52.701,148.281,56.231,true
30.000,ue8,-53.765,147.664,55.622,true
31.000,ue8,-54.644,147.155,55.154,true
32.000,ue8,-55.574,146.616,54.693,true
33.000,ue8,-56.533,146.060,54.272,true
34.000,ue8,-57.479,145.512,53.888,true
35.000,ue8,-58.401,144.978,53.546,true
36.000,ue8,-59.537,144.319,53.181,true
37.000,ue8,-60.671,143.662,52.892,true
38.000,ue8,-61.707,143.061,52.677,true
39.000,ue8,-62.746,142.459,52.553,true
40.000,ue8,-63.829,141.832,52.641,true
41.000,ue8,-65.026,141.764,52.615,true
42.000,ue8,-66.263,142.123,52.607,true
43.000,ue8,-67.422,142.460,52.598,true
44.000,ue8,-68.573,142.766,52.570,true
45.000,ue8,-69.915,142.771,52.510,true
46.000,ue8,-71.072,142.776,52.458,true
47.000,ue8,-72.195,142.781,52.399,true
48.000,ue8,-73.517,142.787,52.317,true
49.000,ue8,-74.779,142.792,52.185,true
50.000,ue8,-76.130,142.798,52.056,true
51.000,ue8,-77.445,142.804,51.934,true
52.000,ue8,-78.677,142.809,51.820,true
53.000,ue8,-79.989,142.815,51.685,true
54.000,ue8,-81.304,142.821,51.500,true
55.000,ue8,-82.410,142.825,51.346,true
56.000,ue8,-83.551,142.830,51.192,true
57.000,ue8,-84.881,142.836,51.013,true
58.000,ue8,-86.114,142.841,50.848,true
59.000,ue8,-87.422,142.847,50.683,true
60.000,ue8,-88.781,142.853,50.532,true
61.000,ue8,-89.985,142.858,50.398,true
62.000,ue8,-91.304,142.864,50.260,true
63.000,ue8,-92.455,142.869,50.149,true
64.000,ue8,-93.589,142.874,50.039,true
65.000,ue8,-94.754,142.879,49.897,true
66.000,ue8,-96.104,142.885,49.695,true
67.000,ue8,-97.282,142.890,49.518,true
68.000,ue8,-98.612,142.895,49.319,true
69.000,ue8,-99.747,142.900,49.149,true
70.000,ue8,-101.043,142.906,48.955,true
71.000,ue8,-102.286,142.911,48.750,true
72.000,ue8,-103.527,142.917,48.545,true
73.000,ue8,-104.729,142.922,48.347,true
74.000,ue8,-106.063,142.928,48.126,true
75.000,ue8,-107.325,142.933,47.918,true
76.000,ue8,-108.594,142.938,47.705,true
77.000,ue8,-109.755,142.943,47.482,true
78.000,ue8,-111.082,142.987,47.224,true
79.000,ue8,-112.202,143.094,47.001,true
80.000,ue8,-113.290,143.197,46.785,true
81.000,ue8,-114.606,143.323,46.523,true
82.000,ue8,-115.866,143.443,46.273,true
83.000,ue8,-117.201,143.570,46.009,true
84.000,ue8,-118.324,143.677,45.799,true
85.000,ue8,-119.530,143.792,45.574,true
86.000,ue8,-120.642,143.898,45.366,true
87.000,ue8,-121.849,144.013,45.140,true
88.000,ue8,-123.069,144.129,44.912,true
89.000,ue8,-124.370,144.253,44.669,true
90.000,ue8,-125.651,144.375,44.430,true
91.000,ue8,-126.747,144.479,44.225,true
92.000,ue8,-128.041,144.603,43.983,true
93.000,ue8,-129.260,144.719,43.755,true
94.000,ue8,-130.400,144.828,43.540,true
95.000,ue8,-131.583,145.212,43.236,true
96.000,ue8,-132.787,145.603,42.879,true
97.000,ue8,-134.028,146.006,42.465,true
98.000,ue8,-135.129,146.364,42.088,true
99.000,ue8,-136.162,146.699,41.908,true
100.000,ue8,-136.939,146.952,41.446,true
101.000,ue8,-137.528,147.143,40.690,true
102.000,ue8,-138.335,147.405,40.235,true
103.000,ue8,-139.105,147.655,39.808,true
104.000,ue8,-139.884,147.908,39.232,true
105.000,ue8,-140.473,148.099,38.596,true
106.000,ue8,-141.242,148.349,38.137,true
107.000,ue8,-141.937,148.575,37.712,true
108.000,ue8,-142.822,148.862,37.280,true
109.000,ue8,-143.418,149.056,36.731,true
110.000,ue8,-144.007,149.247,36.052,true
111.000,ue8,-144.727,149.481,35.618,true
112.000,ue8,-145.549,149.894,35.187,true
113.000,ue8,-146.093,150.411,34.768,true
114.000,ue8,-146.619,150.913,34.350,true
115.000,ue8,-147.132,151.402,33.932,true
116.000,ue8,-147.701,151.944,33.500,true
117.000,ue8,-148.339,152.551,33.252,true
118.000,ue8,-149.277,153.444,33.261,true
119.000,ue8,-150.274,154.395,33.270,true
120.000,ue8,-149.940,155.005,33.268,true
121.000,ue8,-148.912,155.458,33.260,true
122.000,ue8,-147.838,155.932,33.251,true
123.000,ue8,-146.891,156.350,33.098,true
124.000,ue8,-145.632,156.906,33.098,true
125.000,ue8,-144.554,157.382,33.098,true
126.000,ue8,-143.312,157.930,33.098,true
127.000,ue8,-142.062,158.481,33.098,true
128.000,ue8,-140.823,159.028,33.098,true
129.000,ue8,-139.630,159.554,33.098,true
130.000,ue8,-138.535,160.037,33.098,true
131.000,ue8,-137.327,160.570,33.098,true
132.000,ue8,-136.233,161.053,33.098,true
133.000,ue8,-135.114,161.547,33.098,true
6.000,ue9,-377.492,232.488,26.873,true
7.000,ue9,-377.278,230.969,26.873,true
8.000,ue9,-377.069,229.482,26.873,true
9.000,ue9,-376.874,228.100,26.873,true
10.000,ue9,-376.660,226.578,26.873,true
11.000,ue9,-376.448,225.074,26.873,true
12.000,ue9,-376.250,223.665,26.873,true
13.000,ue9,-376.060,222.319,26.873,true
14.000,ue9,-375.845,220.788,26.873,true
15.000,ue9,-375.643,219.354,26.873,true
16.000,ue9,-375.462,218.068,26.873,true
17.000,ue9,-375.263,216.652,26.873,true
18.000,ue9,-375.047,215.118,26.873,true
19.000,ue9,-374.828,213.560,26.873,true
20.000,ue9,-374.617,212.063,26.873,true
21.000,ue9,-374.398,210.508,26.873,true
22.000,ue9,-374.191,209.039,26.873,true
23.000,ue9,-373.999,207.674,26.873,true
24.000,ue9,-373.782,206.129,26.873,true
25.000,ue9,-373.567,204.606,26.873,true
26.000,ue9,-373.389,203.342,26.873,true
27.000,ue9,-373.210,202.070,26.873,true
28.000,ue9,-372.992,200.522,26.873,true
29.000,ue9,-372.790,199.085,26.873,true
30.000,ue9,-372.581,197.601,26.873,true
31.000,ue9,-372.377,196.150,26.873,true
32.000,ue9,-372.188,194.803,26.873,true
33.000,ue9,-372.000,193.470,26.873,true
34.000,ue9,-371.812,192.138,26.873,true
35.000,ue9,-371.614,190.726,26.873,true
36.000,ue9,-371.429,189.416,26.873,true
37.000,ue9,-371.215,187.897,26.873,true
38.000,ue9,-371.010,186.440,26.873,true
39.000,ue9,-370.826,185.132,26.873,true
40.000,ue9,-370.627,183.714,26.873,true
41.000,ue9,-370.445,182.426,26.873,true
42.000,ue9,-370.232,180.909,26.873,true
43.000,ue9,-370.049,179.607,26.873,true
44.000,ue9,-369.842,178.138,26.873,true
45.000,ue9,-369.640,176.682,26.889,true
46.000,ue9,-369.485,175.323,26.890,true
47.000,ue9,-369.328,173.943,26.890,true
48.000,ue9,-369.183,172.671,26.890,true
49.000,ue9,-369.022,171.257,26.890,true
50.000,ue9,-368.879,169.998,26.890,true
51.000,ue9,-368.725,168.646,26.890,true
52.000,ue9,-368.570,167.288,26.890,true
53.000,ue9,-368.417,165.948,26.890,true
54.000,ue9,-368.263,164.589,26.890,true
55.000,ue9,-368.115,163.294,26.890,true
56.000,ue9,-367.968,162.004,26.890,true
57.000,ue9,-367.791,160.447,26.890,true
58.000,ue9,-367.621,158.959,26.890,true
59.000,ue9,-367.474,157.665,26.890,true
60.000,ue9,-367.304,156.173,26.890,true
61.000,ue9,-367.131,154.658,26.890,true
62.000,ue9,-366.971,153.246,26.890,true
63.000,ue9,-366.807,151.805,26.890,true
64.000,ue9,-366.640,150.343,26.890,true
65.000,ue9,-366.487,148.861,26.890,true
66.000,ue9,-366.537,147.572,26.890,true
67.000,ue9,-366.593,146.115,26.890,true
68.000,ue9,-366.653,144.550,26.890,true
69.000,ue9,-366.708,143.131,26.890,true
70.000,ue9,-366.761,141.739,26.890,true
71.000,ue9,-366.813,140.382,26.890,true
72.000,ue9,-366.868,138.960,26.894,true
73.000,ue9,-366.927,137.425,26.916,true
74.000,ue9,-366.978,136.083,26.946,true
75.000,ue9,-367.035,134.618,26.976,true
76.000,ue9,-367.090,133.183,27.029,true
77.000,ue9,-367.139,131.892,27.077,true
78.000,ue9,-367.190,130.561,27.134,true
79.000,ue9,-367.246,129.114,27.214,true
80.000,ue9,-367.303,127.641,27.286,true
9.000,ue10,-291.794,305.923,33.050,true
10.000,ue10,-292.519,305.659,33.537,true
11.000,ue10,-293.090,305.452,34.071,true
12.000,ue10,-294.345,304.996,34.098,true
13.000,ue10,-295.655,304.519,34.098,true
14.000,ue10,-296.966,304.043,34.098,true
15.000,ue10,-297.629,303.227,34.098,true
16.000,ue10,-297.836,302.055,34.098,true
17.000,ue10,-298.038,300.909,34.101,true
18.000,ue10,-298.214,299.909,33.823,true
19.000,ue10,-298.335,299.222,33.364,true
20.000,ue10,-298.463,298.497,32.849,true
21.000,ue10,-298.573,297.872,32.277,true
22.000,ue10,-298.687,297.228,31.709,true
23.000,ue10,-298.799,296.592,31.142,true
24.000,ue10,-298.921,295.899,30.698,true
25.000,ue10,-299.097,294.902,30.489,true
26.000,ue10,-299.318,293.649,30.489,true
27.000,ue10,-299.534,292.423,30.352,true
28.000,ue10,-299.680,291.593,29.892,true
29.000,ue10,-299.819,290.809,29.528,true
30.000,ue10,-299.947,290.079,29.094,true
31.000,ue10,-300.084,289.306,28.647,true
32.000,ue10,-300.329,287.913,28.647,true
33.000,ue10,-300.533,286.755,28.658,true
34.000,ue10,-300.744,285.561,28.698,true
35.000,ue10,-301.133,284.736,28.697,true
36.000,ue10,-302.420,284.797,28.707,true
37.000,ue10,-303.471,284.848,28.383,true
38.000,ue10,-304.642,284.904,28.353,true
39.000,ue10,-305.918,284.965,28.353,true
40.000,ue10,-307.204,285.026,28.352,true
41.000,ue10,-308.358,285.109,28.352,true
42.000,ue10,-309.630,285.225,28.352,true
43.000,ue10,-310.804,285.332,28.352,true
44.000,ue10,-312.114,285.452,28.352,true
45.000,ue10,-313.418,285.571,28.352,true
46.000,ue10,-314.676,285.686,28.352,true
47.000,ue10,-315.842,285.792,28.352,true
48.000,ue10,-317.136,285.911,28.351,true
49.000,ue10,-318.359,286.022,28.351,true
50.000,ue10,-319.661,286.141,28.351,true
51.000,ue10,-321.027,286.266,28.351,true
52.000,ue10,-322.370,286.389,28.351,true
53.000,ue10,-323.615,286.502,28.351,true
54.000,ue10,-324.863,286.616,28.351,true
55.000,ue10,-326.103,286.729,28.350,true
56.000,ue10,-327.311,286.840,28.350,true
57.000,ue10,-328.575,286.955,28.350,true
58.000,ue10,-329.975,287.083,28.350,true
59.000,ue10,-331.359,287.209,28.350,true
60.000,ue10,-332.739,287.335,28.350,true
61.000,ue10,-333.989,287.449,28.349,true
62.000,ue10,-335.318,287.571,28.349,true
63.000,ue10,-336.603,287.688,28.349,true
64.000,ue10,-337.920,287.808,28.349,true
65.000,ue10,-339.269,287.932,28.349,true
66.000,ue10,-340.336,288.029,28.692,true
67.000,ue10,-341.539,288.139,28.693,true
68.000,ue10,-341.968,288.853,28.694,true
69.000,ue10,-341.833,289.946,28.734,true
70.000,ue10,-341.685,291.153,28.734,true
71.000,ue10,-341.544,292.293,28.734,true
72.000,ue10,-341.451,293.048,29.297,true
73.000,ue10,-341.364,293.756,29.796,true
74.000,ue10,-341.260,294.599,30.236,true
75.000,ue10,-341.118,295.755,30.493,true
76.000,ue10,-340.962,297.021,30.493,true
77.000,ue10,-340.818,298.190,30.493,true
78.000,ue10,-340.688,299.241,30.618,true
79.000,ue10,-340.589,300.050,31.112,true
80.000,ue10,-340.497,300.796,31.503,true
81.000,ue10,-340.411,301.496,31.985,true
82.000,ue10,-340.316,302.267,32.504,true
83.000,ue10,-340.228,302.976,32.961,true
84.000,ue10,-340.132,303.756,33.390,true
9.000,ue11,-25.284,151.254,62.595,true
10.000,ue11,-26.371,151.138,62.595,true
11.000,ue11,-27.478,151.020,62.595,true
12.000,ue11,-28.572,150.903,62.595,true
13.000,ue11,-29.697,150.783,62.595,true
14.000,ue11,-30.869,150.680,62.595,true
15.000,ue11,-31.958,150.685,62.590,true
16.000,ue11,-33.091,150.690,62.560,true
17.000,ue11,-34.094,150.694,62.515,true
18.000,ue11,-35.149,150.699,62.455,true
19.000,ue11,-36.380,150.704,62.364,true
20.000,ue11,-37.625,150.709,62.233,true
21.000,ue11,-38.815,150.714,62.070,true
22.000,ue11,-39.982,150.719,61.885,true
23.000,ue11,-41.168,150.662,61.626,true
24.000,ue11,-42.132,150.478,61.368,true
25.000,ue11,-43.248,150.267,61.015,true
26.000,ue11,-44.307,150.065,60.625,true
27.000,ue11,-45.433,149.851,60.139,true
28.000,ue11,-46.337,149.680,59.693,true
29.000,ue11,-47.221,149.512,59.228,true
30.000,ue11,-48.123,149.340,58.727,true
31.000,ue11,-49.182,149.139,58.093,true
32.000,ue11,-50.033,148.978,57.582,true
33.000,ue11,-51.049,148.785,56.969,true
34.000,ue11,-51.998,148.465,56.421,true
35.000,ue11,-52.775,148.015,55.966,true
36.000,ue11,-53.703,147.476,55.444,true
37.000,ue11,-54.681,146.910,54.941,true
38.000,ue11,-55.589,146.384,54.510,true
39.000,ue11,-56.483,145.865,54.136,true
40.000,ue11,-57.319,145.381,53.800,true
41.000,ue11,-58.213,144.863,53.479,true
42.000,ue11,-59.260,144.256,53.153,true
43.000,ue11,-60.319,143.642,52.886,true
44.000,ue11,-61.267,143.093,52.688,true
45.000,ue11,-62.335,142.474,52.554,true
46.000,ue11,-63.281,141.925,52.647,true
47.000,ue11,-64.361,141.679,52.617,true
48.000,ue11,-65.529,142.018,52.608,true
49.000,ue11,-66.569,142.320,52.602,true
50.000,ue11,-67.681,142.643,52.591,true
51.000,ue11,-68.703,142.765,52.547,true
52.000,ue11,-69.812,142.770,52.497,true
53.000,ue11,-70.918,142.774,52.447,true
54.000,ue11,-72.083,142.779,52.385,true
55.000,ue11,-73.189,142.784,52.311,true
56.000,ue11,-74.346,142.789,52.191,true
57.000,ue11,-75.582,142.795,52.071,true
58.000,ue11,-76.754,142.800,51.962,true
59.000,ue11,-77.880,142.804,51.858,true
60.000,ue11,-79.022,142.809,51.752,true
61.000,ue11,-80.189,142.814,51.603,true
62.000,ue11,-81.405,142.820,51.431,true
63.000,ue11,-82.589,142.825,51.270,true
64.000,ue11,-83.750,142.830,51.114,true
65.000,ue11,-84.770,142.834,50.977,true
66.000,ue11,-85.802,142.839,50.838,true
67.000,ue11,-86.909,142.843,50.698,true
68.000,ue11,-88.046,142.848,50.572,true
69.000,ue11,-89.092,142.853,50.455,true
70.000,ue11,-90.243,142.858,50.327,true
71.000,ue11,-91.413,142.863,50.213,true
72.000,ue11,-92.506,142.868,50.107,true
73.000,ue11,-93.689,142.873,49.992,true
74.000,ue11,-94.874,142.878,49.822,true
75.000,ue11,-96.091,142.883,49.640,true
76.000,ue11,-97.249,142.888,49.466,true
77.000,ue11,-98.357,142.893,49.300,true
78.000,ue11,-99.408,142.897,49.143,true
79.000,ue11,-100.532,142.902,48.975,true
80.000,ue11,-101.636,142.907,48.795,true
81.000,ue11,-102.811,142.912,48.601,true
82.000,ue11,-103.976,142.917,48.408,true
83.000,ue11,-105.047,142.922,48.231,true
84.000,ue11,-106.132,142.926,48.052,true
85.000,ue11,-107.299,142.932,47.859,true
86.000,ue11,-108.324,142.936,47.683,true
87.000,ue11,-109.425,142.941,47.472,true
88.000,ue11,-110.549,142.970,47.254,true
89.000,ue11,-111.666,143.076,47.032,true
90.000,ue11,-112.763,143.180,46.814,true
91.000,ue11,-113.769,143.276,46.614,true
92.000,ue11,-114.762,143.371,46.416,true
93.000,ue11,-115.858,143.475,46.198,true
94.000,ue11,-116.967,143.581,45.981,true
95.000,ue11,-118.061,143.685,45.777,true
96.000,ue11,-119.148,143.789,45.574,true
97.000,ue11,-120.284,143.897,45.362,true
98.000,ue11,-121.389,144.002,45.155,true
99.000,ue11,-122.431,144.101,44.960,true
100.000,ue11,-123.472,144.201,44.766,true
101.000,ue11,-124.623,144.310,44.551,true
102.000,ue11,-125.830,144.425,44.325,true
103.000,ue11,-127.025,144.539,44.102,true
104.000,ue11,-128.135,144.645,43.894,true
105.000,ue11,-129.262,144.752,43.684,true
106.000,ue11,-130.401,144.949,43.458,true
107.000,ue11,-131.549,145.322,43.133,true
108.000,ue11,-132.553,145.648,42.835,true
109.000,ue11,-133.491,145.953,42.523,true
110.000,ue11,-134.516,146.285,42.164,true
111.000,ue11,-135.517,146.611,41.919,true
112.000,ue11,-136.160,146.819,41.497,true
113.000,ue11,-136.782,147.021,41.075,true
114.000,ue11,-137.390,147.219,40.654,true
115.000,ue11,-138.175,147.474,40.227,true
116.000,ue11,-138.915,147.714,39.754,true
117.000,ue11,-139.503,147.905,39.291,true
118.000,ue11,-140.092,148.096,38.730,true
119.000,ue11,-140.681,148.288,38.215,true
120.000,ue11,-141.271,148.479,37.750,true
121.000,ue11,-141.892,148.681,37.302,true
122.000,ue11,-142.579,148.904,36.878,true
123.000,ue11,-143.356,149.157,36.451,true
124.000,ue11,-144.043,149.380,36.027,true
125.000,ue11,-144.637,149.572,35.606,true
126.000,ue11,-145.275,149.993,35.183,true
127.000,ue11,-145.814,150.505,34.718,true
128.000,ue11,-146.313,150.981,34.147,true
129.000,ue11,-146.821,151.465,33.719,true
130.000,ue11,-147.383,152.001,33.246,true
131.000,ue11,-148.262,152.838,33.254,true
132.000,ue11,-149.054,153.592,33.262,true
133.000,ue11,-149.932,154.429,33.271,true
134.000,ue11,-150.817,155.163,33.241,true
135.000,ue11,-151.697,155.817,33.195,true
136.000,ue11,-152.652,156.527,33.159,true
137.000,ue11,-153.532,157.181,33.094,true
138.000,ue11,-154.524,157.919,33.075,true
139.000,ue11,-155.374,158.551,33.006,true
140.000,ue11,-156.283,158.998,32.929,true
141.000,ue11,-157.381,158.990,32.880,true
142.000,ue11,-158.489,158.982,32.841,true
143.000,ue11,-159.617,158.974,32.801,true
144.000,ue11,-160.728,158.967,32.730,true
145.000,ue11,-161.798,158.959,32.626,true
146.000,ue11,-163.004,158.951,32.509,true
147.000,ue11,-164.212,158.942,32.379,true
148.000,ue11,-165.316,158.934,32.230,true
149.000,ue11,-166.383,158.927,32.086,true
150.000,ue11,-167.426,158.919,31.949,true
151.000,ue11,-168.444,158.912,31.818,true
152.000,ue11,-169.552,158.904,31.677,true
153.000,ue11,-170.681,158.896,31.532,true
154.000,ue11,-171.801,158.889,31.385,true
155.000,ue11,-172.990,158.880,31.213,true
156.000,ue11,-174.069,158.873,31.056,true
157.000,ue11,-175.244,158.864,30.885,true
158.000,ue11,-176.335,158.857,30.696,true
159.000,ue11,-177.387,158.849,30.528,true
160.000,ue11,-178.521,158.841,30.371,true
161.000,ue11,-179.652,158.833,30.233,true
162.000,ue11,-180.805,158.825,30.117,true
163.000,ue11,-181.829,158.818,30.034,true
164.000,ue11,-182.225,159.375,29.990,true
165.000,ue11,-182.141,160.556,29.970,true
166.000,ue11,-182.062,161.674,29.967,true
167.000,ue11,-181.993,162.636,29.700,true
168.000,ue11,-181.918,163.693,29.656,true
169.000,ue11,-181.836,164.855,29.606,true
170.000,ue11,-181.760,165.925,29.557,true
171.000,ue11,-181.677,167.097,29.503,true
172.000,ue11,-181.693,168.217,29.439,true
173.000,ue11,-181.819,169.228,29.369,true
174.000,ue11,-181.968,170.411,29.288,true
175.000,ue11,-182.111,171.554,29.210,true
176.000,ue11,-182.266,172.795,29.124,true
177.000,ue11,-182.408,173.923,29.072,true
178.000,ue11,-182.542,174.993,29.137,true
179.000,ue11,-182.680,176.097,29.115,true
9.000,ue12,-377.441,232.450,26.873,true
10.000,ue12,-377.246,231.066,26.873,true
11.000,ue12,-377.057,229.725,26.873,true
12.000,ue12,-376.894,228.563,26.873,true
13.000,ue12,-376.716,227.298,26.873,true
14.000,ue12,-376.548,226.105,26.873,true
15.000,ue12,-376.375,224.877,26.873,true
16.000,ue12,-376.185,223.532,26.873,true
17.000,ue12,-376.026,222.401,26.873,true
18.000,ue12,-375.834,221.036,26.873,true
19.000,ue12,-375.668,219.853,26.873,true
20.000,ue12,-375.493,218.613,26.873,true
21.000,ue12,-375.298,217.230,26.873,true
22.000,ue12,-375.128,216.020,26.873,true
23.000,ue12,-374.969,214.886,26.873,true
24.000,ue12,-374.806,213.732,26.873,true
25.000,ue12,-374.621,212.416,26.873,true
26.000,ue12,-374.449,211.193,26.873,true
27.000,ue12,-374.278,209.980,26.873,true
28.000,ue12,-374.094,208.671,26.873,true
29.000,ue12,-373.936,207.553,26.873,true
30.000,ue12,-373.748,206.213,26.873,true
31.000,ue12,-373.588,205.075,26.873,true
32.000,ue12,-373.401,203.749,26.873,true
33.000,ue12,-373.212,202.406,26.873,true
34.000,ue12,-373.054,201.282,26.873,true
35.000,ue12,-372.895,200.158,26.873,true
36.000,ue12,-372.712,198.853,26.873,true
37.000,ue12,-372.519,197.484,26.873,true
38.000,ue12,-372.341,196.217,26.873,true
39.000,ue12,-372.148,194.848,26.873,true
40.000,ue12,-371.969,193.575,26.873,true
41.000,ue12,-371.804,192.404,26.873,true
42.000,ue12,-371.627,191.146,26.873,true
43.000,ue12,-371.458,189.944,26.873,true
44.000,ue12,-371.298,188.807,26.873,true
45.000,ue12,-371.115,187.510,26.873,true
46.000,ue12,-370.952,186.351,26.873,true
47.000,ue12,-370.758,184.974,26.873,true
48.000,ue12,-370.586,183.747,26.873,true
49.000,ue12,-370.423,182.592,26.873,true
50.000,ue12,-370.257,181.414,26.873,true
51.000,ue12,-370.087,180.204,26.873,true
52.000,ue12,-369.905,178.912,26.873,true
53.000,ue12,-369.735,177.703,26.873,true
54.000,ue12,-369.899,176.739,26.888,true
55.000,ue12,-371.097,176.417,26.890,true
12.000,ue13,-272.658,317.648,32.657,true
13.000,ue13,-271.623,317.682,32.467,true
14.000,ue13,-270.571,317.717,32.277,true
15.000,ue13,-269.762,317.743,31.889,true
16.000,ue13,-268.981,317.769,31.503,true
17.000,ue13,-268.224,317.793,30.933,true
18.000,ue13,-267.333,317.823,30.556,true
19.000,ue13,-266.450,317.852,30.183,true
20.000,ue13,-265.288,317.890,30.183,true
21.000,ue13,-264.020,317.931,30.183,true
22.000,ue13,-262.912,317.967,30.183,true
23.000,ue13,-261.789,318.004,30.183,true
24.000,ue13,-260.709,318.039,30.183,true
25.000,ue13,-259.408,318.082,30.183,true
26.000,ue13,-258.202,318.121,30.183,true
27.000,ue13,-257.027,318.160,30.183,true
28.000,ue13,-255.823,318.199,30.183,true
29.000,ue13,-254.839,318.231,30.200,true
30.000,ue13,-253.914,318.262,29.943,true
31.000,ue13,-252.908,318.295,29.589,true
32.000,ue13,-251.971,318.325,29.172,true
33.000,ue13,-251.407,318.344,28.673,true
34.000,ue13,-250.643,318.369,28.692,true
35.000,ue13,-249.593,318.403,28.802,true
36.000,ue13,-248.481,318.452,28.802,true
37.000,ue13,-248.486,317.378,28.802,true
38.000,ue13,-248.491,316.168,28.803,true
39.000,ue13,-248.496,314.954,28.803,true
40.000,ue13,-248.502,313.681,28.803,true
41.000,ue13,-248.507,312.465,28.803,true
42.000,ue13,-248.512,311.161,28.804,true
43.000,ue13,-248.518,309.891,28.804,true
44.000,ue13,-248.523,308.650,28.804,true
45.000,ue13,-248.528,307.544,28.805,true
46.000,ue13,-248.534,306.248,28.805,true
47.000,ue13,-248.539,305.041,28.805,true
48.000,ue13,-248.544,303.769,28.805,true
49.000,ue13,-248.550,302.467,28.806,true
50.000,ue13,-248.555,301.299,28.806,true
51.000,ue13,-248.560,300.062,28.806,true
52.000,ue13,-248.566,298.810,28.807,true
53.000,ue13,-248.571,297.702,28.807,true
54.000,ue13,-248.576,296.544,28.807,true
55.000,ue13,-248.581,295.334,28.807,true
56.000,ue13,-248.495,294.048,28.808,true
57.000,ue13,-248.274,292.780,28.808,true
58.000,ue13,-248.069,291.603,28.808,true
59.000,ue13,-247.875,290.490,28.808,true
60.000,ue13,-247.674,289.335,28.809,true
61.000,ue13,-247.471,288.166,28.809,true
62.000,ue13,-247.279,287.065,28.812,true
63.000,ue13,-247.070,285.867,28.815,true
64.000,ue13,-246.863,284.677,28.814,true
65.000,ue13,-246.648,283.439,28.812,true
66.000,ue13,-246.451,282.312,28.810,true
67.000,ue13,-246.226,281.016,28.808,true
68.000,ue13,-246.037,279.929,28.807,true
69.000,ue13,-245.819,278.677,28.805,true
70.000,ue13,-245.869,277.837,28.810,true
71.000,ue13,-246.947,277.755,28.822,true
72.000,ue13,-248.227,277.659,28.836,true
73.000,ue13,-249.431,277.567,28.850,true
74.000,ue13,-250.596,277.479,28.833,true
75.000,ue13,-251.703,277.396,28.823,true
76.000,ue13,-252.900,277.305,28.811,true
77.000,ue13,-254.033,277.219,28.800,true
78.000,ue13,-255.274,277.125,28.788,true
79.000,ue13,-256.354,277.044,28.777,true
80.000,ue13,-257.573,276.951,28.766,true
81.000,ue13,-258.749,276.862,28.754,true
82.000,ue13,-259.920,276.774,28.741,true
83.000,ue13,-261.069,276.687,28.728,true
84.000,ue13,-262.247,276.598,28.704,true
85.000,ue13,-263.394,276.511,28.629,true
86.000,ue13,-264.482,276.429,28.647,true
87.000,ue13,-265.634,276.342,28.651,true
88.000,ue13,-266.889,276.247,28.646,true
89.000,ue13,-268.143,276.119,28.659,true
90.000,ue13,-269.152,275.598,28.674,true
91.000,ue13,-270.118,275.100,28.677,true
92.000,ue13,-271.256,274.512,28.673,true
93.000,ue13,-272.224,274.012,28.671,true
94.000,ue13,-273.188,273.515,28.663,true
95.000,ue13,-274.240,272.972,28.654,true
96.000,ue13,-275.176,272.607,28.652,true
97.000,ue13,-276.409,272.654,28.666,true
98.000,ue13,-277.530,272.698,28.681,true
99.000,ue13,-278.789,272.747,28.698,true
100.000,ue13,-279.971,272.793,28.704,true
101.000,ue13,-281.173,272.839,28.704,true
102.000,ue13,-282.438,272.888,28.704,true
103.000,ue13,-283.560,272.932,28.704,true
104.000,ue13,-284.688,273.275,28.704,true
105.000,ue13,-285.859,273.646,28.704,true
106.000,ue13,-287.054,274.025,28.704,true
107.000,ue13,-288.163,274.377,28.704,true
108.000,ue13,-289.207,274.708,28.704,true
109.000,ue13,-290.453,275.103,28.704,true
110.000,ue13,-291.591,275.465,28.704,true
111.000,ue13,-292.841,275.861,28.704,true
112.000,ue13,-293.766,276.442,28.704,true
113.000,ue13,-294.716,277.192,28.704,true
114.000,ue13,-295.611,277.898,28.704,true
115.000,ue13,-296.633,278.705,28.693,true
116.000,ue13,-297.649,279.507,28.669,true
117.000,ue13,-298.488,280.170,28.680,true
118.000,ue13,-299.363,280.861,28.705,true
119.000,ue13,-300.114,281.693,28.705,true
120.000,ue13,-300.551,282.911,28.700,true
121.000,ue13,-300.921,283.943,28.699,true
122.000,ue13,-301.710,284.703,28.697,true
123.000,ue13,-302.936,284.761,28.679,true
124.000,ue13,-303.785,284.802,28.383,true
125.000,ue13,-304.969,284.858,28.353,true
126.000,ue13,-306.282,284.921,28.353,true
127.000,ue13,-307.430,284.976,28.352,true
128.000,ue13,-308.631,285.057,28.352,true
129.000,ue13,-309.911,285.173,28.352,true
130.000,ue13,-310.973,285.270,28.352,true
131.000,ue13,-312.221,285.384,28.352,true
132.000,ue13,-313.365,285.489,28.352,true
133.000,ue13,-314.602,285.602,28.352,true
134.000,ue13,-315.909,285.721,28.352,true
135.000,ue13,-317.002,285.821,28.352,true
136.000,ue13,-318.315,285.941,28.351,true
137.000,ue13,-319.465,286.046,28.351,true
138.000,ue13,-320.572,286.147,28.351,true
139.000,ue13,-321.817,286.261,28.351,true
140.000,ue13,-322.893,286.359,28.351,true
141.000,ue13,-324.067,286.466,28.351,true
142.000,ue13,-325.205,286.570,28.351,true
143.000,ue13,-326.473,286.686,28.350,true
144.000,ue13,-327.606,286.789,28.350,true
145.000,ue13,-328.876,286.905,28.350,true
146.000,ue13,-329.992,287.007,28.350,true
147.000,ue13,-331.150,287.113,28.350,true
148.000,ue13,-332.344,287.222,28.350,true
149.000,ue13,-333.531,287.330,28.349,true
150.000,ue13,-334.765,287.443,28.349,true
151.000,ue13,-335.858,287.543,28.349,true
152.000,ue13,-336.971,287.644,28.349,true
153.000,ue13,-338.078,287.745,28.349,true
154.000,ue13,-339.226,287.850,28.349,true
155.000,ue13,-340.258,287.944,28.521,true
156.000,ue13,-341.235,288.034,28.692,true
157.000,ue13,-342.314,288.132,28.694,true
158.000,ue13,-343.473,287.572,28.696,true
159.000,ue13,-344.469,286.970,28.702,true
160.000,ue13,-345.561,286.309,28.702,true
161.000,ue13,-346.472,285.757,28.684,true
162.000,ue13,-347.431,285.177,28.673,true
163.000,ue13,-348.520,284.834,28.682,true
164.000,ue13,-349.724,284.741,28.702,true
165.000,ue13,-350.958,284.645,28.702,true
166.000,ue13,-352.167,284.552,28.702,true
167.000,ue13,-353.271,284.467,28.702,true
168.000,ue13,-354.353,284.383,28.702,true
169.000,ue13,-355.478,284.296,28.702,true
170.000,ue13,-356.731,284.199,28.702,true
171.000,ue13,-357.808,284.116,28.702,true
172.000,ue13,-359.013,284.023,28.702,true
173.000,ue13,-360.077,283.940,28.702,true
174.000,ue13,-361.267,283.848,28.702,true
175.000,ue13,-362.425,283.759,28.702,true
176.000,ue13,-363.477,283.928,28.702,true
177.000,ue13,-364.766,284.183,28.702,true
178.000,ue13,-365.878,284.402,28.702,true
179.000,ue13,-367.009,284.626,28.702,true
12.000,ue14,-116.973,165.309,33.098,true
13.000,ue14,-118.106,165.116,33.098,true
14.000,ue14,-119.279,164.915,33.098,true
15.000,ue14,-120.418,164.720,33.098,true
16.000,ue14,-121.805,164.483,33.098,true
17.000,ue14,-122.958,164.286,33.098,true
18.000,ue14,-124.305,164.056,33.098,true
19.000,ue14,-125.537,163.845,33.098,true
20.000,ue14,-126.818,163.626,33.098,true
21.000,ue14,-127.948,163.433,33.098,true
22.000,ue14,-129.231,163.213,33.098,true
23.000,ue14,-130.461,163.003,33.098,true
24.000,ue14,-131.684,162.794,33.098,true
25.000,ue14,-132.863,162.592,33.098,true
26.000,ue14,-134.159,162.341,33.098,true
27.000,ue14,-135.419,161.785,33.098,true
28.000,ue14,-136.688,161.225,33.098,true
29.000,ue14,-137.871,160.703,33.098,true
30.000,ue14,-139.030,160.191,33.098,true
31.000,ue14,-140.109,159.715,33.098,true
32.000,ue14,-141.366,159.161,33.098,true
33.000,ue14,-142.408,158.701,33.098,true
34.000,ue14,-143.463,158.235,33.098,true
35.000,ue14,-144.498,157.778,33.098,true
36.000,ue14,-145.733,157.233,33.098,true
37.000,ue14,-146.846,156.742,33.098,true
38.000,ue14,-147.806,156.319,33.250,true
39.000,ue14,-148.896,155.838,33.258,true
40.000,ue14,-150.142,155.288,33.268,true
41.000,ue14,-150.535,154.572,33.271,true
42.000,ue14,-149.604,153.685,33.262,true
43.000,ue14,-148.719,152.842,33.253,true
44.000,ue14,-147.891,152.053,33.475,true
45.000,ue14,-147.225,151.419,33.936,true
46.000,ue14,-146.570,150.794,34.360,true
47.000,ue14,-145.878,150.135,34.829,true
48.000,ue14,-145.328,149.710,35.524,true
49.000,ue14,-144.610,149.477,36.025,true
50.000,ue14,-143.817,149.220,36.453,true
51.000,ue14,-142.975,148.946,36.981,true
52.000,ue14,-142.385,148.754,37.592,true
53.000,ue14,-141.655,148.517,38.126,true
54.000,ue14,-140.957,148.291,38.550,true
55.000,ue14,-140.158,148.031,38.979,true
56.000,ue14,-139.440,147.798,39.527,true
57.000,ue14,-138.816,147.595,40.222,true
58.000,ue14,-137.862,147.286,40.656,true
59.000,ue14,-137.085,147.033,41.220,true
60.000,ue14,-136.375,146.803,41.906,true
61.000,ue14,-135.115,146.393,42.140,true
62.000,ue14,-134.039,146.044,42.514,true
63.000,ue14,-132.998,145.706,42.859,true
64.000,ue14,-131.893,145.347,43.186,true
65.000,ue14,-130.707,144.962,43.510,true
66.000,ue14,-129.505,144.806,43.731,true
67.000,ue14,-128.212,144.683,43.973,true
68.000,ue14,-126.959,144.564,44.207,true
69.000,ue14,-125.709,144.444,44.441,true
70.000,ue14,-124.521,144.331,44.663,true
71.000,ue14,-123.393,144.224,44.873,true
72.000,ue14,-122.277,144.117,45.082,true
73.000,ue14,-121.112,144.007,45.300,true
74.000,ue14,-119.746,143.876,45.555,true
75.000,ue14,-118.545,143.762,45.780,true
76.000,ue14,-117.367,143.650,46.000,true
77.000,ue14,-116.127,143.532,46.244,true
78.000,ue14,-114.964,143.421,46.475,true
79.000,ue14,-113.844,143.314,46.698,true
80.000,ue14,-112.736,143.209,46.918,true
81.000,ue14,-111.513,143.092,47.162,true
82.000,ue14,-110.199,143.020,47.417,true
83.000,ue14,-108.904,143.014,47.666,true
84.000,ue14,-107.699,143.009,47.873,true
85.000,ue14,-106.484,143.004,48.074,true
86.000,ue14,-105.122,142.998,48.299,true
87.000,ue14,-103.807,142.992,48.517,true
88.000,ue14,-102.548,142.987,48.725,true
89.000,ue14,-101.246,142.981,48.940,true
90.000,ue14,-100.103,142.976,49.112,true
91.000,ue14,-98.926,142.971,49.288,true
92.000,ue14,-97.531,142.965,49.497,true
93.000,ue14,-96.414,142.960,49.664,true
94.000,ue14,-95.174,142.955,49.850,true
95.000,ue14,-93.913,142.949,50.018,true
96.000,ue14,-92.636,142.944,50.142,true
97.000,ue14,-91.433,142.939,50.258,true
98.000,ue14,-90.156,142.933,50.391,true
99.000,ue14,-88.902,142.928,50.530,true
100.000,ue14,-87.711,142.922,50.663,true
101.000,ue14,-86.413,142.917,50.822,true
102.000,ue14,-85.017,142.911,51.009,true
103.000,ue14,-83.873,142.906,51.163,true
104.000,ue14,-82.719,142.901,51.318,true
105.000,ue14,-81.503,142.896,51.486,true
106.000,ue14,-80.112,142.890,51.683,true
107.000,ue14,-78.800,142.884,51.818,true
108.000,ue14,-77.442,142.878,51.944,true
109.000,ue14,-76.271,142.873,52.052,true
110.000,ue14,-75.132,142.868,52.159,true
111.000,ue14,-73.871,142.863,52.291,true
112.000,ue14,-72.683,142.858,52.379,true
113.000,ue14,-71.543,142.853,52.440,true
114.000,ue14,-70.159,142.847,52.504,true
115.000,ue14,-68.912,142.841,52.560,true
116.000,ue14,-67.830,142.617,52.596,true
117.000,ue14,-66.614,142.264,52.605,true
118.000,ue14,-65.322,141.889,52.613,true
119.000,ue14,-64.324,141.499,52.620,true
120.000,ue14,-63.564,140.609,52.612,true
121.000,ue14,-62.661,139.553,52.629,true
122.000,ue14,-61.774,138.516,52.656,true
123.000,ue14,-60.882,137.472,52.671,true
124.000,ue14,-60.022,136.465,52.683,true
125.000,ue14,-59.282,135.599,52.691,true
126.000,ue14,-58.377,134.541,52.699,true
127.000,ue14,-57.511,133.526,52.707,true
128.000,ue14,-56.993,132.494,52.720,true
129.000,ue14,-56.913,131.110,52.714,true
130.000,ue14,-56.832,129.728,52.707,true
131.000,ue14,-56.765,128.565,52.710,true
132.000,ue14,-56.690,127.279,52.714,true
133.000,ue14,-56.609,125.881,52.718,true
134.000,ue14,-56.529,124.519,52.722,true
135.000,ue14,-56.455,123.245,52.726,true
136.000,ue14,-56.379,121.935,52.730,true
137.000,ue14,-56.298,120.540,52.734,true
138.000,ue14,-56.222,119.229,52.738,true
139.000,ue14,-56.190,118.098,52.740,true
140.000,ue14,-56.201,116.860,52.743,true
141.000,ue14,-56.213,115.492,52.745,true
142.000,ue14,-56.225,114.106,52.747,true
143.000,ue14,-56.237,112.747,52.748,true
144.000,ue14,-56.249,111.339,52.749,true
145.000,ue14,-56.259,110.188,52.749,true
146.000,ue14,-56.271,108.805,52.750,true
147.000,ue14,-56.284,107.401,52.751,true
148.000,ue14,-56.295,106.095,52.752,true
149.000,ue14,-56.307,104.754,52.753,true
150.000,ue14,-56.317,103.588,52.754,true
151.000,ue14,-56.327,102.457,52.755,true
152.000,ue14,-56.339,101.070,52.756,true
153.000,ue14,-56.350,99.768,52.757,true
154.000,ue14,-56.362,98.468,52.758,true
155.000,ue14,-56.372,97.259,52.759,true
156.000,ue14,-56.384,95.921,52.759,true
157.000,ue14,-56.394,94.753,52.733,true
158.000,ue14,-56.406,93.359,52.733,true
159.000,ue14,-56.418,92.026,52.669,true
160.000,ue14,-56.429,90.812,52.595,true
161.000,ue14,-56.440,89.517,52.578,true
162.000,ue14,-56.451,88.263,52.545,true
163.000,ue14,-56.462,87.019,52.545,true
164.000,ue14,-56.473,85.688,52.545,true
165.000,ue14,-56.485,84.376,52.545,true
166.000,ue14,-56.497,83.026,52.545,true
12.000,ue15,-350.430,81.455,31.966,true
13.000,ue15,-349.649,82.118,31.966,true
14.000,ue15,-348.752,82.881,31.966,true
15.000,ue15,-348.549,83.801,31.966,true
16.000,ue15,-349.050,84.838,31.957,true
17.000,ue15,-349.510,85.790,31.934,true
18.000,ue15,-350.041,86.890,31.882,true
19.000,ue15,-350.581,88.006,31.810,true
20.000,ue15,-351.108,89.097,31.720,true
21.000,ue15,-351.637,90.193,31.629,true
22.000,ue15,-352.090,91.129,31.528,true
23.000,ue15,-352.542,92.064,31.421,true
24.000,ue15,-353.091,93.200,31.279,true
25.000,ue15,-353.627,94.311,31.124,true
26.000,ue15,-354.067,95.220,30.980,true
27.000,ue15,-354.532,96.183,30.825,true
28.000,ue15,-355.066,97.289,30.624,true
29.000,ue15,-355.594,98.380,30.410,true
30.000,ue15,-356.069,99.363,30.218,true
31.000,ue15,-356.538,100.334,30.028,true
32.000,ue15,-357.019,101.331,29.826,true
33.000,ue15,-357.502,102.329,29.619,true
34.000,ue15,-358.004,103.369,29.403,true
35.000,ue15,-358.454,104.299,29.200,true
36.000,ue15,-358.892,105.206,29.022,true
37.000,ue15,-359.393,106.243,28.815,true
38.000,ue15,-359.924,107.342,28.592,true
39.000,ue15,-360.428,108.384,28.401,true
40.000,ue15,-360.948,109.461,28.218,true
41.000,ue15,-361.412,110.421,28.097,true
42.000,ue15,-361.897,111.425,27.975,true
43.000,ue15,-362.378,112.420,27.878,true
44.000,ue15,-362.888,113.475,27.781,true
45.000,ue15,-363.351,114.433,27.707,true
46.000,ue15,-363.881,115.530,27.633,true
47.000,ue15,-364.351,116.502,27.585,true
48.000,ue15,-364.811,117.455,27.544,true
49.000,ue15,-365.286,118.437,27.501,true
50.000,ue15,-365.729,119.354,27.483,true
51.000,ue15,-366.190,120.309,27.461,true
52.000,ue15,-366.723,121.411,27.445,true
53.000,ue15,-367.250,122.502,27.424,true
54.000,ue15,-367.250,123.513,27.403,true
55.000,ue15,-367.204,124.722,27.382,true
56.000,ue15,-367.163,125.792,27.354,true
57.000,ue15,-367.119,126.932,27.312,true
58.000,ue15,-367.076,128.042,27.259,true
59.000,ue15,-367.030,129.240,27.204,true
60.000,ue15,-366.987,130.370,27.140,true
61.000,ue15,-366.942,131.543,27.087,true
62.000,ue15,-366.897,132.713,27.043,true
63.000,ue15,-366.857,133.757,27.004,true
64.000,ue15,-366.815,134.851,26.969,true
65.000,ue15,-366.774,135.911,26.949,true
66.000,ue15,-366.731,137.024,26.922,true
67.000,ue15,-366.689,138.135,26.906,true
68.000,ue15,-366.644,139.293,26.890,true
69.000,ue15,-366.605,140.311,26.890,true
70.000,ue15,-366.566,141.337,26.890,true
71.000,ue15,-366.521,142.487,26.890,true
72.000,ue15,-366.482,143.517,26.890,true
73.000,ue15,-366.441,144.575,26.890,true
74.000,ue15,-366.399,145.665,26.890,true
75.000,ue15,-366.353,146.877,26.890,true
76.000,ue15,-366.313,147.915,26.890,true
77.000,ue15,-366.281,148.941,26.890,true
78.000,ue15,-366.398,149.968,26.890,true
79.000,ue15,-366.522,151.056,26.890,true
80.000,ue15,-366.642,152.110,26.890,true
81.000,ue15,-366.783,153.347,26.890,true
82.000,ue15,-366.899,154.369,26.890,true
83.000,ue15,-367.032,155.540,26.890,true
84.000,ue15,-367.163,156.689,26.890,true
85.000,ue15,-367.304,157.922,26.890,true
86.000,ue15,-367.420,158.941,26.890,true
87.000,ue15,-367.542,160.017,26.890,true
88.000,ue15,-367.679,161.219,26.890,true
89.000,ue15,-367.800,162.282,26.890,true
90.000,ue15,-367.935,163.467,26.890,true
91.000,ue15,-368.070,164.649,26.890,true
92.000,ue15,-368.191,165.716,26.890,true
93.000,ue15,-368.329,166.921,26.890,true
94.000,ue15,-368.445,167.939,26.890,true
95.000,ue15,-368.578,169.109,26.890,true
96.000,ue15,-368.702,170.198,26.890,true
97.000,ue15,-368.838,171.393,26.890,true
98.000,ue15,-368.978,172.621,26.890,true
99.000,ue15,-369.118,173.850,26.890,true
100.000,ue15,-369.257,175.069,26.890,true
101.000,ue15,-369.376,176.119,26.890,true
102.000,ue15,-370.071,176.642,26.889,true
103.000,ue15,-371.230,176.331,26.890,true
15.000,ue16,-272.473,318.196,32.657,true
16.000,ue16,-271.466,318.229,32.467,true
17.000,ue16,-270.449,318.263,32.311,true
18.000,ue16,-269.559,318.292,31.889,true
19.000,ue16,-268.821,318.316,31.503,true
20.000,ue16,-268.041,318.341,30.949,true
21.000,ue16,-267.174,318.370,30.556,true
22.000,ue16,-266.342,318.397,30.183,true
23.000,ue16,-264.997,318.441,30.183,true
24.000,ue16,-263.907,318.477,30.183,true
25.000,ue16,-262.627,318.518,30.183,true
26.000,ue16,-261.522,318.555,30.183,true
27.000,ue16,-260.409,318.591,30.183,true
28.000,ue16,-259.202,318.630,30.183,true
29.000,ue16,-258.106,318.666,30.183,true
30.000,ue16,-256.918,318.705,30.183,true
31.000,ue16,-255.792,318.742,30.183,true
32.000,ue16,-254.687,318.778,30.200,true
33.000,ue16,-253.682,318.811,29.943,true
34.000,ue16,-252.722,318.842,29.620,true
35.000,ue16,-251.822,318.872,29.172,true
36.000,ue16,-251.221,318.892,28.779,true
37.000,ue16,-250.458,318.917,28.670,true
38.000,ue16,-249.530,318.947,28.802,true
39.000,ue16,-248.333,318.986,28.802,true
40.000,ue16,-248.300,318.054,28.802,true
41.000,ue16,-248.305,316.844,28.803,true
42.000,ue16,-248.310,315.572,28.803,true
43.000,ue16,-248.316,314.251,28.803,true
44.000,ue16,-248.321,313.065,28.803,true
45.000,ue16,-248.326,311.917,28.804,true
46.000,ue16,-248.331,310.782,28.804,true
47.000,ue16,-248.336,309.608,28.804,true
48.000,ue16,-248.341,308.463,28.805,true
49.000,ue16,-248.347,307.170,28.805,true
50.000,ue16,-248.352,305.829,28.805,true
51.000,ue16,-248.357,304.730,28.805,true
52.000,ue16,-248.362,303.551,28.806,true
53.000,ue16,-248.368,302.204,28.806,true
54.000,ue16,-248.373,301.006,28.806,true
55.000,ue16,-248.379,299.678,28.807,true
56.000,ue16,-248.385,298.359,28.807,true
57.000,ue16,-248.390,297.065,28.807,true
58.000,ue16,-248.396,295.736,28.807,true
59.000,ue16,-248.307,294.583,28.808,true
60.000,ue16,-248.121,293.516,28.808,true
61.000,ue16,-247.916,292.336,28.808,true
62.000,ue16,-247.715,291.184,28.808,true
63.000,ue16,-247.507,289.986,28.809,true
64.000,ue16,-247.321,288.919,28.809,true
65.000,ue16,-247.095,287.623,28.812,true
66.000,ue16,-246.866,286.306,28.815,true
67.000,ue16,-246.672,285.192,28.814,true
68.000,ue16,-246.467,284.012,28.812,true
69.000,ue16,-246.238,282.701,28.810,true
70.000,ue16,-246.035,281.533,28.808,true
71.000,ue16,-245.819,280.294,28.807,true
72.000,ue16,-245.598,279.024,28.805,true
73.000,ue16,-245.906,278.368,28.812,true
74.000,ue16,-247.044,278.282,28.825,true
75.000,ue16,-248.324,278.185,28.839,true
76.000,ue16,-249.484,278.097,28.849,true
77.000,ue16,-250.715,278.004,28.830,true
78.000,ue16,-252.049,277.903,28.817,true
79.000,ue16,-253.331,277.806,28.805,true
80.000,ue16,-254.506,277.717,28.794,true
81.000,ue16,-255.607,277.634,28.783,true
82.000,ue16,-256.757,277.547,28.772,true
83.000,ue16,-258.022,277.451,28.759,true
84.000,ue16,-259.360,277.350,28.745,true
85.000,ue16,-260.624,277.255,28.730,true
86.000,ue16,-261.895,277.158,28.716,true
87.000,ue16,-262.996,277.075,28.630,true
88.000,ue16,-264.264,276.979,28.647,true
89.000,ue16,-265.499,276.886,28.650,true
90.000,ue16,-266.658,276.798,28.645,true
91.000,ue16,-267.741,276.716,28.657,true
92.000,ue16,-268.920,276.170,28.674,true
93.000,ue16,-270.035,275.595,28.676,true
94.000,ue16,-271.212,274.987,28.672,true
95.000,ue16,-272.270,274.441,28.670,true
96.000,ue16,-273.299,273.910,28.659,true
97.000,ue16,-274.347,273.368,28.652,true
98.000,ue16,-275.451,273.172,28.656,true
99.000,ue16,-276.626,273.218,28.672,true
100.000,ue16,-277.888,273.267,28.688,true
101.000,ue16,-279.135,273.315,28.704,true
102.000,ue16,-280.462,273.367,28.704,true
103.000,ue16,-281.626,273.412,28.704,true
104.000,ue16,-282.902,273.461,28.704,true
105.000,ue16,-284.119,273.701,28.704,true
106.000,ue16,-285.225,274.052,28.704,true
107.000,ue16,-286.261,274.380,28.704,true
108.000,ue16,-287.299,274.709,28.704,true
109.000,ue16,-288.543,275.104,28.704,true
110.000,ue16,-289.604,275.441,28.704,true
111.000,ue16,-290.709,275.791,28.704,true
112.000,ue16,-291.842,276.151,28.704,true
113.000,ue16,-292.951,276.503,28.704,true
114.000,ue16,-293.816,277.176,28.704,true
115.000,ue16,-294.667,277.847,28.704,true
116.000,ue16,-295.643,278.618,28.704,true
117.000,ue16,-296.608,279.380,28.688,true
118.000,ue16,-297.581,280.149,28.670,true
119.000,ue16,-298.537,280.903,28.690,true
120.000,ue16,-299.552,281.704,28.705,true
121.000,ue16,-300.073,282.644,28.703,true
122.000,ue16,-300.450,283.695,28.700,true
123.000,ue16,-300.883,284.902,28.698,true
124.000,ue16,-300.822,286.073,28.698,true
125.000,ue16,-300.622,287.206,28.661,true
126.000,ue16,-300.405,288.436,28.647,true
127.000,ue16,-300.194,289.635,28.647,true
128.000,ue16,-300.048,290.459,29.094,true
129.000,ue16,-299.920,291.186,29.528,true
130.000,ue16,-299.789,291.930,29.880,true
131.000,ue16,-299.620,292.889,30.236,true
132.000,ue16,-299.471,293.733,30.489,true
133.000,ue16,-299.255,294.956,30.489,true
134.000,ue16,-299.040,296.178,30.489,true
135.000,ue16,-298.942,296.736,31.045,true
136.000,ue16,-298.807,297.502,31.515,true
15.000,ue17,-116.375,165.329,33.098,true
16.000,ue17,-117.636,165.114,33.098,true
17.000,ue17,-118.947,164.889,33.098,true
18.000,ue17,-120.333,164.652,33.098,true
19.000,ue17,-121.653,164.427,33.098,true
20.000,ue17,-123.186,164.165,33.098,true
21.000,ue17,-124.640,163.916,33.098,true
22.000,ue17,-126.101,163.666,33.098,true
23.000,ue17,-127.522,163.423,33.098,true
24.000,ue17,-129.085,163.156,33.098,true
25.000,ue17,-130.371,162.936,33.098,true
26.000,ue17,-131.671,162.714,33.098,true
27.000,ue17,-133.000,162.487,33.098,true
28.000,ue17,-134.426,161.979,33.098,true
29.000,ue17,-135.613,161.455,33.098,true
30.000,ue17,-137.011,160.838,33.098,true
31.000,ue17,-138.261,160.287,33.098,true
32.000,ue17,-139.508,159.736,33.098,true
33.000,ue17,-140.902,159.121,33.098,true
34.000,ue17,-142.031,158.623,33.098,true
35.000,ue17,-143.009,158.191,33.098,true
36.000,ue17,-144.250,157.644,33.098,true
37.000,ue17,-145.351,157.158,33.098,true
38.000,ue17,-146.640,156.589,33.098,true
39.000,ue17,-147.472,156.222,33.252,true
40.000,ue17,-148.683,155.688,33.262,true
41.000,ue17,-149.699,155.240,33.270,true
42.000,ue17,-149.655,154.559,33.272,true
43.000,ue17,-149.059,154.638,33.267,true
44.000,ue17,-148.009,153.638,33.257,true
45.000,ue17,-146.956,152.635,33.246,true
46.000,ue17,-146.377,152.082,33.731,true
47.000,ue17,-145.652,151.393,34.355,true
48.000,ue17,-144.899,150.675,34.783,true
49.000,ue17,-144.554,150.345,35.479,true
50.000,ue17,-143.613,150.040,36.033,true
51.000,ue17,-142.770,149.766,36.463,true
52.000,ue17,-142.057,149.535,37.285,true
53.000,ue17,-141.119,149.230,37.719,true
54.000,ue17,-140.395,148.995,38.373,true
55.000,ue17,-139.585,148.732,38.970,true
56.000,ue17,-138.640,148.425,39.411,true
57.000,ue17,-137.954,148.202,40.225,true
58.000,ue17,-137.068,147.915,40.656,true
59.000,ue17,-136.272,147.656,41.311,true
60.000,ue17,-135.359,147.359,41.914,true
61.000,ue17,-134.199,146.983,42.179,true
62.000,ue17,-133.008,146.596,42.602,true
63.000,ue17,-131.718,146.177,43.002,true
64.000,ue17,-130.473,145.773,43.368,true
65.000,ue17,-129.169,145.494,43.671,true
66.000,ue17,-127.706,145.354,43.945,true
67.000,ue17,-126.312,145.222,44.205,true
68.000,ue17,-124.954,145.092,44.459,true
69.000,ue17,-123.425,144.947,44.745,true
70.000,ue17,-122.090,144.819,44.994,true
71.000,ue17,-120.810,144.697,45.233,true
72.000,ue17,-119.495,144.572,45.479,true
73.000,ue17,-118.152,144.444,45.730,true
74.000,ue17,-116.723,144.308,45.997,true
75.000,ue17,-115.460,144.188,46.246,true
76.000,ue17,-114.214,144.069,46.493,true
77.000,ue17,-112.856,143.940,46.764,true
78.000,ue17,-111.339,143.795,47.065,true
79.000,ue17,-110.108,143.682,47.320,true
80.000,ue17,-108.691,143.675,47.591,true
81.000,ue17,-107.358,143.670,47.831,true
82.000,ue17,-105.876,143.663,48.075,true
83.000,ue17,-104.528,143.657,48.298,true
84.000,ue17,-103.085,143.651,48.537,true
85.000,ue17,-101.728,143.645,48.761,true
86.000,ue17,-100.367,143.640,48.982,true
87.000,ue17,-98.839,143.633,49.211,true
88.000,ue17,-97.350,143.626,49.434,true
89.000,ue17,-96.012,143.621,49.635,true
90.000,ue17,-94.515,143.614,49.859,true
91.000,ue17,-93.009,143.608,50.047,true
92.000,ue17,-91.643,143.602,50.180,true
93.000,ue17,-90.132,143.595,50.327,true
94.000,ue17,-88.786,143.589,50.477,true
95.000,ue17,-87.309,143.583,50.641,true
96.000,ue17,-85.763,143.576,50.828,true
97.000,ue17,-84.308,143.570,51.024,true
98.000,ue17,-82.934,143.564,51.209,true
99.000,ue17,-81.616,143.559,51.386,true
100.000,ue17,-80.171,143.552,51.590,true
101.000,ue17,-78.607,143.546,51.780,true
102.000,ue17,-77.168,143.539,51.914,true
103.000,ue17,-75.792,143.533,52.041,true
104.000,ue17,-74.307,143.527,52.183,true
105.000,ue17,-72.953,143.521,52.324,true
106.000,ue17,-71.654,143.516,52.402,true
107.000,ue17,-70.166,143.509,52.476,true
108.000,ue17,-68.838,143.503,52.536,true
109.000,ue17,-67.419,143.358,52.591,true
110.000,ue17,-65.943,142.929,52.605,true
111.000,ue17,-64.608,142.542,52.613,true
112.000,ue17,-63.674,142.452,52.638,true
113.000,ue17,-62.574,143.089,52.551,true
114.000,ue17,-61.288,143.835,52.712,true
115.000,ue17,-60.055,144.549,52.983,true
116.000,ue17,-58.926,145.204,53.299,true
117.000,ue17,-57.715,145.905,53.708,true
118.000,ue17,-56.555,146.578,54.167,true
119.000,ue17,-55.419,147.236,54.656,true
120.000,ue17,-54.196,147.945,55.266,true
121.000,ue17,-53.122,148.568,55.854,true
122.000,ue17,-51.970,149.235,56.527,true
123.000,ue17,-50.472,149.620,57.309,true
124.000,ue17,-49.387,149.826,57.962,true
125.000,ue17,-48.239,150.044,58.650,true
126.000,ue17,-46.956,150.288,59.360,true
127.000,ue17,-45.560,150.553,60.072,true
128.000,ue17,-44.250,150.802,60.642,true
129.000,ue17,-42.822,151.073,61.155,true
130.000,ue17,-41.423,151.339,61.560,true
131.000,ue17,-39.865,151.457,61.885,true
132.000,ue17,-38.465,151.451,62.106,true
133.000,ue17,-36.912,151.444,62.303,true
134.000,ue17,-35.450,151.438,62.428,true
135.000,ue17,-34.126,151.432,62.509,true
136.000,ue17,-32.752,151.426,62.573,true
137.000,ue17,-31.337,151.420,62.595,true
138.000,ue17,-30.106,151.468,62.595,true
139.000,ue17,-28.669,151.621,62.595,true
15.000,ue18,-350.403,81.140,31.966,true
16.000,ue18,-349.478,81.926,31.966,true
17.000,ue18,-348.552,82.713,31.966,true
18.000,ue18,-348.605,83.659,31.966,true
19.000,ue18,-349.120,84.724,31.951,true
20.000,ue18,-349.583,85.682,31.924,true
21.000,ue18,-350.110,86.773,31.871,true
22.000,ue18,-350.602,87.790,31.803,true
23.000,ue18,-351.110,88.841,31.716,true
24.000,ue18,-351.563,89.779,31.638,true
25.000,ue18,-352.117,90.927,31.515,true
26.000,ue18,-352.609,91.945,31.395,true
27.000,ue18,-353.113,92.987,31.266,true
28.000,ue18,-353.578,93.950,31.131,true
29.000,ue18,-354.089,95.008,30.963,true
30.000,ue18,-354.610,96.086,30.787,true
31.000,ue18,-355.146,97.195,30.581,true
32.000,ue18,-355.703,98.347,30.355,true
33.000,ue18,-356.184,99.343,30.160,true
34.000,ue18,-356.633,100.271,29.978,true
35.000,ue18,-357.182,101.408,29.740,true
36.000,ue18,-357.642,102.360,29.546,true
37.000,ue18,-358.194,103.503,29.304,true
38.000,ue18,-358.664,104.474,29.104,true
39.000,ue18,-359.128,105.435,28.914,true
40.000,ue18,-359.672,106.562,28.685,true
41.000,ue18,-360.163,107.578,28.492,true
42.000,ue18,-360.639,108.562,28.309,true
43.000,ue18,-361.128,109.575,28.161,true
44.000,ue18,-361.607,110.565,28.039,true
45.000,ue18,-362.122,111.630,27.922,true
46.000,ue18,-362.635,112.692,27.823,true
47.000,ue18,-363.191,113.843,27.729,true
48.000,ue18,-363.744,114.988,27.645,true
49.000,ue18,-364.287,116.112,27.589,true
50.000,ue18,-364.755,117.081,27.547,true
51.000,ue18,-365.302,118.213,27.499,true
52.000,ue18,-365.783,119.208,27.480,true
53.000,ue18,-366.279,120.235,27.458,true
54.000,ue18,-366.778,121.266,27.442,true
55.000,ue18,-367.254,122.385,27.419,true
56.000,ue18,-367.209,123.568,27.398,true
57.000,ue18,-367.165,124.716,27.377,true
58.000,ue18,-367.119,125.911,27.338,true
59.000,ue18,-367.072,127.129,27.291,true
60.000,ue18,-367.026,128.337,27.230,true
61.000,ue18,-366.985,129.402,27.177,true
62.000,ue18,-366.941,130.555,27.114,true
63.000,ue18,-366.900,131.600,27.073,true
64.000,ue18,-366.856,132.763,27.030,true
65.000,ue18,-366.814,133.851,26.989,true
66.000,ue18,-366.769,135.028,26.960,true
67.000,ue18,-366.719,136.325,26.929,true
68.000,ue18,-366.673,137.513,26.909,true
69.000,ue18,-366.630,138.629,26.893,true
70.000,ue18,-366.586,139.784,26.890,true
71.000,ue18,-366.536,141.081,26.890,true
72.000,ue18,-366.487,142.369,26.890,true
73.000,ue18,-366.445,143.468,26.890,true
74.000,ue18,-366.401,144.591,26.890,true
75.000,ue18,-366.355,145.797,26.890,true
76.000,ue18,-366.320,146.717,26.890,true
77.000,ue18,-366.283,147.679,26.890,true
78.000,ue18,-366.285,148.898,26.890,true
79.000,ue18,-366.397,149.887,26.890,true
80.000,ue18,-366.528,151.037,26.890,true
81.000,ue18,-366.670,152.280,26.890,true
82.000,ue18,-366.773,153.187,26.890,true
83.000,ue18,-366.900,154.302,26.890,true
84.000,ue18,-367.036,155.491,26.890,true
85.000,ue18,-367.173,156.693,26.890,true
86.000,ue18,-367.285,157.680,26.890,true
87.000,ue18,-367.401,158.699,26.890,true
88.000,ue18,-367.531,159.842,26.890,true
89.000,ue18,-367.651,160.894,26.890,true
90.000,ue18,-367.798,162.186,26.890,true
91.000,ue18,-367.941,163.443,26.890,true
92.000,ue18,-368.070,164.573,26.890,true
93.000,ue18,-368.203,165.737,26.890,true
94.000,ue18,-368.315,166.721,26.890,true
95.000,ue18,-368.443,167.850,26.890,true
96.000,ue18,-368.582,169.071,26.890,true
97.000,ue18,-368.702,170.118,26.890,true
98.000,ue18,-368.846,171.387,26.890,true
99.000,ue18,-368.981,172.570,26.890,true
100.000,ue18,-369.116,173.751,26.890,true
101.000,ue18,-369.235,174.798,26.890,true
102.000,ue18,-369.354,175.849,26.890,true
103.000,ue18,-369.485,176.885,26.879,true
104.000,ue18,-369.658,178.118,26.873,true
105.000,ue18,-369.832,179.353,26.873,true
106.000,ue18,-370.005,180.583,26.873,true
107.000,ue18,-370.155,181.648,26.873,true
108.000,ue18,-370.326,182.864,26.873,true
109.000,ue18,-370.483,183.980,26.873,true
110.000,ue18,-370.656,185.209,26.873,true
111.000,ue18,-370.826,186.416,26.873,true
112.000,ue18,-371.000,187.647,26.873,true
113.000,ue18,-371.180,188.927,26.873,true
114.000,ue18,-371.347,190.116,26.873,true
115.000,ue18,-371.512,191.285,26.873,true
116.000,ue18,-371.676,192.448,26.873,true
117.000,ue18,-371.827,193.528,26.873,true
118.000,ue18,-371.984,194.639,26.873,true
119.000,ue18,-372.133,195.701,26.873,true
120.000,ue18,-372.286,196.783,26.873,true
121.000,ue18,-372.448,197.937,26.873,true
122.000,ue18,-372.618,199.143,26.873,true
123.000,ue18,-372.763,200.175,26.873,true
124.000,ue18,-372.917,201.266,26.873,true
125.000,ue18,-373.083,202.446,26.873,true
126.000,ue18,-373.228,203.482,26.873,true
18.000,ue19,-319.489,396.271,23.891,true
19.000,ue19,-319.517,395.081,23.638,true
20.000,ue19,-319.543,393.995,23.186,true
21.000,ue19,-319.579,392.527,23.186,true
22.000,ue19,-319.613,391.075,23.186,true
23.000,ue19,-319.650,389.551,23.186,true
24.000,ue19,-319.684,388.137,23.186,true
25.000,ue19,-319.719,386.642,23.186,true
26.000,ue19,-319.755,385.165,23.186,true
27.000,ue19,-319.787,383.815,23.186,true
28.000,ue19,-319.818,382.526,23.186,true
29.000,ue19,-319.853,381.063,23.186,true
30.000,ue19,-319.886,379.674,23.186,true
31.000,ue19,-319.918,378.353,23.186,true
32.000,ue19,-319.950,377.018,23.186,true
33.000,ue19,-319.983,375.621,23.162,true
34.000,ue19,-320.014,374.343,23.321,true
35.000,ue19,-320.044,373.071,23.321,true
36.000,ue19,-320.076,371.739,23.144,true
37.000,ue19,-320.099,370.763,23.483,true
38.000,ue19,-320.121,369.865,23.864,true
39.000,ue19,-320.144,368.882,24.351,true
40.000,ue19,-320.167,367.923,24.876,true
41.000,ue19,-320.194,366.809,25.047,true
42.000,ue19,-320.471,365.597,25.047,true
43.000,ue19,-321.514,364.821,25.043,true
44.000,ue19,-322.377,364.180,25.382,true
45.000,ue19,-323.169,363.591,25.897,true
46.000,ue19,-323.928,363.027,26.421,true
47.000,ue19,-324.632,362.503,26.927,true
48.000,ue19,-325.631,361.761,27.098,true
49.000,ue19,-326.749,360.930,27.098,true
50.000,ue19,-327.556,360.330,27.632,true
51.000,ue19,-328.256,359.810,28.100,true
52.000,ue19,-328.933,359.307,28.500,true
53.000,ue19,-329.635,358.785,28.959,true
54.000,ue19,-330.128,357.818,29.187,true
55.000,ue19,-330.668,356.385,29.187,true
56.000,ue19,-331.102,355.230,29.260,true
57.000,ue19,-331.408,354.418,29.747,true
58.000,ue19,-331.774,353.446,30.086,true
59.000,ue19,-332.264,352.144,30.215,true
60.000,ue19,-332.727,350.914,30.203,true
61.000,ue19,-333.199,349.659,30.192,true
62.000,ue19,-333.620,348.541,30.231,true
63.000,ue19,-334.545,348.074,30.231,true
64.000,ue19,-335.815,347.855,30.231,true
65.000,ue19,-337.214,347.615,30.231,true
66.000,ue19,-338.484,347.396,30.231,true
67.000,ue19,-339.982,347.139,30.231,true
68.000,ue19,-341.315,346.909,30.231,true
69.000,ue19,-342.613,346.686,30.231,true
70.000,ue19,-343.914,346.462,30.231,true
71.000,ue19,-345.276,346.228,30.231,true
72.000,ue19,-346.498,346.018,30.231,true
73.000,ue19,-347.891,345.778,30.231,true
74.000,ue19,-349.345,345.528,30.231,true
75.000,ue19,-350.601,345.312,30.232,true
76.000,ue19,-351.911,345.087,30.232,true
77.000,ue19,-353.373,344.835,30.232,true
78.000,ue19,-354.623,344.620,30.233,true
79.000,ue19,-355.991,344.385,30.223,true
80.000,ue19,-356.791,344.247,29.689,true
81.000,ue19,-357.695,344.092,29.350,true
82.000,ue19,-358.502,343.953,28.914,true
83.000,ue19,-359.767,343.455,28.826,true
84.000,ue19,-361.004,342.659,28.826,true
85.000,ue19,-362.078,341.967,28.826,true
86.000,ue19,-363.172,341.263,28.826,true
87.000,ue19,-364.427,340.455,28.826,true
88.000,ue19,-365.429,339.530,28.826,true
89.000,ue19,-366.109,338.272,28.826,true
90.000,ue19,-366.730,337.123,28.826,true
91.000,ue19,-367.407,335.871,28.826,true
92.000,ue19,-368.083,334.620,28.826,true
93.000,ue19,-368.787,333.317,28.826,true
94.000,ue19,-369.422,332.142,28.826,true
95.000,ue19,-370.141,330.812,28.826,true
96.000,ue19,-370.773,329.642,28.826,true
97.000,ue19,-371.400,328.482,28.826,true
98.000,ue19,-372.100,327.186,28.826,true
99.000,ue19,-372.738,326.006,28.826,true
100.000,ue19,-373.431,324.724,28.826,true
101.000,ue19,-374.135,323.422,28.826,true
102.000,ue19,-374.806,322.181,28.826,true
103.000,ue19,-375.496,320.904,28.826,true
104.000,ue19,-376.166,319.664,28.826,true
105.000,ue19,-376.783,318.522,28.826,true
106.000,ue19,-377.468,317.254,28.826,true
107.000,ue19,-378.175,315.946,28.826,true
108.000,ue19,-378.901,314.604,28.826,true
109.000,ue19,-379.304,313.272,28.826,true
110.000,ue19,-379.637,311.770,28.826,true
111.000,ue19,-379.918,310.504,28.826,true
112.000,ue19,-380.212,309.178,28.826,true
113.000,ue19,-380.488,307.935,28.827,true
114.000,ue19,-380.574,306.431,28.827,true
115.000,ue19,-380.517,305.007,28.827,true
116.000,ue19,-380.457,303.535,28.825,true
117.000,ue19,-380.398,302.072,28.796,true
118.000,ue19,-380.341,300.654,28.775,true
119.000,ue19,-380.286,299.298,28.759,true
120.000,ue19,-380.234,298.022,28.761,true
121.000,ue19,-380.183,296.764,28.761,true
122.000,ue19,-380.133,295.519,28.758,true
123.000,ue19,-380.080,294.207,28.758,true
124.000,ue19,-380.029,292.949,28.757,true
125.000,ue19,-379.971,291.513,28.757,true
126.000,ue19,-379.910,290.014,28.762,true
127.000,ue19,-379.856,288.680,28.771,true
128.000,ue19,-379.604,287.230,28.699,true
129.000,ue19,-378.357,286.984,28.664,true
130.000,ue19,-377.039,286.724,28.628,true
131.000,ue19,-375.806,286.481,28.593,true
132.000,ue19,-374.428,286.208,28.555,true
133.000,ue19,-373.094,285.945,28.518,true
134.000,ue19,-371.743,285.678,28.518,true
135.000,ue19,-370.511,285.435,28.603,true
136.000,ue19,-369.041,285.145,28.702,true
137.000,ue19,-367.762,284.892,28.702,true
138.000,ue19,-366.510,284.645,28.702,true
139.000,ue19,-365.015,284.350,28.702,true
140.000,ue19,-363.719,284.094,28.702,true
141.000,ue19,-362.376,283.919,28.702,true
142.000,ue19,-361.054,284.021,28.702,true
143.000,ue19,-359.780,284.119,28.702,true
144.000,ue19,-358.382,284.227,28.702,true
145.000,ue19,-357.009,284.334,28.702,true
146.000,ue19,-355.623,284.441,28.702,true
147.000,ue19,-354.327,284.541,28.702,true
148.000,ue19,-353.053,284.639,28.702,true
149.000,ue19,-351.724,284.742,28.702,true
150.000,ue19,-350.332,284.850,28.702,true
151.000,ue19,-348.823,284.966,28.687,true
152.000,ue19,-347.529,285.324,28.673,true
153.000,ue19,-346.311,286.061,28.694,true
154.000,ue19,-345.072,286.810,28.702,true
155.000,ue19,-343.983,287.470,28.697,true
156.000,ue19,-342.726,288.230,28.694,true
157.000,ue19,-342.387,288.915,28.694,true
158.000,ue19,-341.073,288.795,28.692,true
159.000,ue19,-339.981,288.695,28.352,true
160.000,ue19,-338.596,288.569,28.349,true
161.000,ue19,-337.173,288.439,28.349,true
162.000,ue19,-335.891,288.322,28.349,true
163.000,ue19,-334.536,288.198,28.349,true
164.000,ue19,-333.243,288.080,28.350,true
165.000,ue19,-331.816,287.950,28.350,true
166.000,ue19,-330.558,287.835,28.350,true
167.000,ue19,-329.115,287.703,28.350,true
168.000,ue19,-327.707,287.575,28.350,true
169.000,ue19,-326.208,287.438,28.350,true
170.000,ue19,-324.825,287.312,28.351,true
171.000,ue19,-323.339,287.176,28.351,true
172.000,ue19,-322.041,287.057,28.351,true
173.000,ue19,-320.582,286.924,28.351,true
174.000,ue19,-319.210,286.799,28.351,true
175.000,ue19,-317.834,286.673,28.351,true
176.000,ue19,-316.525,286.554,28.352,true
177.000,ue19,-315.257,286.438,28.352,true
178.000,ue19,-313.965,286.320,28.352,true
179.000,ue19,-312.525,286.188,28.352,true
18.000,ue20,-51.035,49.656,52.574,true
19.000,ue20,-52.308,50.036,52.574,true
20.000,ue20,-53.578,50.416,52.574,true
21.000,ue20,-54.849,50.795,52.563,true
22.000,ue20,-56.071,51.247,52.563,true
23.000,ue20,-56.060,52.588,52.563,true
24.000,ue20,-56.049,53.820,52.568,true
25.000,ue20,-56.037,55.116,52.572,true
26.000,ue20,-56.025,56.544,52.577,true
27.000,ue20,-56.012,58.001,52.582,true
28.000,ue20,-56.002,59.220,52.587,true
29.000,ue20,-55.989,60.695,52.592,true
30.000,ue20,-55.977,62.040,52.596,true
31.000,ue20,-55.965,63.354,52.601,true
32.000,ue20,-55.954,64.630,52.608,true
33.000,ue20,-55.942,65.983,52.619,true
34.000,ue20,-55.930,67.388,52.630,true
35.000,ue20,-55.919,68.616,52.640,true
36.000,ue20,-55.909,69.850,52.650,true
37.000,ue20,-55.898,71.107,52.660,true
38.000,ue20,-55.885,72.533,52.671,true
39.000,ue20,-55.873,73.925,52.683,true
40.000,ue20,-55.862,75.191,52.683,true
41.000,ue20,-55.850,76.533,52.643,true
42.000,ue20,-55.838,77.891,52.645,true
43.000,ue20,-55.826,79.254,52.577,true
44.000,ue20,-55.814,80.675,52.545,true
45.000,ue20,-55.802,82.004,52.545,true
46.000,ue20,-55.790,83.382,52.545,true
47.000,ue20,-55.777,84.878,52.545,true
48.000,ue20,-55.765,86.295,52.545,true
49.000,ue20,-55.754,87.591,52.545,true
50.000,ue20,-55.743,88.811,52.567,true
51.000,ue20,-55.732,90.050,52.587,true
52.000,ue20,-55.720,91.481,52.619,true
53.000,ue20,-55.707,92.959,52.727,true
54.000,ue20,-55.695,94.262,52.733,true
55.000,ue20,-55.684,95.560,52.746,true
56.000,ue20,-55.671,97.037,52.759,true
57.000,ue20,-55.659,98.374,52.758,true
58.000,ue20,-55.648,99.650,52.757,true
59.000,ue20,-55.637,100.890,52.756,true
60.000,ue20,-55.625,102.251,52.755,true
61.000,ue20,-55.615,103.468,52.754,true
62.000,ue20,-55.604,104.697,52.753,true
63.000,ue20,-55.593,105.964,52.753,true
64.000,ue20,-55.581,107.290,52.752,true
65.000,ue20,-55.570,108.531,52.751,true
66.000,ue20,-55.558,109.943,52.750,true
67.000,ue20,-55.545,111.396,52.749,true
68.000,ue20,-55.535,112.637,52.748,true
69.000,ue20,-55.522,114.049,52.747,true
70.000,ue20,-55.510,115.392,52.746,true
71.000,ue20,-55.499,116.693,52.743,true
72.000,ue20,-55.486,118.140,52.740,true
73.000,ue20,-55.527,119.526,52.737,true
74.000,ue20,-55.604,120.855,52.733,true
75.000,ue20,-55.682,122.186,52.729,true
76.000,ue20,-55.762,123.566,52.725,true
77.000,ue20,-55.834,124.801,52.722,true
78.000,ue20,-55.917,126.234,52.717,true
79.000,ue20,-56.003,127.705,52.713,true
80.000,ue20,-56.082,129.074,52.709,true
81.000,ue20,-56.166,130.515,52.710,true
82.000,ue20,-56.238,131.740,52.717,true
83.000,ue20,-56.388,133.206,52.714,true
84.000,ue20,-57.246,134.210,52.703,true
85.000,ue20,-58.133,135.248,52.695,true
86.000,ue20,-59.018,136.284,52.688,true
87.000,ue20,-59.949,137.373,52.675,true
88.000,ue20,-60.786,138.352,52.663,true
89.000,ue20,-61.630,139.340,52.640,true
90.000,ue20,-62.552,140.419,52.614,true
91.000,ue20,-63.507,141.537,52.619,true
92.000,ue20,-64.649,142.113,52.614,true
93.000,ue20,-65.955,142.492,52.606,true
94.000,ue20,-67.254,142.869,52.596,true
95.000,ue20,-68.472,143.087,52.553,true
96.000,ue20,-69.875,143.093,52.490,true
97.000,ue20,-71.296,143.099,52.422,true
98.000,ue20,-72.637,143.105,52.349,true
99.000,ue20,-73.999,143.110,52.216,true
100.000,ue20,-75.401,143.117,52.079,true
101.000,ue20,-76.792,143.123,51.950,true
102.000,ue20,-78.056,143.128,51.833,true
103.000,ue20,-79.487,143.134,51.689,true
104.000,ue20,-80.718,143.140,51.515,true
105.000,ue20,-82.099,143.145,51.323,true
106.000,ue20,-83.484,143.151,51.137,true
107.000,ue20,-84.966,143.158,50.938,true
108.000,ue20,-86.374,143.164,50.749,true
109.000,ue20,-87.594,143.169,50.611,true
110.000,ue20,-88.922,143.175,50.463,true
111.000,ue20,-90.139,143.180,50.328,true
112.000,ue20,-91.462,143.186,50.199,true
113.000,ue20,-92.863,143.192,50.063,true
114.000,ue20,-94.334,143.198,49.888,true
115.000,ue20,-95.569,143.204,49.703,true
116.000,ue20,-96.836,143.209,49.513,true
117.000,ue20,-98.299,143.215,49.294,true
118.000,ue20,-99.674,143.221,49.089,true
119.000,ue20,-101.093,143.227,48.868,true
120.000,ue20,-102.554,143.234,48.627,true
121.000,ue20,-103.944,143.240,48.397,true
122.000,ue20,-105.269,143.246,48.178,true
123.000,ue20,-106.602,143.251,47.958,true
124.000,ue20,-107.924,143.257,47.739,true
125.000,ue20,-109.147,143.262,47.507,true
126.000,ue20,-110.456,143.292,47.253,true
127.000,ue20,-111.692,143.410,47.007,true
128.000,ue20,-113.047,143.539,46.738,true
129.000,ue20,-114.335,143.662,46.482,true
130.000,ue20,-115.741,143.796,46.202,true
131.000,ue20,-117.161,143.931,45.927,true
132.000,ue20,-118.535,144.062,45.670,true
133.000,ue20,-119.951,144.197,45.405,true
134.000,ue20,-121.358,144.331,45.143,true
135.000,ue20,-122.629,144.452,44.905,true
136.000,ue20,-123.935,144.576,44.661,true
137.000,ue20,-125.280,144.705,44.410,true
138.000,ue20,-126.570,144.827,44.169,true
139.000,ue20,-127.787,144.943,43.941,true
140.000,ue20,-129.024,145.061,43.710,true
141.000,ue20,-130.220,145.244,43.479,true
142.000,ue20,-131.371,145.618,43.157,true
143.000,ue20,-132.532,145.995,42.812,true
144.000,ue20,-133.620,146.349,42.439,true
145.000,ue20,-134.919,146.770,42.001,true
146.000,ue20,-135.871,147.080,41.640,true
147.000,ue20,-136.617,147.322,41.078,true
148.000,ue20,-137.638,147.654,40.627,true
149.000,ue20,-138.231,147.846,39.960,true
150.000,ue20,-139.071,148.119,39.394,true
151.000,ue20,-139.846,148.371,38.966,true
152.000,ue20,-140.583,148.610,38.446,true
153.000,ue20,-141.174,148.802,37.830,true
154.000,ue20,-142.026,149.078,37.293,true
155.000,ue20,-142.940,149.375,36.776,true
156.000,ue20,-143.685,149.617,36.037,true
157.000,ue20,-144.510,149.885,35.608,true
158.000,ue20,-145.174,150.312,35.183,true
159.000,ue20,-145.716,150.828,34.435,true
160.000,ue20,-146.338,151.421,33.945,true
161.000,ue20,-146.944,151.998,33.524,true
162.000,ue20,-147.741,152.757,33.250,true
163.000,ue20,-148.716,153.686,33.260,true
164.000,ue20,-149.717,154.640,33.269,true
165.000,ue20,-150.652,155.435,33.245,true
166.000,ue20,-151.786,156.278,33.194,true
167.000,ue20,-152.779,157.016,33.143,true
168.000,ue20,-153.870,157.827,33.091,true
169.000,ue20,-154.854,158.559,33.043,true
170.000,ue20,-156.099,159.321,32.937,true
171.000,ue20,-157.545,159.311,32.871,true
172.000,ue20,-158.940,159.301,32.821,true
173.000,ue20,-160.164,159.292,32.773,true
174.000,ue20,-161.369,159.284,32.658,true
175.000,ue20,-162.570,159.275,32.542,true
176.000,ue20,-164.053,159.265,32.387,true
177.000,ue20,-165.333,159.256,32.214,true
178.000,ue20,-166.731,159.246,32.026,true
179.000,ue20,-168.016,159.237,31.861,true
21.000,ue21,-319.488,396.227,23.891,true
22.000,ue21,-319.517,395.037,23.545,true
23.000,ue21,-319.538,394.131,23.186,true
24.000,ue21,-319.573,392.679,23.186,true
25.000,ue21,-319.610,391.150,23.186,true
26.000,ue21,-319.641,389.863,23.186,true
27.000,ue21,-319.678,388.318,23.186,true
28.000,ue21,-319.711,386.903,23.186,true
29.000,ue21,-319.741,385.652,23.186,true
30.000,ue21,-319.777,384.177,23.186,true
31.000,ue21,-319.809,382.827,23.186,true
32.000,ue21,-319.839,381.552,23.186,true
33.000,ue21,-319.875,380.050,23.186,true
34.000,ue21,-319.911,378.559,23.186,true
35.000,ue21,-319.942,377.250,23.186,true
36.000,ue21,-319.975,375.881,23.153,true
37.000,ue21,-320.004,374.697,23.321,true
38.000,ue21,-320.034,373.418,23.321,true
39.000,ue21,-320.067,372.037,23.235,true
40.000,ue21,-320.094,370.913,23.312,true
41.000,ue21,-320.112,370.159,23.836,true
42.000,ue21,-320.135,369.212,24.184,true
43.000,ue21,-320.159,368.193,24.708,true
44.000,ue21,-320.185,367.116,25.047,true
45.000,ue21,-320.204,365.750,25.047,true
46.000,ue21,-321.427,364.841,25.043,true
47.000,ue21,-322.279,364.208,25.382,true
48.000,ue21,-322.939,363.717,25.897,true
49.000,ue21,-323.647,363.191,26.254,true
50.000,ue21,-324.335,362.679,26.672,true
51.000,ue21,-325.201,362.036,27.098,true
52.000,ue21,-326.200,361.293,27.098,true
53.000,ue21,-327.153,360.585,27.293,true
54.000,ue21,-327.742,360.147,27.799,true
55.000,ue21,-328.536,359.557,28.303,true
56.000,ue21,-329.368,358.938,28.800,true
57.000,ue21,-330.031,358.030,29.187,true
58.000,ue21,-330.547,356.659,29.187,true
59.000,ue21,-331.016,355.413,29.114,true
60.000,ue21,-331.319,354.609,29.599,true
61.000,ue21,-331.642,353.751,30.036,true
62.000,ue21,-332.061,352.636,30.220,true
63.000,ue21,-332.583,351.249,30.207,true
64.000,ue21,-333.057,349.991,30.195,true
65.000,ue21,-333.522,348.753,30.232,true
66.000,ue21,-334.534,348.031,30.231,true
67.000,ue21,-335.914,347.794,30.231,true
68.000,ue21,-337.158,347.580,30.231,true
69.000,ue21,-338.527,347.345,30.231,true
70.000,ue21,-339.896,347.109,30.231,true
71.000,ue21,-341.224,346.880,30.231,true
72.000,ue21,-342.672,346.631,30.231,true
73.000,ue21,-344.183,346.371,30.231,true
74.000,ue21,-345.510,346.143,30.231,true
75.000,ue21,-346.989,345.889,30.231,true
76.000,ue21,-348.434,345.640,30.231,true
77.000,ue21,-349.957,345.378,30.231,true
78.000,ue21,-351.204,345.164,30.232,true
79.000,ue21,-352.712,344.904,30.232,true
80.000,ue21,-353.943,344.693,30.232,true
81.000,ue21,-355.340,344.452,30.223,true
82.000,ue21,-356.410,344.268,30.042,true
83.000,ue21,-357.368,344.103,29.518,true
84.000,ue21,-358.257,343.950,28.984,true
85.000,ue21,-359.472,343.600,28.826,true
86.000,ue21,-360.587,342.882,28.826,true
87.000,ue21,-361.814,342.092,28.826,true
88.000,ue21,-363.046,341.299,28.826,true
89.000,ue21,-364.277,340.507,28.826,true
90.000,ue21,-365.426,339.491,28.826,true
91.000,ue21,-366.146,338.157,28.826,true
92.000,ue21,-366.812,336.925,28.826,true
93.000,ue21,-367.447,335.751,28.826,true
94.000,ue21,-368.079,334.581,28.826,true
95.000,ue21,-368.788,333.269,28.826,true
96.000,ue21,-369.486,331.977,28.826,true
97.000,ue21,-370.174,330.706,28.826,true
98.000,ue21,-370.842,329.468,28.826,true
99.000,ue21,-371.506,328.240,28.826,true
100.000,ue21,-372.099,327.143,28.826,true
101.000,ue21,-372.817,325.815,28.826,true
102.000,ue21,-373.546,324.466,28.826,true
103.000,ue21,-374.181,323.291,28.826,true
104.000,ue21,-374.880,321.998,28.826,true
105.000,ue21,-375.590,320.684,28.826,true
106.000,ue21,-376.249,319.465,28.826,true
107.000,ue21,-376.915,318.231,28.826,true
108.000,ue21,-377.585,316.993,28.826,true
109.000,ue21,-378.204,315.847,28.826,true
110.000,ue21,-378.798,314.747,28.826,true
111.000,ue21,-379.250,313.469,28.826,true
112.000,ue21,-379.531,312.202,28.826,true
113.000,ue21,-379.824,310.880,28.826,true
114.000,ue21,-380.131,309.498,28.826,true
115.000,ue21,-380.425,308.173,28.827,true
116.000,ue21,-380.592,306.844,28.827,true
117.000,ue21,-380.537,305.485,28.827,true
118.000,ue21,-380.487,304.246,28.827,true
119.000,ue21,-380.436,302.987,28.815,true
120.000,ue21,-380.383,301.663,28.788,true
121.000,ue21,-380.323,300.176,28.772,true
122.000,ue21,-380.266,298.769,28.759,true
123.000,ue21,-380.210,297.386,28.762,true
124.000,ue21,-380.149,295.882,28.759,true
125.000,ue21,-380.095,294.548,28.758,true
126.000,ue21,-380.041,293.221,28.757,true
127.000,ue21,-379.985,291.821,28.757,true
128.000,ue21,-379.932,290.522,28.759,true
129.000,ue21,-379.881,289.255,28.766,true
130.000,ue21,-379.830,288.004,28.752,true
131.000,ue21,-379.216,287.110,28.688,true
132.000,ue21,-377.734,286.817,28.647,true
133.000,ue21,-376.431,286.560,28.611,true
134.000,ue21,-374.958,286.269,28.570,true
135.000,ue21,-373.632,286.007,28.533,true
136.000,ue21,-372.135,285.711,28.507,true
137.000,ue21,-370.881,285.464,28.558,true
138.000,ue21,-369.630,285.217,28.702,true
139.000,ue21,-368.130,284.921,28.702,true
140.000,ue21,-366.720,284.642,28.702,true
141.000,ue21,-365.500,284.401,28.702,true
142.000,ue21,-364.165,284.137,28.702,true
143.000,ue21,-362.770,283.862,28.702,true
144.000,ue21,-361.282,283.959,28.702,true
145.000,ue21,-359.825,284.071,28.702,true
146.000,ue21,-358.347,284.186,28.702,true
147.000,ue21,-356.986,284.291,28.702,true
148.000,ue21,-355.724,284.388,28.702,true
149.000,ue21,-354.268,284.501,28.702,true
150.000,ue21,-352.778,284.616,28.702,true
151.000,ue21,-351.494,284.715,28.702,true
152.000,ue21,-350.131,284.821,28.702,true
153.000,ue21,-348.824,284.922,28.687,true
154.000,ue21,-347.543,285.270,28.673,true
155.000,ue21,-346.334,286.002,28.693,true
156.000,ue21,-345.124,286.734,28.702,true
157.000,ue21,-343.985,287.423,28.697,true
158.000,ue21,-342.855,288.107,28.695,true
159.000,ue21,-341.508,288.148,28.692,true
160.000,ue21,-340.382,288.045,28.417,true
161.000,ue21,-339.034,287.922,28.349,true
162.000,ue21,-337.607,287.792,28.349,true
163.000,ue21,-336.136,287.657,28.349,true
164.000,ue21,-334.630,287.520,28.349,true
165.000,ue21,-333.277,287.396,28.350,true
166.000,ue21,-332.213,287.299,28.350,true
167.000,ue21,-330.846,287.174,28.350,true
168.000,ue21,-329.680,287.068,28.350,true
169.000,ue21,-328.693,286.978,28.350,true
170.000,ue21,-327.540,286.872,28.350,true
171.000,ue21,-326.137,286.744,28.350,true
172.000,ue21,-324.970,286.638,28.351,true
173.000,ue21,-323.720,286.524,28.351,true
174.000,ue21,-322.764,286.436,28.351,true
175.000,ue21,-321.538,286.324,28.351,true
176.000,ue21,-320.465,286.226,28.351,true
177.000,ue21,-319.248,286.115,28.351,true
178.000,ue21,-318.170,286.017,28.351,true
179.000,ue21,-317.091,285.918,28.352,true
21.000,ue22,-51.417,49.851,52.574,true
22.000,ue22,-52.585,50.200,52.574,true
23.000,ue22,-53.599,50.503,52.574,true
24.000,ue22,-54.741,50.844,52.575,true
25.000,ue22,-55.868,51.181,52.563,true
26.000,ue22,-56.450,51.870,52.563,true
27.000,ue22,-56.439,53.130,52.565,true
28.000,ue22,-56.428,54.371,52.569,true
29.000,ue22,-56.417,55.595,52.573,true
30.000,ue22,-56.407,56.717,52.577,true
31.000,ue22,-56.398,57.769,52.581,true
32.000,ue22,-56.388,58.923,52.585,true
33.000,ue22,-56.379,59.946,52.588,true
34.000,ue22,-56.369,61.097,52.592,true
35.000,ue22,-56.360,62.167,52.596,true
36.000,ue22,-56.350,63.287,52.600,true
37.000,ue22,-56.340,64.409,52.605,true
38.000,ue22,-56.329,65.665,52.615,true
39.000,ue22,-56.318,66.895,52.625,true
40.000,ue22,-56.308,68.098,52.634,true
41.000,ue22,-56.298,69.261,52.644,true
42.000,ue22,-56.288,70.361,52.652,true
43.000,ue22,-56.278,71.457,52.661,true
44.000,ue22,-56.269,72.565,52.670,true
45.000,ue22,-56.259,73.705,52.679,true
46.000,ue22,-56.249,74.774,52.688,true
47.000,ue22,-56.240,75.893,52.645,true
48.000,ue22,-56.230,77.011,52.644,true
49.000,ue22,-56.221,78.066,52.644,true
50.000,ue22,-56.210,79.260,52.655,true
51.000,ue22,-56.201,80.290,52.545,true
52.000,ue22,-56.192,81.395,52.545,true
53.000,ue22,-56.181,82.607,52.545,true
54.000,ue22,-56.171,83.720,52.545,true
55.000,ue22,-56.161,84.926,52.545,true
56.000,ue22,-56.150,86.192,52.545,true
57.000,ue22,-56.139,87.395,52.545,true
58.000,ue22,-56.128,88.637,52.545,true
59.000,ue22,-56.119,89.716,52.576,true
60.000,ue22,-56.108,90.974,52.594,true
61.000,ue22,-56.097,92.231,52.660,true
62.000,ue22,-56.086,93.457,52.732,true
63.000,ue22,-56.076,94.566,52.733,true
64.000,ue22,-56.067,95.653,52.743,true
65.000,ue22,-56.056,96.876,52.759,true
66.000,ue22,-56.046,98.004,52.758,true
67.000,ue22,-56.036,99.205,52.758,true
68.000,ue22,-56.026,100.383,52.757,true
69.000,ue22,-56.015,101.562,52.756,true
70.000,ue22,-56.004,102.828,52.755,true
71.000,ue22,-55.994,103.989,52.754,true
72.000,ue22,-55.983,105.197,52.753,true
73.000,ue22,-55.974,106.268,52.752,true
74.000,ue22,-55.965,107.304,52.752,true
75.000,ue22,-55.955,108.496,52.751,true
76.000,ue22,-55.945,109.623,52.750,true
77.000,ue22,-55.934,110.809,52.749,true
78.000,ue22,-55.923,112.062,52.748,true
79.000,ue22,-55.912,113.318,52.747,true
80.000,ue22,-55.902,114.561,52.747,true
81.000,ue22,-55.891,115.774,52.745,true
82.000,ue22,-55.881,116.929,52.743,true
83.000,ue22,-55.872,117.953,52.741,true
84.000,ue22,-55.866,118.979,52.739,true
85.000,ue22,-55.928,120.044,52.736,true
86.000,ue22,-55.995,121.189,52.733,true
87.000,ue22,-56.058,122.282,52.730,true
88.000,ue22,-56.120,123.347,52.726,true
89.000,ue22,-56.183,124.434,52.723,true
90.000,ue22,-56.245,125.486,52.720,true
91.000,ue22,-56.314,126.688,52.717,true
92.000,ue22,-56.380,127.813,52.713,true
93.000,ue22,-56.446,128.942,52.710,true
94.000,ue22,-56.514,130.115,52.707,true
95.000,ue22,-56.585,131.335,52.714,true
96.000,ue22,-56.659,132.604,52.721,true
97.000,ue22,-57.014,133.686,52.710,true
98.000,ue22,-57.709,134.500,52.703,true
99.000,ue22,-58.423,135.335,52.696,true
100.000,ue22,-59.177,136.218,52.689,true
101.000,ue22,-59.898,137.062,52.681,true
102.000,ue22,-60.721,138.025,52.669,true
103.000,ue22,-61.487,138.920,52.656,true
104.000,ue22,-62.311,139.885,52.631,true
105.000,ue22,-63.049,140.748,52.611,true
106.000,ue22,-63.804,141.632,52.618,true
107.000,ue22,-64.886,142.266,52.615,true
108.000,ue22,-65.932,142.570,52.608,true
109.000,ue22,-67.113,142.913,52.600,true
110.000,ue22,-68.284,143.253,52.578,true
111.000,ue22,-69.414,143.284,52.528,true
112.000,ue22,-70.438,143.289,52.482,true
113.000,ue22,-71.461,143.293,52.434,true
114.000,ue22,-72.506,143.298,52.377,true
115.000,ue22,-73.553,143.302,52.303,true
116.000,ue22,-74.700,143.307,52.183,true
117.000,ue22,-75.835,143.312,52.074,true
118.000,ue22,-77.007,143.317,51.965,true
119.000,ue22,-78.126,143.322,51.862,true
120.000,ue22,-79.345,143.327,51.749,true
121.000,ue22,-80.425,143.332,51.610,true
122.000,ue22,-81.613,143.337,51.442,true
123.000,ue22,-82.823,143.342,51.277,true
124.000,ue22,-84.024,143.347,51.116,true
125.000,ue22,-85.198,143.352,50.958,true
126.000,ue22,-86.422,143.358,50.793,true
127.000,ue22,-87.603,143.363,50.652,true
128.000,ue22,-88.643,143.367,50.537,true
129.000,ue22,-89.703,143.372,50.419,true
130.000,ue22,-90.889,143.377,50.291,true
131.000,ue22,-91.931,143.381,50.190,true
132.000,ue22,-92.992,143.386,50.088,true
133.000,ue22,-94.023,143.390,49.988,true
134.000,ue22,-95.095,143.395,49.831,true
135.000,ue22,-96.170,143.400,49.670,true
136.000,ue22,-97.413,143.405,49.484,true
137.000,ue22,-98.542,143.410,49.315,true
138.000,ue22,-99.774,143.415,49.131,true
139.000,ue22,-100.986,143.420,48.949,true
140.000,ue22,-102.076,143.425,48.769,true
141.000,ue22,-103.178,143.430,48.587,true
142.000,ue22,-104.400,143.435,48.385,true
143.000,ue22,-105.440,143.440,48.213,true
144.000,ue22,-106.465,143.444,48.044,true
145.000,ue22,-107.604,143.449,47.856,true
146.000,ue22,-108.706,143.454,47.665,true
147.000,ue22,-109.907,143.459,47.435,true
148.000,ue22,-111.018,143.505,47.218,true
149.000,ue22,-112.060,143.604,47.010,true
150.000,ue22,-113.101,143.703,46.803,true
151.000,ue22,-114.192,143.807,46.586,true
152.000,ue22,-115.226,143.905,46.381,true
153.000,ue22,-116.438,144.021,46.140,true
154.000,ue22,-117.667,144.138,45.904,true
155.000,ue22,-118.801,144.246,45.692,true
156.000,ue22,-120.006,144.361,45.467,true
157.000,ue22,-121.214,144.476,45.241,true
158.000,ue22,-122.385,144.587,45.022,true
159.000,ue22,-123.472,144.691,44.819,true
160.000,ue22,-124.498,144.789,44.627,true
161.000,ue22,-125.705,144.904,44.402,true
162.000,ue22,-126.865,145.014,44.185,true
163.000,ue22,-128.086,145.131,43.956,true
164.000,ue22,-129.277,145.244,43.734,true
165.000,ue22,-130.309,145.344,43.539,true
166.000,ue22,-131.356,145.684,43.275,true
167.000,ue22,-132.432,146.034,42.955,true
168.000,ue22,-133.524,146.389,42.617,true
169.000,ue22,-134.606,146.740,42.228,true
170.000,ue22,-135.689,147.092,41.923,true
171.000,ue22,-136.404,147.324,41.498,true
172.000,ue22,-137.141,147.563,41.072,true
173.000,ue22,-137.737,147.757,40.652,true
174.000,ue22,-138.389,147.968,40.229,true
175.000,ue22,-138.995,148.165,39.809,true
176.000,ue22,-139.668,148.384,39.385,true
177.000,ue22,-140.298,148.588,38.963,true
178.000,ue22,-140.966,148.805,38.540,true
179.000,ue22,-141.556,148.997,37.990,true
24.000,ue23,-313.546,406.728,23.186,true
25.000,ue23,-312.769,405.945,23.186,true
26.000,ue23,-311.847,405.015,23.186,true
27.000,ue23,-311.007,404.167,23.186,true
28.000,ue23,-310.108,403.261,23.186,true
29.000,ue23,-309.224,402.369,23.186,true
30.000,ue23,-308.397,401.535,23.186,true
31.000,ue23,-307.485,400.615,23.186,true
32.000,ue23,-306.577,399.699,23.186,true
33.000,ue23,-305.724,398.839,23.186,true
34.000,ue23,-304.866,397.973,23.186,true
35.000,ue23,-304.068,397.168,23.186,true
36.000,ue23,-303.307,396.401,23.186,true
37.000,ue23,-302.396,395.481,23.186,true
38.000,ue23,-301.620,394.699,23.186,true
39.000,ue23,-300.778,393.849,23.186,true
40.000,ue23,-299.924,392.988,23.186,true
41.000,ue23,-299.021,392.077,23.186,true
42.000,ue23,-298.193,391.242,23.186,true
43.000,ue23,-297.312,390.353,23.186,true
44.000,ue23,-296.484,389.518,23.186,true
45.000,ue23,-295.626,388.652,23.186,true
46.000,ue23,-294.870,387.890,23.186,true
47.000,ue23,-294.000,387.013,23.186,true
48.000,ue23,-293.166,386.171,23.186,true
49.000,ue23,-292.284,385.282,23.186,true
50.000,ue23,-291.480,384.471,23.186,true
51.000,ue23,-290.658,383.642,23.186,true
52.000,ue23,-289.725,382.701,23.186,true
53.000,ue23,-288.930,381.899,23.186,true
54.000,ue23,-288.067,381.028,23.186,true
55.000,ue23,-287.300,380.254,23.186,true
56.000,ue23,-286.435,379.382,23.186,true
57.000,ue23,-285.678,378.618,23.186,true
58.000,ue23,-284.777,377.710,23.186,true
59.000,ue23,-283.841,376.766,23.186,true
60.000,ue23,-282.954,375.871,23.186,true
61.000,ue23,-282.134,375.044,23.186,true
62.000,ue23,-281.205,374.107,23.186,true
63.000,ue23,-280.398,373.293,23.186,true
64.000,ue23,-279.557,372.444,23.186,true
65.000,ue23,-278.763,371.643,23.186,true
66.000,ue23,-277.894,370.767,23.186,true
67.000,ue23,-277.074,370.078,23.441,true
68.000,ue23,-276.525,369.704,23.843,true
69.000,ue23,-275.543,369.034,23.843,true
70.000,ue23,-274.855,368.566,24.276,true
71.000,ue23,-274.107,368.056,24.447,true
72.000,ue23,-273.336,367.531,24.638,true
73.000,ue23,-272.745,367.128,25.067,true
74.000,ue23,-272.128,366.708,25.542,true
75.000,ue23,-271.417,366.224,25.967,true
76.000,ue23,-270.678,365.720,26.225,true
77.000,ue23,-269.976,365.242,26.701,true
78.000,ue23,-269.300,364.781,26.966,true
79.000,ue23,-268.672,364.354,27.501,true
80.000,ue23,-267.862,363.801,27.831,true
81.000,ue23,-267.246,363.382,28.257,true
82.000,ue23,-266.738,363.036,28.737,true
83.000,ue23,-265.765,362.373,28.888,true
84.000,ue23,-264.681,362.276,28.876,true
85.000,ue23,-263.637,362.344,29.063,true
86.000,ue23,-262.502,362.418,29.044,true
87.000,ue23,-261.285,362.498,29.026,true
88.000,ue23,-260.124,362.574,29.043,true
89.000,ue23,-258.883,362.655,29.037,true
90.000,ue23,-257.768,362.728,29.032,true
91.000,ue23,-256.658,362.800,29.026,true
92.000,ue23,-255.385,362.884,29.020,true
93.000,ue23,-254.107,362.967,29.014,true
94.000,ue23,-252.947,363.043,29.029,true
95.000,ue23,-252.594,364.031,29.030,true
96.000,ue23,-252.594,365.243,29.025,true
97.000,ue23,-252.594,366.371,29.019,true
98.000,ue23,-252.594,367.508,29.014,true
99.000,ue23,-252.594,368.674,29.013,true
100.000,ue23,-252.594,369.910,29.013,true
101.000,ue23,-252.594,371.046,29.013,true
102.000,ue23,-252.594,372.251,29.013,true
103.000,ue23,-252.594,373.562,29.013,true
104.000,ue23,-252.594,374.760,29.013,true
105.000,ue23,-252.594,375.907,29.013,true
106.000,ue23,-252.595,377.209,29.013,true
107.000,ue23,-252.595,378.504,29.013,true
108.000,ue23,-252.595,379.794,29.013,true
109.000,ue23,-252.595,380.941,29.013,true
110.000,ue23,-252.595,382.009,29.013,true
111.000,ue23,-252.595,383.166,29.013,true
112.000,ue23,-252.595,384.464,29.013,true
113.000,ue23,-252.595,385.577,29.013,true
114.000,ue23,-252.595,386.824,29.013,true
115.000,ue23,-252.595,388.015,29.013,true
116.000,ue23,-252.595,389.187,29.013,true
117.000,ue23,-252.595,390.473,29.013,true
118.000,ue23,-252.596,391.659,29.013,true
119.000,ue23,-252.596,392.754,29.013,true
120.000,ue23,-252.596,393.925,29.013,true
121.000,ue23,-252.596,395.149,29.013,true
122.000,ue23,-252.596,396.227,29.013,true
123.000,ue23,-252.596,397.506,29.013,true
124.000,ue23,-252.596,398.689,29.013,true
125.000,ue23,-252.596,400.015,29.013,true
126.000,ue23,-252.596,401.342,29.013,true
127.000,ue23,-252.596,402.554,29.013,true
128.000,ue23,-252.596,403.652,29.013,true
129.000,ue23,-252.596,404.821,29.013,true
130.000,ue23,-252.596,406.089,29.013,true
131.000,ue23,-252.597,407.305,29.013,true
132.000,ue23,-252.597,408.531,29.013,true
133.000,ue23,-252.597,409.687,29.013,true
134.000,ue23,-252.597,411.009,29.013,true
135.000,ue23,-252.597,412.226,29.013,true
136.000,ue23,-252.597,413.437,29.013,true
137.000,ue23,-252.597,414.694,29.013,true
138.000,ue23,-252.597,415.816,29.013,true
139.000,ue23,-252.597,417.028,29.013,true
140.000,ue23,-252.597,418.266,29.013,true
141.000,ue23,-252.597,419.580,29.013,true
142.000,ue23,-252.597,420.693,29.013,true
143.000,ue23,-252.598,421.804,28.991,true
144.000,ue23,-252.598,422.989,28.946,true
145.000,ue23,-252.598,424.274,28.901,true
146.000,ue23,-252.598,425.463,28.859,true
147.000,ue23,-252.598,426.541,28.814,true
148.000,ue23,-252.598,427.638,28.760,true
149.000,ue23,-252.598,428.722,28.771,true
150.000,ue23,-252.598,429.785,28.722,true
151.000,ue23,-252.598,430.966,28.656,true
152.000,ue23,-253.567,431.406,28.609,true
24.000,ue24,-78.145,51.425,52.589,true
25.000,ue24,-77.124,51.467,52.456,true
26.000,ue24,-75.984,51.514,52.481,true
27.000,ue24,-74.854,51.560,52.505,true
28.000,ue24,-73.623,51.611,52.539,true
29.000,ue24,-72.302,51.665,52.559,true
30.000,ue24,-71.644,51.224,52.573,true
31.000,ue24,-71.686,50.096,52.574,true
32.000,ue24,-71.738,48.724,52.574,true
33.000,ue24,-71.785,47.469,52.574,true
34.000,ue24,-71.834,46.173,52.576,true
35.000,ue24,-71.881,44.927,52.577,true
36.000,ue24,-71.929,43.657,52.578,true
27.000,ue25,-313.443,407.002,23.186,true
28.000,ue25,-312.637,406.189,23.186,true
29.000,ue25,-311.716,405.260,23.186,true
30.000,ue25,-310.818,404.354,23.186,true
31.000,ue25,-309.971,403.500,23.186,true
32.000,ue25,-309.172,402.694,23.186,true
33.000,ue25,-308.361,401.876,23.186,true
34.000,ue25,-307.515,401.023,23.186,true
35.000,ue25,-306.655,400.155,23.186,true
36.000,ue25,-305.739,399.231,23.186,true
37.000,ue25,-304.938,398.423,23.186,true
38.000,ue25,-303.992,397.469,23.186,true
39.000,ue25,-303.135,396.605,23.186,true
40.000,ue25,-302.326,395.789,23.186,true
41.000,ue25,-301.522,394.977,23.186,true
42.000,ue25,-300.632,394.080,23.186,true
43.000,ue25,-299.789,393.229,23.186,true
44.000,ue25,-298.891,392.324,23.186,true
45.000,ue25,-298.045,391.471,23.186,true
46.000,ue25,-297.090,390.507,23.186,true
47.000,ue25,-296.169,389.578,23.186,true
48.000,ue25,-295.234,388.635,23.186,true
49.000,ue25,-294.409,387.803,23.186,true
50.000,ue25,-293.634,387.021,23.186,true
51.000,ue25,-292.832,386.212,23.186,true
52.000,ue25,-292.011,385.384,23.186,true
53.000,ue25,-291.229,384.595,23.186,true
54.000,ue25,-290.313,383.671,23.186,true
55.000,ue25,-289.431,382.782,23.186,true
56.000,ue25,-288.642,381.986,23.186,true
57.000,ue25,-287.781,381.117,23.186,true
58.000,ue25,-286.989,380.319,23.186,true
59.000,ue25,-286.160,379.482,23.186,true
60.000,ue25,-285.339,378.654,23.186,true
61.000,ue25,-284.437,377.745,23.186,true
62.000,ue25,-283.523,376.822,23.186,true
63.000,ue25,-282.718,376.011,23.186,true
64.000,ue25,-281.807,375.092,23.186,true
65.000,ue25,-280.999,374.277,23.186,true
66.000,ue25,-280.123,373.393,23.186,true
67.000,ue25,-279.351,372.615,23.186,true
68.000,ue25,-278.423,371.678,23.186,true
69.000,ue25,-277.641,370.890,23.245,true
70.000,ue25,-276.881,370.290,23.629,true
71.000,ue25,-276.051,369.725,23.843,true
72.000,ue25,-275.273,369.195,24.085,true
73.000,ue25,-274.526,368.686,24.276,true
74.000,ue25,-273.654,368.092,24.452,true
75.000,ue25,-272.934,367.601,24.749,true
76.000,ue25,-272.341,367.197,25.310,true
77.000,ue25,-271.714,366.770,25.670,true
78.000,ue25,-271.025,366.301,25.967,true
79.000,ue25,-270.358,365.846,26.321,true
80.000,ue25,-269.631,365.351,26.701,true
81.000,ue25,-269.094,364.985,27.200,true
82.000,ue25,-268.314,364.454,27.604,true
83.000,ue25,-267.495,363.896,27.830,true
84.000,ue25,-267.008,363.564,28.364,true
85.000,ue25,-266.358,363.121,28.880,true
86.000,ue25,-265.164,362.511,28.883,true
87.000,ue25,-264.076,362.582,29.074,true
88.000,ue25,-262.758,362.669,29.049,true
89.000,ue25,-261.442,362.755,29.030,true
90.000,ue25,-260.309,362.829,29.045,true
91.000,ue25,-259.114,362.907,29.039,true
92.000,ue25,-257.905,362.986,29.033,true
93.000,ue25,-256.743,363.062,29.027,true
94.000,ue25,-255.561,363.140,29.021,true
95.000,ue25,-254.380,363.217,29.016,true
96.000,ue25,-253.227,363.292,29.023,true
97.000,ue25,-252.612,362.975,29.033,true
98.000,ue25,-252.617,361.818,29.034,true
99.000,ue25,-252.622,360.671,29.034,true
100.000,ue25,-252.628,359.467,29.005,true
101.000,ue25,-252.633,358.134,28.970,true
102.000,ue25,-252.639,356.894,28.964,true
103.000,ue25,-252.644,355.758,28.964,true
104.000,ue25,-252.649,354.588,28.964,true
105.000,ue25,-252.654,353.462,28.917,true
106.000,ue25,-252.659,352.174,28.882,true
107.000,ue25,-252.664,350.990,28.849,true
108.000,ue25,-252.669,349.881,28.818,true
109.000,ue25,-252.674,348.712,28.786,true
110.000,ue25,-252.679,347.537,28.743,true
111.000,ue25,-252.367,346.375,28.734,true
112.000,ue25,-251.985,345.335,28.722,true
113.000,ue25,-251.589,344.258,28.715,true
114.000,ue25,-251.144,343.043,28.741,true
115.000,ue25,-250.746,341.960,28.742,true
116.000,ue25,-250.292,340.723,28.743,true
117.000,ue25,-249.889,339.627,28.743,true
118.000,ue25,-249.491,338.543,28.755,true
119.000,ue25,-249.077,337.414,28.770,true
120.000,ue25,-248.623,336.180,28.783,true
121.000,ue25,-248.233,335.117,28.786,true
122.000,ue25,-247.951,333.865,28.789,true
123.000,ue25,-247.956,332.767,28.792,true
124.000,ue25,-247.960,331.667,28.796,true
125.000,ue25,-247.966,330.454,28.800,true
126.000,ue25,-247.971,329.151,28.800,true
127.000,ue25,-247.976,328.060,28.800,true
128.000,ue25,-247.981,326.908,28.800,true
129.000,ue25,-247.987,325.570,28.801,true
130.000,ue25,-247.992,324.332,28.801,true
131.000,ue25,-247.997,323.064,28.801,true
132.000,ue25,-248.002,321.961,28.801,true
133.000,ue25,-248.008,320.648,28.802,true
134.000,ue25,-248.013,319.432,28.802,true
135.000,ue25,-248.019,318.185,28.802,true
136.000,ue25,-248.023,317.034,28.803,true
137.000,ue25,-248.029,315.714,28.803,true
138.000,ue25,-248.035,314.472,28.803,true
139.000,ue25,-248.040,313.145,28.803,true
140.000,ue25,-248.046,311.806,28.804,true
141.000,ue25,-248.051,310.685,28.804,true
142.000,ue25,-248.056,309.564,28.804,true
143.000,ue25,-248.061,308.230,28.805,true
144.000,ue25,-248.067,307.066,28.805,true
145.000,ue25,-248.072,305.795,28.805,true
146.000,ue25,-248.077,304.678,28.805,true
147.000,ue25,-248.082,303.411,28.806,true
148.000,ue25,-248.088,302.134,28.806,true
149.000,ue25,-248.093,300.844,28.806,true
150.000,ue25,-248.099,299.576,28.806,true
151.000,ue25,-248.105,298.264,28.807,true
152.000,ue25,-248.109,297.139,28.807,true
153.000,ue25,-248.114,296.028,28.807,true
154.000,ue25,-248.119,294.901,28.808,true
155.000,ue25,-247.916,293.687,28.808,true
156.000,ue25,-247.725,292.590,28.808,true
157.000,ue25,-247.510,291.354,28.808,true
158.000,ue25,-247.300,290.149,28.809,true
159.000,ue25,-247.112,289.067,28.809,true
160.000,ue25,-246.884,287.760,28.811,true
161.000,ue25,-246.684,286.612,28.814,true
162.000,ue25,-246.459,285.319,28.815,true
163.000,ue25,-246.265,284.201,28.813,true
164.000,ue25,-246.077,283.122,28.811,true
165.000,ue25,-245.868,281.925,28.809,true
166.000,ue25,-245.641,280.618,28.807,true
167.000,ue25,-245.441,279.473,28.806,true
168.000,ue25,-245.249,278.371,28.804,true
169.000,ue25,-246.089,278.078,28.817,true
170.000,ue25,-247.367,277.982,28.832,true
171.000,ue25,-248.677,277.883,28.846,true
172.000,ue25,-249.800,277.798,28.836,true
173.000,ue25,-250.945,277.711,28.825,true
174.000,ue25,-252.180,277.618,28.813,true
175.000,ue25,-253.396,277.526,28.802,true
176.000,ue25,-254.562,277.437,28.790,true
177.000,ue25,-255.658,277.354,28.780,true
178.000,ue25,-256.887,277.261,28.768,true
179.000,ue25,-258.154,277.166,28.755,true
27.000,ue26,-77.663,51.722,52.589,true
28.000,ue26,-76.547,51.768,52.458,true
29.000,ue26,-75.436,51.814,52.482,true
30.000,ue26,-74.343,51.859,52.506,true
31.000,ue26,-73.243,51.904,52.536,true
32.000,ue26,-72.089,51.952,52.555,true
33.000,ue26,-71.031,52.299,52.573,true
34.000,ue26,-71.072,53.369,52.571,true
35.000,ue26,-71.121,54.655,52.569,true
36.000,ue26,-71.164,55.764,52.568,true
37.000,ue26,-71.209,56.940,52.569,true
38.000,ue26,-71.251,58.046,52.569,true
39.000,ue26,-71.291,59.102,52.570,true
40.000,ue26,-71.339,60.354,52.571,true
41.000,ue26,-71.388,61.633,52.571,true
42.000,ue26,-71.429,62.695,52.569,true
43.000,ue26,-71.472,63.825,52.567,true
44.000,ue26,-71.520,65.068,52.570,true
45.000,ue26,-71.561,66.153,52.573,true
46.000,ue26,-71.607,67.365,52.577,true
47.000,ue26,-71.651,68.496,52.577,true
48.000,ue26,-71.698,69.744,52.575,true
49.000,ue26,-71.742,70.892,52.578,true
50.000,ue26,-71.783,71.957,52.583,true
51.000,ue26,-71.824,73.031,52.587,true
52.000,ue26,-71.872,74.284,52.585,true
53.000,ue26,-71.920,75.552,52.577,true
54.000,ue26,-71.969,76.825,52.582,true
55.000,ue26,-72.011,77.914,52.586,true
56.000,ue26,-72.058,79.154,52.591,true
57.000,ue26,-72.091,80.374,52.595,true
58.000,ue26,-72.048,81.682,52.614,true
59.000,ue26,-72.014,82.736,52.614,true
60.000,ue26,-71.976,83.901,52.614,true
61.000,ue26,-71.937,85.114,52.616,true
62.000,ue26,-71.898,86.288,52.598,true
63.000,ue26,-71.857,87.562,52.606,true
64.000,ue26,-71.819,88.716,52.610,true
65.000,ue26,-71.784,89.783,52.614,true
66.000,ue26,-71.744,91.020,52.617,true
67.000,ue26,-71.708,92.108,52.693,true
68.000,ue26,-71.671,93.242,52.694,true
69.000,ue26,-71.633,94.428,52.694,true
70.000,ue26,-71.597,95.531,52.695,true
71.000,ue26,-71.560,96.656,52.696,true
72.000,ue26,-71.517,97.972,52.697,true
73.000,ue26,-71.475,99.271,52.698,true
74.000,ue26,-71.439,100.349,52.698,true
75.000,ue26,-71.399,101.585,52.699,true
76.000,ue26,-71.359,102.814,52.700,true
77.000,ue26,-71.320,103.998,52.701,true
78.000,ue26,-71.281,105.195,52.702,true
79.000,ue26,-71.246,106.289,52.703,true
80.000,ue26,-71.208,107.436,52.704,true
81.000,ue26,-71.168,108.662,52.705,true
82.000,ue26,-71.129,109.860,52.706,true
83.000,ue26,-71.094,110.927,52.707,true
84.000,ue26,-71.106,112.231,52.708,true
85.000,ue26,-71.264,113.440,52.709,true
86.000,ue26,-71.412,114.572,52.699,true
87.000,ue26,-71.572,115.795,52.676,true
88.000,ue26,-71.722,116.939,52.660,true
89.000,ue26,-71.883,118.173,52.643,true
90.000,ue26,-72.053,119.471,52.620,true
91.000,ue26,-72.209,120.668,52.604,true
92.000,ue26,-72.357,121.794,52.597,true
93.000,ue26,-72.534,123.031,52.597,true
94.000,ue26,-73.073,124.059,52.574,true
95.000,ue26,-73.566,125.001,52.528,true
96.000,ue26,-74.116,126.050,52.500,true
97.000,ue26,-74.656,127.081,52.474,true
98.000,ue26,-75.342,128.154,52.441,true
99.000,ue26,-76.503,128.418,52.401,true
100.000,ue26,-77.538,128.652,52.307,true
101.000,ue26,-78.795,128.937,52.217,true
102.000,ue26,-79.857,129.178,52.164,true
103.000,ue26,-80.908,129.416,52.106,true
104.000,ue26,-82.125,129.692,52.014,true
105.000,ue26,-83.388,129.962,51.850,true
106.000,ue26,-84.481,129.982,51.695,true
107.000,ue26,-85.625,130.003,51.552,true
108.000,ue26,-86.875,130.026,51.396,true
109.000,ue26,-88.130,130.049,51.213,true
110.000,ue26,-89.306,130.071,51.010,true
111.000,ue26,-90.594,130.094,50.788,true
112.000,ue26,-91.683,130.114,50.600,true
113.000,ue26,-92.974,130.138,50.377,true
114.000,ue26,-94.080,130.158,50.187,true
115.000,ue26,-95.376,130.182,49.963,true
116.000,ue26,-96.418,130.201,49.783,true
117.000,ue26,-97.470,130.221,49.600,true
118.000,ue26,-98.564,130.241,49.407,true
119.000,ue26,-99.679,130.261,49.210,true
120.000,ue26,-100.866,130.283,49.001,true
121.000,ue26,-102.049,130.305,48.792,true
122.000,ue26,-103.145,130.325,48.599,true
123.000,ue26,-104.431,130.349,48.372,true
124.000,ue26,-105.699,130.372,48.137,true
125.000,ue26,-106.757,130.392,47.936,true
126.000,ue26,-107.862,130.412,47.727,true
127.000,ue26,-108.902,130.431,47.529,true
128.000,ue26,-110.182,130.455,47.287,true
129.000,ue26,-111.299,130.475,47.075,true
130.000,ue26,-112.386,130.495,46.869,true
131.000,ue26,-113.445,130.515,46.668,true
132.000,ue26,-114.661,130.537,46.438,true
133.000,ue26,-115.948,130.561,46.197,true
134.000,ue26,-117.182,130.584,45.966,true
135.000,ue26,-118.275,130.604,45.761,true
136.000,ue26,-119.367,130.624,45.556,true
137.000,ue26,-120.426,130.643,45.358,true
138.000,ue26,-121.681,130.666,45.123,true
139.000,ue26,-122.849,130.688,44.908,true
140.000,ue26,-124.088,130.711,44.685,true
141.000,ue26,-125.153,130.730,44.492,true
142.000,ue26,-126.424,130.754,44.262,true
143.000,ue26,-127.649,130.776,44.041,true
144.000,ue26,-128.806,130.798,43.832,true
145.000,ue26,-129.889,130.817,43.636,true
146.000,ue26,-131.118,130.840,43.414,true
147.000,ue26,-132.275,130.861,43.203,true
148.000,ue26,-133.363,130.881,43.004,true
149.000,ue26,-134.479,130.902,42.800,true
150.000,ue26,-135.566,130.922,42.602,true
151.000,ue26,-136.646,130.942,42.404,true
152.000,ue26,-137.911,130.965,42.173,true
153.000,ue26,-139.048,130.986,41.966,true
154.000,ue26,-140.306,131.009,41.725,true
155.000,ue26,-141.537,131.032,41.486,true
156.000,ue26,-142.722,131.054,41.256,true
157.000,ue26,-143.882,131.075,41.031,true
158.000,ue26,-145.105,131.097,40.793,true
159.000,ue26,-146.388,131.121,40.544,true
160.000,ue26,-147.596,131.143,40.310,true
161.000,ue26,-148.877,131.167,40.063,true
162.000,ue26,-150.066,131.189,39.839,true
163.000,ue26,-151.200,131.210,39.626,true
164.000,ue26,-152.426,131.232,39.395,true
165.000,ue26,-153.470,131.251,39.199,true
166.000,ue26,-154.732,131.275,38.961,true
167.000,ue26,-155.902,131.296,38.741,true
168.000,ue26,-156.995,131.316,38.524,true
169.000,ue26,-158.096,131.337,38.277,true
170.000,ue26,-159.200,131.357,38.028,true
171.000,ue26,-160.478,131.380,37.741,true
172.000,ue26,-161.650,131.402,37.477,true
173.000,ue26,-162.688,131.421,37.242,true
174.000,ue26,-163.911,131.444,36.965,true
175.000,ue26,-164.982,131.463,36.722,true
176.000,ue26,-166.083,131.484,36.473,true
177.000,ue26,-167.335,131.507,36.190,true
178.000,ue26,-168.579,131.566,35.917,true
179.000,ue26,-169.656,131.718,35.682,true
30.000,ue27,-314.990,411.706,23.186,true
31.000,ue27,-314.080,412.622,23.186,true
32.000,ue27,-313.231,413.476,23.186,true
33.000,ue27,-312.324,414.389,23.186,true
34.000,ue27,-311.449,415.269,23.186,true
35.000,ue27,-310.504,416.220,23.186,true
36.000,ue27,-309.452,417.278,23.186,true
37.000,ue27,-308.559,418.177,23.186,true
38.000,ue27,-307.590,419.152,23.186,true
39.000,ue27,-306.734,420.013,23.186,true
40.000,ue27,-305.877,420.876,23.186,true
41.000,ue27,-305.008,421.750,23.186,true
42.000,ue27,-303.990,422.774,23.186,true
43.000,ue27,-302.951,423.819,23.186,true
44.000,ue27,-302.017,424.759,23.186,true
45.000,ue27,-301.064,425.718,23.186,true
46.000,ue27,-300.196,426.591,23.186,true
47.000,ue27,-299.274,427.520,23.186,true
48.000,ue27,-298.290,428.510,23.177,true
49.000,ue27,-297.260,429.546,23.130,true
50.000,ue27,-296.325,430.487,23.235,true
51.000,ue27,-295.449,431.368,23.276,true
52.000,ue27,-294.516,431.946,23.310,true
53.000,ue27,-293.074,431.939,23.355,true
54.000,ue27,-291.596,431.933,23.402,true
55.000,ue27,-290.320,431.928,23.464,true
56.000,ue27,-289.004,431.922,23.587,true
57.000,ue27,-287.542,431.916,23.731,true
58.000,ue27,-286.173,431.910,23.871,true
59.000,ue27,-284.970,431.904,24.017,true
60.000,ue27,-283.725,431.899,24.195,true
61.000,ue27,-282.334,431.893,24.394,true
62.000,ue27,-280.940,431.887,24.598,true
63.000,ue27,-279.493,431.881,24.823,true
64.000,ue27,-278.130,431.875,25.035,true
65.000,ue27,-276.708,431.869,25.257,true
66.000,ue27,-275.270,431.863,25.480,true
67.000,ue27,-273.866,431.856,25.694,true
68.000,ue27,-272.459,431.850,25.908,true
69.000,ue27,-271.133,431.845,26.110,true
70.000,ue27,-269.886,431.839,26.293,true
71.000,ue27,-268.659,431.834,26.473,true
72.000,ue27,-267.279,431.828,26.676,true
73.000,ue27,-266.000,431.822,26.863,true
74.000,ue27,-264.668,431.817,27.061,true
75.000,ue27,-263.451,431.811,27.247,true
76.000,ue27,-262.220,431.806,27.434,true
77.000,ue27,-261.026,431.801,27.616,true
78.000,ue27,-259.782,431.796,27.799,true
79.000,ue27,-258.368,431.790,28.007,true
80.000,ue27,-257.034,431.784,28.202,true
81.000,ue27,-255.665,431.778,28.403,true
82.000,ue27,-254.408,431.772,28.578,true
83.000,ue27,-253.070,431.820,28.647,true
84.000,ue27,-253.070,430.575,28.709,true
85.000,ue27,-253.070,429.366,28.755,true
86.000,ue27,-253.070,428.130,28.760,true
87.000,ue27,-253.070,426.749,28.830,true
88.000,ue27,-253.069,425.425,28.877,true
89.000,ue27,-253.069,424.194,28.921,true
90.000,ue27,-253.069,422.782,28.971,true
91.000,ue27,-253.069,421.322,29.013,true
92.000,ue27,-253.069,419.942,29.013,true
93.000,ue27,-253.069,418.586,29.013,true
94.000,ue27,-253.069,417.145,29.013,true
95.000,ue27,-253.069,415.652,29.013,true
96.000,ue27,-253.069,414.208,29.013,true
97.000,ue27,-253.069,412.912,29.013,true
98.000,ue27,-253.069,411.485,29.013,true
99.000,ue27,-253.068,410.079,29.013,true
100.000,ue27,-253.068,408.870,29.013,true
101.000,ue27,-253.068,407.413,29.013,true
102.000,ue27,-253.068,405.949,29.013,true
103.000,ue27,-253.068,404.646,29.013,true
104.000,ue27,-253.068,403.374,29.013,true
105.000,ue27,-253.068,401.885,29.013,true
106.000,ue27,-253.068,400.611,29.013,true
107.000,ue27,-253.068,399.177,29.013,true
108.000,ue27,-253.068,397.809,29.013,true
109.000,ue27,-253.068,396.373,29.013,true
110.000,ue27,-253.067,395.113,29.013,true
111.000,ue27,-253.067,393.707,29.013,true
112.000,ue27,-253.067,392.503,29.013,true
113.000,ue27,-253.067,391.298,29.013,true
114.000,ue27,-253.067,389.958,29.013,true
115.000,ue27,-253.067,388.667,29.013,true
116.000,ue27,-253.067,387.307,29.013,true
117.000,ue27,-253.067,386.079,29.013,true
118.000,ue27,-253.067,384.839,29.013,true
119.000,ue27,-253.067,383.532,29.013,true
120.000,ue27,-253.067,382.295,29.013,true
121.000,ue27,-253.066,381.047,29.013,true
122.000,ue27,-253.066,379.733,29.013,true
123.000,ue27,-253.066,378.516,29.013,true
124.000,ue27,-253.066,377.256,29.013,true
125.000,ue27,-253.066,376.022,29.013,true
126.000,ue27,-253.066,374.558,29.013,true
127.000,ue27,-253.066,373.213,29.013,true
128.000,ue27,-253.066,371.897,29.013,true
129.000,ue27,-253.066,370.534,29.013,true
130.000,ue27,-253.066,369.165,29.013,true
131.000,ue27,-253.066,367.745,29.015,true
132.000,ue27,-253.065,366.269,29.022,true
133.000,ue27,-253.065,364.795,29.029,true
134.000,ue27,-253.066,363.507,29.033,true
135.000,ue27,-253.072,362.083,29.034,true
136.000,ue27,-253.078,360.748,29.032,true
137.000,ue27,-253.083,359.548,29.001,true
138.000,ue27,-253.089,358.170,28.966,true
139.000,ue27,-253.095,356.817,28.964,true
140.000,ue27,-253.100,355.592,28.964,true
141.000,ue27,-253.105,354.362,28.936,true
142.000,ue27,-253.111,352.940,28.897,true
143.000,ue27,-253.117,351.548,28.858,true
144.000,ue27,-253.123,350.149,28.820,true
145.000,ue27,-253.129,348.880,28.784,true
146.000,ue27,-253.111,347.374,28.742,true
147.000,ue27,-252.641,346.094,28.728,true
148.000,ue27,-252.195,344.878,28.715,true
149.000,ue27,-251.687,343.494,28.736,true
150.000,ue27,-251.183,342.123,28.742,true
151.000,ue27,-250.688,340.776,28.743,true
152.000,ue27,-250.179,339.389,28.747,true
153.000,ue27,-249.706,338.100,28.763,true
154.000,ue27,-249.278,336.935,28.778,true
155.000,ue27,-248.797,335.625,28.785,true
156.000,ue27,-248.405,334.219,28.789,true
157.000,ue27,-248.411,332.874,28.792,true
158.000,ue27,-248.417,331.471,28.798,true
159.000,ue27,-248.423,330.072,28.800,true
160.000,ue27,-248.429,328.690,28.800,true
161.000,ue27,-248.434,327.368,28.800,true
162.000,ue27,-248.441,325.930,28.801,true
163.000,ue27,-248.446,324.674,28.801,true
164.000,ue27,-248.452,323.267,28.801,true
165.000,ue27,-248.457,322.065,28.801,true
166.000,ue27,-248.463,320.782,28.802,true
167.000,ue27,-248.469,319.434,28.802,true
168.000,ue27,-248.475,317.937,28.802,true
169.000,ue27,-248.481,316.634,28.803,true
170.000,ue27,-248.487,315.139,28.803,true
171.000,ue27,-248.492,313.939,28.803,true
172.000,ue27,-248.498,312.660,28.804,true
173.000,ue27,-248.504,311.167,28.804,true
174.000,ue27,-248.510,309.929,28.804,true
175.000,ue27,-248.516,308.497,28.805,true
176.000,ue27,-248.522,307.142,28.805,true
177.000,ue27,-248.528,305.733,28.805,true
178.000,ue27,-248.534,304.362,28.805,true
179.000,ue27,-248.539,303.140,28.806,true
30.000,ue28,-71.823,33.789,52.490,true
31.000,ue28,-71.775,35.061,52.581,true
32.000,ue28,-71.726,36.386,52.581,true
33.000,ue28,-71.678,37.662,52.581,true
34.000,ue28,-71.627,38.991,52.580,true
35.000,ue28,-71.577,40.327,52.580,true
36.000,ue28,-71.532,41.527,52.580,true
37.000,ue28,-71.487,42.722,52.579,true
38.000,ue28,-71.441,43.943,52.578,true
39.000,ue28,-71.396,45.136,52.577,true
40.000,ue28,-71.346,46.469,52.575,true
41.000,ue28,-71.301,47.673,52.574,true
42.000,ue28,-71.256,48.860,52.574,true
43.000,ue28,-71.209,50.105,52.574,true
44.000,ue28,-71.155,51.527,52.573,true
45.000,ue28,-71.188,52.802,52.572,true
46.000,ue28,-71.233,53.986,52.570,true
47.000,ue28,-71.281,55.224,52.568,true
48.000,ue28,-71.327,56.437,52.568,true
49.000,ue28,-71.374,57.666,52.569,true
50.000,ue28,-71.423,58.956,52.570,true
51.000,ue28,-71.475,60.319,52.572,true
52.000,ue28,-71.526,61.643,52.571,true
53.000,ue28,-71.577,62.971,52.568,true
54.000,ue28,-71.621,64.130,52.568,true
55.000,ue28,-71.666,65.300,52.571,true
56.000,ue28,-71.717,66.629,52.576,true
57.000,ue28,-71.767,67.956,52.577,true
58.000,ue28,-71.821,69.369,52.575,true
59.000,ue28,-71.870,70.647,52.579,true
60.000,ue28,-71.914,71.806,52.583,true
61.000,ue28,-71.969,73.235,52.589,true
62.000,ue28,-72.013,74.394,52.574,true
63.000,ue28,-72.059,75.600,52.579,true
64.000,ue28,-72.113,76.998,52.584,true
65.000,ue28,-72.163,78.317,52.589,true
66.000,ue28,-72.211,79.556,52.593,true
67.000,ue28,-72.194,80.765,52.595,true
68.000,ue28,-72.150,82.086,52.614,true
69.000,ue28,-72.104,83.519,52.614,true
70.000,ue28,-72.062,84.790,52.616,true
71.000,ue28,-72.022,86.030,52.598,true
72.000,ue28,-71.976,87.447,52.607,true
73.000,ue28,-71.930,88.846,52.612,true
74.000,ue28,-71.891,90.053,52.615,true
75.000,ue28,-71.844,91.482,52.622,true
76.000,ue28,-71.799,92.858,52.694,true
77.000,ue28,-71.754,94.228,52.695,true
78.000,ue28,-71.715,95.425,52.695,true
79.000,ue28,-71.676,96.644,52.696,true
80.000,ue28,-71.630,98.039,52.697,true
81.000,ue28,-71.592,99.213,52.698,true
82.000,ue28,-71.547,100.579,52.699,true
83.000,ue28,-71.502,101.952,52.700,true
84.000,ue28,-71.464,103.119,52.701,true
85.000,ue28,-71.425,104.313,52.702,true
86.000,ue28,-71.380,105.699,52.703,true
87.000,ue28,-71.343,106.851,52.704,true
88.000,ue28,-71.301,108.112,52.705,true
89.000,ue28,-71.255,109.524,52.706,true
90.000,ue28,-71.212,110.858,52.708,true
91.000,ue28,-71.248,112.044,52.709,true
92.000,ue28,-71.420,113.363,52.709,true
93.000,ue28,-71.589,114.650,52.692,true
94.000,ue28,-71.742,115.824,52.670,true
95.000,ue28,-71.894,116.985,52.656,true
96.000,ue28,-72.071,118.337,52.635,true
97.000,ue28,-72.230,119.558,52.613,true
98.000,ue28,-72.389,120.772,52.600,true
99.000,ue28,-72.568,122.143,52.598,true
100.000,ue28,-73.007,123.381,52.583,true
101.000,ue28,-73.585,124.486,52.538,true
102.000,ue28,-74.150,125.563,52.503,true
103.000,ue28,-74.808,126.819,52.473,true
104.000,ue28,-75.574,127.866,52.437,true
105.000,ue28,-76.889,128.164,52.380,true
106.000,ue28,-78.146,128.449,52.267,true
107.000,ue28,-79.362,128.725,52.194,true
108.000,ue28,-80.492,128.981,52.139,true
109.000,ue28,-81.718,129.259,52.054,true
110.000,ue28,-83.103,129.573,51.907,true
111.000,ue28,-84.452,129.666,51.717,true
112.000,ue28,-85.632,129.688,51.566,true
113.000,ue28,-86.936,129.712,51.404,true
114.000,ue28,-88.109,129.734,51.238,true
115.000,ue28,-89.515,129.759,50.996,true
116.000,ue28,-90.742,129.782,50.784,true
117.000,ue28,-91.894,129.803,50.585,true
118.000,ue28,-93.063,129.825,50.384,true
119.000,ue28,-94.217,129.846,50.185,true
120.000,ue28,-95.490,129.869,49.965,true
121.000,ue28,-96.697,129.892,49.757,true
122.000,ue28,-98.018,129.916,49.526,true
123.000,ue28,-99.346,129.940,49.291,true
124.000,ue28,-100.526,129.962,49.083,true
125.000,ue28,-101.795,129.985,48.859,true
126.000,ue28,-102.992,130.007,48.648,true
127.000,ue28,-104.395,130.033,48.400,true
128.000,ue28,-105.572,130.055,48.184,true
129.000,ue28,-106.854,130.079,47.941,true
130.000,ue28,-108.127,130.102,47.700,true
131.000,ue28,-109.411,130.126,47.456,true
132.000,ue28,-110.560,130.147,47.239,true
133.000,ue28,-111.790,130.169,47.005,true
134.000,ue28,-113.133,130.194,46.751,true
135.000,ue28,-114.510,130.219,46.490,true
136.000,ue28,-115.717,130.242,46.264,true
137.000,ue28,-117.085,130.267,46.007,true
138.000,ue28,-118.345,130.290,45.771,true
139.000,ue28,-119.545,130.312,45.546,true
140.000,ue28,-120.770,130.335,45.317,true
141.000,ue28,-122.075,130.359,45.072,true
142.000,ue28,-123.381,130.383,44.835,true
143.000,ue28,-124.686,130.407,44.599,true
144.000,ue28,-125.872,130.429,44.385,true
145.000,ue28,-127.017,130.450,44.178,true
146.000,ue28,-128.252,130.472,43.955,true
147.000,ue28,-129.547,130.496,43.721,true
148.000,ue28,-130.954,130.522,43.466,true
149.000,ue28,-132.327,130.547,43.217,true
150.000,ue28,-133.603,130.571,42.983,true
151.000,ue28,-134.955,130.596,42.736,true
152.000,ue28,-136.321,130.621,42.487,true
153.000,ue28,-137.628,130.645,42.248,true
154.000,ue28,-138.902,130.668,42.015,true
155.000,ue28,-140.265,130.693,41.757,true
156.000,ue28,-141.628,130.719,41.493,true
157.000,ue28,-142.882,130.742,41.249,true
158.000,ue28,-144.020,130.763,41.028,true
159.000,ue28,-145.220,130.785,40.795,true
160.000,ue28,-146.421,130.807,40.562,true
161.000,ue28,-147.557,130.828,40.341,true
162.000,ue28,-148.686,130.848,40.122,true
163.000,ue28,-149.814,130.869,39.910,true
164.000,ue28,-151.162,130.894,39.657,true
165.000,ue28,-152.378,130.916,39.428,true
166.000,ue28,-153.730,130.941,39.173,true
167.000,ue28,-155.013,130.965,38.932,true
168.000,ue28,-156.296,130.989,38.691,true
169.000,ue28,-157.372,131.008,38.468,true
170.000,ue28,-158.527,131.030,38.208,true
171.000,ue28,-159.611,131.050,37.964,true
172.000,ue28,-160.836,131.072,37.689,true
173.000,ue28,-161.837,131.090,37.463,true
174.000,ue28,-163.165,131.115,37.162,true
175.000,ue28,-164.215,131.134,36.925,true
176.000,ue28,-165.435,131.157,36.648,true
177.000,ue28,-166.579,131.178,36.389,true
178.000,ue28,-167.743,131.199,36.129,true
179.000,ue28,-168.779,131.264,35.901,true
33.000,ue29,-314.857,411.750,23.186,true
34.000,ue29,-313.928,412.685,23.186,true
35.000,ue29,-312.988,413.630,23.186,true
36.000,ue29,-312.068,414.556,23.186,true
37.000,ue29,-311.201,415.428,23.186,true
38.000,ue29,-310.358,416.277,23.186,true
39.000,ue29,-309.518,417.122,23.186,true
40.000,ue29,-308.586,418.060,23.186,true
41.000,ue29,-307.764,418.887,23.186,true
42.000,ue29,-306.851,419.805,23.186,true
43.000,ue29,-306.090,420.571,23.186,true
44.000,ue29,-305.184,421.483,23.186,true
45.000,ue29,-304.378,422.294,23.186,true
46.000,ue29,-303.606,423.070,23.186,true
47.000,ue29,-302.771,423.911,23.186,true
48.000,ue29,-301.868,424.819,23.186,true
49.000,ue29,-300.985,425.708,23.186,true
50.000,ue29,-300.193,426.505,23.186,true
51.000,ue29,-299.399,427.304,23.186,true
52.000,ue29,-298.618,428.090,23.185,true
53.000,ue29,-297.835,428.877,23.172,true
54.000,ue29,-297.044,429.674,23.124,true
55.000,ue29,-296.243,430.480,23.235,true
56.000,ue29,-295.374,431.353,23.274,true
57.000,ue29,-294.540,431.990,23.304,true
58.000,ue29,-293.235,431.985,23.349,true
59.000,ue29,-292.150,431.980,23.380,true
60.000,ue29,-291.066,431.975,23.415,true
61.000,ue29,-289.806,431.970,23.499,true
62.000,ue29,-288.729,431.965,23.600,true
63.000,ue29,-287.586,431.960,23.713,true
64.000,ue29,-286.517,431.956,23.822,true
65.000,ue29,-285.424,431.951,23.934,true
66.000,ue29,-284.356,431.946,24.086,true
67.000,ue29,-283.038,431.941,24.274,true
68.000,ue29,-281.957,431.936,24.429,true
69.000,ue29,-280.814,431.931,24.597,true
70.000,ue29,-279.626,431.926,24.782,true
71.000,ue29,-278.344,431.920,24.981,true
72.000,ue29,-277.040,431.915,25.184,true
73.000,ue29,-275.961,431.910,25.352,true
74.000,ue29,-274.878,431.905,25.520,true
75.000,ue29,-273.797,431.901,25.684,true
76.000,ue29,-272.528,431.895,25.877,true
77.000,ue29,-271.337,431.890,26.059,true
78.000,ue29,-270.255,431.885,26.219,true
79.000,ue29,-269.164,431.881,26.379,true
80.000,ue29,-268.004,431.876,26.550,true
81.000,ue29,-266.700,431.870,26.741,true
82.000,ue29,-265.415,431.865,26.930,true
83.000,ue29,-264.204,431.859,27.112,true
84.000,ue29,-262.894,431.854,27.311,true
85.000,ue29,-261.609,431.848,27.507,true
86.000,ue29,-260.412,431.843,27.687,true
87.000,ue29,-259.258,431.838,27.856,true
88.000,ue29,-258.072,431.833,28.031,true
89.000,ue29,-256.869,431.828,28.207,true
90.000,ue29,-255.550,431.822,28.401,true
91.000,ue29,-254.423,431.817,28.568,true
92.000,ue29,-253.107,431.811,28.645,true
93.000,ue29,-252.937,431.027,28.671,true
94.000,ue29,-252.937,429.813,28.719,true
95.000,ue29,-252.937,428.524,28.759,true
96.000,ue29,-252.937,427.203,28.798,true
97.000,ue29,-252.937,425.958,28.860,true
98.000,ue29,-252.936,424.726,28.903,true
99.000,ue29,-252.936,423.485,28.947,true
100.000,ue29,-252.936,422.264,28.997,true
101.000,ue29,-252.936,420.945,29.013,true
102.000,ue29,-252.936,419.793,29.013,true
103.000,ue29,-252.936,418.548,29.013,true
104.000,ue29,-252.936,417.433,29.013,true
105.000,ue29,-252.936,416.139,29.013,true
106.000,ue29,-252.936,414.983,29.013,true
107.000,ue29,-252.936,413.646,29.013,true
108.000,ue29,-252.936,412.461,29.013,true
109.000,ue29,-252.936,411.209,29.013,true
110.000,ue29,-252.935,410.134,29.013,true
111.000,ue29,-252.935,408.900,29.013,true
112.000,ue29,-252.935,407.663,29.013,true
113.000,ue29,-252.935,406.527,29.013,true
114.000,ue29,-252.935,405.378,29.013,true
115.000,ue29,-252.935,404.089,29.013,true
116.000,ue29,-252.935,402.932,29.013,true
117.000,ue29,-252.935,401.689,29.013,true
118.000,ue29,-252.935,400.507,29.013,true
119.000,ue29,-252.935,399.424,29.013,true
120.000,ue29,-252.935,398.298,29.013,true
121.000,ue29,-252.935,396.975,29.013,true
122.000,ue29,-252.935,395.881,29.013,true
123.000,ue29,-252.934,394.643,29.013,true
124.000,ue29,-252.934,393.353,29.013,true
125.000,ue29,-252.934,392.016,29.013,true
126.000,ue29,-252.934,390.756,29.013,true
127.000,ue29,-252.934,389.674,29.013,true
128.000,ue29,-252.934,388.396,29.013,true
129.000,ue29,-252.934,387.079,29.013,true
130.000,ue29,-252.934,385.812,29.013,true
131.000,ue29,-252.934,384.728,29.013,true
132.000,ue29,-252.934,383.407,29.013,true
133.000,ue29,-252.934,382.135,29.013,true
134.000,ue29,-252.934,380.976,29.013,true
135.000,ue29,-252.933,379.776,29.013,true
136.000,ue29,-252.933,378.445,29.013,true
137.000,ue29,-252.933,377.368,29.013,true
138.000,ue29,-252.933,376.088,29.013,true
139.000,ue29,-252.933,374.882,29.013,true
140.000,ue29,-252.933,373.647,29.013,true
141.000,ue29,-252.933,372.495,29.013,true
142.000,ue29,-252.933,371.215,29.013,true
143.000,ue29,-252.933,369.924,29.013,true
144.000,ue29,-252.933,368.714,29.013,true
145.000,ue29,-252.933,367.556,29.016,true
146.000,ue29,-252.933,366.451,29.021,true
147.000,ue29,-252.932,365.300,29.027,true
148.000,ue29,-252.932,364.099,29.033,true
149.000,ue29,-253.668,363.659,29.022,true
150.000,ue29,-254.874,363.580,29.016,true
151.000,ue29,-256.161,363.496,29.023,true
152.000,ue29,-257.339,363.419,29.028,true
153.000,ue29,-258.552,363.339,29.035,true
154.000,ue29,-259.679,363.265,29.040,true
155.000,ue29,-260.850,363.189,29.046,true
156.000,ue29,-262.014,363.113,29.033,true
157.000,ue29,-263.219,363.034,29.051,true
158.000,ue29,-264.468,362.952,29.075,true
159.000,ue29,-265.474,362.886,28.883,true
160.000,ue29,-266.462,363.372,28.886,true
161.000,ue29,-267.123,363.822,28.592,true
162.000,ue29,-267.664,364.190,28.084,true
163.000,ue29,-268.553,364.797,27.832,true
164.000,ue29,-269.044,365.131,27.355,true
165.000,ue29,-269.651,365.545,26.816,true
166.000,ue29,-270.307,365.991,26.467,true
167.000,ue29,-270.990,366.457,25.967,true
168.000,ue29,-271.842,367.037,25.734,true
169.000,ue29,-272.595,367.550,25.310,true
170.000,ue29,-273.183,367.951,24.834,true
171.000,ue29,-273.905,368.443,24.549,true
172.000,ue29,-274.569,368.895,24.276,true
173.000,ue29,-275.389,369.454,24.085,true
174.000,ue29,-276.077,369.922,23.843,true
175.000,ue29,-276.811,370.423,23.629,true
176.000,ue29,-277.640,370.988,23.349,true
177.000,ue29,-278.313,371.668,23.186,true
178.000,ue29,-279.133,372.494,23.186,true
179.000,ue29,-280.009,373.378,23.186,true
33.000,ue30,-72.291,34.035,52.490,true
34.000,ue30,-72.246,35.247,52.578,true
35.000,ue30,-72.208,36.242,52.581,true
36.000,ue30,-72.168,37.310,52.581,true
37.000,ue30,-72.127,38.406,52.580,true
38.000,ue30,-72.082,39.581,52.580,true
39.000,ue30,-72.040,40.699,52.580,true
40.000,ue30,-72.000,41.763,52.580,true
41.000,ue30,-71.957,42.917,52.579,true
42.000,ue30,-71.915,44.034,52.578,true
43.000,ue30,-71.872,45.158,52.577,true
44.000,ue30,-71.835,46.147,52.576,true
45.000,ue30,-71.798,47.133,52.575,true
46.000,ue30,-71.754,48.303,52.574,true
47.000,ue30,-71.716,49.300,52.574,true
48.000,ue30,-71.677,50.337,52.574,true
49.000,ue30,-71.639,51.341,52.573,true
50.000,ue30,-72.134,52.028,52.565,true
51.000,ue30,-73.141,51.987,52.550,true
52.000,ue30,-74.222,51.942,52.525,true
36.000,ue31,-231.828,493.172,28.622,true
37.000,ue31,-231.835,491.582,28.622,true
38.000,ue31,-231.840,490.247,28.622,true
39.000,ue31,-231.846,488.909,28.622,true
40.000,ue31,-231.852,487.436,28.622,true
41.000,ue31,-231.859,485.903,28.772,true
42.000,ue31,-231.865,484.521,28.993,true
43.000,ue31,-231.871,483.135,28.998,true
44.000,ue31,-231.878,481.613,29.004,true
45.000,ue31,-231.884,480.144,29.005,true
46.000,ue31,-231.890,478.701,29.005,true
47.000,ue31,-231.896,477.365,29.006,true
48.000,ue31,-231.902,475.967,29.006,true
49.000,ue31,-231.908,474.504,29.006,true
50.000,ue31,-231.915,473.024,29.006,true
51.000,ue31,-231.922,471.373,29.006,true
52.000,ue31,-231.928,469.989,29.006,true
53.000,ue31,-231.934,468.507,29.006,true
54.000,ue31,-231.941,466.993,29.006,true
55.000,ue31,-231.947,465.599,29.006,true
56.000,ue31,-231.953,464.069,29.006,true
57.000,ue31,-231.959,462.654,29.006,true
58.000,ue31,-231.966,461.056,29.006,true
59.000,ue31,-231.973,459.460,29.006,true
60.000,ue31,-231.979,458.106,29.005,true
61.000,ue31,-231.986,456.475,29.005,true
62.000,ue31,-231.993,454.940,29.005,true
63.000,ue31,-232.000,453.305,29.005,true
64.000,ue31,-232.007,451.692,29.005,true
65.000,ue31,-232.013,450.210,29.005,true
66.000,ue31,-232.020,448.586,29.005,true
67.000,ue31,-232.026,447.251,29.005,true
68.000,ue31,-232.033,445.615,29.005,true
69.000,ue31,-232.039,444.216,29.005,true
70.000,ue31,-232.045,442.806,29.005,true
71.000,ue31,-232.052,441.325,29.005,true
72.000,ue31,-232.058,439.925,29.005,true
73.000,ue31,-232.064,438.502,29.005,true
74.000,ue31,-232.070,437.150,29.005,true
75.000,ue31,-232.077,435.498,29.005,true
76.000,ue31,-232.083,434.028,29.005,true
77.000,ue31,-232.090,432.512,29.005,true
78.000,ue31,-232.096,430.950,29.005,true
79.000,ue31,-232.103,429.489,29.003,true
80.000,ue31,-232.109,427.991,28.910,true
81.000,ue31,-232.116,426.502,28.883,true
82.000,ue31,-232.122,425.111,28.880,true
83.000,ue31,-232.127,423.752,28.880,true
84.000,ue31,-232.134,422.159,28.996,true
85.000,ue31,-232.141,420.519,29.005,true
86.000,ue31,-232.148,418.974,29.005,true
87.000,ue31,-232.155,417.361,29.005,true
88.000,ue31,-232.162,415.814,29.005,true
89.000,ue31,-232.168,414.463,29.005,true
90.000,ue31,-232.173,413.103,29.005,true
91.000,ue31,-232.180,411.681,29.005,true
92.000,ue31,-232.186,410.186,29.005,true
93.000,ue31,-232.193,408.570,29.005,true
94.000,ue31,-232.199,407.099,29.005,true
95.000,ue31,-232.206,405.591,29.005,true
96.000,ue31,-232.212,404.149,29.005,true
97.000,ue31,-232.219,402.499,29.005,true
98.000,ue31,-232.225,401.119,29.005,true
99.000,ue31,-232.232,399.556,29.005,true
100.000,ue31,-232.239,397.924,29.005,true
101.000,ue31,-232.245,396.502,29.005,true
102.000,ue31,-232.251,395.118,29.005,true
103.000,ue31,-232.258,393.596,29.004,true
104.000,ue31,-232.263,392.266,28.992,true
105.000,ue31,-232.269,390.910,28.981,true
106.000,ue31,-232.276,389.351,28.968,true
107.000,ue31,-232.282,387.902,28.955,true
108.000,ue31,-232.288,386.571,28.944,true
109.000,ue31,-232.294,385.133,28.932,true
110.000,ue31,-232.300,383.739,28.920,true
111.000,ue31,-232.307,382.247,28.907,true
112.000,ue31,-232.313,380.709,28.895,true
113.000,ue31,-232.319,379.334,28.886,true
114.000,ue31,-232.325,377.951,28.877,true
115.000,ue31,-232.332,376.461,28.867,true
116.000,ue31,-232.338,374.909,28.857,true
117.000,ue31,-232.345,373.459,28.848,true
118.000,ue31,-232.351,371.999,28.839,true
119.000,ue31,-232.358,370.349,28.828,true
120.000,ue31,-232.364,369.002,28.722,true
121.000,ue31,-232.371,367.396,28.643,true
122.000,ue31,-232.377,365.978,28.605,true
123.000,ue31,-232.384,364.325,28.605,true
124.000,ue31,-232.391,362.756,28.605,true
125.000,ue31,-232.398,361.200,28.605,true
126.000,ue31,-232.404,359.710,28.605,true
127.000,ue31,-232.411,358.184,28.605,true
128.000,ue31,-232.417,356.692,28.605,true
129.000,ue31,-232.424,355.200,28.605,true
130.000,ue31,-232.430,353.657,28.605,true
131.000,ue31,-232.436,352.277,28.632,true
132.000,ue31,-232.443,350.780,28.650,true
133.000,ue31,-230.753,350.792,28.680,true
134.000,ue31,-229.386,350.877,28.714,true
135.000,ue31,-227.890,350.970,28.727,true
136.000,ue31,-226.318,351.068,28.735,true
137.000,ue31,-224.732,351.167,28.744,true
138.000,ue31,-223.112,351.268,28.753,true
139.000,ue31,-221.737,351.354,28.798,true
140.000,ue31,-220.299,351.444,28.935,true
141.000,ue31,-218.761,351.539,29.081,true
142.000,ue31,-217.136,351.641,29.236,true
143.000,ue31,-215.576,351.738,29.384,true
144.000,ue31,-213.988,351.837,29.536,true
145.000,ue31,-212.474,351.931,29.680,true
146.000,ue31,-210.892,352.030,29.830,true
147.000,ue31,-209.327,352.127,29.979,true
148.000,ue31,-207.877,352.218,30.117,true
149.000,ue31,-206.309,352.316,30.266,true
150.000,ue31,-204.933,352.401,30.397,true
151.000,ue31,-203.413,352.496,30.542,true
152.000,ue31,-201.861,352.593,30.689,true
153.000,ue31,-200.320,352.689,30.836,true
154.000,ue31,-198.699,352.790,30.990,true
155.000,ue31,-197.175,352.885,31.135,true
156.000,ue31,-195.627,352.981,31.282,true
157.000,ue31,-194.005,353.082,31.437,true
158.000,ue31,-192.565,353.172,31.574,true
159.000,ue31,-191.132,353.262,31.710,true
160.000,ue31,-189.567,353.359,31.859,true
161.000,ue31,-188.153,353.447,31.993,true
162.000,ue31,-186.762,353.534,32.126,true
163.000,ue31,-185.245,353.628,32.270,true
164.000,ue31,-183.781,353.720,32.409,true
165.000,ue31,-182.203,353.818,32.559,true
166.000,ue31,-180.716,353.911,32.701,true
167.000,ue31,-179.291,354.000,32.837,true
168.000,ue31,-177.831,354.091,32.976,true
169.000,ue31,-176.219,354.191,33.129,true
170.000,ue31,-174.884,354.274,33.256,true
171.000,ue31,-173.258,354.376,33.411,true
172.000,ue31,-171.853,354.463,33.544,true
173.000,ue31,-170.220,354.565,33.700,true
174.000,ue31,-168.838,354.651,33.831,true
175.000,ue31,-167.497,354.735,33.959,true
176.000,ue31,-165.955,354.831,34.105,true
177.000,ue31,-164.462,354.924,34.247,true
178.000,ue31,-162.866,355.023,34.399,true
179.000,ue31,-161.483,355.110,34.531,true
36.000,ue32,-375.121,238.013,26.873,true
37.000,ue32,-373.888,238.008,26.873,true
38.000,ue32,-372.481,238.002,26.873,true
39.000,ue32,-371.077,237.995,26.873,true
40.000,ue32,-369.652,237.989,26.873,true
41.000,ue32,-368.139,237.983,26.873,true
42.000,ue32,-366.835,237.977,26.873,true
43.000,ue32,-365.581,237.972,26.873,true
44.000,ue32,-364.222,237.966,26.873,true
45.000,ue32,-362.842,237.960,26.873,true
46.000,ue32,-361.567,237.954,26.873,true
47.000,ue32,-360.311,237.949,26.873,true
48.000,ue32,-359.063,237.944,26.873,true
49.000,ue32,-357.699,237.938,26.873,true
50.000,ue32,-356.167,238.011,26.873,true
51.000,ue32,-355.259,238.926,26.884,true
52.000,ue32,-354.354,239.840,27.009,true
53.000,ue32,-353.286,240.916,27.009,true
54.000,ue32,-352.247,241.964,27.009,true
55.000,ue32,-351.254,242.966,27.009,true
56.000,ue32,-350.251,243.977,27.009,true
57.000,ue32,-349.226,245.011,27.009,true
58.000,ue32,-348.271,245.974,27.009,true
59.000,ue32,-347.233,247.021,27.009,true
60.000,ue32,-346.211,248.051,27.009,true
61.000,ue32,-345.163,249.109,27.009,true
62.000,ue32,-344.094,250.186,27.009,true
63.000,ue32,-343.106,251.183,27.009,true
64.000,ue32,-342.229,252.068,27.009,true
65.000,ue32,-341.163,253.142,27.009,true
66.000,ue32,-340.117,254.197,27.009,true
67.000,ue32,-339.040,255.283,27.009,true
68.000,ue32,-337.807,255.846,27.009,true
69.000,ue32,-336.444,256.294,27.009,true
70.000,ue32,-335.227,256.694,27.009,true
71.000,ue32,-333.869,257.140,27.009,true
72.000,ue32,-332.691,257.527,27.009,true
73.000,ue32,-331.246,258.002,27.009,true
74.000,ue32,-330.059,258.392,27.009,true
75.000,ue32,-328.820,258.799,27.009,true
76.000,ue32,-328.047,259.614,27.009,true
77.000,ue32,-328.178,260.843,26.981,true
78.000,ue32,-328.336,262.321,26.981,true
79.000,ue32,-328.477,263.636,26.981,true
80.000,ue32,-328.611,264.895,26.981,true
81.000,ue32,-328.768,266.371,26.981,true
82.000,ue32,-328.900,267.605,26.981,true
83.000,ue32,-329.049,269.004,26.981,true
84.000,ue32,-329.648,270.002,27.077,true
85.000,ue32,-330.945,270.151,27.077,true
86.000,ue32,-332.358,270.315,27.077,true
87.000,ue32,-333.782,270.479,27.077,true
88.000,ue32,-335.151,270.637,27.077,true
89.000,ue32,-336.455,270.788,27.077,true
90.000,ue32,-337.831,270.587,27.077,true
91.000,ue32,-338.955,269.969,27.077,true
92.000,ue32,-340.121,269.396,27.077,true
93.000,ue32,-341.601,269.369,27.077,true
94.000,ue32,-342.939,269.345,27.077,true
95.000,ue32,-344.254,269.321,27.077,true
96.000,ue32,-345.589,269.297,27.077,true
97.000,ue32,-346.840,269.274,27.077,true
98.000,ue32,-348.182,269.250,27.077,true
99.000,ue32,-349.641,269.224,27.077,true
100.000,ue32,-351.034,269.198,27.077,true
101.000,ue32,-352.429,269.173,27.077,true
102.000,ue32,-353.916,269.146,27.077,true
103.000,ue32,-355.343,269.120,27.077,true
104.000,ue32,-356.642,269.097,27.077,true
105.000,ue32,-358.045,269.072,27.077,true
106.000,ue32,-359.514,269.045,27.077,true
107.000,ue32,-360.895,269.020,27.077,true
108.000,ue32,-362.335,268.994,27.077,true
109.000,ue32,-363.863,268.967,27.077,true
110.000,ue32,-365.315,268.940,27.077,true
111.000,ue32,-366.683,268.916,27.078,true
112.000,ue32,-368.107,268.890,27.078,true
113.000,ue32,-369.575,268.863,27.078,true
114.000,ue32,-371.045,268.837,27.078,true
115.000,ue32,-372.526,268.810,27.084,true
116.000,ue32,-373.626,268.790,26.873,true
117.000,ue32,-374.881,268.767,26.873,true
118.000,ue32,-376.119,268.745,26.873,true
119.000,ue32,-377.455,268.721,26.873,true
120.000,ue32,-378.827,268.696,26.873,true
121.000,ue32,-380.134,268.532,26.873,true
122.000,ue32,-380.106,267.032,26.873,true
123.000,ue32,-380.083,265.789,26.873,true
124.000,ue32,-380.060,264.490,26.873,true
125.000,ue32,-380.035,263.131,26.873,true
39.000,ue33,-232.000,493.118,28.622,true
40.000,ue33,-232.006,491.760,28.622,true
41.000,ue33,-232.011,490.544,28.622,true
42.000,ue33,-232.017,489.096,28.622,true
43.000,ue33,-232.023,487.665,28.622,true
44.000,ue33,-232.030,486.248,28.694,true
45.000,ue33,-232.036,484.814,28.973,true
46.000,ue33,-232.042,483.331,28.997,true
47.000,ue33,-232.048,481.871,29.003,true
48.000,ue33,-232.054,480.566,29.005,true
49.000,ue33,-232.060,479.140,29.005,true
50.000,ue33,-232.066,477.864,29.006,true
51.000,ue33,-232.072,476.444,29.006,true
52.000,ue33,-232.078,475.047,29.006,true
53.000,ue33,-232.084,473.707,29.006,true
54.000,ue33,-232.090,472.317,29.006,true
55.000,ue33,-232.095,471.095,29.006,true
56.000,ue33,-232.101,469.801,29.006,true
57.000,ue33,-232.106,468.540,29.006,true
58.000,ue33,-232.112,467.050,29.006,true
59.000,ue33,-232.119,465.618,29.006,true
60.000,ue33,-232.125,464.191,29.006,true
61.000,ue33,-232.131,462.725,29.006,true
62.000,ue33,-232.138,461.230,29.006,true
63.000,ue33,-232.144,459.849,29.006,true
64.000,ue33,-232.149,458.548,29.006,true
65.000,ue33,-232.155,457.208,29.005,true
66.000,ue33,-232.161,455.750,29.005,true
67.000,ue33,-232.168,454.291,29.005,true
68.000,ue33,-232.174,452.878,29.005,true
69.000,ue33,-232.179,451.582,29.005,true
70.000,ue33,-232.185,450.189,29.005,true
71.000,ue33,-232.192,448.721,29.005,true
72.000,ue33,-232.198,447.229,29.005,true
73.000,ue33,-232.204,445.927,29.005,true
74.000,ue33,-232.209,444.602,29.005,true
75.000,ue33,-232.215,443.293,29.005,true
76.000,ue33,-232.221,441.974,29.005,true
77.000,ue33,-232.226,440.765,29.005,true
78.000,ue33,-232.232,439.406,29.005,true
79.000,ue33,-232.238,437.952,29.005,true
80.000,ue33,-232.244,436.509,29.005,true
81.000,ue33,-232.251,435.078,29.005,true
82.000,ue33,-232.257,433.623,29.005,true
83.000,ue33,-232.263,432.245,29.005,true
84.000,ue33,-232.269,430.845,29.005,true
85.000,ue33,-232.275,429.425,29.003,true
86.000,ue33,-232.281,428.122,28.910,true
87.000,ue33,-232.287,426.672,28.884,true
88.000,ue33,-232.293,425.235,28.880,true
89.000,ue33,-232.298,424.023,28.880,true
90.000,ue33,-232.304,422.756,28.962,true
91.000,ue33,-232.310,421.406,29.005,true
92.000,ue33,-232.316,419.916,29.005,true
93.000,ue33,-232.321,418.695,29.005,true
94.000,ue33,-232.327,417.321,29.005,true
95.000,ue33,-232.333,416.050,29.005,true
96.000,ue33,-232.338,414.819,29.005,true
97.000,ue33,-232.344,413.539,29.005,true
98.000,ue33,-232.350,412.103,29.005,true
99.000,ue33,-232.356,410.640,29.005,true
100.000,ue33,-232.362,409.237,29.005,true
101.000,ue33,-232.367,408.001,29.005,true
102.000,ue33,-232.374,406.546,29.005,true
103.000,ue33,-232.379,405.334,29.005,true
104.000,ue33,-232.385,403.870,29.005,true
105.000,ue33,-232.391,402.534,29.005,true
106.000,ue33,-232.397,401.255,29.005,true
107.000,ue33,-232.403,399.845,29.005,true
108.000,ue33,-232.408,398.634,29.005,true
109.000,ue33,-232.414,397.147,29.005,true
110.000,ue33,-232.420,395.825,29.005,true
111.000,ue33,-232.426,394.423,29.005,true
112.000,ue33,-232.432,393.150,29.000,true
113.000,ue33,-232.438,391.656,28.988,true
114.000,ue33,-232.443,390.444,28.977,true
115.000,ue33,-232.449,389.226,28.967,true
116.000,ue33,-232.454,387.973,28.956,true
117.000,ue33,-232.460,386.582,28.945,true
118.000,ue33,-232.466,385.214,28.933,true
119.000,ue33,-232.472,383.862,28.921,true
120.000,ue33,-232.477,382.654,28.911,true
121.000,ue33,-232.482,381.396,28.901,true
122.000,ue33,-232.489,379.935,28.890,true
123.000,ue33,-232.494,378.711,28.882,true
124.000,ue33,-232.499,377.473,28.874,true
125.000,ue33,-232.505,376.044,28.865,true
126.000,ue33,-232.511,374.766,28.857,true
127.000,ue33,-232.517,373.364,28.848,true
128.000,ue33,-232.522,372.133,28.840,true
129.000,ue33,-232.528,370.860,28.832,true
130.000,ue33,-232.533,369.587,28.798,true
131.000,ue33,-232.539,368.237,28.688,true
132.000,ue33,-232.545,366.922,28.621,true
133.000,ue33,-232.551,365.472,28.605,true
134.000,ue33,-232.556,364.257,28.605,true
135.000,ue33,-232.562,362.853,28.605,true
136.000,ue33,-232.569,361.385,28.605,true
137.000,ue33,-232.575,359.985,28.605,true
138.000,ue33,-232.581,358.547,28.605,true
139.000,ue33,-232.587,357.072,28.605,true
140.000,ue33,-232.593,355.694,28.605,true
141.000,ue33,-232.599,354.343,28.605,true
142.000,ue33,-232.605,353.057,28.605,true
143.000,ue33,-232.611,351.597,28.632,true
144.000,ue33,-232.616,350.343,28.658,true
145.000,ue33,-232.623,348.879,28.679,true
146.000,ue33,-232.628,347.653,28.690,true
147.000,ue33,-232.634,346.169,28.704,true
148.000,ue33,-232.640,344.775,28.699,true
149.000,ue33,-232.646,343.538,28.695,true
150.000,ue33,-232.652,342.175,28.690,true
151.000,ue33,-232.658,340.748,28.686,true
152.000,ue33,-232.664,339.331,28.681,true
153.000,ue33,-232.669,338.114,28.677,true
154.000,ue33,-232.675,336.702,28.672,true
155.000,ue33,-232.681,335.324,28.667,true
156.000,ue33,-232.688,333.882,28.662,true
157.000,ue33,-232.694,332.402,28.657,true
158.000,ue33,-232.700,330.949,28.653,true
159.000,ue33,-232.706,329.697,28.648,true
160.000,ue33,-232.712,328.283,28.644,true
161.000,ue33,-232.718,326.791,28.639,true
162.000,ue33,-232.723,325.573,28.634,true
163.000,ue33,-232.729,324.180,28.630,true
164.000,ue33,-232.735,322.920,28.625,true
165.000,ue33,-232.741,321.541,28.621,true
166.000,ue33,-232.746,320.272,28.617,true
167.000,ue33,-232.752,318.850,28.612,true
168.000,ue33,-232.758,317.607,28.608,true
169.000,ue33,-232.764,316.174,28.603,true
170.000,ue33,-232.769,314.916,28.602,true
171.000,ue33,-232.775,313.653,28.607,true
172.000,ue33,-232.780,312.371,28.612,true
173.000,ue33,-232.786,311.132,28.617,true
174.000,ue33,-232.792,309.762,28.622,true
175.000,ue33,-232.797,308.463,28.627,true
176.000,ue33,-232.803,307.190,28.632,true
177.000,ue33,-232.809,305.696,28.638,true
178.000,ue33,-232.815,304.361,28.643,true
179.000,ue33,-232.821,302.944,28.648,true
39.000,ue34,-374.861,237.552,26.873,true
40.000,ue34,-373.486,237.546,26.873,true
41.000,ue34,-372.321,237.541,26.873,true
42.000,ue34,-371.146,237.536,26.873,true
43.000,ue34,-369.753,237.530,26.873,true
44.000,ue34,-368.364,237.524,26.873,true
45.000,ue34,-367.004,237.518,26.873,true
46.000,ue34,-365.866,237.513,26.873,true
47.000,ue34,-364.489,237.507,26.873,true
48.000,ue34,-363.241,237.502,26.873,true
49.000,ue34,-362.070,237.497,26.873,true
50.000,ue34,-360.937,237.492,26.873,true
51.000,ue34,-359.567,237.486,26.873,true
52.000,ue34,-358.336,237.480,26.873,true
53.000,ue34,-357.178,237.475,26.873,true
54.000,ue34,-355.898,237.558,26.873,true
55.000,ue34,-355.011,238.453,26.884,true
56.000,ue34,-354.151,239.321,27.009,true
57.000,ue34,-353.254,240.225,27.009,true
58.000,ue34,-352.315,241.172,27.009,true
59.000,ue34,-351.469,242.026,27.009,true
60.000,ue34,-350.645,242.856,27.009,true
61.000,ue34,-349.699,243.811,27.009,true
62.000,ue34,-348.814,244.703,27.009,true
63.000,ue34,-347.896,245.628,27.009,true
64.000,ue34,-347.029,246.503,27.009,true
65.000,ue34,-346.156,247.383,27.009,true
66.000,ue34,-345.303,248.243,27.009,true
67.000,ue34,-344.388,249.166,27.009,true
68.000,ue34,-343.545,250.017,27.009,true
69.000,ue34,-342.567,251.003,27.009,true
70.000,ue34,-341.772,251.805,27.009,true
71.000,ue34,-340.946,252.638,27.009,true
72.000,ue34,-340.084,253.508,27.009,true
73.000,ue34,-339.229,254.369,27.009,true
74.000,ue34,-338.259,255.151,27.009,true
75.000,ue34,-337.052,255.548,27.009,true
76.000,ue34,-335.941,255.913,27.009,true
77.000,ue34,-334.771,256.297,27.009,true
78.000,ue34,-333.497,256.716,27.009,true
79.000,ue34,-332.427,257.067,27.009,true
80.000,ue34,-331.303,257.436,27.009,true
81.000,ue34,-330.018,257.858,27.009,true
82.000,ue34,-328.852,258.242,27.009,true
83.000,ue34,-327.585,258.606,27.009,true
84.000,ue34,-326.384,258.684,27.009,true
85.000,ue34,-325.029,258.772,27.009,true
86.000,ue34,-323.788,258.853,27.009,true
87.000,ue34,-322.433,258.941,27.009,true
88.000,ue34,-321.088,259.028,27.009,true
89.000,ue34,-319.847,259.109,27.009,true
90.000,ue34,-318.608,259.189,27.009,true
91.000,ue34,-317.268,259.276,27.009,true
92.000,ue34,-315.996,259.359,27.009,true
93.000,ue34,-314.701,259.443,27.009,true
94.000,ue34,-313.382,259.529,27.009,true
95.000,ue34,-312.252,259.602,27.009,true
96.000,ue34,-311.099,259.677,27.009,true
97.000,ue34,-309.814,259.760,27.009,true
98.000,ue34,-308.514,259.845,27.009,true
99.000,ue34,-307.144,259.934,27.009,true
100.000,ue34,-305.974,260.010,27.009,true
101.000,ue34,-304.829,260.084,27.009,true
102.000,ue34,-303.680,260.159,27.009,true
103.000,ue34,-302.550,260.232,27.009,true
104.000,ue34,-301.278,260.315,27.009,true
105.000,ue34,-299.974,260.400,27.009,true
106.000,ue34,-298.683,260.484,27.009,true
107.000,ue34,-297.569,260.556,27.009,true
108.000,ue34,-296.234,260.386,27.009,true
109.000,ue34,-295.071,260.237,27.009,true
110.000,ue34,-293.773,260.071,27.009,true
111.000,ue34,-292.472,259.905,27.009,true
112.000,ue34,-291.143,259.735,27.009,true
113.000,ue34,-289.763,259.558,27.009,true
114.000,ue34,-288.593,259.409,27.009,true
115.000,ue34,-287.429,259.260,27.009,true
116.000,ue34,-286.075,259.087,27.009,true
117.000,ue34,-284.721,258.914,27.010,true
118.000,ue34,-283.495,258.757,27.010,true
119.000,ue34,-282.212,258.593,27.013,true
120.000,ue34,-280.922,258.428,27.027,true
121.000,ue34,-279.723,258.275,27.041,true
122.000,ue34,-278.397,258.105,27.061,true
123.000,ue34,-277.141,257.945,27.119,true
124.000,ue34,-275.998,257.799,27.151,true
125.000,ue34,-274.887,257.657,27.155,true
126.000,ue34,-273.531,257.483,27.073,true
127.000,ue34,-272.474,257.088,27.006,true
128.000,ue34,-271.277,256.584,26.940,true
129.000,ue34,-270.331,256.184,26.685,true
130.000,ue34,-269.242,255.725,26.664,true
131.000,ue34,-268.074,255.233,26.755,true
132.000,ue34,-267.002,254.780,26.879,true
133.000,ue34,-265.688,254.468,27.014,true
134.000,ue34,-264.563,254.540,27.162,true
135.000,ue34,-263.381,254.615,27.263,true
136.000,ue34,-262.259,254.687,27.317,true
137.000,ue34,-260.949,254.771,27.309,true
138.000,ue34,-259.575,254.859,27.324,true
139.000,ue34,-258.580,254.923,27.458,true
140.000,ue34,-257.319,255.004,27.507,true
141.000,ue34,-255.973,255.090,27.559,true
142.000,ue34,-254.649,255.175,27.679,true
143.000,ue34,-253.447,255.252,27.798,true
144.000,ue34,-252.325,255.323,27.910,true
145.000,ue34,-251.168,255.397,28.024,true
146.000,ue34,-249.991,255.473,28.141,true
147.000,ue34,-248.879,255.544,28.250,true
148.000,ue34,-247.583,255.627,28.368,true
149.000,ue34,-246.402,255.703,28.477,true
150.000,ue34,-245.273,255.775,28.580,true
151.000,ue34,-243.916,255.862,28.669,true
152.000,ue34,-242.666,255.942,28.702,true
153.000,ue34,-241.421,256.022,28.734,true
154.000,ue34,-240.136,256.104,28.748,true
155.000,ue34,-238.840,256.187,28.758,true
156.000,ue34,-237.636,256.264,28.766,true
157.000,ue34,-236.523,256.335,28.774,true
158.000,ue34,-235.182,256.421,28.779,true
159.000,ue34,-233.865,256.506,28.779,true
160.000,ue34,-232.646,256.584,28.780,true
161.000,ue34,-231.397,256.664,28.780,true
162.000,ue34,-230.174,256.190,28.779,true
163.000,ue34,-229.140,255.683,28.772,true
164.000,ue34,-228.091,255.169,28.769,true
165.000,ue34,-226.903,254.586,28.773,true
166.000,ue34,-225.727,254.010,28.778,true
167.000,ue34,-224.630,253.472,28.782,true
168.000,ue34,-223.579,252.957,28.781,true
169.000,ue34,-222.569,252.462,28.779,true
170.000,ue34,-221.361,251.870,28.776,true
171.000,ue34,-220.426,251.011,28.777,true
172.000,ue34,-219.437,250.092,28.779,true
173.000,ue34,-218.546,249.264,28.780,true
174.000,ue34,-217.713,248.490,28.779,true
175.000,ue34,-216.772,247.616,28.779,true
176.000,ue34,-215.783,246.697,28.778,true
177.000,ue34,-214.771,245.757,28.783,true
178.000,ue34,-213.767,244.824,28.791,true
179.000,ue34,-212.922,244.039,28.798,true
42.000,ue35,-215.623,495.341,28.822,true
43.000,ue35,-214.341,495.417,28.821,true
44.000,ue35,-213.220,495.483,28.819,true
45.000,ue35,-212.064,495.551,28.817,true
46.000,ue35,-210.822,495.625,28.816,true
47.000,ue35,-209.699,495.691,28.814,true
48.000,ue35,-208.427,495.767,28.812,true
49.000,ue35,-207.258,495.836,28.811,true
50.000,ue35,-206.035,495.908,28.811,true
51.000,ue35,-204.962,495.972,28.811,true
52.000,ue35,-203.666,496.048,28.811,true
53.000,ue35,-202.577,496.113,28.811,true
54.000,ue35,-201.349,496.185,28.838,true
55.000,ue35,-200.274,496.249,28.967,true
56.000,ue35,-199.221,496.311,29.093,true
57.000,ue35,-198.045,496.381,29.234,true
58.000,ue35,-196.928,496.447,29.368,true
59.000,ue35,-195.687,496.448,29.518,true
60.000,ue35,-194.530,496.438,29.656,true
61.000,ue35,-193.237,496.428,29.811,true
62.000,ue35,-192.189,496.420,29.937,true
63.000,ue35,-190.981,496.410,30.082,true
64.000,ue35,-189.867,496.401,30.215,true
65.000,ue35,-188.639,496.391,30.363,true
66.000,ue35,-187.359,496.381,30.516,true
67.000,ue35,-186.193,496.371,30.656,true
68.000,ue35,-184.908,496.361,30.810,true
69.000,ue35,-183.670,496.351,30.958,true
70.000,ue35,-182.520,496.342,31.096,true
71.000,ue35,-181.378,496.333,31.233,true
72.000,ue35,-180.145,496.323,31.381,true
73.000,ue35,-179.002,496.314,31.518,true
74.000,ue35,-177.795,496.304,31.662,true
75.000,ue35,-176.617,496.295,31.804,true
76.000,ue35,-175.492,496.286,31.939,true
77.000,ue35,-174.420,496.277,32.067,true
78.000,ue35,-173.114,496.267,32.224,true
79.000,ue35,-171.888,496.257,32.371,true
80.000,ue35,-170.697,496.247,32.513,true
81.000,ue35,-169.589,496.239,32.646,true
82.000,ue35,-168.487,496.230,32.778,true
83.000,ue35,-167.198,496.219,32.933,true
84.000,ue35,-165.897,496.209,33.089,true
85.000,ue35,-164.662,496.199,33.237,true
86.000,ue35,-163.430,496.189,33.385,true
87.000,ue35,-162.183,496.179,33.534,true
88.000,ue35,-161.082,496.170,33.666,true
89.000,ue35,-159.979,496.162,33.798,true
90.000,ue35,-158.862,496.153,33.932,true
91.000,ue35,-157.691,496.143,34.073,true
92.000,ue35,-156.507,496.134,34.215,true
93.000,ue35,-155.428,496.125,34.344,true
94.000,ue35,-154.379,496.117,34.470,true
95.000,ue35,-153.119,496.107,34.621,true
96.000,ue35,-152.048,496.098,34.749,true
97.000,ue35,-150.964,496.089,34.879,true
98.000,ue35,-149.836,496.080,35.014,true
99.000,ue35,-148.560,496.070,35.167,true
100.000,ue35,-147.415,496.061,35.305,true
101.000,ue35,-146.258,496.052,35.443,true
102.000,ue35,-145.158,496.043,35.575,true
103.000,ue35,-143.860,496.032,35.731,true
104.000,ue35,-142.601,496.022,35.882,true
105.000,ue35,-141.412,496.013,36.024,true
106.000,ue35,-140.246,496.004,36.164,true
107.000,ue35,-139.147,495.995,36.296,true
108.000,ue35,-137.852,495.984,36.451,true
109.000,ue35,-136.741,495.975,36.584,true
110.000,ue35,-135.531,495.966,36.729,true
111.000,ue35,-134.376,495.956,36.868,true
112.000,ue35,-133.225,495.947,37.006,true
113.000,ue35,-131.998,495.937,37.153,true
114.000,ue35,-130.722,495.927,37.306,true
115.000,ue35,-129.633,495.919,37.436,true
116.000,ue35,-128.327,495.908,37.593,true
117.000,ue35,-127.037,495.898,37.748,true
118.000,ue35,-125.887,495.889,37.886,true
119.000,ue35,-124.603,495.878,38.039,true
120.000,ue35,-123.452,495.869,38.127,true
121.000,ue35,-122.309,495.860,38.127,true
122.000,ue35,-121.212,495.851,38.127,true
123.000,ue35,-120.076,495.842,38.127,true
124.000,ue35,-118.989,495.833,37.983,true
125.000,ue35,-117.769,495.824,37.901,true
126.000,ue35,-116.475,495.813,37.900,true
127.000,ue35,-115.530,495.469,37.924,true
128.000,ue35,-114.893,494.358,37.989,true
129.000,ue35,-114.253,493.242,38.003,true
130.000,ue35,-113.654,492.197,38.003,true
131.000,ue35,-113.089,491.212,38.003,true
132.000,ue35,-112.486,490.159,38.003,true
133.000,ue35,-112.191,489.076,38.003,true
134.000,ue35,-111.907,488.018,38.003,true
135.000,ue35,-111.572,486.768,38.003,true
136.000,ue35,-111.260,485.602,38.003,true
137.000,ue35,-110.919,484.332,38.003,true
138.000,ue35,-110.716,483.246,38.003,true
139.000,ue35,-110.721,482.143,38.003,true
140.000,ue35,-110.726,480.956,38.003,true
141.000,ue35,-110.731,479.864,38.003,true
142.000,ue35,-110.736,478.749,38.003,true
143.000,ue35,-110.741,477.495,38.003,true
144.000,ue35,-110.746,476.317,38.003,true
145.000,ue35,-110.751,475.196,38.003,true
146.000,ue35,-110.756,474.010,38.003,true
147.000,ue35,-110.361,472.756,38.003,true
148.000,ue35,-109.897,471.659,38.003,true
149.000,ue35,-109.483,470.682,38.003,true
150.000,ue35,-109.055,469.671,38.003,true
151.000,ue35,-108.572,468.531,38.003,true
152.000,ue35,-108.061,467.356,38.003,true
153.000,ue35,-107.159,466.673,38.003,true
154.000,ue35,-106.208,465.954,38.017,true
155.000,ue35,-105.253,465.230,38.041,true
156.000,ue35,-104.181,464.567,38.083,true
157.000,ue35,-102.947,464.243,38.209,true
158.000,ue35,-101.714,463.919,38.400,true
159.000,ue35,-100.532,463.609,38.610,true
160.000,ue35,-99.352,463.299,38.849,true
161.000,ue35,-98.286,463.019,39.046,true
162.000,ue35,-97.176,462.727,39.257,true
163.000,ue35,-95.939,462.402,39.494,true
164.000,ue35,-94.748,462.089,39.730,true
165.000,ue35,-93.564,461.778,39.984,true
166.000,ue35,-92.383,461.468,40.239,true
167.000,ue35,-91.244,461.169,40.493,true
168.000,ue35,-90.045,460.854,40.750,true
169.000,ue35,-89.028,460.587,41.017,true
170.000,ue35,-87.975,460.310,41.314,true
171.000,ue35,-86.901,460.028,41.622,true
172.000,ue35,-85.867,459.705,41.939,true
173.000,ue35,-84.937,458.901,42.231,true
174.000,ue35,-83.977,458.071,42.542,true
175.000,ue35,-83.021,457.245,42.839,true
176.000,ue35,-82.067,456.420,43.126,true
177.000,ue35,-81.252,455.715,43.368,true
178.000,ue35,-80.362,454.945,43.628,true
179.000,ue35,-79.566,454.064,43.871,true
42.000,ue36,-379.225,255.231,26.873,true
43.000,ue36,-379.247,256.426,26.873,true
44.000,ue36,-379.268,257.531,26.873,true
45.000,ue36,-379.290,258.748,26.873,true
46.000,ue36,-379.314,260.060,26.873,true
47.000,ue36,-379.338,261.346,26.873,true
48.000,ue36,-379.359,262.468,26.873,true
49.000,ue36,-379.381,263.704,26.873,true
50.000,ue36,-379.404,264.919,26.873,true
51.000,ue36,-379.427,266.180,26.873,true
52.000,ue36,-379.449,267.376,26.873,true
53.000,ue36,-379.467,268.445,26.873,true
54.000,ue36,-379.443,269.615,26.873,true
55.000,ue36,-379.417,270.885,26.873,true
56.000,ue36,-379.393,272.078,26.873,true
57.000,ue36,-379.370,273.236,26.873,true
58.000,ue36,-379.346,274.439,26.873,true
59.000,ue36,-379.324,275.520,26.873,true
60.000,ue36,-379.302,276.603,26.873,true
61.000,ue36,-379.277,277.849,26.873,true
62.000,ue36,-379.252,279.068,26.892,true
63.000,ue36,-379.229,280.195,27.036,true
64.000,ue36,-379.207,281.318,27.332,true
65.000,ue36,-379.185,282.375,27.680,true
66.000,ue36,-379.162,283.533,28.024,true
67.000,ue36,-379.138,284.708,28.316,true
68.000,ue36,-379.114,285.914,28.586,true
69.000,ue36,-379.091,287.055,28.690,true
70.000,ue36,-378.175,286.992,28.675,true
71.000,ue36,-377.014,286.762,28.643,true
72.000,ue36,-375.769,286.516,28.609,true
73.000,ue36,-374.616,286.289,28.577,true
74.000,ue36,-373.554,286.079,28.548,true
75.000,ue36,-372.441,285.859,28.517,true
76.000,ue36,-371.381,285.650,28.512,true
77.000,ue36,-370.294,285.435,28.557,true
78.000,ue36,-369.043,285.188,28.702,true
79.000,ue36,-367.866,284.956,28.702,true
80.000,ue36,-366.779,284.741,28.702,true
81.000,ue36,-365.543,284.497,28.702,true
82.000,ue36,-364.342,284.260,28.702,true
83.000,ue36,-363.173,284.029,28.702,true
84.000,ue36,-362.089,283.821,28.702,true
85.000,ue36,-361.017,283.904,28.702,true
86.000,ue36,-359.747,284.002,28.702,true
87.000,ue36,-358.584,284.092,28.702,true
88.000,ue36,-357.373,284.186,28.702,true
89.000,ue36,-356.266,284.271,28.702,true
90.000,ue36,-355.148,284.357,28.702,true
91.000,ue36,-353.936,284.451,28.702,true
92.000,ue36,-352.742,284.543,28.702,true
93.000,ue36,-351.527,284.637,28.702,true
94.000,ue36,-350.469,284.719,28.702,true
95.000,ue36,-349.245,284.814,28.702,true
96.000,ue36,-347.935,284.915,28.679,true
97.000,ue36,-346.864,285.292,28.673,true
98.000,ue36,-345.745,285.970,28.693,true
99.000,ue36,-344.721,286.589,28.702,true
100.000,ue36,-343.594,287.271,28.699,true
101.000,ue36,-342.499,287.934,28.695,true
102.000,ue36,-341.896,288.964,28.694,true
103.000,ue36,-341.743,290.211,28.734,true
104.000,ue36,-341.612,291.274,28.734,true
105.000,ue36,-341.481,292.337,28.734,true
106.000,ue36,-341.381,293.150,29.098,true
107.000,ue36,-341.294,293.856,29.658,true
108.000,ue36,-341.208,294.554,30.236,true
109.000,ue36,-341.099,295.434,30.493,true
110.000,ue36,-340.943,296.703,30.493,true
111.000,ue36,-340.813,297.758,30.493,true
112.000,ue36,-340.661,298.989,30.493,true
113.000,ue36,-340.564,299.782,30.941,true
114.000,ue36,-340.459,300.628,31.282,true
115.000,ue36,-340.359,301.444,31.739,true
116.000,ue36,-340.267,302.187,32.244,true
117.000,ue36,-340.187,302.835,32.738,true
118.000,ue36,-340.108,303.480,33.210,true
119.000,ue36,-340.010,304.277,33.627,true
45.000,ue37,-215.753,495.185,28.822,true
46.000,ue37,-214.349,495.268,28.820,true
47.000,ue37,-212.864,495.356,28.818,true
48.000,ue37,-211.666,495.427,28.817,true
49.000,ue37,-210.289,495.508,28.815,true
50.000,ue37,-209.072,495.580,28.813,true
51.000,ue37,-207.695,495.662,28.811,true
52.000,ue37,-206.435,495.736,28.811,true
53.000,ue37,-205.075,495.817,28.811,true
54.000,ue37,-203.692,495.899,28.811,true
55.000,ue37,-202.380,495.976,28.811,true
56.000,ue37,-201.096,496.052,28.884,true
57.000,ue37,-199.880,496.124,29.030,true
58.000,ue37,-198.492,496.206,29.197,true
59.000,ue37,-197.137,496.286,29.359,true
60.000,ue37,-195.697,496.291,29.532,true
61.000,ue37,-194.288,496.280,29.701,true
62.000,ue37,-193.347,496.272,29.814,true
63.000,ue37,-192.006,496.261,29.975,true
64.000,ue37,-190.767,496.251,30.123,true
65.000,ue37,-189.798,496.244,30.239,true
66.000,ue37,-188.592,496.234,30.384,true
67.000,ue37,-187.290,496.224,30.540,true
68.000,ue37,-186.063,496.214,30.687,true
69.000,ue37,-184.813,496.204,30.837,true
70.000,ue37,-183.686,496.195,30.972,true
71.000,ue37,-182.292,496.184,31.139,true
72.000,ue37,-181.094,496.174,31.283,true
73.000,ue37,-180.085,496.166,31.404,true
74.000,ue37,-178.812,496.156,31.556,true
75.000,ue37,-177.636,496.146,31.697,true
76.000,ue37,-176.513,496.137,31.832,true
77.000,ue37,-175.567,496.130,31.945,true
78.000,ue37,-174.246,496.119,32.104,true
79.000,ue37,-172.778,496.107,32.280,true
80.000,ue37,-171.822,496.100,32.394,true
81.000,ue37,-170.549,496.089,32.547,true
82.000,ue37,-169.625,496.082,32.658,true
83.000,ue37,-168.433,496.073,32.801,true
84.000,ue37,-167.092,496.062,32.961,true
85.000,ue37,-165.892,496.052,33.105,true
86.000,ue37,-164.684,496.042,33.250,true
87.000,ue37,-163.325,496.032,33.413,true
88.000,ue37,-162.224,496.023,33.545,true
89.000,ue37,-160.958,496.013,33.697,true
90.000,ue37,-159.742,496.003,33.842,true
91.000,ue37,-158.709,495.995,33.966,true
92.000,ue37,-157.635,495.986,34.095,true
93.000,ue37,-156.477,495.977,34.234,true
94.000,ue37,-155.303,495.967,34.375,true
95.000,ue37,-154.036,495.957,34.526,true
96.000,ue37,-153.060,495.949,34.644,true
97.000,ue37,-152.120,495.942,34.756,true
98.000,ue37,-150.766,495.931,34.919,true
99.000,ue37,-149.452,495.921,35.076,true
100.000,ue37,-148.496,495.913,35.191,true
101.000,ue37,-147.376,495.904,35.325,true
102.000,ue37,-146.319,495.895,35.452,true
103.000,ue37,-144.863,495.884,35.626,true
104.000,ue37,-143.671,495.874,35.769,true
105.000,ue37,-142.584,495.865,35.899,true
106.000,ue37,-141.387,495.856,36.043,true
107.000,ue37,-140.195,495.846,36.186,true
108.000,ue37,-138.997,495.837,36.329,true
109.000,ue37,-137.739,495.827,36.480,true
110.000,ue37,-136.681,495.818,36.607,true
111.000,ue37,-135.300,495.807,36.773,true
112.000,ue37,-134.283,495.799,36.895,true
113.000,ue37,-133.059,495.789,37.041,true
114.000,ue37,-131.722,495.779,37.202,true
115.000,ue37,-130.640,495.770,37.331,true
116.000,ue37,-129.477,495.761,37.471,true
117.000,ue37,-128.198,495.750,37.624,true
118.000,ue37,-127.006,495.741,37.767,true
119.000,ue37,-125.559,495.729,37.940,true
120.000,ue37,-124.475,495.720,38.070,true
121.000,ue37,-123.282,495.711,38.127,true
122.000,ue37,-122.383,495.704,38.127,true
123.000,ue37,-121.175,495.694,38.127,true
124.000,ue37,-119.967,495.684,38.127,true
125.000,ue37,-118.858,495.675,37.965,true
126.000,ue37,-117.684,495.666,37.901,true
127.000,ue37,-116.438,495.656,37.900,true
128.000,ue37,-115.441,494.932,37.966,true
129.000,ue37,-114.812,493.833,38.000,true
130.000,ue37,-114.258,492.867,38.003,true
131.000,ue37,-113.738,491.961,38.003,true
132.000,ue37,-113.046,490.752,38.003,true
133.000,ue37,-112.532,489.705,38.003,true
134.000,ue37,-112.290,488.800,38.003,true
135.000,ue37,-111.923,487.433,38.003,true
136.000,ue37,-111.635,486.360,38.003,true
137.000,ue37,-111.299,485.105,38.003,true
138.000,ue37,-110.977,483.903,38.003,true
139.000,ue37,-110.849,482.759,38.003,true
140.000,ue37,-110.854,481.592,38.003,true
141.000,ue37,-110.858,480.484,38.003,true
142.000,ue37,-110.863,479.385,38.003,true
143.000,ue37,-110.868,478.273,38.003,true
144.000,ue37,-110.873,477.078,38.003,true
145.000,ue37,-110.878,475.914,38.003,true
146.000,ue37,-110.883,474.876,38.003,true
147.000,ue37,-110.864,473.479,38.003,true
148.000,ue37,-110.432,472.459,38.003,true
149.000,ue37,-109.942,471.300,38.003,true
150.000,ue37,-109.530,470.327,38.003,true
151.000,ue37,-109.100,469.314,38.003,true
152.000,ue37,-108.613,468.162,38.003,true
153.000,ue37,-108.103,467.133,38.003,true
154.000,ue37,-107.091,466.367,38.003,true
155.000,ue37,-106.134,465.643,38.021,true
156.000,ue37,-104.983,464.772,38.050,true
157.000,ue37,-104.066,464.347,38.099,true
158.000,ue37,-102.750,464.001,38.259,true
159.000,ue37,-101.465,463.664,38.466,true
160.000,ue37,-100.399,463.384,38.660,true
161.000,ue37,-99.325,463.101,38.880,true
162.000,ue37,-98.291,462.830,39.069,true
163.000,ue37,-97.143,462.528,39.287,true
164.000,ue37,-95.821,462.181,39.543,true
165.000,ue37,-94.551,461.848,39.799,true
166.000,ue37,-93.433,461.554,40.040,true
167.000,ue37,-92.119,461.209,40.325,true
168.000,ue37,-90.890,460.886,40.595,true
169.000,ue37,-89.924,460.632,40.812,true
170.000,ue37,-89.018,460.394,41.056,true
171.000,ue37,-87.953,460.114,41.357,true
172.000,ue37,-86.653,459.773,41.738,true
173.000,ue37,-85.780,459.361,42.009,true
174.000,ue37,-84.725,458.449,42.341,true
175.000,ue37,-83.799,457.649,42.640,true
176.000,ue37,-82.774,456.763,42.951,true
177.000,ue37,-82.043,456.130,43.175,true
178.000,ue37,-81.153,455.360,43.433,true
179.000,ue37,-80.283,454.609,43.684,true
45.000,ue38,-379.757,255.472,26.873,true
46.000,ue38,-379.777,256.564,26.873,true
47.000,ue38,-379.800,257.815,26.873,true
48.000,ue38,-379.822,259.017,26.873,true
49.000,ue38,-379.846,260.290,26.873,true
50.000,ue38,-379.866,261.408,26.873,true
51.000,ue38,-379.887,262.529,26.873,true
52.000,ue38,-379.906,263.560,26.873,true
53.000,ue38,-379.927,264.731,26.873,true
54.000,ue38,-379.947,265.807,26.873,true
55.000,ue38,-379.967,266.893,26.873,true
56.000,ue38,-379.988,268.008,26.873,true
57.000,ue38,-379.555,268.586,26.873,true
58.000,ue38,-378.298,268.609,26.873,true
59.000,ue38,-377.267,268.627,26.873,true
60.000,ue38,-376.034,268.649,26.873,true
61.000,ue38,-375.004,268.668,26.873,true
62.000,ue38,-373.741,268.691,26.873,true
63.000,ue38,-372.659,268.710,26.921,true
64.000,ue38,-371.810,268.726,27.078,true
65.000,ue38,-370.776,268.744,27.078,true
66.000,ue38,-369.662,268.765,27.078,true
67.000,ue38,-368.623,268.783,27.078,true
68.000,ue38,-367.414,268.805,27.078,true
69.000,ue38,-366.193,268.827,27.078,true
70.000,ue38,-365.070,268.848,27.077,true
71.000,ue38,-363.989,268.867,27.077,true
72.000,ue38,-362.845,268.888,27.077,true
73.000,ue38,-361.587,268.910,27.077,true
74.000,ue38,-360.325,268.933,27.077,true
75.000,ue38,-359.062,268.956,27.077,true
76.000,ue38,-357.891,268.977,27.077,true
77.000,ue38,-356.625,269.000,27.077,true
78.000,ue38,-355.461,269.021,27.077,true
79.000,ue38,-354.291,269.042,27.077,true
80.000,ue38,-353.065,269.064,27.077,true
81.000,ue38,-351.983,269.084,27.077,true
82.000,ue38,-350.913,269.103,27.077,true
83.000,ue38,-349.723,269.125,27.077,true
84.000,ue38,-348.686,269.144,27.077,true
85.000,ue38,-347.513,269.165,27.077,true
86.000,ue38,-346.336,269.186,27.077,true
87.000,ue38,-345.234,269.206,27.077,true
88.000,ue38,-344.083,269.227,27.077,true
89.000,ue38,-342.944,269.247,27.077,true
90.000,ue38,-341.869,269.267,27.077,true
91.000,ue38,-340.699,269.288,27.077,true
92.000,ue38,-339.604,269.490,27.077,true
93.000,ue38,-338.664,270.006,27.077,true
94.000,ue38,-337.573,270.606,27.077,true
95.000,ue38,-336.504,270.698,27.077,true
96.000,ue38,-335.241,270.552,27.077,true
97.000,ue38,-334.037,270.413,27.077,true
98.000,ue38,-332.849,270.275,27.077,true
99.000,ue38,-331.826,270.157,27.077,true
100.000,ue38,-330.754,270.033,27.077,true
101.000,ue38,-329.518,269.891,27.077,true
102.000,ue38,-329.175,269.226,26.981,true
103.000,ue38,-329.051,268.066,26.981,true
104.000,ue38,-328.931,266.942,26.981,true
105.000,ue38,-328.796,265.678,26.981,true
106.000,ue38,-328.680,264.592,26.981,true
107.000,ue38,-328.554,263.404,26.981,true
108.000,ue38,-328.431,262.256,26.981,true
109.000,ue38,-328.319,261.203,26.981,true
110.000,ue38,-328.197,260.065,26.981,true
111.000,ue38,-328.330,259.104,27.009,true
112.000,ue38,-329.520,258.713,27.009,true
113.000,ue38,-330.636,258.346,27.009,true
114.000,ue38,-331.751,257.980,27.009,true
115.000,ue38,-332.819,257.629,27.009,true
116.000,ue38,-334.002,257.240,27.009,true
117.000,ue38,-335.044,256.898,27.009,true
118.000,ue38,-336.164,256.530,27.009,true
119.000,ue38,-337.262,256.169,27.009,true
120.000,ue38,-338.424,255.787,27.009,true
121.000,ue38,-339.444,255.053,27.009,true
122.000,ue38,-340.218,254.272,27.009,true
123.000,ue38,-340.972,253.512,27.009,true
124.000,ue38,-341.813,252.664,27.009,true
125.000,ue38,-342.572,251.899,27.009,true
126.000,ue38,-343.301,251.163,27.009,true
127.000,ue38,-344.137,250.320,27.009,true
128.000,ue38,-345.014,249.436,27.009,true
129.000,ue38,-345.798,248.645,27.009,true
130.000,ue38,-346.647,247.789,27.009,true
131.000,ue38,-347.483,246.946,27.009,true
132.000,ue38,-348.265,246.157,27.009,true
133.000,ue38,-349.008,245.408,27.009,true
134.000,ue38,-349.739,244.671,27.009,true
48.000,ue39,-69.373,434.300,44.485,true
49.000,ue39,-70.675,434.306,44.485,true
50.000,ue39,-71.948,434.311,44.485,true
51.000,ue39,-73.140,434.316,44.485,true
52.000,ue39,-74.545,434.322,44.485,true
53.000,ue39,-75.899,434.328,44.485,true
54.000,ue39,-77.196,434.334,44.485,true
55.000,ue39,-77.834,433.676,44.485,true
56.000,ue39,-77.882,432.416,44.485,true
57.000,ue39,-77.935,431.023,44.485,true
58.000,ue39,-77.983,429.768,44.485,true
59.000,ue39,-78.029,428.545,44.485,true
60.000,ue39,-78.078,427.263,44.485,true
61.000,ue39,-78.126,425.988,44.485,true
62.000,ue39,-78.174,424.734,44.485,true
63.000,ue39,-78.219,423.564,44.485,true
64.000,ue39,-78.266,422.310,44.485,true
65.000,ue39,-78.315,421.023,44.485,true
66.000,ue39,-78.368,419.643,44.485,true
67.000,ue39,-78.413,418.462,44.485,true
68.000,ue39,-78.467,417.037,44.485,true
69.000,ue39,-78.521,415.600,44.485,true
70.000,ue39,-78.576,414.175,44.485,true
71.000,ue39,-78.629,412.760,44.485,true
72.000,ue39,-78.679,411.452,44.484,true
73.000,ue39,-78.728,410.155,44.475,true
74.000,ue39,-78.780,408.803,44.439,true
75.000,ue39,-79.007,407.504,44.344,true
76.000,ue39,-80.011,406.556,44.160,true
77.000,ue39,-80.991,405.631,43.930,true
78.000,ue39,-81.919,404.754,43.667,true
79.000,ue39,-82.801,403.921,43.383,true
80.000,ue39,-83.737,403.038,43.052,true
81.000,ue39,-84.598,402.225,42.721,true
82.000,ue39,-85.738,401.586,42.336,true
83.000,ue39,-86.994,401.264,41.955,true
84.000,ue39,-88.308,400.927,41.598,true
85.000,ue39,-89.505,400.620,41.251,true
86.000,ue39,-90.693,400.316,40.926,true
87.000,ue39,-91.865,400.016,40.649,true
88.000,ue39,-93.197,399.674,40.353,true
89.000,ue39,-94.520,399.335,40.067,true
90.000,ue39,-95.616,399.054,39.836,true
91.000,ue39,-96.934,398.716,39.557,true
92.000,ue39,-98.068,398.426,39.330,true
93.000,ue39,-99.301,398.110,39.113,true
94.000,ue39,-100.417,397.824,38.919,true
95.000,ue39,-101.756,397.481,38.694,true
96.000,ue39,-102.916,397.184,38.515,true
97.000,ue39,-104.185,396.858,38.333,true
98.000,ue39,-105.328,396.565,38.154,true
99.000,ue39,-106.410,395.922,38.044,true
100.000,ue39,-107.363,395.135,38.013,true
101.000,ue39,-108.342,394.327,38.003,true
102.000,ue39,-109.402,393.451,38.003,true
103.000,ue39,-110.343,392.674,38.003,true
104.000,ue39,-111.303,391.881,38.003,true
105.000,ue39,-112.191,391.147,38.003,true
106.000,ue39,-113.180,390.330,38.003,true
107.000,ue39,-114.278,389.423,38.003,true
108.000,ue39,-114.926,388.631,38.186,true
109.000,ue39,-115.369,387.358,38.177,true
110.000,ue39,-115.840,386.003,38.177,true
111.000,ue39,-116.251,384.822,38.177,true
112.000,ue39,-116.720,383.473,38.177,true
113.000,ue39,-117.175,382.164,38.177,true
114.000,ue39,-117.644,380.814,38.159,true
115.000,ue39,-118.067,379.599,38.130,true
116.000,ue39,-118.460,378.366,38.102,true
117.000,ue39,-118.607,377.029,38.080,true
118.000,ue39,-118.763,375.600,38.064,true
119.000,ue39,-118.909,374.273,38.046,true
120.000,ue39,-119.063,372.872,38.086,true
121.000,ue39,-119.209,371.537,38.113,true
122.000,ue39,-119.358,370.180,38.129,true
123.000,ue39,-119.473,369.124,38.003,true
124.000,ue39,-119.603,367.939,38.003,true
125.000,ue39,-119.752,366.586,38.003,true
126.000,ue39,-119.898,365.250,38.003,true
127.000,ue39,-120.052,363.843,38.003,true
128.000,ue39,-120.198,362.510,38.003,true
129.000,ue39,-120.464,361.431,38.003,true
130.000,ue39,-121.545,360.983,38.003,true
131.000,ue39,-122.636,360.531,37.989,true
132.000,ue39,-123.701,360.090,37.950,true
133.000,ue39,-124.847,359.615,37.883,true
134.000,ue39,-125.953,359.157,37.946,true
135.000,ue39,-127.025,358.713,37.854,true
136.000,ue39,-128.284,358.191,37.732,true
137.000,ue39,-129.417,357.722,37.622,true
138.000,ue39,-130.677,357.593,37.500,true
139.000,ue39,-132.035,357.508,37.371,true
140.000,ue39,-133.250,357.432,37.255,true
141.000,ue39,-134.670,357.344,37.120,true
142.000,ue39,-135.939,357.265,37.000,true
143.000,ue39,-137.218,357.185,36.878,true
144.000,ue39,-138.432,357.109,36.763,true
145.000,ue39,-139.742,357.028,36.638,true
146.000,ue39,-140.893,356.956,36.529,true
147.000,ue39,-142.310,356.868,36.394,true
148.000,ue39,-143.556,356.790,36.276,true
149.000,ue39,-144.879,356.708,36.150,true
150.000,ue39,-146.039,356.635,36.040,true
151.000,ue39,-147.286,356.558,35.921,true
152.000,ue39,-148.495,356.482,35.806,true
153.000,ue39,-149.925,356.393,35.671,true
154.000,ue39,-151.318,356.306,35.538,true
155.000,ue39,-152.743,356.218,35.403,true
156.000,ue39,-153.937,356.143,35.289,true
157.000,ue39,-155.270,356.060,35.162,true
158.000,ue39,-156.537,355.981,35.042,true
159.000,ue39,-157.820,355.901,34.920,true
160.000,ue39,-159.181,355.816,34.790,true
161.000,ue39,-160.425,355.739,34.672,true
162.000,ue39,-161.789,355.654,34.542,true
163.000,ue39,-163.152,355.569,34.412,true
164.000,ue39,-164.323,355.496,34.301,true
165.000,ue39,-165.696,355.410,34.171,true
166.000,ue39,-166.974,355.330,34.049,true
167.000,ue39,-168.274,355.249,33.925,true
168.000,ue39,-169.657,355.163,33.794,true
169.000,ue39,-171.071,355.075,33.659,true
170.000,ue39,-172.278,355.000,33.544,true
171.000,ue39,-173.620,354.916,33.417,true
172.000,ue39,-174.815,354.842,33.303,true
173.000,ue39,-176.072,354.763,33.183,true
174.000,ue39,-177.443,354.678,33.053,true
175.000,ue39,-178.832,354.591,32.921,true
176.000,ue39,-179.988,354.519,32.811,true
177.000,ue39,-181.309,354.437,32.685,true
178.000,ue39,-182.666,354.352,32.556,true
179.000,ue39,-184.044,354.266,32.425,true
48.000,ue40,-252.063,493.804,28.830,true
49.000,ue40,-252.068,492.520,28.831,true
50.000,ue40,-252.073,491.343,28.832,true
51.000,ue40,-252.079,490.095,28.833,true
52.000,ue40,-252.084,488.821,28.834,true
53.000,ue40,-252.090,487.522,28.836,true
54.000,ue40,-252.095,486.255,28.837,true
55.000,ue40,-252.100,485.074,28.838,true
56.000,ue40,-252.106,483.768,28.838,true
57.000,ue40,-252.111,482.641,28.839,true
58.000,ue40,-252.116,481.392,28.840,true
59.000,ue40,-252.122,480.188,28.841,true
60.000,ue40,-252.127,479.005,28.843,true
61.000,ue40,-252.132,477.829,28.844,true
62.000,ue40,-252.137,476.677,28.845,true
63.000,ue40,-252.142,475.424,28.845,true
64.000,ue40,-252.148,474.153,28.845,true
65.000,ue40,-252.152,473.028,28.845,true
66.000,ue40,-252.158,471.777,28.845,true
67.000,ue40,-252.163,470.648,28.845,true
68.000,ue40,-252.168,469.380,28.845,true
69.000,ue40,-252.173,468.188,28.845,true
70.000,ue40,-252.179,466.965,28.845,true
71.000,ue40,-252.184,465.682,28.845,true
72.000,ue40,-252.189,464.615,28.845,true
73.000,ue40,-252.194,463.443,28.845,true
74.000,ue40,-252.199,462.259,28.845,true
75.000,ue40,-252.204,461.110,28.845,true
76.000,ue40,-252.209,459.917,28.845,true
77.000,ue40,-252.214,458.734,28.845,true
78.000,ue40,-252.219,457.544,28.861,true
79.000,ue40,-252.225,456.242,28.888,true
80.000,ue40,-252.230,455.012,28.915,true
81.000,ue40,-252.235,453.873,28.939,true
82.000,ue40,-252.241,452.617,28.964,true
83.000,ue40,-252.246,451.396,28.988,true
84.000,ue40,-252.251,450.243,29.010,true
85.000,ue40,-252.256,448.972,29.020,true
86.000,ue40,-252.261,447.779,29.019,true
87.000,ue40,-252.266,446.649,28.971,true
88.000,ue40,-252.272,445.368,28.913,true
89.000,ue40,-252.277,444.276,28.830,true
90.000,ue40,-253.341,444.193,28.708,true
91.000,ue40,-254.533,444.189,28.595,true
92.000,ue40,-255.688,444.186,28.480,true
93.000,ue40,-256.896,444.183,28.271,true
94.000,ue40,-258.029,444.180,28.078,true
95.000,ue40,-259.305,444.176,27.895,true
96.000,ue40,-260.566,444.173,27.715,true
97.000,ue40,-261.711,444.169,27.546,true
98.000,ue40,-262.850,444.166,27.373,true
99.000,ue40,-263.981,444.163,27.200,true
51.000,ue41,-69.405,434.242,44.485,true
52.000,ue41,-70.766,434.248,44.485,true
53.000,ue41,-71.931,434.253,44.485,true
54.000,ue41,-73.291,434.258,44.485,true
55.000,ue41,-74.672,434.264,44.485,true
56.000,ue41,-75.983,434.270,44.485,true
57.000,ue41,-77.283,434.276,44.485,true
58.000,ue41,-77.734,435.051,44.485,true
59.000,ue41,-77.752,436.291,44.485,true
60.000,ue41,-77.771,437.653,44.485,true
61.000,ue41,-77.790,438.999,44.485,true
62.000,ue41,-77.810,440.379,44.485,true
63.000,ue41,-77.829,441.690,44.485,true
64.000,ue41,-77.847,442.998,44.485,true
65.000,ue41,-77.866,444.295,44.485,true
66.000,ue41,-77.884,445.601,44.485,true
67.000,ue41,-77.903,446.890,44.485,true
68.000,ue41,-77.920,448.112,44.485,true
69.000,ue41,-77.937,449.296,44.482,true
70.000,ue41,-78.008,450.513,44.431,true
71.000,ue41,-78.577,451.758,44.259,true
72.000,ue41,-79.082,452.865,44.066,true
73.000,ue41,-79.639,454.085,43.847,true
74.000,ue41,-80.548,455.008,43.588,true
75.000,ue41,-81.500,455.831,43.311,true
76.000,ue41,-82.374,456.587,43.044,true
77.000,ue41,-83.401,457.475,42.738,true
78.000,ue41,-84.265,458.222,42.464,true
79.000,ue41,-85.238,459.063,42.151,true
80.000,ue41,-86.259,459.803,41.842,true
81.000,ue41,-87.563,460.146,41.457,true
82.000,ue41,-88.761,460.460,41.119,true
83.000,ue41,-90.044,460.797,40.774,true
84.000,ue41,-91.111,461.078,40.542,true
85.000,ue41,-92.313,461.393,40.275,true
86.000,ue41,-93.389,461.676,40.042,true
87.000,ue41,-94.615,461.998,39.778,true
88.000,ue41,-95.738,462.293,39.553,true
89.000,ue41,-97.069,462.643,39.294,true
90.000,ue41,-98.349,462.979,39.052,true
91.000,ue41,-99.637,463.317,38.811,true
92.000,ue41,-100.801,463.623,38.578,true
93.000,ue41,-101.893,463.910,38.387,true
94.000,ue41,-103.088,464.224,38.202,true
95.000,ue41,-104.273,464.535,38.083,true
96.000,ue41,-105.302,465.175,38.041,true
97.000,ue41,-106.391,465.999,38.012,true
98.000,ue41,-107.512,466.848,38.003,true
99.000,ue41,-108.316,467.787,38.003,true
100.000,ue41,-108.825,468.987,38.003,true
101.000,ue41,-109.270,470.039,38.003,true
102.000,ue41,-109.810,471.315,38.003,true
103.000,ue41,-110.327,472.535,38.003,true
104.000,ue41,-110.764,473.803,38.003,true
105.000,ue41,-110.759,474.998,38.003,true
106.000,ue41,-110.753,476.282,38.003,true
107.000,ue41,-110.747,477.664,38.003,true
108.000,ue41,-110.741,478.992,38.003,true
109.000,ue41,-110.736,480.245,38.003,true
110.000,ue41,-110.730,481.548,38.003,true
111.000,ue41,-110.725,482.834,38.003,true
112.000,ue41,-110.927,484.201,38.003,true
113.000,ue41,-111.262,485.451,38.003,true
114.000,ue41,-111.587,486.664,38.003,true
115.000,ue41,-111.927,487.932,38.003,true
116.000,ue41,-112.220,489.025,38.003,true
117.000,ue41,-112.590,490.213,38.003,true
118.000,ue41,-113.288,491.431,38.003,true
119.000,ue41,-113.976,492.632,38.003,true
120.000,ue41,-114.605,493.728,38.002,true
121.000,ue41,-115.174,494.722,37.977,true
122.000,ue41,-115.924,495.781,37.900,true
123.000,ue41,-117.274,495.792,37.900,true
124.000,ue41,-118.517,495.802,37.935,true
125.000,ue41,-119.736,495.811,38.127,true
126.000,ue41,-121.063,495.822,38.127,true
127.000,ue41,-122.432,495.833,38.127,true
128.000,ue41,-123.699,495.843,38.127,true
51.000,ue42,-252.069,493.205,28.830,true
52.000,ue42,-252.075,491.755,28.831,true
53.000,ue42,-252.081,490.334,28.832,true
54.000,ue42,-252.087,488.937,28.833,true
55.000,ue42,-252.093,487.533,28.835,true
56.000,ue42,-252.099,486.192,28.836,true
57.000,ue42,-252.105,484.906,28.838,true
58.000,ue42,-252.111,483.371,28.838,true
59.000,ue42,-252.118,481.966,28.839,true
60.000,ue42,-252.124,480.448,28.840,true
61.000,ue42,-252.131,478.916,28.842,true
62.000,ue42,-252.137,477.527,28.844,true
63.000,ue42,-252.143,476.153,28.845,true
64.000,ue42,-252.149,474.727,28.845,true
65.000,ue42,-252.155,473.265,28.845,true
66.000,ue42,-252.161,471.959,28.845,true
67.000,ue42,-252.165,470.979,28.845,true
68.000,ue42,-252.171,469.573,28.845,true
69.000,ue42,-252.176,468.515,28.845,true
70.000,ue42,-252.181,467.295,28.845,true
71.000,ue42,-252.186,466.072,28.845,true
72.000,ue42,-252.191,465.022,28.845,true
73.000,ue42,-252.197,463.614,28.845,true
74.000,ue42,-252.201,462.531,28.845,true
75.000,ue42,-252.206,461.496,28.845,true
76.000,ue42,-252.212,460.107,28.845,true
77.000,ue42,-252.216,459.102,28.845,true
78.000,ue42,-252.221,457.912,28.845,true
79.000,ue42,-252.227,456.619,28.868,true
80.000,ue42,-252.233,455.201,28.898,true
81.000,ue42,-252.238,454.122,28.921,true
82.000,ue42,-252.243,452.843,28.947,true
83.000,ue42,-252.248,451.830,28.967,true
84.000,ue42,-252.253,450.700,28.990,true
85.000,ue42,-252.258,449.434,29.013,true
86.000,ue42,-252.263,448.204,29.020,true
87.000,ue42,-252.269,446.958,29.012,true
88.000,ue42,-252.274,445.722,28.956,true
89.000,ue42,-252.278,444.717,28.911,true
90.000,ue42,-252.324,443.597,28.805,true
91.000,ue42,-253.557,443.593,28.688,true
92.000,ue42,-254.765,443.590,28.574,true
93.000,ue42,-256.105,443.586,28.406,true
94.000,ue42,-257.017,443.584,28.253,true
95.000,ue42,-258.508,443.580,28.010,true
96.000,ue42,-259.821,443.576,27.822,true
97.000,ue42,-260.807,443.573,27.681,true
98.000,ue42,-262.079,443.570,27.491,true
99.000,ue42,-263.217,443.567,27.318,true
100.000,ue42,-264.297,443.564,27.153,true
54.000,ue43,-116.783,260.801,33.098,true
55.000,ue43,-118.342,260.808,33.098,true
56.000,ue43,-119.813,260.814,33.098,true
57.000,ue43,-121.333,260.821,33.098,true
58.000,ue43,-122.760,260.827,33.098,true
59.000,ue43,-124.305,260.833,33.098,true
60.000,ue43,-125.931,260.840,33.098,true
61.000,ue43,-127.300,260.846,33.098,true
62.000,ue43,-128.817,260.853,33.098,true
63.000,ue43,-130.414,260.860,33.098,true
64.000,ue43,-131.816,260.866,33.098,true
65.000,ue43,-133.334,260.872,33.098,true
66.000,ue43,-134.845,260.879,33.098,true
67.000,ue43,-136.298,260.885,33.098,true
68.000,ue43,-137.728,260.891,33.098,true
69.000,ue43,-139.236,260.898,33.098,true
70.000,ue43,-140.660,260.904,33.098,true
71.000,ue43,-142.164,260.911,33.098,true
72.000,ue43,-143.768,260.918,33.098,true
73.000,ue43,-145.306,260.924,33.098,true
74.000,ue43,-146.888,260.931,33.098,true
75.000,ue43,-148.352,260.937,33.098,true
76.000,ue43,-149.779,260.943,33.098,true
77.000,ue43,-151.141,260.949,33.098,true
78.000,ue43,-152.476,260.955,33.098,true
79.000,ue43,-153.878,260.961,33.098,true
80.000,ue43,-155.019,260.966,33.324,true
81.000,ue43,-156.369,260.972,33.300,true
82.000,ue43,-157.991,260.979,33.237,true
83.000,ue43,-159.576,260.986,33.162,true
84.000,ue43,-161.207,260.993,33.045,true
85.000,ue43,-162.546,260.999,32.931,true
86.000,ue43,-164.013,261.005,32.798,true
87.000,ue43,-165.486,261.011,32.613,true
88.000,ue43,-166.947,261.018,32.441,true
89.000,ue43,-168.258,261.023,32.257,true
90.000,ue43,-169.558,261.029,32.020,true
91.000,ue43,-171.078,261.035,31.746,true
92.000,ue43,-172.596,261.042,31.545,true
93.000,ue43,-174.203,261.049,31.332,true
94.000,ue43,-175.623,261.055,31.154,true
95.000,ue43,-177.076,261.061,30.972,true
96.000,ue43,-178.610,261.068,30.781,true
97.000,ue43,-180.184,261.075,30.585,true
98.000,ue43,-181.563,261.081,30.414,true
99.000,ue43,-183.036,261.087,30.231,true
100.000,ue43,-184.395,261.093,30.074,true
101.000,ue43,-185.956,260.952,29.915,true
102.000,ue43,-185.901,259.493,29.875,true
103.000,ue43,-185.846,258.013,29.661,true
104.000,ue43,-185.793,256.600,29.602,true
105.000,ue43,-185.736,255.082,29.580,true
106.000,ue43,-185.683,253.647,29.533,true
107.000,ue43,-185.627,252.155,29.462,true
108.000,ue43,-185.577,250.813,29.386,true
109.000,ue43,-185.526,249.445,29.296,true
110.000,ue43,-185.485,248.345,29.455,true
111.000,ue43,-185.433,246.961,29.475,true
112.000,ue43,-184.158,246.642,29.683,true
113.000,ue43,-182.712,246.674,29.882,true
114.000,ue43,-181.287,246.706,30.040,true
115.000,ue43,-179.751,246.740,30.220,true
116.000,ue43,-178.428,246.769,30.426,true
117.000,ue43,-176.904,246.803,30.840,true
118.000,ue43,-175.434,246.836,31.096,true
119.000,ue43,-173.869,246.871,31.363,true
120.000,ue43,-172.429,246.903,31.669,true
121.000,ue43,-170.901,246.937,31.959,true
122.000,ue43,-169.456,246.969,32.218,true
123.000,ue43,-168.128,246.998,32.399,true
124.000,ue43,-166.758,247.029,32.589,true
125.000,ue43,-165.358,247.060,32.772,true
126.000,ue43,-163.946,247.091,32.848,true
127.000,ue43,-162.499,247.123,32.920,true
128.000,ue43,-160.906,247.159,33.004,true
129.000,ue43,-159.517,247.190,33.089,true
130.000,ue43,-158.177,247.219,33.171,true
131.000,ue43,-156.774,247.251,33.254,true
132.000,ue43,-155.389,247.281,33.269,true
133.000,ue43,-153.922,247.314,33.282,true
54.000,ue44,-315.634,420.012,23.186,true
55.000,ue44,-314.936,420.802,23.186,true
56.000,ue44,-314.178,421.660,23.186,true
57.000,ue44,-313.340,422.610,23.186,true
58.000,ue44,-312.508,423.553,23.186,true
59.000,ue44,-311.779,424.378,23.186,true
60.000,ue44,-310.943,425.326,23.186,true
61.000,ue44,-310.125,426.252,23.186,true
62.000,ue44,-309.403,427.071,23.186,true
63.000,ue44,-308.661,427.911,23.186,true
64.000,ue44,-307.835,428.847,23.186,true
65.000,ue44,-307.079,429.703,23.186,true
66.000,ue44,-306.231,430.665,23.186,true
67.000,ue44,-305.476,431.520,23.186,true
68.000,ue44,-304.736,432.358,23.186,true
69.000,ue44,-303.929,433.273,23.186,true
70.000,ue44,-303.145,434.160,23.186,true
71.000,ue44,-302.341,435.071,23.186,true
72.000,ue44,-301.647,435.857,23.186,true
73.000,ue44,-300.799,436.818,23.186,true
74.000,ue44,-299.988,437.737,23.185,true
75.000,ue44,-299.196,438.635,23.114,true
76.000,ue44,-298.501,439.421,23.066,true
77.000,ue44,-297.690,440.341,23.066,true
78.000,ue44,-296.855,441.286,23.061,true
79.000,ue44,-296.010,442.244,23.018,true
80.000,ue44,-295.286,443.064,23.075,true
81.000,ue44,-294.520,443.837,23.149,true
82.000,ue44,-293.385,443.841,23.207,true
83.000,ue44,-292.242,443.844,23.249,true
84.000,ue44,-291.142,443.847,23.298,true
85.000,ue44,-289.873,443.850,23.399,true
86.000,ue44,-288.693,443.854,23.510,true
87.000,ue44,-287.589,443.857,23.627,true
88.000,ue44,-286.336,443.860,23.765,true
89.000,ue44,-285.218,443.863,23.891,true
90.000,ue44,-284.093,443.866,24.019,true
91.000,ue44,-282.972,443.870,24.157,true
92.000,ue44,-281.945,443.872,24.330,true
93.000,ue44,-280.684,443.876,24.543,true
94.000,ue44,-279.520,443.879,24.741,true
95.000,ue44,-278.413,443.882,24.931,true
96.000,ue44,-277.362,443.885,25.110,true
97.000,ue44,-276.111,443.889,25.322,true
98.000,ue44,-274.910,443.892,25.525,true
99.000,ue44,-273.682,443.895,25.733,true
100.000,ue44,-272.478,443.899,25.939,true
101.000,ue44,-271.369,443.902,26.129,true
102.000,ue44,-270.234,443.905,26.313,true
103.000,ue44,-269.183,443.908,26.473,true
104.000,ue44,-268.096,443.911,26.638,true
105.000,ue44,-266.901,443.914,26.812,true
106.000,ue44,-265.629,443.918,26.994,true
57.000,ue45,-117.029,260.853,33.098,true
58.000,ue45,-118.607,260.860,33.098,true
59.000,ue45,-120.131,260.866,33.098,true
60.000,ue45,-121.784,260.873,33.098,true
61.000,ue45,-123.468,260.881,33.098,true
62.000,ue45,-124.923,260.887,33.098,true
63.000,ue45,-126.584,260.894,33.098,true
64.000,ue45,-128.296,260.902,33.098,true
65.000,ue45,-129.967,260.909,33.098,true
66.000,ue45,-131.361,260.915,33.098,true
67.000,ue45,-132.756,260.921,33.098,true
68.000,ue45,-134.437,260.928,33.098,true
69.000,ue45,-135.885,260.934,33.098,true
70.000,ue45,-137.592,260.942,33.098,true
71.000,ue45,-139.313,260.949,33.098,true
72.000,ue45,-140.976,260.956,33.098,true
73.000,ue45,-142.430,260.963,33.098,true
74.000,ue45,-143.995,260.969,33.098,true
75.000,ue45,-145.701,260.977,33.098,true
76.000,ue45,-147.186,260.983,33.098,true
77.000,ue45,-148.690,260.990,33.098,true
78.000,ue45,-150.142,260.996,33.098,true
79.000,ue45,-151.574,261.002,33.098,true
80.000,ue45,-153.094,261.009,33.098,true
81.000,ue45,-154.613,261.015,33.115,true
82.000,ue45,-155.824,261.020,33.318,true
83.000,ue45,-157.326,261.027,33.272,true
84.000,ue45,-158.978,261.034,33.209,true
85.000,ue45,-160.463,261.040,33.123,true
86.000,ue45,-161.925,261.047,32.992,true
87.000,ue45,-163.415,261.053,32.889,true
88.000,ue45,-164.906,261.060,32.716,true
89.000,ue45,-166.512,261.067,32.540,true
90.000,ue45,-168.051,261.073,32.319,true
91.000,ue45,-169.541,261.080,32.068,true
92.000,ue45,-170.921,261.086,31.814,true
93.000,ue45,-172.358,261.092,31.609,true
94.000,ue45,-173.818,261.098,31.416,true
95.000,ue45,-175.448,261.105,31.207,true
96.000,ue45,-177.045,261.112,31.007,true
97.000,ue45,-178.648,261.119,30.807,true
98.000,ue45,-180.124,261.125,30.623,true
99.000,ue45,-181.814,261.133,30.413,true
100.000,ue45,-183.450,261.140,30.210,true
101.000,ue45,-184.865,261.146,30.051,true
102.000,ue45,-186.385,261.207,29.893,true
103.000,ue45,-187.780,261.524,29.758,true
104.000,ue45,-189.334,261.876,29.608,true
105.000,ue45,-190.876,262.226,29.450,true
106.000,ue45,-192.501,262.594,29.272,true
107.000,ue45,-193.999,262.934,29.109,true
108.000,ue45,-195.541,263.283,28.953,true
109.000,ue45,-197.163,263.712,28.891,true
110.000,ue45,-198.564,264.335,28.810,true
111.000,ue45,-200.136,265.035,28.703,true
112.000,ue45,-201.681,265.723,28.726,true
113.000,ue45,-203.260,266.426,28.714,true
114.000,ue45,-204.647,267.043,28.693,true
115.000,ue45,-206.054,267.669,28.699,true
116.000,ue45,-207.402,268.270,28.705,true
117.000,ue45,-208.941,268.955,28.713,true
118.000,ue45,-210.450,269.626,28.720,true
119.000,ue45,-211.888,270.299,28.726,true
120.000,ue45,-213.215,271.410,28.717,true
121.000,ue45,-214.358,272.367,28.702,true
122.000,ue45,-215.688,273.480,28.685,true
123.000,ue45,-216.881,274.479,28.670,true
124.000,ue45,-218.189,275.573,28.654,true
125.000,ue45,-219.445,276.625,28.647,true
126.000,ue45,-220.543,277.544,28.643,true
127.000,ue45,-221.833,278.624,28.642,true
128.000,ue45,-222.948,279.558,28.641,true
129.000,ue45,-224.256,280.652,28.639,true
130.000,ue45,-225.325,281.547,28.642,true
131.000,ue45,-226.327,282.761,28.647,true
132.000,ue45,-227.080,283.934,28.648,true
133.000,ue45,-227.903,285.215,28.648,true
134.000,ue45,-228.657,286.388,28.647,true
135.000,ue45,-229.522,287.734,28.646,true
136.000,ue45,-230.389,289.084,28.652,true
137.000,ue45,-231.266,290.448,28.660,true
138.000,ue45,-232.125,291.786,28.673,true
139.000,ue45,-232.923,293.123,28.684,true
140.000,ue45,-232.915,294.770,28.673,true
141.000,ue45,-232.909,296.246,28.672,true
142.000,ue45,-232.902,297.806,28.668,true
143.000,ue45,-232.896,299.285,28.663,true
144.000,ue45,-232.889,300.964,28.656,true
145.000,ue45,-232.881,302.640,28.650,true
146.000,ue45,-232.875,304.224,28.643,true
147.000,ue45,-232.868,305.675,28.638,true
148.000,ue45,-232.862,307.072,28.633,true
149.000,ue45,-232.856,308.550,28.627,true
150.000,ue45,-232.850,309.946,28.621,true
151.000,ue45,-232.843,311.501,28.615,true
152.000,ue45,-232.836,313.161,28.609,true
153.000,ue45,-232.829,314.865,28.603,true
154.000,ue45,-232.822,316.380,28.603,true
155.000,ue45,-232.815,318.029,28.609,true
156.000,ue45,-232.808,319.749,28.615,true
157.000,ue45,-232.801,321.204,28.619,true
158.000,ue45,-232.794,322.860,28.625,true
159.000,ue45,-232.787,324.542,28.631,true
160.000,ue45,-232.780,326.108,28.636,true
161.000,ue45,-232.773,327.712,28.641,true
162.000,ue45,-232.767,329.204,28.646,true
163.000,ue45,-232.760,330.879,28.652,true
164.000,ue45,-232.753,332.484,28.658,true
165.000,ue45,-232.745,334.218,28.663,true
166.000,ue45,-232.738,335.910,28.669,true
167.000,ue45,-232.732,337.318,28.674,true
168.000,ue45,-232.724,339.000,28.680,true
169.000,ue45,-232.718,340.419,28.684,true
170.000,ue45,-232.712,341.978,28.690,true
171.000,ue45,-232.705,343.590,28.695,true
172.000,ue45,-232.697,345.260,28.701,true
173.000,ue45,-232.691,346.791,28.701,true
174.000,ue45,-232.684,348.309,28.680,true
175.000,ue45,-232.677,349.970,28.664,true
176.000,ue45,-231.975,350.743,28.662,true
177.000,ue45,-230.383,350.842,28.698,true
178.000,ue45,-228.666,350.949,28.724,true
179.000,ue45,-227.249,351.038,28.732,true
57.000,ue46,-315.180,420.046,23.186,true
58.000,ue46,-314.372,420.961,23.186,true
59.000,ue46,-313.453,422.002,23.186,true
60.000,ue46,-312.649,422.913,23.186,true
61.000,ue46,-311.709,423.978,23.186,true
62.000,ue46,-310.771,425.041,23.186,true
63.000,ue46,-309.953,425.967,23.186,true
64.000,ue46,-309.118,426.914,23.186,true
65.000,ue46,-308.143,428.018,23.186,true
66.000,ue46,-307.211,429.074,23.186,true
67.000,ue46,-306.344,430.056,23.186,true
68.000,ue46,-305.510,431.001,23.186,true
69.000,ue46,-304.692,431.928,23.186,true
70.000,ue46,-303.910,432.814,23.186,true
71.000,ue46,-303.042,433.798,23.186,true
72.000,ue46,-302.201,434.750,23.186,true
73.000,ue46,-301.384,435.676,23.186,true
74.000,ue46,-300.471,436.710,23.186,true
75.000,ue46,-299.572,437.728,23.186,true
76.000,ue46,-298.786,438.619,23.120,true
77.000,ue46,-297.839,439.692,23.066,true
78.000,ue46,-297.014,440.627,23.066,true
79.000,ue46,-296.164,441.590,23.051,true
80.000,ue46,-295.399,442.456,23.035,true
81.000,ue46,-294.569,443.396,23.093,true
82.000,ue46,-293.965,443.872,23.154,true
83.000,ue46,-292.625,443.876,23.218,true
84.000,ue46,-291.669,443.878,23.253,true
85.000,ue46,-290.467,443.882,23.316,true
86.000,ue46,-289.041,443.886,23.429,true
87.000,ue46,-288.142,443.888,23.521,true
88.000,ue46,-286.718,443.892,23.673,true
89.000,ue46,-285.662,443.895,23.790,true
90.000,ue46,-284.496,443.898,23.921,true
91.000,ue46,-283.397,443.901,24.047,true
92.000,ue46,-282.333,443.904,24.188,true
93.000,ue46,-281.116,443.908,24.393,true
94.000,ue46,-279.851,443.911,24.607,true
95.000,ue46,-278.770,443.914,24.792,true
96.000,ue46,-277.704,443.917,24.974,true
97.000,ue46,-276.523,443.920,25.176,true
98.000,ue46,-275.344,443.924,25.375,true
99.000,ue46,-274.070,443.927,25.590,true
100.000,ue46,-273.015,443.930,25.770,true
101.000,ue46,-271.904,443.933,25.960,true
102.000,ue46,-270.753,443.936,26.157,true
103.000,ue46,-269.701,443.939,26.325,true
104.000,ue46,-268.625,443.942,26.489,true
105.000,ue46,-267.257,443.946,26.696,true
106.000,ue46,-266.099,443.949,26.862,true
107.000,ue46,-265.116,443.952,27.002,true
120.000,ue47,-344.181,319.045,32.648,true
121.000,ue47,-343.250,318.989,32.832,true
122.000,ue47,-342.345,318.935,33.235,true
123.000,ue47,-341.582,318.889,33.586,true
124.000,ue47,-340.688,318.836,33.903,true
125.000,ue47,-339.759,318.780,34.066,true
126.000,ue47,-338.894,318.455,34.073,true
127.000,ue47,-339.053,317.167,34.073,true
128.000,ue47,-339.198,315.986,34.073,true
129.000,ue47,-339.341,314.827,34.074,true
130.000,ue47,-339.495,313.581,34.074,true
131.000,ue47,-339.628,312.495,34.074,true
132.000,ue47,-339.761,311.418,34.074,true
133.000,ue47,-339.897,310.314,34.074,true
134.000,ue47,-340.031,309.225,34.074,true
135.000,ue47,-340.174,308.064,34.074,true
136.000,ue47,-340.330,306.801,34.099,true
137.000,ue47,-340.489,305.512,34.099,true
138.000,ue47,-340.578,304.786,33.653,true
139.000,ue47,-340.675,304.001,33.210,true
140.000,ue47,-340.755,303.347,32.767,true
141.000,ue47,-340.852,302.567,32.415,true
142.000,ue47,-340.929,301.937,31.985,true
143.000,ue47,-341.005,301.317,31.503,true
144.000,ue47,-341.103,300.521,31.238,true
145.000,ue47,-341.198,299.753,30.713,true
146.000,ue47,-341.320,298.765,30.493,true
147.000,ue47,-341.469,297.552,30.493,true
148.000,ue47,-341.599,296.496,30.493,true
149.000,ue47,-341.748,295.292,30.493,true
150.000,ue47,-341.846,294.495,29.983,true
151.000,ue47,-341.927,293.837,29.571,true
152.000,ue47,-342.009,293.173,28.949,true
153.000,ue47,-342.138,292.122,28.734,true
154.000,ue47,-342.285,290.933,28.734,true
155.000,ue47,-342.427,289.778,28.694,true
156.000,ue47,-342.568,288.631,28.694,true
157.000,ue47,-341.433,288.419,28.692,true
158.000,ue47,-340.526,288.337,28.521,true
159.000,ue47,-339.468,288.240,28.349,true
160.000,ue47,-338.209,288.125,28.349,true
161.000,ue47,-337.073,288.021,28.349,true
162.000,ue47,-335.835,287.908,28.349,true
163.000,ue47,-334.660,287.801,28.349,true
164.000,ue47,-333.447,287.690,28.350,true
165.000,ue47,-332.268,287.583,28.350,true
166.000,ue47,-331.206,287.486,28.350,true
167.000,ue47,-329.935,287.370,28.350,true
168.000,ue47,-328.709,287.258,28.350,true
169.000,ue47,-327.616,287.158,28.350,true
170.000,ue47,-326.494,287.055,28.350,true
171.000,ue47,-325.214,286.938,28.351,true
172.000,ue47,-324.000,286.828,28.351,true
173.000,ue47,-322.831,286.721,28.351,true
174.000,ue47,-321.668,286.615,28.351,true
175.000,ue47,-320.478,286.506,28.351,true
176.000,ue47,-319.309,286.399,28.351,true
177.000,ue47,-318.230,286.301,28.351,true
178.000,ue47,-317.123,286.200,28.352,true
179.000,ue47,-316.025,286.099,28.352,true
120.000,ue48,-121.057,245.122,33.098,true
121.000,ue48,-122.395,245.128,33.098,true
122.000,ue48,-123.699,245.133,33.098,true
123.000,ue48,-124.925,245.139,33.098,true
124.000,ue48,-126.118,245.144,33.098,true
125.000,ue48,-127.315,245.149,33.098,true
126.000,ue48,-128.634,245.155,33.098,true
127.000,ue48,-129.764,245.159,33.098,true
128.000,ue48,-131.121,245.165,33.098,true
129.000,ue48,-132.288,245.170,33.098,true
130.000,ue48,-133.484,245.176,33.103,true
131.000,ue48,-134.848,245.363,33.115,true
132.000,ue48,-136.024,245.541,33.117,true
133.000,ue48,-137.328,245.740,33.132,true
134.000,ue48,-138.694,245.947,33.150,true
135.000,ue48,-140.046,246.153,33.183,true
136.000,ue48,-141.177,246.325,33.213,true
137.000,ue48,-142.395,246.510,33.256,true
138.000,ue48,-143.498,246.677,33.391,true
139.000,ue48,-144.672,246.856,33.348,true
140.000,ue48,-145.952,247.050,33.331,true
141.000,ue48,-147.240,247.246,33.324,true
142.000,ue48,-148.542,247.444,33.317,true
143.000,ue48,-149.752,247.628,33.312,true
144.000,ue48,-151.067,247.827,33.306,true
145.000,ue48,-152.346,247.937,33.298,true
146.000,ue48,-153.619,247.909,33.287,true
147.000,ue48,-154.899,247.880,33.276,true
148.000,ue48,-156.127,247.853,33.266,true
149.000,ue48,-157.283,247.827,33.245,true
150.000,ue48,-158.623,247.798,33.163,true
151.000,ue48,-159.733,247.773,33.095,true
152.000,ue48,-161.075,247.743,33.013,true
153.000,ue48,-162.389,247.714,32.942,true
154.000,ue48,-163.740,247.684,32.874,true
155.000,ue48,-164.954,247.657,32.814,true
156.000,ue48,-166.164,247.630,32.715,true
157.000,ue48,-167.264,247.605,32.562,true
158.000,ue48,-168.607,247.576,32.377,true
159.000,ue48,-169.963,247.545,32.193,true
160.000,ue48,-171.291,247.516,31.945,true
161.000,ue48,-172.518,247.489,31.712,true
162.000,ue48,-173.857,247.459,31.435,true
163.000,ue48,-175.122,247.431,31.203,true
164.000,ue48,-176.249,247.406,31.012,true
165.000,ue48,-177.455,247.379,30.799,true
166.000,ue48,-178.776,247.350,30.416,true
167.000,ue48,-179.931,247.324,30.236,true
168.000,ue48,-181.170,247.296,30.090,true
169.000,ue48,-182.274,247.272,29.966,true
170.000,ue48,-183.549,247.244,29.815,true
171.000,ue48,-184.823,247.215,29.634,true
172.000,ue48,-185.726,246.659,29.513,true
173.000,ue48,-185.698,245.522,29.437,true
174.000,ue48,-185.668,244.249,29.358,true
175.000,ue48,-185.635,242.889,29.251,true
176.000,ue48,-185.603,241.600,29.105,true
177.000,ue48,-185.571,240.249,29.058,true
178.000,ue48,-185.541,239.046,29.028,true
179.000,ue48,-185.509,237.703,28.979,true
120.000,ue49,-373.327,175.611,27.405,true
121.000,ue49,-372.511,175.829,26.890,true
122.000,ue49,-371.208,176.179,26.890,true
123.000,ue49,-370.009,176.710,26.885,true
124.000,ue49,-370.178,177.916,26.873,true
125.000,ue49,-370.364,179.234,26.873,true
126.000,ue49,-370.534,180.440,26.873,true
127.000,ue49,-370.706,181.665,26.873,true
128.000,ue49,-370.897,183.022,26.873,true
129.000,ue49,-371.076,184.295,26.873,true
130.000,ue49,-371.266,185.643,26.873,true
131.000,ue49,-371.433,186.827,26.873,true
132.000,ue49,-371.598,188.001,26.873,true
133.000,ue49,-371.791,189.373,26.873,true
134.000,ue49,-371.964,190.602,26.873,true
135.000,ue49,-372.140,191.854,26.873,true
136.000,ue49,-372.302,193.005,26.873,true
137.000,ue49,-372.475,194.231,26.873,true
138.000,ue49,-372.646,195.447,26.873,true
139.000,ue49,-372.837,196.807,26.873,true
140.000,ue49,-372.994,197.922,26.873,true
141.000,ue49,-373.179,199.233,26.873,true
142.000,ue49,-373.339,200.372,26.873,true
143.000,ue49,-373.511,201.596,26.873,true
144.000,ue49,-373.695,202.897,26.873,true
145.000,ue49,-373.879,204.208,26.873,true
123.000,ue50,-344.070,319.096,32.648,true
124.000,ue50,-342.958,319.030,33.026,true
125.000,ue50,-342.005,318.973,33.418,true
126.000,ue50,-340.931,318.908,33.770,true
127.000,ue50,-339.906,318.847,34.065,true
128.000,ue50,-338.752,318.759,34.073,true
129.000,ue50,-338.911,317.473,34.073,true
130.000,ue50,-339.087,316.041,34.073,true
131.000,ue50,-339.280,314.478,34.074,true
132.000,ue50,-339.465,312.974,34.074,true
133.000,ue50,-339.635,311.595,34.074,true
134.000,ue50,-339.803,310.226,34.074,true
135.000,ue50,-339.962,308.938,34.074,true
136.000,ue50,-340.122,307.636,34.074,true
137.000,ue50,-340.247,306.623,34.099,true
138.000,ue50,-340.398,305.401,34.099,true
139.000,ue50,-340.510,304.486,33.557,true
140.000,ue50,-340.595,303.798,33.210,true
141.000,ue50,-340.672,303.174,32.738,true
142.000,ue50,-340.118,302.441,32.244,true
143.000,ue50,-340.239,301.457,31.739,true
144.000,ue50,-340.357,300.495,31.162,true
145.000,ue50,-340.465,299.617,30.493,true
146.000,ue50,-340.634,298.247,30.493,true
147.000,ue50,-340.811,296.814,30.493,true
148.000,ue50,-340.999,295.288,30.493,true
149.000,ue50,-341.107,294.408,29.796,true
150.000,ue50,-341.220,293.491,29.339,true
151.000,ue50,-341.316,292.711,28.734,true
152.000,ue50,-341.509,291.146,28.734,true
153.000,ue50,-341.692,289.659,28.694,true
154.000,ue50,-342.439,287.930,28.695,true
155.000,ue50,-343.595,287.231,28.698,true
156.000,ue50,-344.845,286.474,28.702,true
157.000,ue50,-346.102,285.713,28.681,true
158.000,ue50,-347.221,285.036,28.673,true
159.000,ue50,-348.754,284.707,28.692,true
160.000,ue50,-350.276,284.589,28.702,true
161.000,ue50,-351.832,284.469,28.702,true
162.000,ue50,-353.388,284.348,28.702,true
163.000,ue50,-354.908,284.231,28.702,true
164.000,ue50,-356.304,284.123,28.702,true
165.000,ue50,-357.744,284.012,28.702,true
166.000,ue50,-359.244,283.896,28.702,true
167.000,ue50,-360.733,283.781,28.702,true
168.000,ue50,-362.189,283.668,28.702,true
169.000,ue50,-363.774,283.895,28.702,true
170.000,ue50,-365.162,284.169,28.702,true
171.000,ue50,-366.451,284.423,28.702,true
172.000,ue50,-368.027,284.735,28.702,true
173.000,ue50,-369.314,284.989,28.702,true
174.000,ue50,-370.643,285.251,28.571,true
175.000,ue50,-371.943,285.508,28.509,true
176.000,ue50,-373.344,285.784,28.529,true
177.000,ue50,-374.653,286.043,28.565,true
178.000,ue50,-376.115,286.332,28.606,true
179.000,ue50,-377.693,286.643,28.649,true
123.000,ue51,-120.513,244.906,33.098,true
124.000,ue51,-121.716,244.911,33.098,true
125.000,ue51,-123.131,244.917,33.098,true
126.000,ue51,-124.421,244.923,33.098,true
127.000,ue51,-125.772,244.928,33.098,true
128.000,ue51,-126.958,244.934,33.098,true
129.000,ue51,-128.307,244.939,33.098,true
130.000,ue51,-129.603,244.945,33.098,true
131.000,ue51,-130.907,244.951,33.098,true
132.000,ue51,-132.245,244.956,33.098,true
133.000,ue51,-133.548,245.032,33.114,true
134.000,ue51,-134.787,245.220,33.115,true
135.000,ue51,-135.986,245.402,33.126,true
136.000,ue51,-137.332,245.607,33.134,true
137.000,ue51,-138.625,245.803,33.160,true
138.000,ue51,-139.993,246.011,33.201,true
139.000,ue51,-141.377,246.222,33.236,true
140.000,ue51,-142.629,246.412,33.403,true
141.000,ue51,-143.868,246.600,33.357,true
142.000,ue51,-145.085,246.785,33.334,true
143.000,ue51,-146.373,246.981,33.326,true
144.000,ue51,-147.775,247.194,33.318,true
145.000,ue51,-148.952,247.373,33.313,true
146.000,ue51,-150.390,247.591,33.307,true
147.000,ue51,-151.620,247.725,33.300,true
148.000,ue51,-152.950,247.695,33.288,true
149.000,ue51,-154.327,247.665,33.276,true
150.000,ue51,-155.691,247.635,33.265,true
151.000,ue51,-157.070,247.604,33.225,true
152.000,ue51,-158.274,247.577,33.151,true
153.000,ue51,-159.681,247.546,33.065,true
154.000,ue51,-161.016,247.516,32.983,true
155.000,ue51,-162.399,247.485,32.914,true
156.000,ue51,-163.795,247.454,32.844,true
157.000,ue51,-165.005,247.428,32.781,true
158.000,ue51,-166.269,247.399,32.625,true
159.000,ue51,-167.464,247.373,32.460,true
160.000,ue51,-168.897,247.341,32.261,true
161.000,ue51,-170.138,247.313,32.061,true
162.000,ue51,-171.554,247.282,31.792,true
163.000,ue51,-172.790,247.254,31.550,true
164.000,ue51,-174.059,247.226,31.292,true
165.000,ue51,-175.337,247.198,31.074,true
166.000,ue51,-176.625,247.169,30.850,true
167.000,ue51,-177.849,247.142,30.533,true
168.000,ue51,-179.128,247.114,30.267,true
169.000,ue51,-180.493,247.083,30.106,true
170.000,ue51,-181.745,247.055,29.964,true
171.000,ue51,-183.130,247.025,29.797,true
172.000,ue51,-184.322,246.998,29.628,true
173.000,ue51,-185.096,247.534,29.470,true
174.000,ue51,-185.141,248.743,29.455,true
175.000,ue51,-185.178,249.732,29.298,true
176.000,ue51,-185.232,251.183,29.393,true
177.000,ue51,-185.283,252.535,29.470,true
178.000,ue51,-185.335,253.946,29.535,true
179.000,ue51,-185.383,255.220,29.577,true
123.000,ue52,-372.889,175.344,27.405,true
124.000,ue52,-372.111,175.552,27.084,true
125.000,ue52,-370.999,175.851,26.890,true
126.000,ue52,-369.672,176.206,26.888,true
127.000,ue52,-369.523,174.994,26.890,true
128.000,ue52,-369.389,173.819,26.890,true
129.000,ue52,-369.254,172.635,26.890,true
130.000,ue52,-369.096,171.246,26.890,true
131.000,ue52,-368.939,169.871,26.890,true
132.000,ue52,-368.809,168.726,26.890,true
133.000,ue52,-368.665,167.461,26.890,true
134.000,ue52,-368.533,166.309,26.890,true
135.000,ue52,-368.384,164.998,26.890,true
136.000,ue52,-368.241,163.744,26.890,true
137.000,ue52,-368.097,162.478,26.890,true
138.000,ue52,-367.946,161.149,26.890,true
139.000,ue52,-367.815,159.999,26.890,true
140.000,ue52,-367.657,158.614,26.890,true
141.000,ue52,-367.514,157.354,26.890,true
142.000,ue52,-367.375,156.135,26.890,true
143.000,ue52,-367.219,154.766,26.890,true
144.000,ue52,-367.079,153.542,26.890,true
145.000,ue52,-366.948,152.386,26.890,true
146.000,ue52,-366.799,151.079,26.890,true
147.000,ue52,-366.653,149.801,26.890,true
148.000,ue52,-366.525,148.677,26.890,true
149.000,ue52,-366.534,147.519,26.890,true
150.000,ue52,-366.584,146.217,26.890,true
151.000,ue52,-366.633,144.944,26.890,true
152.000,ue52,-366.686,143.573,26.890,true
153.000,ue52,-366.733,142.326,26.890,true
154.000,ue52,-366.781,141.091,26.890,true
155.000,ue52,-366.829,139.833,26.890,true
156.000,ue52,-366.874,138.677,26.891,true
157.000,ue52,-366.924,137.366,26.909,true
158.000,ue52,-366.968,136.230,26.928,true
159.000,ue52,-367.020,134.866,26.961,true
160.000,ue52,-367.071,133.542,26.996,true
161.000,ue52,-367.121,132.238,27.045,true
162.000,ue52,-367.168,131.021,27.090,true
163.000,ue52,-367.212,129.868,27.144,true
164.000,ue52,-367.260,128.621,27.213,true
165.000,ue52,-367.313,127.250,27.278,true
126.000,ue53,-291.715,306.090,33.050,true
127.000,ue53,-292.470,305.816,33.537,true
128.000,ue53,-293.349,305.496,34.096,true
129.000,ue53,-294.705,305.003,34.098,true
130.000,ue53,-296.040,304.518,34.098,true
131.000,ue53,-297.229,304.086,34.098,true
132.000,ue53,-297.633,302.923,34.098,true
133.000,ue53,-297.903,301.392,34.098,true
134.000,ue53,-298.095,300.303,33.873,true
135.000,ue53,-298.250,299.421,33.364,true
136.000,ue53,-298.390,298.626,32.688,true
137.000,ue53,-298.523,297.871,31.972,true
138.000,ue53,-298.671,297.036,31.443,true
139.000,ue53,-298.802,296.290,30.806,true
140.000,ue53,-298.968,295.349,30.489,true
141.000,ue53,-299.229,293.871,30.489,true
142.000,ue53,-299.455,292.590,30.256,true
143.000,ue53,-299.616,291.677,29.880,true
144.000,ue53,-299.786,290.710,29.343,true
145.000,ue53,-299.964,289.700,28.901,true
146.000,ue53,-300.138,288.715,28.647,true
147.000,ue53,-300.402,287.215,28.635,true
148.000,ue53,-300.668,285.706,28.698,true
149.000,ue53,-300.663,284.375,28.699,true
150.000,ue53,-300.192,283.064,28.700,true
151.000,ue53,-299.741,281.806,28.705,true
152.000,ue53,-298.841,280.874,28.705,true
153.000,ue53,-297.716,279.985,28.670,true
154.000,ue53,-296.668,279.158,28.680,true
155.000,ue53,-295.495,278.231,28.704,true
156.000,ue53,-294.406,277.371,28.704,true
157.000,ue53,-293.277,276.480,28.704,true
158.000,ue53,-292.150,275.873,28.704,true
159.000,ue53,-290.679,275.407,28.704,true
160.000,ue53,-289.249,274.953,28.704,true
161.000,ue53,-287.771,274.484,28.704,true
162.000,ue53,-286.550,274.097,28.704,true
163.000,ue53,-285.309,273.703,28.704,true
164.000,ue53,-283.983,273.282,28.704,true
165.000,ue53,-282.541,273.000,28.704,true
166.000,ue53,-281.254,272.950,28.704,true
167.000,ue53,-279.777,272.893,28.704,true
168.000,ue53,-278.351,272.838,28.698,true
169.000,ue53,-276.957,272.783,28.680,true
170.000,ue53,-275.561,272.729,28.661,true
171.000,ue53,-274.193,272.830,28.652,true
172.000,ue53,-272.804,273.547,28.661,true
173.000,ue53,-271.416,274.264,28.672,true
174.000,ue53,-270.047,274.970,28.674,true
175.000,ue53,-268.882,275.572,28.678,true
176.000,ue53,-267.708,276.178,28.660,true
177.000,ue53,-266.259,276.349,28.645,true
178.000,ue53,-264.827,276.457,28.654,true
179.000,ue53,-263.289,276.573,28.635,true
126.000,ue54,-25.704,151.296,62.595,true
127.000,ue54,-26.916,151.167,62.595,true
128.000,ue54,-28.272,151.022,62.595,true
129.000,ue54,-29.514,150.890,62.595,true
130.000,ue54,-30.795,150.753,62.595,true
131.000,ue54,-32.255,150.727,62.592,true
132.000,ue54,-33.675,150.733,62.551,true
133.000,ue54,-34.970,150.738,62.492,true
134.000,ue54,-36.167,150.743,62.414,true
135.000,ue54,-37.485,150.749,62.299,true
136.000,ue54,-38.748,150.755,62.144,true
137.000,ue54,-40.145,150.761,61.928,true
138.000,ue54,-41.359,150.747,61.684,true
139.000,ue54,-42.567,150.518,61.364,true
140.000,ue54,-43.866,150.271,60.947,true
141.000,ue54,-45.147,150.028,60.452,true
142.000,ue54,-46.379,149.794,59.882,true
143.000,ue54,-47.644,149.554,59.227,true
144.000,ue54,-48.811,149.332,58.567,true
145.000,ue54,-49.970,149.112,57.872,true
146.000,ue54,-51.201,148.878,57.129,true
147.000,ue54,-52.289,148.582,56.497,true
148.000,ue54,-53.285,148.005,55.915,true
149.000,ue54,-54.224,147.461,55.391,true
150.000,ue54,-55.269,146.855,54.860,true
151.000,ue54,-56.362,146.221,54.360,true
152.000,ue54,-57.468,145.581,53.908,true
153.000,ue54,-58.599,144.925,53.491,true
154.000,ue54,-59.724,144.273,53.141,true
155.000,ue54,-60.761,143.672,52.881,true
156.000,ue54,-61.994,142.957,52.633,true
157.000,ue54,-62.985,142.382,52.611,true
158.000,ue54,-64.145,141.710,52.630,true
159.000,ue54,-65.316,141.876,52.612,true
160.000,ue54,-66.530,142.229,52.605,true
161.000,ue54,-67.708,142.571,52.596,true
162.000,ue54,-69.115,142.807,52.548,true
163.000,ue54,-70.341,142.812,52.492,true
164.000,ue54,-71.768,142.819,52.424,true
165.000,ue54,-73.187,142.825,52.348,true
166.000,ue54,-74.574,142.831,52.210,true
167.000,ue54,-75.864,142.836,52.084,true
168.000,ue54,-77.300,142.842,51.951,true
169.000,ue54,-78.489,142.848,51.841,true
170.000,ue54,-79.763,142.853,51.721,true
171.000,ue54,-81.223,142.859,51.517,true
172.000,ue54,-82.406,142.865,51.351,true
173.000,ue54,-83.731,142.870,51.173,true
174.000,ue54,-85.030,142.876,50.999,true
175.000,ue54,-86.466,142.882,50.806,true
176.000,ue54,-87.694,142.887,50.657,true
177.000,ue54,-88.903,142.893,50.523,true
178.000,ue54,-90.146,142.898,50.385,true
179.000,ue54,-91.364,142.903,50.258,true
126.000,ue55,-377.462,231.992,26.873,true
127.000,ue55,-377.312,230.921,26.873,true
128.000,ue55,-377.138,229.689,26.873,true
129.000,ue55,-376.962,228.437,26.873,true
130.000,ue55,-376.811,227.366,26.873,true
131.000,ue55,-376.638,226.133,26.873,true
132.000,ue55,-376.480,225.016,26.873,true
133.000,ue55,-376.334,223.972,26.873,true
134.000,ue55,-376.174,222.837,26.873,true
135.000,ue55,-376.019,221.739,26.873,true
136.000,ue55,-375.863,220.627,26.873,true
137.000,ue55,-375.700,219.472,26.873,true
138.000,ue55,-375.522,218.205,26.873,true
139.000,ue55,-375.346,216.958,26.873,true
140.000,ue55,-375.177,215.758,26.873,true
141.000,ue55,-375.011,214.573,26.873,true
142.000,ue55,-374.840,213.358,26.873,true
143.000,ue55,-374.670,212.153,26.873,true
144.000,ue55,-374.504,210.975,26.873,true
145.000,ue55,-374.359,209.946,26.873,true
146.000,ue55,-374.212,208.901,26.873,true
147.000,ue55,-374.050,207.746,26.873,true
148.000,ue55,-373.891,206.619,26.873,true
149.000,ue55,-373.721,205.412,26.873,true
150.000,ue55,-373.548,204.184,26.873,true
151.000,ue55,-373.386,203.035,26.873,true
152.000,ue55,-373.218,201.837,26.873,true
153.000,ue55,-373.060,200.716,26.873,true
154.000,ue55,-372.892,199.519,26.873,true
155.000,ue55,-372.727,198.346,26.873,true
156.000,ue55,-372.580,197.301,26.873,true
157.000,ue55,-372.403,196.046,26.873,true
158.000,ue55,-372.235,194.856,26.873,true
159.000,ue55,-372.069,193.674,26.873,true
160.000,ue55,-371.890,192.403,26.873,true
161.000,ue55,-371.720,191.197,26.873,true
162.000,ue55,-371.571,190.135,26.873,true
163.000,ue55,-371.398,188.906,26.873,true
164.000,ue55,-371.230,187.711,26.873,true
165.000,ue55,-371.064,186.534,26.873,true
166.000,ue55,-370.899,185.363,26.873,true
167.000,ue55,-370.753,184.322,26.873,true
168.000,ue55,-370.582,183.113,26.873,true
169.000,ue55,-370.423,181.982,26.873,true
170.000,ue55,-370.249,180.742,26.873,true
171.000,ue55,-370.072,179.490,26.873,true
172.000,ue55,-369.925,178.444,26.873,true
173.000,ue55,-369.755,177.231,26.873,true
174.000,ue55,-369.588,175.989,26.890,true
175.000,ue55,-369.448,174.755,26.890,true
176.000,ue55,-369.316,173.598,26.890,true
177.000,ue55,-369.185,172.451,26.890,true
178.000,ue55,-369.040,171.175,26.890,true
179.000,ue55,-368.913,170.062,26.890,true
129.000,ue56,-292.185,305.884,33.050,true
130.000,ue56,-292.798,305.661,33.537,true
131.000,ue56,-293.450,305.424,34.071,true
132.000,ue56,-294.502,305.042,34.098,true
133.000,ue56,-295.648,304.625,34.098,true
134.000,ue56,-296.725,304.233,34.098,true
135.000,ue56,-297.847,303.826,34.098,true
136.000,ue56,-298.107,302.696,34.098,true
137.000,ue56,-298.302,301.589,34.098,true
138.000,ue56,-298.487,300.538,34.104,true
139.000,ue56,-298.624,299.762,33.702,true
140.000,ue56,-298.739,299.112,33.286,true
141.000,ue56,-298.861,298.419,32.744,true
142.000,ue56,-298.987,297.704,32.265,true
143.000,ue56,-299.076,297.201,31.709,true
144.000,ue56,-299.183,296.593,31.214,true
145.000,ue56,-299.309,295.879,30.806,true
146.000,ue56,-299.457,295.040,30.489,true
147.000,ue56,-299.648,293.955,30.489,true
148.000,ue56,-299.847,292.825,30.489,true
149.000,ue56,-300.005,291.932,30.223,true
150.000,ue56,-300.120,291.280,29.880,true
151.000,ue56,-300.246,290.565,29.528,true
152.000,ue56,-300.359,289.922,29.094,true
153.000,ue56,-300.467,289.310,28.662,true
154.000,ue56,-300.646,288.297,28.647,true
155.000,ue56,-300.828,287.262,28.615,true
156.000,ue56,-301.033,286.097,28.693,true
157.000,ue56,-301.242,284.912,28.698,true
158.000,ue56,-301.975,284.718,28.696,true
159.000,ue56,-302.940,284.765,28.637,true
160.000,ue56,-303.692,284.801,28.383,true
161.000,ue56,-304.699,284.849,28.353,true
162.000,ue56,-305.896,284.906,28.353,true
163.000,ue56,-307.120,284.964,28.353,true
164.000,ue56,-308.283,285.028,28.352,true
165.000,ue56,-309.469,285.136,28.352,true
166.000,ue56,-310.477,285.228,28.352,true
167.000,ue56,-311.611,285.331,28.352,true
168.000,ue56,-312.699,285.431,28.352,true
169.000,ue56,-313.872,285.538,28.352,true
170.000,ue56,-315.034,285.644,28.352,true
171.000,ue56,-316.184,285.749,28.352,true
172.000,ue56,-317.413,285.861,28.351,true
173.000,ue56,-318.481,285.959,28.351,true
174.000,ue56,-319.681,286.068,28.351,true
175.000,ue56,-320.880,286.178,28.351,true
176.000,ue56,-322.116,286.291,28.351,true
177.000,ue56,-323.249,286.394,28.351,true
178.000,ue56,-324.325,286.492,28.351,true
179.000,ue56,-325.540,286.603,28.350,true
129.000,ue57,-25.766,151.426,62.595,true
130.000,ue57,-27.134,151.280,62.595,true
131.000,ue57,-28.521,151.132,62.595,true
132.000,ue57,-29.769,150.999,62.595,true
133.000,ue57,-31.288,150.852,62.595,true
134.000,ue57,-32.553,150.858,62.589,true
135.000,ue57,-34.057,150.864,62.534,true
136.000,ue57,-35.290,150.869,62.475,true
137.000,ue57,-36.771,150.876,62.372,true
138.000,ue57,-38.272,150.882,62.214,true
139.000,ue57,-39.489,150.888,62.041,true
140.000,ue57,-40.927,150.894,61.790,true
141.000,ue57,-42.387,150.694,61.435,true
142.000,ue57,-43.786,150.428,60.996,true
143.000,ue57,-45.160,150.167,60.473,true
144.000,ue57,-46.297,149.951,59.953,true
145.000,ue57,-47.403,149.741,59.385,true
146.000,ue57,-48.496,149.533,58.789,true
147.000,ue57,-49.788,149.288,58.019,true
148.000,ue57,-50.906,149.076,57.347,true
149.000,ue57,-52.057,148.857,56.663,true
150.000,ue57,-53.075,148.293,56.072,true
151.000,ue57,-54.221,147.628,55.425,true
152.000,ue57,-55.298,147.004,54.876,true
153.000,ue57,-56.296,146.426,54.413,true
154.000,ue57,-57.355,145.812,53.978,true
155.000,ue57,-58.566,145.110,53.524,true
156.000,ue57,-59.593,144.515,53.195,true
157.000,ue57,-60.853,143.785,52.875,true
158.000,ue57,-62.111,143.056,52.623,true
159.000,ue57,-63.140,142.459,52.666,true
160.000,ue57,-64.372,141.745,52.624,true
161.000,ue57,-65.554,142.057,52.611,true
162.000,ue57,-67.019,142.483,52.603,true
163.000,ue57,-68.471,142.904,52.578,true
164.000,ue57,-69.943,142.940,52.513,true
165.000,ue57,-71.287,142.946,52.453,true
166.000,ue57,-72.709,142.952,52.377,true
167.000,ue57,-74.015,142.958,52.275,true
168.000,ue57,-75.430,142.964,52.130,true
169.000,ue57,-76.664,142.969,52.016,true
170.000,ue57,-78.107,142.976,51.882,true
171.000,ue57,-79.451,142.981,51.757,true
172.000,ue57,-80.850,142.988,51.578,true
173.000,ue57,-82.092,142.993,51.403,true
174.000,ue57,-83.454,142.999,51.219,true
175.000,ue57,-84.960,143.005,51.017,true
176.000,ue57,-86.261,143.011,50.842,true
177.000,ue57,-87.752,143.017,50.658,true
178.000,ue57,-89.076,143.023,50.511,true
179.000,ue57,-90.490,143.029,50.353,true
129.000,ue58,-377.371,232.354,26.873,true
130.000,ue58,-377.193,231.090,26.873,true
131.000,ue58,-377.020,229.860,26.873,true
132.000,ue58,-376.819,228.433,26.873,true
133.000,ue58,-376.626,227.059,26.873,true
134.000,ue58,-376.424,225.622,26.873,true
135.000,ue58,-376.230,224.247,26.873,true
136.000,ue58,-376.051,222.972,26.873,true
137.000,ue58,-375.878,221.745,26.873,true
138.000,ue58,-375.682,220.356,26.873,true
139.000,ue58,-375.489,218.979,26.873,true
140.000,ue58,-375.289,217.562,26.873,true
141.000,ue58,-375.093,216.168,26.873,true
142.000,ue58,-374.909,214.859,26.873,true
143.000,ue58,-374.736,213.632,26.873,true
144.000,ue58,-374.551,212.316,26.873,true
145.000,ue58,-374.393,211.194,26.873,true
146.000,ue58,-374.246,210.153,26.873,true
147.000,ue58,-374.090,209.039,26.873,true
148.000,ue58,-373.909,207.753,26.873,true
149.000,ue58,-373.743,206.579,26.873,true
150.000,ue58,-373.595,205.524,26.873,true
151.000,ue58,-373.424,204.313,26.873,true
152.000,ue58,-373.254,203.104,26.873,true
153.000,ue58,-373.083,201.886,26.873,true
154.000,ue58,-372.917,200.708,26.873,true
155.000,ue58,-372.762,199.606,26.873,true
156.000,ue58,-372.597,198.432,26.873,true
157.000,ue58,-372.453,197.413,26.873,true
158.000,ue58,-372.283,196.206,26.873,true
159.000,ue58,-372.083,194.787,26.873,true
160.000,ue58,-371.905,193.522,26.873,true
161.000,ue58,-371.766,192.533,26.873,true
162.000,ue58,-371.586,191.253,26.873,true
163.000,ue58,-371.442,190.229,26.873,true
164.000,ue58,-371.279,189.072,26.873,true
165.000,ue58,-371.082,187.671,26.873,true
166.000,ue58,-370.934,186.618,26.873,true
167.000,ue58,-370.796,185.642,26.873,true
168.000,ue58,-370.610,184.321,26.873,true
169.000,ue58,-370.472,183.335,26.873,true
170.000,ue58,-370.285,182.007,26.873,true
171.000,ue58,-370.093,180.645,26.873,true
172.000,ue58,-369.961,179.707,26.873,true
173.000,ue58,-369.779,178.411,26.873,true
174.000,ue58,-369.598,177.131,26.879,true
175.000,ue58,-370.224,176.536,26.889,true
132.000,ue59,-272.494,318.197,32.657,true
133.000,ue59,-271.412,318.232,32.467,true
134.000,ue59,-270.341,318.267,32.277,true
135.000,ue59,-269.441,318.297,31.833,true
136.000,ue59,-268.709,318.321,31.312,true
137.000,ue59,-267.722,318.353,30.758,true
138.000,ue59,-266.685,318.387,30.277,true
139.000,ue59,-265.406,318.429,30.183,true
140.000,ue59,-264.151,318.470,30.183,true
141.000,ue59,-262.812,318.514,30.183,true
142.000,ue59,-261.497,318.557,30.183,true
143.000,ue59,-260.086,318.603,30.183,true
144.000,ue59,-258.766,318.646,30.183,true
145.000,ue59,-257.346,318.692,30.183,true
146.000,ue59,-255.822,318.742,30.183,true
147.000,ue59,-254.416,318.788,30.194,true
148.000,ue59,-253.413,318.821,29.686,true
149.000,ue59,-252.402,318.854,29.429,true
150.000,ue59,-251.283,318.891,29.137,true
151.000,ue59,-250.760,318.908,28.915,true
152.000,ue59,-249.643,318.944,28.805,true
153.000,ue59,-248.321,318.988,28.802,true
154.000,ue59,-248.322,317.779,28.802,true
155.000,ue59,-248.329,316.253,28.803,true
156.000,ue59,-248.334,314.977,28.803,true
157.000,ue59,-248.341,313.474,28.803,true
158.000,ue59,-248.347,312.143,28.804,true
159.000,ue59,-248.353,310.733,28.804,true
160.000,ue59,-248.358,309.399,28.804,true
161.000,ue59,-248.365,307.945,28.805,true
162.000,ue59,-248.370,306.612,28.805,true
163.000,ue59,-248.377,305.195,28.805,true
164.000,ue59,-248.383,303.672,28.806,true
165.000,ue59,-248.390,302.142,28.806,true
166.000,ue59,-248.395,300.802,28.806,true
167.000,ue59,-248.402,299.354,28.807,true
168.000,ue59,-248.408,297.974,28.807,true
169.000,ue59,-248.414,296.570,28.807,true
170.000,ue59,-248.419,295.265,28.808,true
171.000,ue59,-248.197,293.825,28.808,true
172.000,ue59,-247.966,292.502,28.808,true
173.000,ue59,-247.725,291.118,28.808,true
174.000,ue59,-247.489,289.760,28.809,true
175.000,ue59,-247.234,288.297,28.810,true
176.000,ue59,-246.994,286.919,28.814,true
177.000,ue59,-246.766,285.607,28.815,true
178.000,ue59,-246.552,284.381,28.813,true
179.000,ue59,-246.290,282.874,28.810,true
132.000,ue60,-116.966,165.419,33.098,true
133.000,ue60,-118.151,165.217,33.098,true
134.000,ue60,-119.227,165.033,33.098,true
135.000,ue60,-120.450,164.824,33.098,true
136.000,ue60,-121.524,164.640,33.098,true
137.000,ue60,-122.767,164.427,33.098,true
138.000,ue60,-123.810,164.249,33.098,true
139.000,ue60,-124.870,164.068,33.098,true
140.000,ue60,-125.999,163.875,33.098,true
141.000,ue60,-127.097,163.687,33.098,true
142.000,ue60,-128.360,163.471,33.098,true
143.000,ue60,-129.531,163.271,33.098,true
144.000,ue60,-130.714,163.069,33.098,true
145.000,ue60,-131.834,162.877,33.098,true
146.000,ue60,-133.008,162.676,33.098,true
147.000,ue60,-134.047,162.497,33.098,true
148.000,ue60,-135.204,161.987,33.098,true
149.000,ue60,-136.290,161.507,33.098,true
150.000,ue60,-137.337,161.045,33.098,true
151.000,ue60,-138.460,160.550,33.098,true
152.000,ue60,-139.426,160.123,33.098,true
153.000,ue60,-140.606,159.603,33.098,true
154.000,ue60,-141.667,159.135,33.098,true
155.000,ue60,-142.803,158.633,33.098,true
156.000,ue60,-143.869,158.163,33.098,true
157.000,ue60,-145.004,157.662,33.098,true
158.000,ue60,-146.183,157.142,33.098,true
159.000,ue60,-147.303,156.647,33.098,true
160.000,ue60,-148.103,156.294,33.252,true
161.000,ue60,-149.217,155.803,33.261,true
162.000,ue60,-150.206,155.367,33.269,true
163.000,ue60,-150.472,154.629,33.270,true
164.000,ue60,-149.558,153.758,33.262,true
165.000,ue60,-148.801,153.036,33.254,true
166.000,ue60,-147.951,152.227,33.246,true
167.000,ue60,-147.377,151.680,33.717,true
168.000,ue60,-146.877,151.204,34.178,true
169.000,ue60,-146.370,150.721,34.641,true
170.000,ue60,-145.854,150.230,35.182,true
171.000,ue60,-145.295,149.812,35.601,true
172.000,ue60,-144.633,149.597,36.024,true
173.000,ue60,-143.937,149.371,36.448,true
174.000,ue60,-143.206,149.134,36.874,true
175.000,ue60,-142.584,148.932,37.295,true
176.000,ue60,-141.838,148.689,37.722,true
177.000,ue60,-141.201,148.482,38.179,true
178.000,ue60,-140.612,148.291,38.830,true
179.000,ue60,-140.023,148.100,39.359,true
132.000,ue61,-350.613,80.981,31.966,true
133.000,ue61,-349.569,81.867,31.966,true
134.000,ue61,-348.653,82.646,31.966,true
135.000,ue61,-349.029,83.944,31.966,true
136.000,ue61,-349.652,85.233,31.937,true
137.000,ue61,-350.180,86.325,31.887,true
138.000,ue61,-350.764,87.533,31.810,true
139.000,ue61,-351.340,88.726,31.713,true
140.000,ue61,-351.890,89.864,31.615,true
141.000,ue61,-352.418,90.958,31.492,true
142.000,ue61,-352.981,92.121,31.353,true
143.000,ue61,-353.595,93.392,31.187,true
144.000,ue61,-354.131,94.502,31.019,true
145.000,ue61,-354.754,95.792,30.810,true
146.000,ue61,-355.370,97.066,30.575,true
147.000,ue61,-355.973,98.313,30.331,true
148.000,ue61,-356.595,99.602,30.078,true
149.000,ue61,-357.134,100.718,29.857,true
150.000,ue61,-357.737,101.966,29.596,true
151.000,ue61,-358.284,103.096,29.360,true
152.000,ue61,-358.905,104.383,29.090,true
153.000,ue61,-359.540,105.695,28.830,true
154.000,ue61,-360.065,106.783,28.608,true
155.000,ue61,-360.618,107.927,28.397,true
156.000,ue61,-361.237,109.207,28.188,true
157.000,ue61,-361.778,110.327,28.049,true
158.000,ue61,-362.307,111.422,27.927,true
159.000,ue61,-362.926,112.703,27.808,true
160.000,ue61,-363.455,113.799,27.720,true
161.000,ue61,-363.994,114.913,27.641,true
162.000,ue61,-364.592,116.150,27.579,true
163.000,ue61,-365.223,117.456,27.522,true
164.000,ue61,-365.854,118.763,27.486,true
165.000,ue61,-366.386,119.865,27.461,true
166.000,ue61,-367.021,121.177,27.440,true
167.000,ue61,-367.462,122.269,27.418,true
168.000,ue61,-367.413,123.553,27.395,true
169.000,ue61,-367.363,124.854,27.370,true
170.000,ue61,-367.316,126.071,27.326,true
171.000,ue61,-367.261,127.498,27.262,true
172.000,ue61,-367.209,128.859,27.199,true
173.000,ue61,-367.156,130.233,27.122,true
174.000,ue61,-367.105,131.553,27.069,true
175.000,ue61,-367.050,132.997,27.015,true
176.000,ue61,-367.001,134.268,26.972,true
177.000,ue61,-366.952,135.558,26.945,true
178.000,ue61,-366.898,136.941,26.915,true
179.000,ue61,-366.847,138.280,26.896,true
135.000,ue62,-272.392,317.613,32.657,true
136.000,ue62,-271.316,317.648,32.467,true
137.000,ue62,-270.292,317.682,32.277,true
138.000,ue62,-269.471,317.709,31.889,true
139.000,ue62,-268.697,317.734,31.503,true
140.000,ue62,-267.958,317.758,30.933,true
141.000,ue62,-266.974,317.790,30.556,true
142.000,ue62,-266.178,317.817,30.183,true
143.000,ue62,-264.860,317.860,30.183,true
144.000,ue62,-263.456,317.906,30.183,true
145.000,ue62,-262.295,317.944,30.183,true
146.000,ue62,-261.151,317.981,30.183,true
147.000,ue62,-259.746,318.027,30.183,true
148.000,ue62,-258.621,318.064,30.183,true
149.000,ue62,-257.398,318.104,30.183,true
150.000,ue62,-256.108,318.146,30.183,true
151.000,ue62,-254.865,318.187,30.200,true
152.000,ue62,-253.862,318.219,29.943,true
153.000,ue62,-252.792,318.254,29.685,true
154.000,ue62,-251.868,318.285,29.350,true
155.000,ue62,-251.181,318.307,28.626,true
156.000,ue62,-250.377,318.333,28.818,true
157.000,ue62,-249.450,318.364,28.802,true
158.000,ue62,-248.188,318.405,28.802,true
159.000,ue62,-248.220,317.157,28.802,true
160.000,ue62,-248.226,315.794,28.803,true
161.000,ue62,-248.232,314.471,28.803,true
162.000,ue62,-248.237,313.294,28.803,true
163.000,ue62,-248.243,311.974,28.804,true
164.000,ue62,-248.249,310.646,28.804,true
165.000,ue62,-248.254,309.461,28.804,true
166.000,ue62,-248.259,308.209,28.804,true
167.000,ue62,-248.265,306.899,28.805,true
168.000,ue62,-248.270,305.729,28.805,true
169.000,ue62,-248.276,304.407,28.805,true
170.000,ue62,-248.281,303.066,28.806,true
171.000,ue62,-248.286,301.878,28.806,true
172.000,ue62,-248.292,300.635,28.806,true
173.000,ue62,-248.298,299.277,28.806,true
174.000,ue62,-248.303,298.113,28.807,true
175.000,ue62,-248.308,296.934,28.807,true
176.000,ue62,-248.314,295.534,28.807,true
177.000,ue62,-248.260,294.192,28.808,true
178.000,ue62,-248.036,292.901,28.808,true
179.000,ue62,-247.805,291.577,28.808,true
135.000,ue63,-116.380,165.293,33.098,true
136.000,ue63,-117.584,165.087,33.098,true
137.000,ue63,-118.789,164.881,33.098,true
138.000,ue63,-119.959,164.681,33.098,true
139.000,ue63,-121.135,164.480,33.098,true
140.000,ue63,-122.368,164.269,33.098,true
141.000,ue63,-123.614,164.056,33.098,true
142.000,ue63,-124.964,163.825,33.098,true
143.000,ue63,-126.175,163.618,33.098,true
144.000,ue63,-127.616,163.371,33.098,true
145.000,ue63,-129.057,163.125,33.098,true
146.000,ue63,-130.491,162.880,33.098,true
147.000,ue63,-131.735,162.667,33.098,true
148.000,ue63,-132.934,162.462,33.098,true
149.000,ue63,-134.155,162.064,33.098,true
150.000,ue63,-135.379,161.524,33.098,true
151.000,ue63,-136.665,160.956,33.098,true
152.000,ue63,-137.754,160.476,33.098,true
153.000,ue63,-139.023,159.916,33.098,true
154.000,ue63,-140.355,159.328,33.098,true
155.000,ue63,-141.490,158.827,33.098,true
156.000,ue63,-142.487,158.387,33.098,true
157.000,ue63,-143.477,157.951,33.098,true
158.000,ue63,-144.823,157.357,33.098,true
159.000,ue63,-145.804,156.924,33.098,true
160.000,ue63,-146.818,156.476,33.098,true
161.000,ue63,-147.884,156.006,33.255,true
162.000,ue63,-148.739,155.628,33.262,true
163.000,ue63,-149.989,155.077,33.273,true
164.000,ue63,-149.731,154.491,33.273,true
165.000,ue63,-149.015,154.557,33.266,true
166.000,ue63,-148.107,153.691,33.257,true
167.000,ue63,-147.181,152.810,33.249,true
168.000,ue63,-146.368,152.035,33.532,true
169.000,ue63,-145.839,151.530,34.207,true
170.000,ue63,-145.310,151.026,34.766,true
171.000,ue63,-144.563,150.315,35.193,true
172.000,ue63,-143.934,150.106,35.702,true
173.000,ue63,-143.345,149.915,36.373,true
174.000,ue63,-142.521,149.648,36.870,true
175.000,ue63,-141.589,149.345,37.389,true
176.000,ue63,-140.904,149.123,38.124,true
177.000,ue63,-140.097,148.861,38.553,true
178.000,ue63,-139.328,148.611,38.980,true
179.000,ue63,-138.644,148.389,39.510,true
135.000,ue64,-350.462,81.490,31.966,true
136.000,ue64,-349.407,82.387,31.966,true
137.000,ue64,-348.385,83.255,31.966,true
138.000,ue64,-348.917,84.534,31.965,true
139.000,ue64,-349.447,85.630,31.939,true
140.000,ue64,-349.990,86.754,31.891,true
141.000,ue64,-350.599,88.015,31.812,true
142.000,ue64,-351.150,89.154,31.719,true
143.000,ue64,-351.745,90.385,31.614,true
144.000,ue64,-352.338,91.613,31.476,true
145.000,ue64,-352.863,92.701,31.344,true
146.000,ue64,-353.434,93.882,31.190,true
147.000,ue64,-354.000,95.054,31.012,true
148.000,ue64,-354.551,96.194,30.829,true
149.000,ue64,-355.060,97.246,30.639,true
150.000,ue64,-355.561,98.283,30.437,true
151.000,ue64,-356.147,99.497,30.199,true
152.000,ue64,-356.695,100.631,29.976,true
153.000,ue64,-357.270,101.820,29.727,true
154.000,ue64,-357.756,102.826,29.523,true
155.000,ue64,-358.314,103.980,29.276,true
156.000,ue64,-358.845,105.079,29.054,true
157.000,ue64,-359.369,106.164,28.838,true
158.000,ue64,-359.860,107.181,28.630,true
159.000,ue64,-360.361,108.216,28.438,true
160.000,ue64,-360.946,109.427,28.227,true
161.000,ue64,-361.508,110.590,28.080,true
162.000,ue64,-362.023,111.656,27.954,true
163.000,ue64,-362.564,112.775,27.848,true
164.000,ue64,-363.066,113.816,27.757,true
165.000,ue64,-363.652,115.028,27.665,true
166.000,ue64,-364.209,116.180,27.605,true
167.000,ue64,-364.711,117.219,27.556,true
168.000,ue64,-365.318,118.476,27.501,true
169.000,ue64,-365.817,119.507,27.481,true
170.000,ue64,-366.376,120.665,27.457,true
171.000,ue64,-366.938,121.828,27.438,true
172.000,ue64,-367.305,122.928,27.415,true
173.000,ue64,-367.256,124.224,27.392,true
174.000,ue64,-367.212,125.368,27.370,true
175.000,ue64,-367.164,126.616,27.325,true
176.000,ue64,-367.113,127.950,27.266,true
177.000,ue64,-367.067,129.126,27.212,true
178.000,ue64,-367.015,130.490,27.136,true
179.000,ue64,-366.968,131.708,27.082,true
138.000,ue65,-319.210,395.954,23.891,true
139.000,ue65,-319.239,394.764,23.660,true
140.000,ue65,-319.256,394.062,23.186,true
141.000,ue65,-319.285,392.843,23.186,true
142.000,ue65,-319.314,391.622,23.186,true
143.000,ue65,-319.342,390.471,23.186,true
144.000,ue65,-319.375,389.082,23.186,true
145.000,ue65,-319.409,387.663,23.186,true
146.000,ue65,-319.443,386.250,23.186,true
147.000,ue65,-319.477,384.817,23.186,true
148.000,ue65,-319.510,383.424,23.186,true
149.000,ue65,-319.542,382.080,23.186,true
150.000,ue65,-319.575,380.713,23.186,true
151.000,ue65,-319.604,379.528,23.186,true
152.000,ue65,-319.637,378.110,23.186,true
153.000,ue65,-319.671,376.692,23.186,true
154.000,ue65,-319.702,375.396,23.163,true
155.000,ue65,-319.731,374.189,23.321,true
156.000,ue65,-319.764,372.815,23.321,true
157.000,ue65,-319.789,371.764,23.212,true
158.000,ue65,-319.814,370.750,23.312,true
159.000,ue65,-319.834,369.901,23.697,true
160.000,ue65,-319.856,368.955,24.184,true
161.000,ue65,-319.877,368.119,24.601,true
162.000,ue65,-319.895,367.327,25.047,true
163.000,ue65,-319.926,366.071,25.047,true
164.000,ue65,-320.559,365.007,25.047,true
165.000,ue65,-321.510,364.300,25.046,true
166.000,ue65,-322.121,363.846,25.553,true
167.000,ue65,-322.915,363.255,25.994,true
168.000,ue65,-323.550,362.784,26.421,true
169.000,ue65,-324.323,362.209,26.871,true
170.000,ue65,-325.238,361.529,27.098,true
171.000,ue65,-326.387,360.675,27.098,true
172.000,ue65,-327.057,360.177,27.461,true
173.000,ue65,-327.697,359.702,27.966,true
174.000,ue65,-328.446,359.144,28.333,true
175.000,ue65,-329.090,358.666,28.713,true
176.000,ue65,-329.608,358.144,29.163,true
177.000,ue65,-330.007,357.084,29.187,true
178.000,ue65,-330.431,355.957,29.187,true
179.000,ue65,-330.813,354.943,29.260,true
138.000,ue66,-51.479,49.822,52.574,true
139.000,ue66,-52.804,50.218,52.574,true
140.000,ue66,-54.068,50.596,52.574,true
141.000,ue66,-55.176,50.927,52.565,true
142.000,ue66,-56.360,51.281,52.563,true
143.000,ue66,-56.507,52.279,52.563,true
144.000,ue66,-56.496,53.598,52.566,true
145.000,ue66,-56.486,54.743,52.570,true
146.000,ue66,-56.474,56.085,52.575,true
147.000,ue66,-56.463,57.351,52.579,true
148.000,ue66,-56.453,58.549,52.584,true
149.000,ue66,-56.442,59.794,52.588,true
150.000,ue66,-56.430,61.111,52.593,true
151.000,ue66,-56.418,62.475,52.597,true
152.000,ue66,-56.406,63.833,52.602,true
153.000,ue66,-56.395,65.176,52.611,true
154.000,ue66,-56.383,66.470,52.621,true
155.000,ue66,-56.372,67.719,52.631,true
156.000,ue66,-56.361,69.064,52.642,true
157.000,ue66,-56.349,70.415,52.653,true
158.000,ue66,-56.339,71.579,52.662,true
159.000,ue66,-56.328,72.756,52.672,true
160.000,ue66,-56.317,73.995,52.682,true
161.000,ue66,-56.306,75.278,52.688,true
162.000,ue66,-56.296,76.478,52.642,true
163.000,ue66,-56.285,77.749,52.644,true
164.000,ue66,-56.275,78.901,52.645,true
165.000,ue66,-56.266,79.922,52.545,true
166.000,ue66,-56.254,81.222,52.545,true
167.000,ue66,-56.243,82.558,52.545,true
168.000,ue66,-56.231,83.934,52.545,true
169.000,ue66,-56.219,85.250,52.545,true
170.000,ue66,-56.208,86.564,52.545,true
171.000,ue66,-56.196,87.869,52.545,true
172.000,ue66,-56.186,88.977,52.567,true
173.000,ue66,-56.176,90.226,52.587,true
174.000,ue66,-56.165,91.414,52.605,true
175.000,ue66,-56.155,92.545,52.688,true
176.000,ue66,-56.143,93.908,52.733,true
177.000,ue66,-56.132,95.196,52.733,true
178.000,ue66,-56.121,96.418,52.759,true
179.000,ue66,-56.111,97.629,52.759,true
141.000,ue67,-319.068,395.979,23.891,true
142.000,ue67,-319.093,394.970,23.675,true
143.000,ue67,-319.115,394.031,23.186,true
144.000,ue67,-319.144,392.806,23.186,true
145.000,ue67,-319.176,391.477,23.186,true
146.000,ue67,-319.207,390.175,23.186,true
147.000,ue67,-319.240,388.792,23.186,true
148.000,ue67,-319.270,387.552,23.186,true
149.000,ue67,-319.302,386.209,23.186,true
150.000,ue67,-319.336,384.781,23.186,true
151.000,ue67,-319.365,383.576,23.186,true
152.000,ue67,-319.396,382.287,23.186,true
153.000,ue67,-319.429,380.920,23.186,true
154.000,ue67,-319.460,379.605,23.186,true
155.000,ue67,-319.492,378.260,23.186,true
156.000,ue67,-319.523,376.972,23.186,true
157.000,ue67,-319.557,375.577,23.153,true
158.000,ue67,-319.581,374.565,23.321,true
159.000,ue67,-319.615,373.138,23.321,true
160.000,ue67,-319.646,371.834,23.321,true
161.000,ue67,-319.673,370.730,23.312,true
162.000,ue67,-319.694,369.836,23.836,true
163.000,ue67,-319.716,368.909,24.184,true
164.000,ue67,-319.735,368.143,24.658,true
165.000,ue67,-319.754,367.347,25.047,true
166.000,ue67,-319.785,366.015,25.047,true
167.000,ue67,-320.309,365.112,25.047,true
168.000,ue67,-321.406,364.297,25.063,true
169.000,ue67,-321.960,363.884,25.553,true
170.000,ue67,-322.773,363.280,25.974,true
171.000,ue67,-323.425,362.796,26.421,true
172.000,ue67,-324.181,362.234,26.780,true
173.000,ue67,-324.954,361.660,27.098,true
174.000,ue67,-325.949,360.920,27.098,true
175.000,ue67,-326.748,360.326,27.293,true
176.000,ue67,-327.443,359.809,27.799,true
177.000,ue67,-328.117,359.309,28.193,true
178.000,ue67,-328.862,358.755,28.672,true
179.000,ue67,-329.466,358.168,29.016,true
141.000,ue68,-51.510,49.800,52.574,true
142.000,ue68,-52.464,50.085,52.574,true
143.000,ue68,-53.408,50.367,52.574,true
144.000,ue68,-54.330,50.643,52.575,true
145.000,ue68,-55.300,50.932,52.563,true
146.000,ue68,-56.262,51.220,52.563,true
147.000,ue68,-56.540,52.082,52.563,true
148.000,ue68,-56.530,53.203,52.565,true
149.000,ue68,-56.521,54.261,52.569,true
150.000,ue68,-56.512,55.348,52.573,true
151.000,ue68,-56.502,56.447,52.576,true
152.000,ue68,-56.492,57.546,52.580,true
153.000,ue68,-56.484,58.502,52.584,true
154.000,ue68,-56.474,59.664,52.588,true
155.000,ue68,-56.465,60.701,52.591,true
156.000,ue68,-56.456,61.733,52.595,true
157.000,ue68,-56.446,62.849,52.599,true
158.000,ue68,-56.436,63.998,52.603,true
159.000,ue68,-56.426,65.142,52.611,true
160.000,ue68,-56.417,66.158,52.619,true
161.000,ue68,-56.407,67.309,52.628,true
162.000,ue68,-56.397,68.426,52.637,true
163.000,ue68,-56.388,69.441,52.645,true
164.000,ue68,-56.379,70.542,52.654,true
165.000,ue68,-56.370,71.584,52.663,true
166.000,ue68,-56.361,72.569,52.671,true
167.000,ue68,-56.352,73.602,52.679,true
168.000,ue68,-56.342,74.698,52.688,true
169.000,ue68,-56.332,75.847,52.645,true
170.000,ue68,-56.323,76.966,52.644,true
171.000,ue68,-56.313,78.084,52.645,true
172.000,ue68,-56.303,79.220,52.645,true
173.000,ue68,-56.294,80.283,52.545,true
174.000,ue68,-56.284,81.373,52.545,true
175.000,ue68,-56.275,82.387,52.545,true
176.000,ue68,-56.265,83.503,52.545,true
177.000,ue68,-56.257,84.490,52.545,true
178.000,ue68,-56.247,85.609,52.545,true
179.000,ue68,-56.238,86.673,52.545,true
144.000,ue69,-313.557,406.720,23.186,true
145.000,ue69,-312.568,405.722,23.186,true
146.000,ue69,-311.683,404.829,23.186,true
147.000,ue69,-310.756,403.894,23.186,true
148.000,ue69,-309.842,402.972,23.186,true
149.000,ue69,-308.845,401.966,23.186,true
150.000,ue69,-307.855,400.968,23.186,true
151.000,ue69,-307.030,400.136,23.186,true
152.000,ue69,-306.091,399.189,23.186,true
153.000,ue69,-305.107,398.196,23.186,true
154.000,ue69,-304.212,397.293,23.186,true
155.000,ue69,-303.406,396.481,23.186,true
156.000,ue69,-302.441,395.507,23.186,true
157.000,ue69,-301.515,394.573,23.186,true
158.000,ue69,-300.620,393.670,23.186,true
159.000,ue69,-299.744,392.787,23.186,true
160.000,ue69,-298.916,391.952,23.186,true
161.000,ue69,-298.044,391.071,23.186,true
162.000,ue69,-297.229,390.249,23.186,true
163.000,ue69,-296.344,389.357,23.186,true
164.000,ue69,-295.470,388.475,23.186,true
165.000,ue69,-294.568,387.566,23.186,true
166.000,ue69,-293.706,386.696,23.186,true
167.000,ue69,-292.877,385.860,23.186,true
168.000,ue69,-292.059,385.035,23.186,true
169.000,ue69,-291.243,384.211,23.186,true
170.000,ue69,-290.403,383.364,23.186,true
171.000,ue69,-289.452,382.405,23.186,true
172.000,ue69,-288.539,381.484,23.186,true
173.000,ue69,-287.646,380.584,23.186,true
174.000,ue69,-286.650,379.579,23.186,true
175.000,ue69,-285.797,378.719,23.186,true
176.000,ue69,-284.860,377.773,23.186,true
177.000,ue69,-284.045,376.951,23.186,true
178.000,ue69,-283.232,376.131,23.186,true
179.000,ue69,-282.265,375.155,23.186,true
144.000,ue70,-77.659,51.618,52.589,true
145.000,ue70,-76.562,51.663,52.458,true
146.000,ue70,-75.310,51.715,52.485,true
147.000,ue70,-73.953,51.771,52.516,true
148.000,ue70,-72.587,51.827,52.550,true
149.000,ue70,-71.331,51.879,52.569,true
150.000,ue70,-71.173,51.012,52.574,true
151.000,ue70,-71.216,49.863,52.574,true
152.000,ue70,-71.268,48.492,52.574,true
153.000,ue70,-71.315,47.241,52.575,true
154.000,ue70,-71.358,46.103,52.576,true
155.000,ue70,-71.403,44.920,52.577,true
156.000,ue70,-71.449,43.685,52.579,true
147.000,ue71,-313.524,406.750,23.186,true
148.000,ue71,-312.671,405.890,23.186,true
149.000,ue71,-311.872,405.084,23.186,true
150.000,ue71,-311.031,404.235,23.186,true
151.000,ue71,-310.232,403.429,23.186,true
152.000,ue71,-309.464,402.655,23.186,true
153.000,ue71,-308.754,401.938,23.186,true
154.000,ue71,-307.928,401.105,23.186,true
155.000,ue71,-307.202,400.372,23.186,true
156.000,ue71,-306.378,399.542,23.186,true
157.000,ue71,-305.689,398.847,23.186,true
158.000,ue71,-304.870,398.021,23.186,true
159.000,ue71,-304.022,397.165,23.186,true
160.000,ue71,-303.280,396.417,23.186,true
161.000,ue71,-302.514,395.644,23.186,true
162.000,ue71,-301.776,394.900,23.186,true
163.000,ue71,-300.971,394.088,23.186,true
164.000,ue71,-300.195,393.305,23.186,true
165.000,ue71,-299.462,392.566,23.186,true
166.000,ue71,-298.669,391.766,23.186,true
167.000,ue71,-297.885,390.975,23.186,true
168.000,ue71,-297.076,390.159,23.186,true
169.000,ue71,-296.391,389.468,23.186,true
170.000,ue71,-295.662,388.733,23.186,true
171.000,ue71,-294.863,387.927,23.186,true
172.000,ue71,-294.140,387.197,23.186,true
173.000,ue71,-293.382,386.433,23.186,true
174.000,ue71,-292.552,385.595,23.186,true
175.000,ue71,-291.741,384.777,23.186,true
176.000,ue71,-291.044,384.075,23.186,true
177.000,ue71,-290.352,383.377,23.186,true
178.000,ue71,-289.565,382.583,23.186,true
179.000,ue71,-288.729,381.740,23.186,true
147.000,ue72,-77.657,51.683,52.589,true
148.000,ue72,-76.608,51.726,52.457,true
149.000,ue72,-75.280,51.781,52.486,true
150.000,ue72,-73.934,51.836,52.516,true
151.000,ue72,-72.668,51.888,52.549,true
152.000,ue72,-71.301,51.944,52.569,true
153.000,ue72,-71.055,53.022,52.572,true
154.000,ue72,-71.102,54.265,52.570,true
155.000,ue72,-71.151,55.539,52.568,true
156.000,ue72,-71.196,56.716,52.568,true
157.000,ue72,-71.243,57.944,52.569,true
158.000,ue72,-71.288,59.128,52.570,true
159.000,ue72,-71.342,60.529,52.572,true
160.000,ue72,-71.387,61.726,52.571,true
161.000,ue72,-71.435,62.958,52.569,true
162.000,ue72,-71.486,64.315,52.567,true
163.000,ue72,-71.530,65.455,52.571,true
164.000,ue72,-71.576,66.653,52.575,true
165.000,ue72,-71.628,68.027,52.578,true
166.000,ue72,-71.675,69.260,52.576,true
167.000,ue72,-71.720,70.416,52.577,true
168.000,ue72,-71.765,71.610,52.581,true
169.000,ue72,-71.819,73.010,52.587,true
170.000,ue72,-71.866,74.237,52.585,true
171.000,ue72,-71.917,75.588,52.577,true
172.000,ue72,-71.967,76.892,52.582,true
173.000,ue72,-72.011,78.034,52.587,true
174.000,ue72,-72.054,79.176,52.591,true
175.000,ue72,-72.083,80.399,52.595,true
176.000,ue72,-72.042,81.665,52.614,true
177.000,ue72,-72.000,82.956,52.614,true
178.000,ue72,-71.961,84.138,52.614,true
179.000,ue72,-71.924,85.284,52.617,true
150.000,ue73,-315.115,411.350,23.186,true
151.000,ue73,-314.237,412.233,23.186,true
152.000,ue73,-313.382,413.094,23.186,true
153.000,ue73,-312.603,413.877,23.186,true
154.000,ue73,-311.826,414.660,23.186,true
155.000,ue73,-310.992,415.498,23.186,true
156.000,ue73,-310.184,416.311,23.186,true
157.000,ue73,-309.408,417.092,23.186,true
158.000,ue73,-308.554,417.952,23.186,true
159.000,ue73,-307.729,418.781,23.186,true
160.000,ue73,-306.905,419.610,23.186,true
161.000,ue73,-306.126,420.395,23.186,true
162.000,ue73,-305.346,421.179,23.186,true
163.000,ue73,-304.587,421.943,23.186,true
164.000,ue73,-303.674,422.862,23.186,true
165.000,ue73,-302.911,423.630,23.186,true
166.000,ue73,-302.109,424.436,23.186,true
167.000,ue73,-301.221,425.330,23.186,true
168.000,ue73,-300.452,426.104,23.186,true
169.000,ue73,-299.530,427.032,23.186,true
170.000,ue73,-298.645,427.922,23.181,true
171.000,ue73,-297.797,428.775,23.160,true
172.000,ue73,-297.015,429.562,23.113,true
173.000,ue73,-296.235,430.347,23.243,true
174.000,ue73,-295.435,431.152,23.282,true
175.000,ue73,-294.476,431.589,23.317,true
176.000,ue73,-293.302,431.584,23.353,true
177.000,ue73,-292.203,431.579,23.387,true
178.000,ue73,-291.088,431.575,23.423,true
179.000,ue73,-290.037,431.570,23.502,true
150.000,ue74,-71.736,33.879,52.490,true
151.000,ue74,-71.691,35.080,52.577,true
152.000,ue74,-71.647,36.250,52.581,true
153.000,ue74,-71.603,37.430,52.581,true
154.000,ue74,-71.555,38.702,52.580,true
155.000,ue74,-71.509,39.917,52.580,true
156.000,ue74,-71.464,41.119,52.580,true
157.000,ue74,-71.418,42.327,52.579,true
158.000,ue74,-71.376,43.439,52.579,true
159.000,ue74,-71.325,44.799,52.577,true
160.000,ue74,-71.281,45.968,52.576,true
161.000,ue74,-71.238,47.110,52.575,true
162.000,ue74,-71.189,48.404,52.574,true
163.000,ue74,-71.147,49.532,52.574,true
164.000,ue74,-71.098,50.846,52.574,true
165.000,ue74,-71.070,52.072,52.573,true
166.000,ue74,-71.114,53.237,52.571,true
167.000,ue74,-71.158,54.393,52.569,true
168.000,ue74,-71.208,55.697,52.568,true
169.000,ue74,-71.258,56.993,52.569,true
170.000,ue74,-71.301,58.129,52.570,true
171.000,ue74,-71.351,59.421,52.571,true
172.000,ue74,-71.393,60.540,52.572,true
173.000,ue74,-71.436,61.657,52.571,true
174.000,ue74,-71.487,62.988,52.568,true
175.000,ue74,-71.533,64.200,52.568,true
176.000,ue74,-71.583,65.491,52.572,true
177.000,ue74,-71.625,66.601,52.576,true
178.000,ue74,-71.677,67.959,52.578,true
179.000,ue74,-71.719,69.061,52.576,true
153.000,ue75,-314.540,411.384,23.186,true
154.000,ue75,-313.679,412.250,23.186,true
155.000,ue75,-312.793,413.142,23.186,true
156.000,ue75,-311.875,414.065,23.186,true
157.000,ue75,-311.064,414.881,23.186,true
158.000,ue75,-310.150,415.801,23.186,true
159.000,ue75,-309.216,416.740,23.186,true
160.000,ue75,-308.217,417.746,23.186,true
161.000,ue75,-307.285,418.683,23.186,true
162.000,ue75,-306.342,419.632,23.186,true
163.000,ue75,-305.529,420.451,23.186,true
164.000,ue75,-304.575,421.410,23.186,true
165.000,ue75,-303.707,422.284,23.186,true
166.000,ue75,-302.833,423.164,23.186,true
167.000,ue75,-301.922,424.080,23.186,true
168.000,ue75,-300.939,425.069,23.186,true
169.000,ue75,-300.093,425.921,23.186,true
170.000,ue75,-299.153,426.866,23.186,true
171.000,ue75,-298.231,427.794,23.184,true
172.000,ue75,-297.391,428.638,23.168,true
173.000,ue75,-296.446,429.590,23.113,true
174.000,ue75,-295.659,430.382,23.243,true
175.000,ue75,-294.723,431.323,23.286,true
176.000,ue75,-293.705,431.622,23.326,true
177.000,ue75,-292.467,431.617,23.360,true
178.000,ue75,-291.349,431.612,23.396,true
179.000,ue75,-290.353,431.608,23.428,true
153.000,ue76,-72.146,34.294,52.490,true
154.000,ue76,-72.097,35.580,52.581,true
155.000,ue76,-72.052,36.790,52.581,true
156.000,ue76,-72.006,38.006,52.581,true
157.000,ue76,-71.956,39.318,52.580,true
158.000,ue76,-71.910,40.559,52.580,true
159.000,ue76,-71.866,41.734,52.580,true
160.000,ue76,-71.822,42.886,52.579,true
161.000,ue76,-71.777,44.092,52.578,true
162.000,ue76,-71.728,45.389,52.577,true
163.000,ue76,-71.682,46.609,52.576,true
164.000,ue76,-71.638,47.767,52.575,true
165.000,ue76,-71.596,48.893,52.574,true
166.000,ue76,-71.550,50.120,52.574,true
167.000,ue76,-71.505,51.301,52.574,true
168.000,ue76,-71.950,52.289,52.565,true
169.000,ue76,-73.077,52.243,52.550,true
170.000,ue76,-74.291,52.193,52.519,true
156.000,ue77,-231.809,493.186,28.622,true
157.000,ue77,-231.814,492.045,28.622,true
158.000,ue77,-231.819,490.875,28.622,true
159.000,ue77,-231.824,489.787,28.622,true
160.000,ue77,-231.829,488.497,28.622,true
161.000,ue77,-231.834,487.398,28.622,true
162.000,ue77,-231.839,486.119,28.733,true
163.000,ue77,-231.845,484.882,28.973,true
164.000,ue77,-231.849,483.806,28.996,true
165.000,ue77,-231.855,482.542,29.000,true
166.000,ue77,-231.860,481.442,29.005,true
167.000,ue77,-231.865,480.227,29.005,true
168.000,ue77,-231.870,479.115,29.005,true
169.000,ue77,-231.875,477.841,29.006,true
170.000,ue77,-231.880,476.734,29.005,true
171.000,ue77,-231.885,475.461,29.006,true
172.000,ue77,-231.891,474.183,29.006,true
173.000,ue77,-231.896,473.057,29.006,true
174.000,ue77,-231.900,471.992,29.006,true
175.000,ue77,-231.906,470.744,29.006,true
176.000,ue77,-231.911,469.572,29.006,true
177.000,ue77,-231.916,468.374,29.006,true
178.000,ue77,-231.921,467.237,29.006,true
179.000,ue77,-231.926,466.169,29.006,true
156.000,ue78,-375.007,237.586,26.873,true
157.000,ue78,-373.564,237.579,26.873,true
158.000,ue78,-372.126,237.573,26.873,true
159.000,ue78,-370.733,237.567,26.873,true
160.000,ue78,-369.380,237.561,26.873,true
161.000,ue78,-368.038,237.556,26.873,true
162.000,ue78,-366.650,237.550,26.873,true
163.000,ue78,-365.258,237.544,26.873,true
164.000,ue78,-363.973,237.538,26.873,true
165.000,ue78,-362.738,237.533,26.873,true
166.000,ue78,-361.447,237.527,26.873,true
167.000,ue78,-360.156,237.521,26.873,true
168.000,ue78,-358.661,237.515,26.873,true
169.000,ue78,-357.224,237.509,26.873,true
170.000,ue78,-355.895,237.742,26.873,true
171.000,ue78,-354.872,238.775,26.884,true
172.000,ue78,-353.929,239.725,27.010,true
173.000,ue78,-353.014,240.648,27.009,true
174.000,ue78,-352.171,241.498,27.009,true
175.000,ue78,-351.194,242.483,27.009,true
176.000,ue78,-350.276,243.409,27.009,true
177.000,ue78,-349.327,244.367,27.009,true
178.000,ue78,-348.413,245.289,27.009,true
179.000,ue78,-347.500,246.209,27.009,true
159.000,ue79,-232.299,493.410,28.622,true
160.000,ue79,-232.306,491.904,28.622,true
161.000,ue79,-232.312,490.548,28.622,true
162.000,ue79,-232.317,489.281,28.622,true
163.000,ue79,-232.323,487.992,28.622,true
164.000,ue79,-232.329,486.604,28.682,true
165.000,ue79,-232.334,485.309,28.934,true
166.000,ue79,-232.340,483.922,28.996,true
167.000,ue79,-232.346,482.524,29.001,true
168.000,ue79,-232.353,481.036,29.005,true
169.000,ue79,-232.359,479.667,29.005,true
170.000,ue79,-232.364,478.355,29.006,true
171.000,ue79,-232.370,477.002,29.005,true
172.000,ue79,-232.376,475.581,29.006,true
173.000,ue79,-232.382,474.156,29.006,true
174.000,ue79,-232.387,473.177,29.006,true
175.000,ue79,-232.392,471.992,29.006,true
176.000,ue79,-232.398,470.572,29.006,true
177.000,ue79,-232.402,469.530,29.006,true
178.000,ue79,-232.407,468.366,29.006,true
179.000,ue79,-232.413,467.168,29.006,true
159.000,ue80,-374.612,238.008,26.873,true
160.000,ue80,-373.442,238.003,26.873,true
161.000,ue80,-372.028,237.997,26.873,true
162.000,ue80,-370.659,237.991,26.873,true
163.000,ue80,-369.387,237.985,26.873,true
164.000,ue80,-367.977,237.979,26.873,true
165.000,ue80,-366.601,237.973,26.873,true
166.000,ue80,-365.445,237.968,26.873,true
167.000,ue80,-364.029,237.962,26.873,true
168.000,ue80,-362.684,237.957,26.873,true
169.000,ue80,-361.403,237.951,26.873,true
170.000,ue80,-360.106,237.945,26.873,true
171.000,ue80,-358.810,237.940,26.873,true
172.000,ue80,-357.415,237.934,26.873,true
173.000,ue80,-356.142,237.928,26.873,true
174.000,ue80,-355.081,238.588,26.873,true
175.000,ue80,-354.271,239.405,26.885,true
176.000,ue80,-353.392,240.291,27.010,true
177.000,ue80,-352.417,241.275,27.009,true
178.000,ue80,-351.522,242.177,27.009,true
179.000,ue80,-350.670,243.036,27.009,true
162.000,ue81,-215.506,494.784,28.822,true
163.000,ue81,-214.328,494.853,28.821,true
164.000,ue81,-212.927,494.936,28.819,true
165.000,ue81,-211.665,495.011,28.817,true
166.000,ue81,-210.328,495.090,28.815,true
167.000,ue81,-208.962,495.171,28.813,true
168.000,ue81,-207.533,495.255,28.811,true
169.000,ue81,-206.298,495.328,28.811,true
170.000,ue81,-205.071,495.401,28.811,true
171.000,ue81,-203.790,495.477,28.811,true
172.000,ue81,-202.395,495.559,28.811,true
173.000,ue81,-200.966,495.644,28.870,true
174.000,ue81,-199.703,495.718,29.022,true
175.000,ue81,-198.458,495.792,29.171,true
176.000,ue81,-197.147,495.870,29.328,true
177.000,ue81,-195.930,495.893,29.474,true
178.000,ue81,-194.633,495.883,29.630,true
179.000,ue81,-193.282,495.872,29.792,true
162.000,ue82,-379.293,255.091,26.873,true
163.000,ue82,-379.317,256.393,26.873,true
164.000,ue82,-379.344,257.866,26.873,true
165.000,ue82,-379.370,259.230,26.873,true
166.000,ue82,-379.396,260.678,26.873,true
167.000,ue82,-379.420,261.946,26.873,true
168.000,ue82,-379.445,263.344,26.873,true
169.000,ue82,-379.472,264.800,26.873,true
170.000,ue82,-379.500,266.329,26.873,true
171.000,ue82,-379.528,267.851,26.873,true
172.000,ue82,-379.515,269.274,26.873,true
173.000,ue82,-379.488,270.611,26.873,true
174.000,ue82,-379.460,272.014,26.873,true
175.000,ue82,-379.432,273.375,26.873,true
176.000,ue82,-379.405,274.712,26.873,true
177.000,ue82,-379.378,276.086,26.873,true
178.000,ue82,-379.347,277.615,26.873,true
179.000,ue82,-379.316,279.148,26.910,true
165.000,ue83,-215.380,494.796,28.822,true
166.000,ue83,-214.273,494.861,28.821,true
167.000,ue83,-213.079,494.932,28.819,true
168.000,ue83,-211.975,494.997,28.818,true
169.000,ue83,-210.790,495.068,28.816,true
170.000,ue83,-209.585,495.139,28.814,true
171.000,ue83,-208.574,495.199,28.813,true
172.000,ue83,-207.553,495.259,28.811,true
173.000,ue83,-206.552,495.318,28.811,true
174.000,ue83,-205.404,495.386,28.811,true
175.000,ue83,-204.355,495.448,28.811,true
176.000,ue83,-203.260,495.513,28.811,true
177.000,ue83,-202.062,495.584,28.811,true
178.000,ue83,-200.983,495.648,28.853,true
179.000,ue83,-199.937,495.710,28.979,true
165.000,ue84,-379.256,255.144,26.873,true
166.000,ue84,-379.282,256.549,26.873,true
167.000,ue84,-379.311,258.135,26.873,true
168.000,ue84,-379.336,259.483,26.873,true
169.000,ue84,-379.364,260.984,26.873,true
170.000,ue84,-379.390,262.377,26.873,true
171.000,ue84,-379.415,263.758,26.873,true
172.000,ue84,-379.443,265.303,26.873,true
173.000,ue84,-379.469,266.687,26.873,true
174.000,ue84,-379.494,268.057,26.873,true
175.000,ue84,-378.339,268.271,26.873,true
176.000,ue84,-376.837,268.298,26.873,true
177.000,ue84,-375.287,268.326,26.873,true
178.000,ue84,-373.714,268.355,26.873,true
179.000,ue84,-372.415,268.378,26.873,true
168.000,ue85,-68.989,434.396,44.485,true
169.000,ue85,-70.247,434.402,44.485,true
170.000,ue85,-71.465,434.407,44.485,true
171.000,ue85,-72.914,434.413,44.485,true
172.000,ue85,-74.127,434.418,44.485,true
173.000,ue85,-75.588,434.425,44.485,true
174.000,ue85,-77.004,434.431,44.485,true
175.000,ue85,-77.469,433.285,44.485,true
176.000,ue85,-77.516,432.053,44.485,true
177.000,ue85,-77.567,430.689,44.485,true
178.000,ue85,-77.618,429.353,44.485,true
179.000,ue85,-77.665,428.118,44.485,true
168.000,ue86,-252.288,493.681,28.830,true
169.000,ue86,-252.293,492.446,28.831,true
170.000,ue86,-252.299,491.054,28.832,true
171.000,ue86,-252.305,489.764,28.833,true
172.000,ue86,-252.311,488.423,28.834,true
173.000,ue86,-252.316,487.265,28.836,true
174.000,ue86,-252.321,486.110,28.837,true
175.000,ue86,-252.327,484.770,28.838,true
176.000,ue86,-252.332,483.576,28.838,true
177.000,ue86,-252.338,482.181,28.839,true
178.000,ue86,-252.343,480.912,28.840,true
179.000,ue86,-252.348,479.745,28.842,true
171.000,ue87,-68.871,433.972,44.485,true
172.000,ue87,-70.026,433.977,44.485,true
173.000,ue87,-71.376,433.983,44.485,true
174.000,ue87,-72.594,433.988,44.485,true
175.000,ue87,-73.961,433.994,44.485,true
176.000,ue87,-75.201,433.999,44.485,true
177.000,ue87,-76.402,434.005,44.485,true
178.000,ue87,-77.193,434.269,44.485,true
179.000,ue87,-77.213,435.620,44.485,true
171.000,ue88,-252.042,493.204,28.830,true
172.000,ue88,-252.048,491.991,28.831,true
173.000,ue88,-252.053,490.724,28.832,true
174.000,ue88,-252.058,489.459,28.833,true
175.000,ue88,-252.063,488.312,28.834,true
176.000,ue88,-252.069,487.130,28.835,true
177.000,ue88,-252.074,485.918,28.837,true
178.000,ue88,-252.079,484.808,28.838,true
179.000,ue88,-252.083,483.699,28.838,true
174.000,ue89,-116.789,261.387,33.098,true
175.000,ue89,-118.127,261.393,33.098,true
176.000,ue89,-119.450,261.399,33.098,true
177.000,ue89,-120.878,261.405,33.098,true
178.000,ue89,-122.443,261.412,33.098,true
179.000,ue89,-123.818,261.418,33.098,true
174.000,ue90,-315.159,420.023,23.186,true
175.000,ue90,-314.262,421.039,23.186,true
176.000,ue90,-313.393,422.024,23.186,true
177.000,ue90,-312.482,423.056,23.186,true
178.000,ue90,-311.607,424.047,23.186,true
179.000,ue90,-310.655,425.126,23.186,true
177.000,ue91,-117.109,260.943,33.098,true
178.000,ue91,-118.356,260.948,33.098,true
179.000,ue91,-119.577,260.953,33.098,true
177.000,ue92,-315.229,419.582,23.186,true
178.000,ue92,-314.494,420.415,23.186,true
179.000,ue92,-313.776,421.228,23.186,true
