time_s,cell,tx_power_dbm,ret_tilt_deg,ret_bearing_deg,ttt_ms,hysteresis_db,num_ues,avg_rsrp_dbm,ho_in_count,ho_out_count,pingpong_count,avg_throughput_mbps,prb_utilization_pct,energy_state,tx_power_watts,energy_efficiency_mbps_per_w
0.5,gNB_5G,43,15,10,256,3,0,nan,0,0,0,0,0,ON,223.777,0
0.5,gNB_4G_1,43,15,0,256,3,0,nan,0,0,0,0,0,ON,223.777,0
0.5,gNB_4G_2,43,15,0,256,3,0,nan,0,0,0,0,0,ON,223.777,0
1.5,gNB_5G,43,15,10,256,3,0,nan,0,0,0,0,0,ON,223.777,0
1.5,gNB_4G_1,43,15,0,256,3,0,nan,0,0,0,0,0,ON,223.777,0
1.5,gNB_4G_2,43,15,0,256,3,1,-69,0,0,0,0.114688,0.941667,ON,223.777,0.000512509
2.5,gNB_5G,43,15,10,256,3,0,nan,0,0,0,0,0,ON,223.777,0
2.5,gNB_4G_1,43,15,0,256,3,0,nan,0,0,0,0,0,ON,223.777,0
2.5,gNB_4G_2,43,15,0,256,3,1,-68,0,0,0,0.270336,0.825,ON,223.777,0.00120806
3.5,gNB_5G,43,15,10,256,3,0,nan,0,0,0,0,0,ON,223.777,0
3.5,gNB_4G_1,43,15,0,256,3,1,-44,0,0,0,0.04096,0.725,ON,223.777,0.000183039
3.5,gNB_4G_2,43,15,0,256,3,1,-67,0,0,0,0.278528,0.875,ON,223.777,0.00124467
4.5,gNB_5G,43,15,10,256,3,0,nan,0,0,0,0,0,ON,223.777,0
4.5,gNB_4G_1,43,15,0,256,3,3,-45.3333,0,0,0,0.212992,3.54167,ON,223.777,0.00285541
4.5,gNB_4G_2,43,15,0,256,3,2,-67.5,0,0,0,0.299008,3.03333,ON,223.777,0.00267237
5.5,gNB_5G,43,15,10,256,3,0,nan,0,0,0,0,0,ON,223.777,0
5.5,gNB_4G_1,43,15,0,256,3,3,-46,0,0,0,0.4096,5.16667,ON,223.777,0.00549117
5.5,gNB_4G_2,43,15,0,256,3,2,-66.5,0,0,0,0.475136,4.09167,ON,223.777,0.00424651
6.5,gNB_5G,43,15,10,256,3,0,nan,0,0,0,0,0,ON,223.777,0
6.5,gNB_4G_1,43,15,0,256,3,3,-46.3333,0,0,0,0.412331,5.25833,ON,223.777,0.00552778
6.5,gNB_4G_2,43,15,0,256,3,2,-66,0,0,0,0.479232,4.16667,ON,223.777,0.00428311
7.5,gNB_5G,43,15,10,256,3,0,nan,0,0,0,0,0,ON,223.777,0
7.5,gNB_4G_1,43,15,0,256,3,4,-49.25,0,0,0,0.34816,6.025,ON,223.777,0.00622333
7.5,gNB_4G_2,43,15,0,256,3,2,-66,0,0,0,0.479232,3.98333,ON,223.777,0.00428311
8.5,gNB_5G,43,15,10,256,3,0,nan,0,0,0,0,0,ON,223.777,0
8.5,gNB_4G_1,43,15,0,256,3,4,-50.25,0,0,0,0.405504,5.95,ON,223.777,0.00724835
8.5,gNB_4G_2,43,15,0,256,3,2,-65.5,0,0,0,0.475136,3.65833,ON,223.777,0.00424651
9.5,gNB_5G,43,15,10,256,3,0,nan,0,0,0,0,0,ON,223.777,0
9.5,gNB_4G_1,43,15,0,256,3,4,-49.75,0,0,0,0.405504,5.51667,ON,223.777,0.00724835
9.5,gNB_4G_2,43,15,0,256,3,2,-64.5,0,0,0,0.483328,3.65,ON,223.777,0.00431972
10.5,gNB_5G,43,15,10,256,3,0,nan,0,0,0,0,0,ON,223.777,0
10.5,gNB_4G_1,43,15,0,256,3,4,-50,0,0,0,0.405504,5.025,ON,223.777,0.00724835
10.5,gNB_4G_2,43,15,0,256,3,2,-63,0,0,0,0.475136,3.65833,ON,223.777,0.00424651
11.5,gNB_5G,43,15,10,256,3,0,nan,0,0,0,0,0,ON,223.777,0
11.5,gNB_4G_1,43,15,0,256,3,4,-49,0,0,0,0.405504,5.025,ON,223.777,0.00724835
11.5,gNB_4G_2,43,15,0,256,3,2,-61.5,0,0,0,0.475136,3.275,ON,223.777,0.00424651
12.5,gNB_5G,43,15,10,256,3,0,nan,0,0,0,0,0,ON,223.777,0
12.5,gNB_4G_1,43,15,0,256,3,5,-46.8,0,0,0,0.33751,5.775,ON,223.777,0.00754121
12.5,gNB_4G_2,43,15,0,256,3,2,-59.5,0,0,0,0.483328,3.1,ON,223.777,0.00431972
13.5,gNB_5G,43,15,10,256,3,0,nan,0,0,0,0,0,ON,223.777,0
13.5,gNB_4G_1,43,15,0,256,3,5,-47.8,0,0,0,0.35881,5.675,ON,223.777,0.00801711
13.5,gNB_4G_2,43,15,0,256,3,2,-58.5,0,0,0,0.475136,3.05,ON,223.777,0.00424651
14.5,gNB_5G,43,15,10,256,3,0,nan,0,0,0,0,0,ON,223.777,0
14.5,gNB_4G_1,43,15,0,256,3,5,-47.6,0,0,0,0.353894,5.65,ON,223.777,0.00790729
14.5,gNB_4G_2,43,15,0,256,3,2,-56.5,0,0,0,0.475136,2.9,ON,223.777,0.00424651
15.5,gNB_5G,43,15,10,256,3,0,nan,0,0,0,0,0,ON,223.777,0
15.5,gNB_4G_1,43,15,0,256,3,6,-48,0,0,0,0.32768,6.8,ON,223.777,0.00878588
15.5,gNB_4G_2,43,15,0,256,3,2,-55,0,0,0,0.483328,2.95,ON,223.777,0.00431972
16.5,gNB_5G,43,15,10,256,3,0,nan,0,0,0,0,0,ON,223.777,0
16.5,gNB_4G_1,43,15,0,256,3,6,-48,0,0,0,0.364544,6.925,ON,223.777,0.00977429
16.5,gNB_4G_2,43,15,0,256,3,2,-56,0,0,0,0.475136,2.9,ON,223.777,0.00424651
17.5,gNB_5G,43,15,10,256,3,0,nan,0,0,0,0,0,ON,223.777,0
17.5,gNB_4G_1,43,15,0,256,3,6,-46.6667,0,0,0,0.364544,6.75,ON,223.777,0.00977429
17.5,gNB_4G_2,43,15,0,256,3,2,-55.5,0,0,0,0.475136,2.95,ON,223.777,0.00424651
18.5,gNB_5G,43,15,10,256,3,0,nan,0,0,0,0,0,ON,223.777,0
18.5,gNB_4G_1,43,15,0,256,3,6,-48.1667,0,0,0,0.365909,7.18333,ON,223.777,0.0098109
18.5,gNB_4G_2,43,15,0,256,3,2,-58,0,0,0,0.483328,3,ON,223.777,0.00431972
19.5,gNB_5G,43,15,10,256,3,0,nan,0,0,0,0,0,ON,223.777,0
19.5,gNB_4G_1,43,15,0,256,3,6,-47.3333,0,0,0,0.365909,7.66667,ON,223.777,0.0098109
19.5,gNB_4G_2,43,15,0,256,3,2,-59,0,0,0,0.475136,2.9,ON,223.777,0.00424651
20.5,gNB_5G,43,15,10,256,3,0,nan,0,0,0,0,0,ON,223.777,0
20.5,gNB_4G_1,43,15,0,256,3,6,-46.1667,0,0,0,0.363179,7.15,ON,223.777,0.00973768
20.5,gNB_4G_2,43,15,0,256,3,2,-57.5,0,0,0,0.475136,2.9,ON,223.777,0.00424651
21.5,gNB_5G,43,15,10,256,3,1,0,0,0,0,0,0,ON,223.777,0
21.5,gNB_4G_1,43,15,0,256,3,6,-44.5,0,0,0,0.365909,7.025,ON,223.777,0.0098109
21.5,gNB_4G_2,43,15,0,256,3,2,-57,0,0,0,0.483328,2.95,ON,223.777,0.00431972
22.5,gNB_5G,43,15,10,256,3,1,0,0,0,0,0,0,ON,223.777,0
22.5,gNB_4G_1,43,15,0,256,3,6,-45.5,0,0,0,0.364544,7.275,ON,223.777,0.00977429
22.5,gNB_4G_2,43,15,0,256,3,3,-61.3333,0,0,0,0.371371,4.20833,ON,223.777,0.00497866
23.5,gNB_5G,43,15,10,256,3,1,0,0,0,0,0,0,ON,223.777,0
23.5,gNB_4G_1,43,15,0,256,3,6,-43.6667,0,0,0,0.365909,7.175,ON,223.777,0.0098109
23.5,gNB_4G_2,43,15,0,256,3,3,-59,0,0,0,0.431445,4.325,ON,223.777,0.00578404
24.5,gNB_5G,43,15,10,256,3,1,0,0,0,0,0,0,ON,223.777,0
24.5,gNB_4G_1,43,15,0,256,3,6,-42.1667,0,0,0,0.365909,6.98333,ON,223.777,0.0098109
24.5,gNB_4G_2,43,15,0,256,3,3,-59,0,0,0,0.436907,4.39167,ON,223.777,0.00585725
25.5,gNB_5G,43,15,10,256,3,1,0,0,0,0,0,0,ON,223.777,0
25.5,gNB_4G_1,43,15,0,256,3,7,-42.5714,0,0,0,0.347575,8.15,ON,223.777,0.0108725
25.5,gNB_4G_2,43,15,0,256,3,3,-59.3333,0,0,0,0.428715,4.40833,ON,223.777,0.00574743
26.5,gNB_5G,43,15,10,256,3,1,0,0,0,0,0,0,ON,223.777,0
26.5,gNB_4G_1,43,15,0,256,3,7,-42.4286,0,0,0,0.397897,8.75,ON,223.777,0.0124467
26.5,gNB_4G_2,43,15,0,256,3,3,-59.6667,0,0,0,0.431445,4.35833,ON,223.777,0.00578404
27.5,gNB_5G,43,15,10,256,3,1,0,0,0,0,0,0,ON,223.777,0
27.5,gNB_4G_1,43,15,0,256,3,7,-41.8571,0,0,0,0.395557,8.925,ON,223.777,0.0123734
27.5,gNB_4G_2,43,15,0,256,3,3,-58.3333,0,0,0,0.434176,4.38333,ON,223.777,0.00582064
28.5,gNB_5G,43,15,10,256,3,1,0,0,0,0,0,0,ON,223.777,0
28.5,gNB_4G_1,43,15,0,256,3,7,-41.1429,0,0,0,0.396727,8.88333,ON,223.777,0.0124101
28.5,gNB_4G_2,43,15,0,256,3,3,-58.6667,0,0,0,0.431445,4.36667,ON,223.777,0.00578404
29.5,gNB_5G,43,15,10,256,3,1,0,0,0,0,0,0,ON,223.777,0
29.5,gNB_4G_1,43,15,0,256,3,7,-41.1429,0,0,0,0.397897,8.525,ON,223.777,0.0124467
29.5,gNB_4G_2,43,15,0,256,3,3,-57.3333,0,0,0,0.431445,4.175,ON,223.777,0.00578404
30.5,gNB_5G,43,15,10,256,3,1,0,0,0,0,0,0,ON,223.777,0
30.5,gNB_4G_1,43,15,0,256,3,7,-40.5714,0,0,0,0.395557,8.45,ON,223.777,0.0123734
30.5,gNB_4G_2,43,15,0,256,3,3,-56.6667,0,0,0,0.436907,4,ON,223.777,0.00585725
31.5,gNB_5G,43,15,10,256,3,1,0,0,0,0,0,0,ON,223.777,0
31.5,gNB_4G_1,43,15,0,256,3,7,-42.2857,0,0,0,0.397897,8.5,ON,223.777,0.0124467
31.5,gNB_4G_2,43,15,0,256,3,3,-55,0,0,0,0.428715,3.925,ON,223.777,0.00574743
32.5,gNB_5G,43,15,10,256,3,1,0,0,0,0,0,0,ON,223.777,0
32.5,gNB_4G_1,43,15,0,256,3,9,-42.6667,0,0,0,0.385024,11.4667,ON,223.777,0.0154851
32.5,gNB_4G_2,43,15,0,256,3,3,-55,0,0,0,0.431445,3.95,ON,223.777,0.00578404
33.5,gNB_5G,43,15,10,256,3,1,0,0,0,0,0,0,ON,223.777,0
33.5,gNB_4G_1,43,15,0,256,3,9,-42.6667,0,0,0,0.467854,12.85,ON,223.777,0.0188164
33.5,gNB_4G_2,43,15,0,256,3,3,-53.6667,0,0,0,0.436907,4,ON,223.777,0.00585725
34.5,gNB_5G,43,15,10,256,3,1,0,0,0,0,0,0,ON,223.777,0
34.5,gNB_4G_1,43,15,0,256,3,10,-45.1,0,0,0,0.43991,13.9417,ON,223.777,0.0196584
34.5,gNB_4G_2,43,15,0,256,3,3,-53.3333,0,0,0,0.428715,3.925,ON,223.777,0.00574743
35.5,gNB_5G,43,15,10,256,3,1,0,0,0,0,0,0,ON,223.777,0
35.5,gNB_4G_1,43,15,0,256,3,11,-43.7273,0,0,0,0.435665,15.5333,ON,223.777,0.0214156
35.5,gNB_4G_2,43,15,0,256,3,3,-53.6667,0,0,0,0.431445,3.95,ON,223.777,0.00578404
36.5,gNB_5G,43,15,10,256,3,1,0,0,0,0,0,0,ON,223.777,0
36.5,gNB_4G_1,43,15,0,256,3,12,-45.1667,0,0,0,0.458069,18.6833,ON,223.777,0.0245638
36.5,gNB_4G_2,43,15,0,256,3,3,-55,0,0,0,0.436907,4,ON,223.777,0.00585725
37.5,gNB_5G,43,15,10,256,3,1,0,0,0,0,0,0,ON,223.777,0
37.5,gNB_4G_1,43,15,0,256,3,12,-45.75,0,0,0,0.494251,19.5583,ON,223.777,0.0265041
37.5,gNB_4G_2,43,15,0,256,3,3,-56,0,0,0,0.428715,3.925,ON,223.777,0.00574743
38.5,gNB_5G,43,15,10,256,3,1,0,0,0,0,0,0,ON,223.777,0
38.5,gNB_4G_1,43,15,0,256,3,13,-43.8462,0,0,0,0.486479,20.7167,ON,223.777,0.0282612
38.5,gNB_4G_2,43,15,0,256,3,3,-54,0,0,0,0.431445,3.95,ON,223.777,0.00578404
39.5,gNB_5G,43,15,10,256,3,1,0,0,0,0,0,0,ON,223.777,0
39.5,gNB_4G_1,43,15,0,256,3,13,-45.1538,0,0,0,0.519247,22.1,ON,223.777,0.0301648
39.5,gNB_4G_2,43,15,0,256,3,3,-55.6667,0,0,0,0.436907,4,ON,223.777,0.00585725
40.5,gNB_5G,43,15,10,256,3,1,0,0,0,0,0,0,ON,223.777,0
40.5,gNB_4G_1,43,15,0,256,3,13,-44.4615,0,0,0,0.519247,21.6917,ON,223.777,0.0301648
40.5,gNB_4G_2,43,15,0,256,3,3,-55.6667,0,0,0,0.428715,3.925,ON,223.777,0.00574743
41.5,gNB_5G,43,15,10,256,3,1,0,0,0,0,0,0,ON,223.777,0
41.5,gNB_4G_1,43,15,0,256,3,13,-44.7692,0,0,0,0.519877,21.1583,ON,223.777,0.0302015
41.5,gNB_4G_2,43,15,0,256,3,3,-57,0,0,0,0.431445,3.975,ON,223.777,0.00578404
42.5,gNB_5G,43,15,10,256,3,2,0,0,0,0,0,0,ON,223.777,0
42.5,gNB_4G_1,43,15,0,256,3,13,-44.8462,0,0,0,0.518617,21.1833,ON,223.777,0.0301282
42.5,gNB_4G_2,43,15,0,256,3,3,-57,0,0,0,0.436907,4.05,ON,223.777,0.00585725
43.5,gNB_5G,43,15,10,256,3,2,0,0,0,0,0,0,ON,223.777,0
43.5,gNB_4G_1,43,15,0,256,3,13,-44.7692,0,0,0,0.519877,21.7083,ON,223.777,0.0302015
43.5,gNB_4G_2,43,15,0,256,3,3,-55.6667,0,0,0,0.428715,3.925,ON,223.777,0.00574743
44.5,gNB_5G,43,15,10,256,3,2,0,0,0,0,0,0,ON,223.777,0
44.5,gNB_4G_1,43,15,0,256,3,12,-45.75,0,1,0,0.555008,21.6083,ON,223.777,0.0297622
44.5,gNB_4G_2,43,15,0,256,3,4,-52.5,1,0,0,0.34816,4.65,ON,223.777,0.00622333
45.5,gNB_5G,43,15,10,256,3,2,0,0,0,0,0,0,ON,223.777,0
45.5,gNB_4G_1,43,15,0,256,3,12,-45.1667,0,1,0,0.554325,21.1,ON,223.777,0.0297255
45.5,gNB_4G_2,43,15,0,256,3,4,-53.25,1,0,0,0.350208,4.69167,ON,223.777,0.00625994
46.5,gNB_5G,43,15,10,256,3,2,0,0,0,0,0,0,ON,223.777,0
46.5,gNB_4G_1,43,15,0,256,3,12,-45,0,1,0,0.554325,21.725,ON,223.777,0.0297255
46.5,gNB_4G_2,43,15,0,256,3,4,-53.5,1,0,0,0.346112,4.475,ON,223.777,0.00618672
47.5,gNB_5G,43,15,10,256,3,2,0,0,0,0,0,0,ON,223.777,0
47.5,gNB_4G_1,43,15,0,256,3,12,-46.75,0,1,0,0.555008,21.25,ON,223.777,0.0297622
47.5,gNB_4G_2,43,15,0,256,3,4,-51.25,1,0,0,0.34816,4.41667,ON,223.777,0.00622333
48.5,gNB_5G,43,15,10,256,3,2,0,0,0,0,0,0,ON,223.777,0
48.5,gNB_4G_1,43,15,0,256,3,13,-46.2308,0,1,0,0.53437,22.3083,ON,223.777,0.0310434
48.5,gNB_4G_2,43,15,0,256,3,4,-51.5,1,0,0,0.352256,4.625,ON,223.777,0.00629654
49.5,gNB_5G,43,15,10,256,3,3,0,0,0,0,0,0,ON,223.777,0
49.5,gNB_4G_1,43,15,0,256,3,13,-47.1538,0,1,0,0.560207,23.4417,ON,223.777,0.0325444
49.5,gNB_4G_2,43,15,0,256,3,4,-50,1,0,0,0.346112,4.45,ON,223.777,0.00618672
50.5,gNB_5G,43,15,10,256,3,3,0,0,0,0,0,0,ON,223.777,0
50.5,gNB_4G_1,43,15,0,256,3,13,-44.6923,0,1,0,0.561467,23.1833,ON,223.777,0.0326176
50.5,gNB_4G_2,43,15,0,256,3,4,-50.25,1,0,0,0.346112,4.41667,ON,223.777,0.00618672
51.5,gNB_5G,43,15,10,256,3,3,0,0,0,0,0,0,ON,223.777,0
51.5,gNB_4G_1,43,15,0,256,3,12,-46.4167,0,2,0,0.579584,22.575,ON,223.777,0.03108
51.5,gNB_4G_2,43,15,0,256,3,5,-49.4,2,0,0,0.344064,5.79167,ON,223.777,0.00768764
52.5,gNB_5G,43,15,10,256,3,3,0,0,0,0,0,0,ON,223.777,0
52.5,gNB_4G_1,43,15,0,256,3,12,-45.0833,0,2,0,0.581632,21.9833,ON,223.777,0.0311899
52.5,gNB_4G_2,43,15,0,256,3,5,-49.2,2,0,0,0.340787,5.73333,ON,223.777,0.00761443
53.5,gNB_5G,43,15,10,256,3,3,0,0,0,0,0,0,ON,223.777,0
53.5,gNB_4G_1,43,15,0,256,3,12,-45.1667,0,2,0,0.580267,21.6,ON,223.777,0.0311166
53.5,gNB_4G_2,43,15,0,256,3,5,-50,2,0,0,0.340787,6.00833,ON,223.777,0.00761443
54.5,gNB_5G,43,15,10,256,3,3,0,0,0,0,0,0,ON,223.777,0
54.5,gNB_4G_1,43,15,0,256,3,12,-43.9167,0,2,0,0.580949,21.7333,ON,223.777,0.0311533
54.5,gNB_4G_2,43,15,0,256,3,5,-50.2,2,0,0,0.344064,6.08333,ON,223.777,0.00768764
55.5,gNB_5G,43,15,10,256,3,3,0,0,0,0,0,0,ON,223.777,0
55.5,gNB_4G_1,43,15,0,256,3,13,-43.3077,0,2,0,0.555796,22.8333,ON,223.777,0.0322881
55.5,gNB_4G_2,43,15,0,256,3,5,-48,2,0,0,0.339149,5.94167,ON,223.777,0.00757782
56.5,gNB_5G,43,15,10,256,3,3,0,0,0,0,0,0,ON,223.777,0
56.5,gNB_4G_1,43,15,0,256,3,12,-43.3333,0,3,0,0.560469,23.9833,ON,223.777,0.030055
56.5,gNB_4G_2,43,15,0,256,3,7,-51,3,0,0,0.416622,12.225,ON,223.777,0.0130324
57.5,gNB_5G,43,15,10,256,3,3,0,0,0,0,0,0,ON,223.777,0
57.5,gNB_4G_1,43,15,0,256,3,12,-43.0833,0,3,0,0.5632,22.4,ON,223.777,0.0302015
57.5,gNB_4G_2,43,15,0,256,3,7,-51,3,0,0,0.479817,16.9833,ON,223.777,0.0150092
58.5,gNB_5G,43,15,10,256,3,3,0,0,0,0,0,0,ON,223.777,0
58.5,gNB_4G_1,43,15,0,256,3,11,-44.1818,0,4,0,0.597271,21.475,ON,223.777,0.0293595
58.5,gNB_4G_2,43,15,0,256,3,8,-50.125,4,0,0,0.433152,15.1917,ON,223.777,0.0154851
59.5,gNB_5G,43,15,10,256,3,3,0,0,0,0,0,0,ON,223.777,0
59.5,gNB_4G_1,43,15,0,256,3,11,-44.0909,0,4,0,0.598761,21.0333,ON,223.777,0.0294327
59.5,gNB_4G_2,43,15,0,256,3,8,-48.375,4,0,0,0.439296,13.4417,ON,223.777,0.0157048
60.5,gNB_5G,43,15,10,256,3,3,0,0,0,0,0,0,ON,223.777,0
60.5,gNB_4G_1,43,15,0,256,3,11,-42.3636,0,4,0,0.595782,22.3083,ON,223.777,0.0292863
60.5,gNB_4G_2,43,15,0,256,3,8,-49.375,4,0,0,0.439296,15.65,ON,223.777,0.0157048
61.5,gNB_5G,43,15,10,256,3,3,0,0,0,0,0,0,ON,223.777,0
61.5,gNB_4G_1,43,15,0,256,3,10,-42.9,0,5,0,0.616038,24.525,ON,223.777,0.0275291
61.5,gNB_4G_2,43,15,0,256,3,9,-48.5556,5,0,0,0.426894,16.25,ON,223.777,0.0171691
62.5,gNB_5G,43,15,10,256,3,3,0,0,0,0,0,0,ON,223.777,0
62.5,gNB_4G_1,43,15,0,256,3,10,-43.5,0,5,0,0.616858,19.7417,ON,223.777,0.0275657
62.5,gNB_4G_2,43,15,0,256,3,9,-47.8889,5,0,0,0.434176,18.3167,ON,223.777,0.0174619
63.5,gNB_5G,43,15,10,256,3,3,0,0,0,0,0,0,ON,223.777,0
63.5,gNB_4G_1,43,15,0,256,3,11,-42.7273,0,5,0,0.565993,20.7583,ON,223.777,0.0278219
63.5,gNB_4G_2,43,15,0,256,3,9,-46.5556,5,0,0,0.436907,16.7167,ON,223.777,0.0175718
64.5,gNB_5G,43,15,10,256,3,3,0,0,0,0,0,0,ON,223.777,0
64.5,gNB_4G_1,43,15,0,256,3,11,-42.5455,0,5,0,0.571951,20.4667,ON,223.777,0.0281148
64.5,gNB_4G_2,43,15,0,256,3,9,-46.3333,5,0,0,0.434176,16.9917,ON,223.777,0.0174619
65.5,gNB_5G,43,15,10,256,3,3,0,0,0,0,0,0,ON,223.777,0
65.5,gNB_4G_1,43,15,0,256,3,12,-42.8333,0,5,0,0.533163,21.375,ON,223.777,0.0285907
65.5,gNB_4G_2,43,15,0,256,3,9,-46.8889,5,0,0,0.432356,18.8583,ON,223.777,0.0173887
66.5,gNB_5G,43,15,10,256,3,3,0,0,0,0,0,0,ON,223.777,0
66.5,gNB_4G_1,43,15,0,256,3,12,-44,0,5,0,0.545451,21.5417,ON,223.777,0.0292496
66.5,gNB_4G_2,43,15,0,256,3,9,-45.4444,5,0,0,0.431445,19.2833,ON,223.777,0.0173521
67.5,gNB_5G,43,15,10,256,3,3,0,0,0,0,0,0,ON,223.777,0
67.5,gNB_4G_1,43,15,0,256,3,12,-42.9167,0,5,0,0.54272,21.225,ON,223.777,0.0291032
67.5,gNB_4G_2,43,15,0,256,3,9,-46,5,0,0,0.434176,17.2,ON,223.777,0.0174619
68.5,gNB_5G,43,15,10,256,3,3,0,0,0,0,0,0,ON,223.777,0
68.5,gNB_4G_1,43,15,0,256,3,12,-43.25,0,5,0,0.545451,20.875,ON,223.777,0.0292496
68.5,gNB_4G_2,43,15,0,256,3,9,-46.7778,5,0,0,0.434176,17.2917,ON,223.777,0.0174619
69.5,gNB_5G,43,15,10,256,3,3,0,0,0,0,0,0,ON,223.777,0
69.5,gNB_4G_1,43,15,0,256,3,12,-41.8333,0,5,0,0.54272,20.8583,ON,223.777,0.0291032
69.5,gNB_4G_2,43,15,0,256,3,9,-46.4444,5,0,0,0.437817,17.0167,ON,223.777,0.0176084
70.5,gNB_5G,43,15,10,256,3,3,0,0,0,0,0,0,ON,223.777,0
70.5,gNB_4G_1,43,15,0,256,3,12,-42.6667,0,5,0,0.543403,21.0583,ON,223.777,0.0291398
70.5,gNB_4G_2,43,15,0,256,3,9,-46.2222,5,0,0,0.433266,15.9583,ON,223.777,0.0174253
71.5,gNB_5G,43,15,10,256,3,3,0,0,0,0,0,0,ON,223.777,0
71.5,gNB_4G_1,43,15,0,256,3,12,-42.25,0,5,0,0.546133,21.425,ON,223.777,0.0292863
71.5,gNB_4G_2,43,15,0,256,3,9,-45.7778,5,0,0,0.435086,16.4,ON,223.777,0.0174985
72.5,gNB_5G,43,15,10,256,3,3,0,0,0,0,0,0,ON,223.777,0
72.5,gNB_4G_1,43,15,0,256,3,12,-42.1667,0,5,0,0.54272,22.1833,ON,223.777,0.0291032
72.5,gNB_4G_2,43,15,0,256,3,9,-47.4444,5,0,0,0.436907,15.9,ON,223.777,0.0175718
73.5,gNB_5G,43,15,10,256,3,3,0,0,0,0,0,0,ON,223.777,0
73.5,gNB_4G_1,43,15,0,256,3,12,-46.1667,0,5,0,0.533163,22.2917,ON,223.777,0.0285907
73.5,gNB_4G_2,43,15,0,256,3,9,-44.7778,5,0,0,0.433266,15.025,ON,223.777,0.0174253
74.5,gNB_5G,43,15,10,256,3,3,0,0,0,0,0,0,ON,223.777,0
74.5,gNB_4G_1,43,15,0,256,3,12,-47.9167,0,5,0,0.526336,23.1917,ON,223.777,0.0282246
74.5,gNB_4G_2,43,15,0,256,3,9,-45.1111,5,0,0,0.435996,13.3667,ON,223.777,0.0175351
75.5,gNB_5G,43,15,10,256,3,4,0,0,0,0,0,0,ON,223.777,0
75.5,gNB_4G_1,43,15,0,256,3,12,-48.0833,0,5,0,0.526336,21.85,ON,223.777,0.0282246
75.5,gNB_4G_2,43,15,0,256,3,9,-46.2222,5,0,0,0.435996,13.5333,ON,223.777,0.0175351
76.5,gNB_5G,43,15,10,256,3,4,0,0,0,0,0,0,ON,223.777,0
76.5,gNB_4G_1,43,15,0,256,3,13,-44.2308,0,5,0,0.503493,44.1667,ON,223.777,0.0292496
76.5,gNB_4G_2,43,15,0,256,3,9,-44.8889,5,0,0,0.434176,13.2833,ON,223.777,0.0174619
77.5,gNB_5G,43,15,10,256,3,4,0,0,0,0,0,0,ON,223.777,0
77.5,gNB_4G_1,43,15,0,256,3,13,-47.6154,0,5,0,0.507904,53.275,ON,223.777,0.0295059
77.5,gNB_4G_2,43,15,0,256,3,9,-45.1111,5,0,0,0.435086,12.8083,ON,223.777,0.0174985
78.5,gNB_5G,43,15,10,256,3,5,0,0,0,0,0,0,ON,223.777,0
78.5,gNB_4G_1,43,15,0,256,3,13,-45.6923,0,5,0,0.501602,22.2833,ON,223.777,0.0291398
78.5,gNB_4G_2,43,15,0,256,3,9,-45.8889,5,0,0,0.436907,13.8833,ON,223.777,0.0175718
79.5,gNB_5G,43,15,10,256,3,5,0,0,0,0,0,0,ON,223.777,0
79.5,gNB_4G_1,43,15,0,256,3,13,-43.2308,0,5,0,0.485849,24.7333,ON,223.777,0.0282246
79.5,gNB_4G_2,43,15,0,256,3,9,-46.5556,5,0,0,0.433266,14.9167,ON,223.777,0.0174253
80.5,gNB_5G,43,15,10,256,3,5,0,0,0,0,0,0,ON,223.777,0
80.5,gNB_4G_1,43,15,0,256,3,12,-42.8333,0,6,0,0.487424,26.8333,ON,223.777,0.026138
80.5,gNB_4G_2,43,15,0,256,3,10,-44.7,6,0,0,0.480051,14.1083,ON,223.777,0.0214522
81.5,gNB_5G,43,15,10,256,3,5,0,0,0,0,0,0,ON,223.777,0
81.5,gNB_4G_1,43,15,0,256,3,12,-43,0,6,0,0.486059,18.5333,ON,223.777,0.0260648
81.5,gNB_4G_2,43,15,0,256,3,10,-46.3,6,0,0,0.474317,17.9,ON,223.777,0.0211959
82.5,gNB_5G,43,15,10,256,3,5,0,0,0,0,0,0,ON,223.777,0
82.5,gNB_4G_1,43,15,0,256,3,12,-42.5,0,6,0,0.486059,18.575,ON,223.777,0.0260648
82.5,gNB_4G_2,43,15,0,256,3,10,-44.7,6,0,0,0.473498,17.475,ON,223.777,0.0211593
83.5,gNB_5G,43,15,10,256,3,5,0,0,0,0,0,0,ON,223.777,0
83.5,gNB_4G_1,43,15,0,256,3,13,-44.6154,0,6,0,0.447409,22.7,ON,223.777,0.0259916
83.5,gNB_4G_2,43,15,0,256,3,10,-44.5,6,0,0,0.471859,17.5,ON,223.777,0.0210861
84.5,gNB_5G,43,15,10,256,3,5,0,0,0,0,0,0,ON,223.777,0
84.5,gNB_4G_1,43,15,0,256,3,12,-44.0833,0,7,0,0.426667,29.3417,ON,223.777,0.0228799
84.5,gNB_4G_2,43,15,0,256,3,11,-45.2727,7,0,0,0.495244,21.0333,ON,223.777,0.0243442
85.5,gNB_5G,43,15,10,256,3,5,0,0,0,0,0,0,ON,223.777,0
85.5,gNB_4G_1,43,15,0,256,3,12,-42.4167,0,7,0,0.428715,16.4917,ON,223.777,0.0229897
85.5,gNB_4G_2,43,15,0,256,3,11,-43.9091,7,0,0,0.503436,25.2083,ON,223.777,0.0247469
86.5,gNB_5G,43,15,10,256,3,5,0,0,0,0,0,0,ON,223.777,0
86.5,gNB_4G_1,43,15,0,256,3,12,-43.9167,0,7,0,0.428715,16.325,ON,223.777,0.0229897
86.5,gNB_4G_2,43,15,0,256,3,11,-44.0909,7,0,0,0.504925,22.5,ON,223.777,0.0248201
87.5,gNB_5G,43,15,10,256,3,5,0,0,0,0,0,0,ON,223.777,0
87.5,gNB_4G_1,43,15,0,256,3,13,-45.7692,0,7,0,0.405189,17.425,ON,223.777,0.0235388
87.5,gNB_4G_2,43,15,0,256,3,11,-43.6364,7,0,0,0.507159,23.3333,ON,223.777,0.0249299
88.5,gNB_5G,43,15,10,256,3,5,0,0,0,0,0,0,ON,223.777,0
88.5,gNB_4G_1,43,15,0,256,3,13,-44.6923,0,7,0,0.419052,18.1,ON,223.777,0.0243442
88.5,gNB_4G_2,43,15,0,256,3,11,-44,7,0,0,0.502691,26.125,ON,223.777,0.0247103
89.5,gNB_5G,43,15,10,256,3,5,0,0,0,0,0,0,ON,223.777,0
89.5,gNB_4G_1,43,15,0,256,3,13,-44.2308,0,7,0,0.421573,17.8917,ON,223.777,0.0244906
89.5,gNB_4G_2,43,15,0,256,3,11,-44.4545,7,0,0,0.504925,24.025,ON,223.777,0.0248201
90.5,gNB_5G,43,15,10,256,3,5,0,0,0,0,0,0,ON,223.777,0
90.5,gNB_4G_1,43,15,0,256,3,14,-44.2143,0,7,0,0.409015,19.3083,ON,223.777,0.0255889
90.5,gNB_4G_2,43,15,0,256,3,11,-44.0909,7,0,0,0.506415,24.7083,ON,223.777,0.0248933
91.5,gNB_5G,43,15,10,256,3,5,0,0,0,0,0,0,ON,223.777,0
91.5,gNB_4G_1,43,15,0,256,3,15,-44.4667,0,7,0,0.41943,21.6167,ON,223.777,0.0281148
91.5,gNB_4G_2,43,15,0,256,3,11,-44.8182,7,0,0,0.50418,24.7417,ON,223.777,0.0247835
92.5,gNB_5G,43,15,10,256,3,5,0,0,0,0,0,0,ON,223.777,0
92.5,gNB_4G_1,43,15,0,256,3,15,-44.2,0,7,0,0.438545,25.3167,ON,223.777,0.0293961
92.5,gNB_4G_2,43,15,0,256,3,11,-45.1818,7,0,0,0.504925,23.7417,ON,223.777,0.0248201
93.5,gNB_5G,43,15,10,256,3,5,0,0,0,0,0,0,ON,223.777,0
93.5,gNB_4G_1,43,15,0,256,3,14,-44.6429,0,8,0,0.42891,28.325,ON,223.777,0.0268335
93.5,gNB_4G_2,43,15,0,256,3,13,-46.9231,8,0,0,0.497191,27.7833,ON,223.777,0.0288836
94.5,gNB_5G,43,15,10,256,3,5,0,0,0,0,0,0,ON,223.777,0
94.5,gNB_4G_1,43,15,0,256,3,14,-45.4286,0,8,0,0.43008,19.9417,ON,223.777,0.0269067
94.5,gNB_4G_2,43,15,0,256,3,13,-46.4615,8,0,0,0.535631,31.4167,ON,223.777,0.0311166
95.5,gNB_5G,43,15,10,256,3,6,0,0,0,0,0,0,ON,223.777,0
95.5,gNB_4G_1,43,15,0,256,3,14,-45,0,8,0,0.42891,19.9833,ON,223.777,0.0268335
95.5,gNB_4G_2,43,15,0,256,3,13,-47.6923,8,0,0,0.535631,31.1333,ON,223.777,0.0311166
96.5,gNB_5G,43,15,10,256,3,6,0,0,0,0,0,0,ON,223.777,0
96.5,gNB_4G_1,43,15,0,256,3,15,-46.7333,0,8,0,0.42653,22.1167,ON,223.777,0.0285907
96.5,gNB_4G_2,43,15,0,256,3,13,-47.1538,8,0,0,0.53311,29.3583,ON,223.777,0.0309702
97.5,gNB_5G,43,15,10,256,3,6,0,0,0,0,0,0,ON,223.777,0
97.5,gNB_4G_1,43,15,0,256,3,15,-46.5333,0,8,0,0.455475,22.525,ON,223.777,0.0305309
97.5,gNB_4G_2,43,15,0,256,3,13,-47.6923,8,0,0,0.535001,28.5833,ON,223.777,0.03108
98.5,gNB_5G,43,15,10,256,3,6,0,0,0,0,0,0,ON,223.777,0
98.5,gNB_4G_1,43,15,0,256,3,16,-46.9375,0,8,0,0.436736,22.4333,ON,223.777,0.0312265
98.5,gNB_4G_2,43,15,0,256,3,13,-48.1538,8,0,0,0.535001,27.1,ON,223.777,0.03108
99.5,gNB_5G,43,15,10,256,3,6,0,0,0,0,0,0,ON,223.777,0
99.5,gNB_4G_1,43,15,0,256,3,17,-47.8235,1,8,0,0.428875,26.0833,ON,223.777,0.032581
99.5,gNB_4G_2,43,15,0,256,3,12,-46.4167,8,1,0,0.567979,28.125,ON,223.777,0.0304577
100.5,gNB_5G,43,15,10,256,3,7,0,0,0,0,0,0,ON,223.777,0
100.5,gNB_4G_1,43,15,0,256,3,18,-50.2778,1,8,0,0.418247,29.05,ON,223.777,0.0336426
100.5,gNB_4G_2,43,15,0,256,3,12,-47.0833,8,1,0,0.572075,30.45,ON,223.777,0.0306774
101.5,gNB_5G,43,15,10,256,3,7,0,0,0,0,0,0,ON,223.777,0
101.5,gNB_4G_1,43,15,0,256,3,17,-47.5294,1,9,1,0.45827,26.1667,ON,223.777,0.034814
101.5,gNB_4G_2,43,15,0,256,3,13,-47.2308,9,1,0,0.53248,30.6917,ON,223.777,0.0309336
102.5,gNB_5G,43,15,10,256,3,7,0,0,0,0,0,0,ON,223.777,0
102.5,gNB_4G_1,43,15,0,256,3,17,-48.5882,1,9,1,0.456824,26.4167,ON,223.777,0.0347042
102.5,gNB_4G_2,43,15,0,256,3,13,-47.0769,9,1,0,0.538782,28.1167,ON,223.777,0.0312997
103.5,gNB_5G,43,15,10,256,3,7,0,0,0,0,0,0,ON,223.777,0
103.5,gNB_4G_1,43,15,0,256,3,17,-48.5882,1,9,1,0.456343,26.2083,ON,223.777,0.0346676
103.5,gNB_4G_2,43,15,0,256,3,13,-46,9,1,0,0.535001,25.4417,ON,223.777,0.03108
104.5,gNB_5G,43,15,10,256,3,7,0,0,0,0,0,0,ON,223.777,0
104.5,gNB_4G_1,43,15,0,256,3,17,-49.4118,1,9,1,0.457788,26.9,ON,223.777,0.0347774
104.5,gNB_4G_2,43,15,0,256,3,13,-46.3846,9,1,0,0.53374,26.9167,ON,223.777,0.0310068
105.5,gNB_5G,43,15,10,256,3,7,0,0,0,0,0,0,ON,223.777,0
105.5,gNB_4G_1,43,15,0,256,3,17,-49.1176,1,9,1,0.455861,28.0167,ON,223.777,0.034631
105.5,gNB_4G_2,43,15,0,256,3,13,-48.1538,9,1,0,0.528069,32.25,ON,223.777,0.0306774
106.5,gNB_5G,43,15,10,256,3,7,0,0,0,0,0,0,ON,223.777,0
106.5,gNB_4G_1,43,15,0,256,3,18,-49.2222,2,9,1,0.437362,29.8,ON,223.777,0.0351801
106.5,gNB_4G_2,43,15,0,256,3,12,-49.0833,9,2,1,0.565931,33.5417,ON,223.777,0.0303479
107.5,gNB_5G,43,15,10,256,3,7,0,0,0,0,0,0,ON,223.777,0
107.5,gNB_4G_1,43,15,0,256,3,19,-48.2632,3,9,1,0.430727,29.2167,ON,223.777,0.0365712
107.5,gNB_4G_2,43,15,0,256,3,11,-49.0909,9,3,1,0.594292,30.0167,ON,223.777,0.029213
108.5,gNB_5G,43,15,10,256,3,7,0,0,0,0,0,0,ON,223.777,0
108.5,gNB_4G_1,43,15,0,256,3,19,-47.6842,3,9,1,0.430296,29.4833,ON,223.777,0.0365346
108.5,gNB_4G_2,43,15,0,256,3,11,-50.6364,9,3,1,0.598016,26.25,ON,223.777,0.0293961
109.5,gNB_5G,43,15,10,256,3,7,0,0,0,0,0,0,ON,223.777,0
109.5,gNB_4G_1,43,15,0,256,3,17,-49.0588,3,11,2,0.454897,27.9083,ON,223.777,0.0345578
109.5,gNB_4G_2,43,15,0,256,3,13,-50.1538,11,3,1,0.535631,29.275,ON,223.777,0.0311166
110.5,gNB_5G,43,15,10,256,3,7,0,0,0,0,0,0,ON,223.777,0
110.5,gNB_4G_1,43,15,0,256,3,17,-47.2353,4,12,3,0.456824,28.2417,ON,223.777,0.0347042
110.5,gNB_4G_2,43,15,0,256,3,13,-54.8462,12,4,2,0.535631,30.1917,ON,223.777,0.0311166
111.5,gNB_5G,43,15,10,256,3,7,0,0,0,0,0,0,ON,223.777,0
111.5,gNB_4G_1,43,15,0,256,3,16,-46.9375,4,13,4,0.477184,25.4333,ON,223.777,0.0341185
111.5,gNB_4G_2,43,15,0,256,3,14,-53.0714,13,4,2,0.504978,28.9583,ON,223.777,0.0315925
112.5,gNB_5G,43,15,10,256,3,7,0,0,0,0,0,0,ON,223.777,0
112.5,gNB_4G_1,43,15,0,256,3,15,-45.8,4,14,4,0.493705,26.7333,ON,223.777,0.0330935
112.5,gNB_4G_2,43,15,0,256,3,15,-52.6,14,4,2,0.480051,27.9,ON,223.777,0.0321783
113.5,gNB_5G,43,15,10,256,3,7,0,0,0,0,0,0,ON,223.777,0
113.5,gNB_4G_1,43,15,0,256,3,15,-44.4667,4,14,4,0.493705,25.0667,ON,223.777,0.0330935
113.5,gNB_4G_2,43,15,0,256,3,15,-53,14,4,2,0.485513,27.6917,ON,223.777,0.0325444
114.5,gNB_5G,43,15,10,256,3,7,0,0,0,0,0,0,ON,223.777,0
114.5,gNB_4G_1,43,15,0,256,3,15,-45.4667,4,14,4,0.493158,24.6917,ON,223.777,0.0330569
114.5,gNB_4G_2,43,15,0,256,3,15,-52.5333,14,4,2,0.48442,27.0917,ON,223.777,0.0324711
115.5,gNB_5G,43,15,10,256,3,7,0,0,0,0,0,0,ON,223.777,0
115.5,gNB_4G_1,43,15,0,256,3,16,-47.125,4,14,4,0.484864,29.4333,ON,223.777,0.0346676
115.5,gNB_4G_2,43,15,0,256,3,14,-46.5,14,4,2,0.512,28.7333,ON,223.777,0.0320318
116.5,gNB_5G,43,15,10,256,3,7,0,0,0,0,0,0,ON,223.777,0
116.5,gNB_4G_1,43,15,0,256,3,16,-45.5625,4,14,4,0.505856,26.75,ON,223.777,0.0361685
116.5,gNB_4G_2,43,15,0,256,3,14,-48.2143,14,4,2,0.510245,32.6417,ON,223.777,0.031922
117.5,gNB_5G,43,15,10,256,3,7,0,0,0,0,0,0,ON,223.777,0
117.5,gNB_4G_1,43,15,0,256,3,16,-44.8125,4,14,4,0.505344,27.225,ON,223.777,0.0361319
117.5,gNB_4G_2,43,15,0,256,3,14,-48.8571,14,4,2,0.506734,30.1,ON,223.777,0.0317024
118.5,gNB_5G,43,15,10,256,3,7,0,0,0,0,0,0,ON,223.777,0
118.5,gNB_4G_1,43,15,0,256,3,17,-45.6471,5,14,4,0.513205,28.25,ON,223.777,0.0389873
118.5,gNB_4G_2,43,15,0,256,3,13,-47.3077,14,5,2,0.49152,37.1917,ON,223.777,0.0285541
119.5,gNB_5G,43,15,10,256,3,7,0,0,0,0,0,0,ON,223.777,0
119.5,gNB_4G_1,43,15,0,256,3,17,-44.1765,5,14,4,0.52236,31.775,ON,223.777,0.0396829
119.5,gNB_4G_2,43,15,0,256,3,13,-48.1538,14,5,2,0.49278,26.4083,ON,223.777,0.0286273
120.5,gNB_5G,43,15,10,256,3,7,0,0,0,0,0,0,ON,223.777,0
120.5,gNB_4G_1,43,15,0,256,3,19,-46.5263,6,14,4,0.476861,38.575,ON,223.777,0.0404882
120.5,gNB_4G_2,43,15,0,256,3,13,-49.2308,14,6,2,0.497822,29.2,ON,223.777,0.0289202
121.5,gNB_5G,43,15,10,256,3,7,0,0,0,0,0,0,ON,223.777,0
121.5,gNB_4G_1,43,15,0,256,3,18,-45.2778,6,15,5,0.481052,33.2333,ON,223.777,0.0386945
121.5,gNB_4G_2,43,15,0,256,3,14,-49.1429,15,6,2,0.528969,32.2,ON,223.777,0.0330935
122.5,gNB_5G,43,15,10,256,3,7,0,0,0,0,0,0,ON,223.777,0
122.5,gNB_4G_1,43,15,0,256,3,18,-46.5556,6,15,5,0.482418,29.9667,ON,223.777,0.0388043
122.5,gNB_4G_2,43,15,0,256,3,14,-50.2143,15,6,2,0.527214,34.1083,ON,223.777,0.0329836
123.5,gNB_5G,43,15,10,256,3,7,0,0,0,0,0,0,ON,223.777,0
123.5,gNB_4G_1,43,15,0,256,3,17,-44.1765,7,16,6,0.505495,30.6917,ON,223.777,0.0384016
123.5,gNB_4G_2,43,15,0,256,3,15,-51.8667,16,7,2,0.489335,32.1333,ON,223.777,0.0328006
124.5,gNB_5G,43,15,10,256,3,7,0,0,0,0,0,0,ON,223.777,0
124.5,gNB_4G_1,43,15,0,256,3,18,-46.8889,7,16,6,0.479687,34.2833,ON,223.777,0.0385846
124.5,gNB_4G_2,43,15,0,256,3,14,-49.2143,16,7,2,0.518437,28.0333,ON,223.777,0.0324345
125.5,gNB_5G,43,15,10,256,3,7,0,0,0,0,0,0,ON,223.777,0
125.5,gNB_4G_1,43,15,0,256,3,17,-48.2941,7,17,7,0.501158,31.575,ON,223.777,0.0380721
125.5,gNB_4G_2,43,15,0,256,3,15,-50.0667,17,7,2,0.50845,30.9,ON,223.777,0.0340819
126.5,gNB_5G,43,15,10,256,3,7,0,0,0,0,0,0,ON,223.777,0
126.5,gNB_4G_1,43,15,0,256,3,17,-45.9412,7,17,7,0.490556,29.675,ON,223.777,0.0372668
126.5,gNB_4G_2,43,15,0,256,3,15,-50.1333,17,7,2,0.513911,30.0167,ON,223.777,0.034448
127.5,gNB_5G,43,15,10,256,3,7,0,0,0,0,0,0,ON,223.777,0
127.5,gNB_4G_1,43,15,0,256,3,17,-47.0588,7,17,7,0.484292,32.05,ON,223.777,0.0367909
127.5,gNB_4G_2,43,15,0,256,3,15,-50.6,17,7,2,0.50135,32.2333,ON,223.777,0.033606
128.5,gNB_5G,43,15,10,256,3,7,0,0,0,0,0,0,ON,223.777,0
128.5,gNB_4G_1,43,15,0,256,3,18,-47.9444,8,17,7,0.47104,31.35,ON,223.777,0.0378891
128.5,gNB_4G_2,43,15,0,256,3,14,-51.4286,17,8,3,0.538331,34.375,ON,223.777,0.0336792
129.5,gNB_5G,43,15,10,256,3,7,0,0,0,0,0,0,ON,223.777,0
129.5,gNB_4G_1,43,15,0,256,3,17,-45.1176,8,18,8,0.492484,30.2167,ON,223.777,0.0374132
129.5,gNB_4G_2,43,15,0,256,3,15,-51.9333,18,8,3,0.513365,31.4833,ON,223.777,0.0344114
130.5,gNB_5G,43,15,10,256,3,8,0,0,0,0,0,0,ON,223.777,0
130.5,gNB_4G_1,43,15,0,256,3,18,-47.1111,8,18,8,0.455566,31.9333,ON,223.777,0.0366444
130.5,gNB_4G_2,43,15,0,256,3,15,-51.5333,18,8,3,0.511727,29.9083,ON,223.777,0.0343015
131.5,gNB_5G,43,15,10,256,3,8,0,0,0,0,0,0,ON,223.777,0
131.5,gNB_4G_1,43,15,0,256,3,19,-46.8947,9,18,8,0.449698,33.0083,ON,223.777,0.038182
131.5,gNB_4G_2,43,15,0,256,3,14,-53.3571,18,9,4,0.518437,35.1667,ON,223.777,0.0324345
132.5,gNB_5G,43,15,10,256,3,8,0,0,0,0,0,0,ON,223.777,0
132.5,gNB_4G_1,43,15,0,256,3,19,-46.6842,9,18,8,0.451422,33.225,ON,223.777,0.0383284
132.5,gNB_4G_2,43,15,0,256,3,14,-52.1429,18,9,4,0.517266,28.1667,ON,223.777,0.0323613
133.5,gNB_5G,43,15,10,256,3,8,0,0,0,0,0,0,ON,223.777,0
133.5,gNB_4G_1,43,15,0,256,3,19,-46.7895,9,18,8,0.467806,34.7583,ON,223.777,0.0397195
133.5,gNB_4G_2,43,15,0,256,3,14,-54.1429,18,9,4,0.514926,30.7833,ON,223.777,0.0322149
134.5,gNB_5G,43,15,10,256,3,8,0,0,0,0,0,0,ON,223.777,0
134.5,gNB_4G_1,43,15,0,256,3,19,-47.8421,9,18,8,0.458752,35.6417,ON,223.777,0.0389507
134.5,gNB_4G_2,43,15,0,256,3,14,-55.8571,18,9,4,0.484498,28.4583,ON,223.777,0.0303113
135.5,gNB_5G,43,15,10,256,3,8,0,0,0,0,0,0,ON,223.777,0
135.5,gNB_4G_1,43,15,0,256,3,17,-43.5882,9,20,9,0.478991,38.4917,ON,223.777,0.0363882
135.5,gNB_4G_2,43,15,0,256,3,16,-57.9375,20,9,4,0.436224,28.625,ON,223.777,0.0311899
136.5,gNB_5G,43,15,10,256,3,8,0,0,0,0,0,0,ON,223.777,0
136.5,gNB_4G_1,43,15,0,256,3,17,-43.1176,9,20,9,0.472245,29.225,ON,223.777,0.0358757
136.5,gNB_4G_2,43,15,0,256,3,16,-56.8125,20,9,4,0.435712,47.5167,ON,223.777,0.0311533
137.5,gNB_5G,43,15,10,256,3,8,0,0,0,0,0,0,ON,223.777,0
137.5,gNB_4G_1,43,15,0,256,3,18,-42.2222,10,20,9,0.503808,32.2917,ON,223.777,0.0405249
137.5,gNB_4G_2,43,15,0,256,3,15,-57.4667,20,10,4,0.418884,49,ON,223.777,0.0280782
138.5,gNB_5G,43,15,10,256,3,8,0,0,0,0,0,0,ON,223.777,0
138.5,gNB_4G_1,43,15,0,256,3,18,-45.2778,10,20,9,0.505173,36.9333,ON,223.777,0.0406347
138.5,gNB_4G_2,43,15,0,256,3,15,-51.1333,20,10,4,0.447829,41.75,ON,223.777,0.0300184
139.5,gNB_5G,43,15,10,256,3,8,0,0,0,0,0,0,ON,223.777,0
139.5,gNB_4G_1,43,15,0,256,3,17,-45.7059,10,21,10,0.478509,30.8333,ON,223.777,0.0363516
139.5,gNB_4G_2,43,15,0,256,3,16,-52.5625,21,10,4,0.444928,28.1083,ON,223.777,0.0318122
140.5,gNB_5G,43,15,10,256,3,8,0,0,0,0,0,0,ON,223.777,0
140.5,gNB_4G_1,43,15,0,256,3,18,-46.6111,11,21,10,0.458752,32.0083,ON,223.777,0.0369007
140.5,gNB_4G_2,43,15,0,256,3,15,-52.0667,21,11,4,0.429807,33.7583,ON,223.777,0.0288104
141.5,gNB_5G,43,15,10,256,3,8,0,0,0,0,0,0,ON,223.777,0
141.5,gNB_4G_1,43,15,0,256,3,18,-47.1667,11,22,11,0.452836,32.4917,ON,223.777,0.0364248
141.5,gNB_4G_2,43,15,0,256,3,15,-51.8,22,11,4,0.445099,57.8917,ON,223.777,0.0298354
142.5,gNB_5G,43,15,10,256,3,8,0,0,0,0,0,0,ON,223.777,0
142.5,gNB_4G_1,43,15,0,256,3,19,-46.2105,12,22,11,0.463064,50.0833,ON,223.777,0.0393168
142.5,gNB_4G_2,43,15,0,256,3,14,-43.9286,22,12,5,0.443538,61.875,ON,223.777,0.0277487
143.5,gNB_5G,43,15,10,256,3,8,0,0,0,0,0,0,ON,223.777,0
143.5,gNB_4G_1,43,15,0,256,3,20,-49,13,22,11,0.453837,81.5417,ON,223.777,0.0405615
143.5,gNB_4G_2,43,15,0,256,3,13,-45.0769,22,13,5,0.45245,37.1167,ON,223.777,0.0262844
144.5,gNB_5G,43,15,10,256,3,8,0,0,0,0,0,0,ON,223.777,0
144.5,gNB_4G_1,43,15,0,256,3,20,-49.55,13,22,11,0.456294,79.1083,ON,223.777,0.0407811
144.5,gNB_4G_2,43,15,0,256,3,13,-43,22,13,5,0.454971,21.375,ON,223.777,0.0264308
145.5,gNB_5G,43,15,10,256,3,8,0,0,0,0,0,0,ON,223.777,0
145.5,gNB_4G_1,43,15,0,256,3,21,-47.5238,14,23,12,0.436126,65.075,ON,223.777,0.0409275
145.5,gNB_4G_2,43,15,0,256,3,13,-42.0769,23,14,5,0.468834,32.1167,ON,223.777,0.0272362
146.5,gNB_5G,43,15,10,256,3,8,0,0,0,0,0,0,ON,223.777,0
146.5,gNB_4G_1,43,15,0,256,3,21,-45.7619,14,23,12,0.467334,35.325,ON,223.777,0.0438562
146.5,gNB_4G_2,43,15,0,256,3,13,-44.3846,23,14,5,0.45056,23.5417,ON,223.777,0.0261746
147.5,gNB_5G,43,15,10,256,3,8,0,0,0,0,0,0,ON,223.777,0
147.5,gNB_4G_1,43,15,0,256,3,21,-47.0952,14,23,12,0.466944,34.2417,ON,223.777,0.0438196
147.5,gNB_4G_2,43,15,0,256,3,13,-46.7692,23,14,5,0.442998,23.1667,ON,223.777,0.0257353
148.5,gNB_5G,43,15,10,256,3,8,0,0,0,0,0,0,ON,223.777,0
148.5,gNB_4G_1,43,15,0,256,3,20,-46.35,14,24,13,0.46121,32.525,ON,223.777,0.0412204
148.5,gNB_4G_2,43,15,0,256,3,14,-47.3571,24,14,5,0.461093,20.7167,ON,223.777,0.028847
149.5,gNB_5G,43,15,10,256,3,8,0,0,0,0,0,0,ON,223.777,0
149.5,gNB_4G_1,43,15,0,256,3,20,-46.6,14,24,13,0.461619,32.1,ON,223.777,0.041257
149.5,gNB_4G_2,43,15,0,256,3,14,-47.5714,24,14,5,0.454071,20.5,ON,223.777,0.0284077
150.5,gNB_5G,43,15,10,256,3,8,0,0,0,0,0,0,ON,223.777,0
150.5,gNB_4G_1,43,15,0,256,3,20,-46.45,14,24,13,0.46121,34.15,ON,223.777,0.0412204
150.5,gNB_4G_2,43,15,0,256,3,14,-46.7857,24,14,5,0.447634,29.3083,ON,223.777,0.028005
151.5,gNB_5G,43,15,10,256,3,8,0,0,0,0,0,0,ON,223.777,0
151.5,gNB_4G_1,43,15,0,256,3,20,-45.55,15,25,14,0.453427,33.9417,ON,223.777,0.0405249
151.5,gNB_4G_2,43,15,0,256,3,14,-49.5714,25,15,6,0.456997,57.175,ON,223.777,0.0285907
152.5,gNB_5G,43,15,10,256,3,8,0,0,0,0,0,0,ON,223.777,0
152.5,gNB_4G_1,43,15,0,256,3,20,-45.65,15,25,14,0.442778,30.95,ON,223.777,0.0395731
152.5,gNB_4G_2,43,15,0,256,3,14,-49.4286,25,15,6,0.447634,77.25,ON,223.777,0.028005
153.5,gNB_5G,43,15,10,256,3,8,0,0,0,0,0,0,ON,223.777,0
153.5,gNB_4G_1,43,15,0,256,3,23,-48.087,16,25,14,0.415299,34.625,ON,223.777,0.0426847
153.5,gNB_4G_2,43,15,0,256,3,11,-39.2727,25,16,7,0.495988,56.175,ON,223.777,0.0243808
154.5,gNB_5G,43,15,10,256,3,8,0,0,0,0,0,0,ON,223.777,0
154.5,gNB_4G_1,43,15,0,256,3,21,-44.6667,16,26,15,0.445879,35.675,ON,223.777,0.0418427
154.5,gNB_4G_2,43,15,0,256,3,13,-46.7692,26,16,7,0.466944,36.525,ON,223.777,0.0271264
155.5,gNB_5G,43,15,10,256,3,8,0,0,0,0,0,0,ON,223.777,0
155.5,gNB_4G_1,43,15,0,256,3,22,-45.5,17,26,15,0.446092,36.475,ON,223.777,0.0438562
155.5,gNB_4G_2,43,15,0,256,3,12,-46.3333,26,17,8,0.481963,26.9167,ON,223.777,0.0258451
156.5,gNB_5G,43,15,10,256,3,8,0,0,0,0,0,0,ON,223.777,0
156.5,gNB_4G_1,43,15,0,256,3,21,-44.7619,17,27,16,0.445879,40.3083,ON,223.777,0.0418427
156.5,gNB_4G_2,43,15,0,256,3,13,-49.3846,27,17,8,0.483958,23.6083,ON,223.777,0.0281148
157.5,gNB_5G,43,15,10,256,3,8,0,0,0,0,0,0,ON,223.777,0
157.5,gNB_4G_1,43,15,0,256,3,21,-43.8571,17,27,16,0.447049,32.15,ON,223.777,0.0419526
157.5,gNB_4G_2,43,15,0,256,3,13,-48.0769,27,17,8,0.495931,31.025,ON,223.777,0.0288104
158.5,gNB_5G,43,15,10,256,3,8,0,0,0,0,0,0,ON,223.777,0
158.5,gNB_4G_1,43,15,0,256,3,22,-46.5,18,27,16,0.44274,44.0167,ON,223.777,0.0435267
158.5,gNB_4G_2,43,15,0,256,3,12,-44.9167,27,18,9,0.486741,33.1417,ON,223.777,0.0261014
159.5,gNB_5G,43,15,10,256,3,8,0,0,0,0,0,0,ON,223.777,0
159.5,gNB_4G_1,43,15,0,256,3,22,-47.7727,18,27,16,0.433804,52.0083,ON,223.777,0.0426481
159.5,gNB_4G_2,43,15,0,256,3,12,-45.1667,27,18,9,0.488789,54.0417,ON,223.777,0.0262112
160.5,gNB_5G,43,15,10,256,3,8,0,0,0,0,0,0,ON,223.777,0
160.5,gNB_4G_1,43,15,0,256,3,21,-45.9048,18,28,17,0.44861,38.9333,ON,223.777,0.042099
160.5,gNB_4G_2,43,15,0,256,3,13,-49.2308,28,18,9,0.494671,69.1083,ON,223.777,0.0287371
161.5,gNB_5G,43,15,10,256,3,8,0,0,0,0,0,0,ON,223.777,0
161.5,gNB_4G_1,43,15,0,256,3,21,-46.1905,19,28,17,0.458752,36.425,ON,223.777,0.0430508
161.5,gNB_4G_2,43,15,0,256,3,13,-50.2308,28,19,9,0.456231,48.925,ON,223.777,0.0265041
162.5,gNB_5G,43,15,10,256,3,8,0,0,0,0,0,0,ON,223.777,0
162.5,gNB_4G_1,43,15,0,256,3,20,-43.75,19,29,18,0.468992,35.0167,ON,223.777,0.041916
162.5,gNB_4G_2,43,15,0,256,3,14,-51.7857,29,19,9,0.440613,20.7417,ON,223.777,0.0275657
163.5,gNB_5G,43,15,10,256,3,8,0,0,0,0,0,0,ON,223.777,0
163.5,gNB_4G_1,43,15,0,256,3,20,-43.6,19,29,18,0.469811,32.4417,ON,223.777,0.0419892
163.5,gNB_4G_2,43,15,0,256,3,14,-51.7857,29,19,9,0.439442,23.2083,ON,223.777,0.0274925
164.5,gNB_5G,43,15,10,256,3,8,0,0,0,0,0,0,ON,223.777,0
164.5,gNB_4G_1,43,15,0,256,3,20,-44.1,19,29,18,0.489472,35.75,ON,223.777,0.0437463
164.5,gNB_4G_2,43,15,0,256,3,14,-51.6429,29,19,9,0.431835,36.3833,ON,223.777,0.0270166
165.5,gNB_5G,43,15,10,256,3,8,0,0,0,0,0,0,ON,223.777,0
165.5,gNB_4G_1,43,15,0,256,3,21,-43.6667,20,29,18,0.514536,38.475,ON,223.777,0.0482857
165.5,gNB_4G_2,43,15,0,256,3,13,-53.3077,29,20,9,0.422203,38.575,ON,223.777,0.0245272
166.5,gNB_5G,43,15,10,256,3,8,0,0,0,0,0,0,ON,223.777,0
166.5,gNB_4G_1,43,15,0,256,3,20,-43.75,20,30,18,0.536166,38.7833,ON,223.777,0.0479196
166.5,gNB_4G_2,43,15,0,256,3,14,-51.5,30,20,9,0.400238,38.125,ON,223.777,0.0250397
167.5,gNB_5G,43,15,10,256,3,8,0,0,0,0,0,0,ON,223.777,0
167.5,gNB_4G_1,43,15,0,256,3,20,-44.1,20,30,18,0.53248,42.7,ON,223.777,0.0475902
167.5,gNB_4G_2,43,15,0,256,3,14,-50.3571,30,20,9,0.398482,63.6167,ON,223.777,0.0249299
168.5,gNB_5G,43,15,10,256,3,8,0,0,0,0,0,0,ON,223.777,0
168.5,gNB_4G_1,43,15,0,256,3,20,-43.9,20,30,18,0.534938,41.75,ON,223.777,0.0478098
168.5,gNB_4G_2,43,15,0,256,3,14,-50.6429,30,20,9,0.389705,36.925,ON,223.777,0.0243808
169.5,gNB_5G,43,15,10,256,3,8,0,0,0,0,0,0,ON,223.777,0
169.5,gNB_4G_1,43,15,0,256,3,20,-43.85,20,30,18,0.536166,37.225,ON,223.777,0.0479196
169.5,gNB_4G_2,43,15,0,256,3,14,-49.0714,30,20,9,0.401993,18.65,ON,223.777,0.0251496
170.5,gNB_5G,43,15,10,256,3,8,0,0,0,0,0,0,ON,223.777,0
170.5,gNB_4G_1,43,15,0,256,3,20,-44.25,20,30,18,0.534528,39.95,ON,223.777,0.0477732
170.5,gNB_4G_2,43,15,0,256,3,14,-48.5,30,20,9,0.404334,18.2333,ON,223.777,0.025296
171.5,gNB_5G,43,15,10,256,3,8,0,0,0,0,0,0,ON,223.777,0
171.5,gNB_4G_1,43,15,0,256,3,20,-43.95,20,30,18,0.535347,37.775,ON,223.777,0.0478464
171.5,gNB_4G_2,43,15,0,256,3,14,-48.1429,30,20,9,0.392631,18.3667,ON,223.777,0.0245638
172.5,gNB_5G,43,15,10,256,3,8,0,0,0,0,0,0,ON,223.777,0
172.5,gNB_4G_1,43,15,0,256,3,21,-44.619,21,30,18,0.513755,39.2833,ON,223.777,0.0482125
172.5,gNB_4G_2,43,15,0,256,3,13,-48.2308,30,21,9,0.403298,19.5833,ON,223.777,0.023429
173.5,gNB_5G,43,15,10,256,3,8,0,0,0,0,0,0,ON,223.777,0
173.5,gNB_4G_1,43,15,0,256,3,21,-44.8571,21,30,18,0.516486,39.4667,ON,223.777,0.0484688
173.5,gNB_4G_2,43,15,0,256,3,13,-49.6154,30,21,9,0.402038,17.2917,ON,223.777,0.0233558
174.5,gNB_5G,43,15,10,256,3,8,0,0,0,0,0,0,ON,223.777,0
174.5,gNB_4G_1,43,15,0,256,3,20,-45,22,32,19,0.49152,45.2583,ON,223.777,0.0439294
174.5,gNB_4G_2,43,15,0,256,3,14,-50.5,32,22,9,0.401408,29.45,ON,223.777,0.025113
175.5,gNB_5G,43,15,10,256,3,8,0,0,0,0,0,0,ON,223.777,0
175.5,gNB_4G_1,43,15,0,256,3,20,-45.4,23,33,19,0.478822,34.525,ON,223.777,0.0427945
175.5,gNB_4G_2,43,15,0,256,3,14,-48.2143,33,23,10,0.411355,26.5083,ON,223.777,0.0257353
176.5,gNB_5G,43,15,10,256,3,8,0,0,0,0,0,0,ON,223.777,0
176.5,gNB_4G_1,43,15,0,256,3,19,-44.8421,23,34,20,0.475998,32.975,ON,223.777,0.040415
176.5,gNB_4G_2,43,15,0,256,3,15,-48.2667,34,23,10,0.418338,22.8583,ON,223.777,0.0280416
177.5,gNB_5G,43,15,10,256,3,8,0,0,0,0,0,0,ON,223.777,0
177.5,gNB_4G_1,43,15,0,256,3,18,-44.1111,23,35,21,0.488789,31.425,ON,223.777,0.0393168
177.5,gNB_4G_2,43,15,0,256,3,16,-47.375,35,23,10,0.405504,34.425,ON,223.777,0.0289934
178.5,gNB_5G,43,15,10,256,3,8,0,0,0,0,0,0,ON,223.777,0
178.5,gNB_4G_1,43,15,0,256,3,19,-46,24,35,21,0.499712,34.05,ON,223.777,0.0424285
178.5,gNB_4G_2,43,15,0,256,3,15,-46.7333,35,24,10,0.360448,29.8083,ON,223.777,0.0241612
179.5,gNB_5G,43,15,10,256,3,8,0,0,0,0,0,0,ON,223.777,0
179.5,gNB_4G_1,43,15,0,256,3,19,-46.9474,24,35,21,0.507473,34.4667,ON,223.777,0.0430874
179.5,gNB_4G_2,43,15,0,256,3,15,-47.8,35,24,10,0.333141,21.875,ON,223.777,0.0223308
180.5,gNB_5G,43,15,10,256,3,8,0,0,0,0,0,0,ON,223.777,0
180.5,gNB_4G_1,43,15,0,256,3,20,-46.1,25,35,21,0.477184,34.8083,ON,223.777,0.0426481
180.5,gNB_4G_2,43,15,0,256,3,14,-48.5,35,25,11,0.353426,26.325,ON,223.777,0.0221111
181.5,gNB_5G,43,15,10,256,3,8,0,0,0,0,0,0,ON,223.777,0
181.5,gNB_4G_1,43,15,0,256,3,19,-45.8421,25,36,22,0.479016,33.2,ON,223.777,0.0406713
181.5,gNB_4G_2,43,15,0,256,3,15,-47.4667,36,25,11,0.342426,23.3833,ON,223.777,0.0229531
182.5,gNB_5G,43,15,10,256,3,8,0,0,0,0,0,0,ON,223.777,0
182.5,gNB_4G_1,43,15,0,256,3,20,-48.15,26,36,22,0.457114,50.7083,ON,223.777,0.0408543
182.5,gNB_4G_2,43,15,0,256,3,14,-46.0714,36,26,12,0.358693,22.0667,ON,223.777,0.0224406
183.5,gNB_5G,43,15,10,256,3,8,0,0,0,0,0,0,ON,223.777,0
183.5,gNB_4G_1,43,15,0,256,3,21,-48.2381,26,37,22,0.442758,62.7917,ON,223.777,0.0415499
183.5,gNB_4G_2,43,15,0,256,3,13,-44.4615,37,26,12,0.41023,22.675,ON,223.777,0.0238317
184.5,gNB_5G,43,15,10,256,3,8,0,0,0,0,0,0,ON,223.777,0
184.5,gNB_4G_1,43,15,0,256,3,23,-51.3043,28,37,22,0.432395,44.35,ON,223.777,0.0444419
184.5,gNB_4G_2,43,15,0,256,3,11,-41.6364,37,28,14,0.435665,31.3583,ON,223.777,0.0214156
185.5,gNB_5G,43,15,10,256,3,8,0,0,0,0,0,0,ON,223.777,0
185.5,gNB_4G_1,43,15,0,256,3,22,-49.9545,28,38,23,0.467316,44.15,ON,223.777,0.0459428
185.5,gNB_4G_2,43,15,0,256,3,12,-45.3333,38,28,14,0.410965,19.9,ON,223.777,0.0220379
186.5,gNB_5G,43,15,10,256,3,8,0,0,0,0,0,0,ON,223.777,0
186.5,gNB_4G_1,43,15,0,256,3,21,-46.7143,28,39,24,0.479037,39.925,ON,223.777,0.0449544
186.5,gNB_4G_2,43,15,0,256,3,13,-47.9231,39,28,14,0.393846,20.75,ON,223.777,0.0228799
187.5,gNB_5G,43,15,10,256,3,8,0,0,0,0,0,0,ON,223.777,0
187.5,gNB_4G_1,43,15,0,256,3,22,-50.5,28,39,24,0.494127,40.7583,ON,223.777,0.0485786
187.5,gNB_4G_2,43,15,0,256,3,12,-47.8333,39,28,14,0.420523,23.4333,ON,223.777,0.0225504
188.5,gNB_5G,43,15,10,256,3,8,0,0,0,0,0,0,ON,223.777,0
188.5,gNB_4G_1,43,15,0,256,3,22,-48.8636,28,39,24,0.494127,43.8833,ON,223.777,0.0485786
188.5,gNB_4G_2,43,15,0,256,3,12,-48.9167,39,28,14,0.429397,24.6083,ON,223.777,0.0230263
189.5,gNB_5G,43,15,10,256,3,8,0,0,0,0,0,0,ON,223.777,0
189.5,gNB_4G_1,43,15,0,256,3,23,-46.6087,28,40,24,0.452341,43.1333,ON,223.777,0.0464919
189.5,gNB_4G_2,43,15,0,256,3,13,-51.4615,40,28,14,0.461273,28.9833,ON,223.777,0.0267969
190.5,gNB_5G,43,15,10,256,3,8,0,0,0,0,0,0,ON,223.777,0
190.5,gNB_4G_1,43,15,0,256,3,23,-47.6522,28,40,24,0.451629,36.5333,ON,223.777,0.0464187
190.5,gNB_4G_2,43,15,0,256,3,13,-51.8462,40,28,14,0.441738,32.975,ON,223.777,0.0256621
191.5,gNB_5G,43,15,10,256,3,8,0,0,0,0,0,0,ON,223.777,0
191.5,gNB_4G_1,43,15,0,256,3,24,-48.875,29,40,24,0.431104,39.5917,ON,223.777,0.0462357
191.5,gNB_4G_2,43,15,0,256,3,12,-48.3333,40,29,15,0.417792,38.9,ON,223.777,0.022404
192.5,gNB_5G,43,15,10,256,3,8,0,0,0,0,0,0,ON,223.777,0
192.5,gNB_4G_1,43,15,0,256,3,23,-48,29,41,24,0.407463,44.85,ON,223.777,0.0418793
192.5,gNB_4G_2,43,15,0,256,3,13,-50.2308,41,29,15,0.41149,53.3,ON,223.777,0.0239049
193.5,gNB_5G,43,15,10,256,3,8,0,0,0,0,0,0,ON,223.777,0
193.5,gNB_4G_1,43,15,0,256,3,21,-47.6667,29,43,24,0.420523,35.1917,ON,223.777,0.0394632
193.5,gNB_4G_2,43,15,0,256,3,15,-50.6667,43,29,15,0.357717,50.95,ON,223.777,0.0239781
194.5,gNB_5G,43,15,10,256,3,8,0,0,0,0,0,0,ON,223.777,0
194.5,gNB_4G_1,43,15,0,256,3,21,-45.8095,29,43,24,0.433006,30.7833,ON,223.777,0.0406347
194.5,gNB_4G_2,43,15,0,256,3,15,-50.2,43,29,15,0.328226,63.5417,ON,223.777,0.0220013
195.5,gNB_5G,43,15,10,256,3,8,0,0,0,0,0,0,ON,223.777,0
195.5,gNB_4G_1,43,15,0,256,3,21,-47.5238,29,43,24,0.434566,31.8583,ON,223.777,0.0407811
195.5,gNB_4G_2,43,15,0,256,3,15,-50.5333,43,29,15,0.328226,47.65,ON,223.777,0.0220013
196.5,gNB_5G,43,15,10,256,3,8,0,0,0,0,0,0,ON,223.777,0
196.5,gNB_4G_1,43,15,0,256,3,21,-48.8095,29,43,24,0.425204,30.6,ON,223.777,0.0399025
196.5,gNB_4G_2,43,15,0,256,3,15,-50.6667,43,29,15,0.327134,21.0167,ON,223.777,0.0219281
197.5,gNB_5G,43,15,10,256,3,8,0,0,0,0,0,0,ON,223.777,0
197.5,gNB_4G_1,43,15,0,256,3,21,-48.7143,29,43,24,0.425204,29.75,ON,223.777,0.0399025
197.5,gNB_4G_2,43,15,0,256,3,15,-51.6,43,29,15,0.328226,20.7667,ON,223.777,0.0220013
198.5,gNB_5G,43,15,10,256,3,8,0,0,0,0,0,0,ON,223.777,0
198.5,gNB_4G_1,43,15,0,256,3,21,-47.0476,29,43,24,0.424814,29.5917,ON,223.777,0.0398659
198.5,gNB_4G_2,43,15,0,256,3,15,-51.4667,43,29,15,0.32768,20.9833,ON,223.777,0.0219647
199.5,gNB_5G,43,15,10,256,3,8,0,0,0,0,0,0,ON,223.777,0
199.5,gNB_4G_1,43,15,0,256,3,21,-46.4762,29,43,24,0.424034,28.8083,ON,223.777,0.0397927
199.5,gNB_4G_2,43,15,0,256,3,15,-51.5333,43,29,15,0.32768,20.3167,ON,223.777,0.0219647
200.5,gNB_5G,43,15,10,256,3,8,0,0,0,0,0,0,ON,223.777,0
200.5,gNB_4G_1,43,15,0,256,3,22,-45.2727,29,43,24,0.417047,31.6083,ON,223.777,0.0410008
200.5,gNB_4G_2,43,15,0,256,3,14,-48.2143,43,29,15,0.351671,20.3667,ON,223.777,0.0220013
201.5,gNB_5G,43,15,10,256,3,8,0,0,0,0,0,0,ON,223.777,0
201.5,gNB_4G_1,43,15,0,256,3,23,-43.7826,29,43,24,0.404614,33.0917,ON,223.777,0.0415865
201.5,gNB_4G_2,43,15,0,256,3,13,-44.3077,43,29,15,0.380613,25.5667,ON,223.777,0.0221111
202.5,gNB_5G,43,15,10,256,3,8,0,0,0,0,0,0,ON,223.777,0
202.5,gNB_4G_1,43,15,0,256,3,24,-43.6667,30,43,24,0.410965,38.4417,ON,223.777,0.0440758
202.5,gNB_4G_2,43,15,0,256,3,12,-49.25,43,30,15,0.367957,19.2917,ON,223.777,0.0197316
203.5,gNB_5G,43,15,10,256,3,8,0,0,0,0,0,0,ON,223.777,0
203.5,gNB_4G_1,43,15,0,256,3,23,-43.7826,30,44,24,0.416723,40.3583,ON,223.777,0.0428311
203.5,gNB_4G_2,43,15,0,256,3,13,-49.1538,44,30,15,0.336502,18.1917,ON,223.777,0.0195486
204.5,gNB_5G,43,15,10,256,3,8,0,0,0,0,0,0,ON,223.777,0
204.5,gNB_4G_1,43,15,0,256,3,22,-42.9545,30,45,25,0.412579,32.4,ON,223.777,0.0405615
204.5,gNB_4G_2,43,15,0,256,3,14,-49.2857,45,30,15,0.327095,19.7583,ON,223.777,0.0204638
205.5,gNB_5G,43,15,10,256,3,8,0,0,0,0,0,0,ON,223.777,0
205.5,gNB_4G_1,43,15,0,256,3,21,-44.5238,30,45,25,0.429495,28.8917,ON,223.777,0.0403052
205.5,gNB_4G_2,43,15,0,256,3,15,-46,45,30,15,0.304742,19.9083,ON,223.777,0.0204272
206.5,gNB_5G,43,15,10,256,3,8,0,0,0,0,0,0,ON,223.777,0
206.5,gNB_4G_1,43,15,0,256,3,21,-44.9048,30,45,25,0.430665,30.4167,ON,223.777,0.040415
206.5,gNB_4G_2,43,15,0,256,3,15,-46.0667,45,30,15,0.294366,25.9917,ON,223.777,0.0197316
207.5,gNB_5G,43,15,10,256,3,8,0,0,0,0,0,0,ON,223.777,0
207.5,gNB_4G_1,43,15,0,256,3,22,-45.7727,31,45,25,0.44274,33.0417,ON,223.777,0.0435267
207.5,gNB_4G_2,43,15,0,256,3,14,-45.8571,45,31,15,0.269166,24.4083,ON,223.777,0.0168396
208.5,gNB_5G,43,15,10,256,3,8,0,0,0,0,0,0,ON,223.777,0
208.5,gNB_4G_1,43,15,0,256,3,22,-45.3636,31,45,25,0.442368,36.2583,ON,223.777,0.0434901
208.5,gNB_4G_2,43,15,0,256,3,14,-45.5,45,31,15,0.269751,17.3917,ON,223.777,0.0168762
209.5,gNB_5G,43,15,10,256,3,8,0,0,0,0,0,0,ON,223.777,0
209.5,gNB_4G_1,43,15,0,256,3,21,-43.9524,31,46,26,0.423643,46.2917,ON,223.777,0.0397561
209.5,gNB_4G_2,43,15,0,256,3,15,-46.5333,46,31,15,0.297643,31.8,ON,223.777,0.0199513
210.5,gNB_5G,43,15,10,256,3,8,0,0,0,0,0,0,ON,223.777,0
210.5,gNB_4G_1,43,15,0,256,3,22,-42.8182,32,47,26,0.410345,35.9917,ON,223.777,0.0403418
210.5,gNB_4G_2,43,15,0,256,3,14,-44.9286,47,32,16,0.304859,41.375,ON,223.777,0.0190727
211.5,gNB_5G,43,15,10,256,3,8,0,0,0,0,0,0,ON,223.777,0
211.5,gNB_4G_1,43,15,0,256,3,23,-43.4783,32,47,26,0.417436,31.6917,ON,223.777,0.0429044
211.5,gNB_4G_2,43,15,0,256,3,13,-42.2308,47,32,16,0.335242,19.5667,ON,223.777,0.0194754
212.5,gNB_5G,43,15,10,256,3,8,0,0,0,0,0,0,ON,223.777,0
212.5,gNB_4G_1,43,15,0,256,3,23,-43.8261,32,47,26,0.436313,39.0417,ON,223.777,0.0448446
212.5,gNB_4G_2,43,15,0,256,3,13,-37.1538,47,32,16,0.332721,19.4417,ON,223.777,0.0193289
213.5,gNB_5G,43,15,10,256,3,9,0,0,0,0,0,0,ON,223.777,0
213.5,gNB_4G_1,43,15,0,256,3,22,-45.8182,32,47,26,0.469923,44.4833,ON,223.777,0.0461991
213.5,gNB_4G_2,43,15,0,256,3,14,-34.5714,47,32,16,0.310126,20.6417,ON,223.777,0.0194021
214.5,gNB_5G,43,15,10,256,3,9,0,0,0,0,0,0,ON,223.777,0
214.5,gNB_4G_1,43,15,0,256,3,23,-45.1739,32,47,26,0.454478,36.9333,ON,223.777,0.0467116
214.5,gNB_4G_2,43,15,0,256,3,14,-34.2143,47,32,16,0.311296,20.55,ON,223.777,0.0194754
215.5,gNB_5G,43,15,10,256,3,9,0,0,0,0,0,0,ON,223.777,0
215.5,gNB_4G_1,43,15,0,256,3,23,-44.913,32,47,26,0.464451,35.8833,ON,223.777,0.0477366
215.5,gNB_4G_2,43,15,0,256,3,14,-35.1429,47,32,16,0.310711,19.675,ON,223.777,0.0194388
216.5,gNB_5G,43,15,10,256,3,9,0,0,0,0,0,0,ON,223.777,0
216.5,gNB_4G_1,43,15,0,256,3,23,-45.4783,32,47,26,0.455546,42.775,ON,223.777,0.0468214
216.5,gNB_4G_2,43,15,0,256,3,14,-35.7143,47,32,16,0.299008,28.3167,ON,223.777,0.0187066
217.5,gNB_5G,43,15,10,256,3,9,0,0,0,0,0,0,ON,223.777,0
217.5,gNB_4G_1,43,15,0,256,3,23,-44.1739,33,48,27,0.461601,53.2,ON,223.777,0.0474437
217.5,gNB_4G_2,43,15,0,256,3,14,-38.2143,48,33,16,0.298423,26.7667,ON,223.777,0.01867
218.5,gNB_5G,43,15,10,256,3,9,0,0,0,0,0,0,ON,223.777,0
218.5,gNB_4G_1,43,15,0,256,3,24,-46.0833,34,48,27,0.461824,34.7917,ON,223.777,0.0495304
218.5,gNB_4G_2,43,15,0,256,3,13,-34.1538,48,34,17,0.272857,22.3917,ON,223.777,0.0158512
219.5,gNB_5G,43,15,10,256,3,9,0,0,0,0,0,0,ON,223.777,0
219.5,gNB_4G_1,43,15,0,256,3,24,-44.3333,34,48,27,0.444757,34.3833,ON,223.777,0.0477
219.5,gNB_4G_2,43,15,0,256,3,13,-34.3077,48,34,17,0.271596,17.9417,ON,223.777,0.015778
220.5,gNB_5G,43,15,10,256,3,9,0,0,0,0,0,0,ON,223.777,0
220.5,gNB_4G_1,43,15,0,256,3,24,-44.3333,34,48,27,0.444757,33.8917,ON,223.777,0.0477
220.5,gNB_4G_2,43,15,0,256,3,13,-34,48,34,17,0.271596,16.8333,ON,223.777,0.015778
221.5,gNB_5G,43,15,10,256,3,9,0,0,0,0,0,0,ON,223.777,0
221.5,gNB_4G_1,43,15,0,256,3,24,-45.2917,34,48,27,0.444757,33.7833,ON,223.777,0.0477
221.5,gNB_4G_2,43,15,0,256,3,13,-34.0769,48,34,17,0.272857,16.0417,ON,223.777,0.0158512
222.5,gNB_5G,43,15,10,256,3,9,0,0,0,0,0,0,ON,223.777,0
222.5,gNB_4G_1,43,15,0,256,3,24,-45.9583,34,48,27,0.433493,33.525,ON,223.777,0.0464919
222.5,gNB_4G_2,43,15,0,256,3,13,-34,48,34,17,0.271596,16.8333,ON,223.777,0.015778
223.5,gNB_5G,43,15,10,256,3,9,0,0,0,0,0,0,ON,223.777,0
223.5,gNB_4G_1,43,15,0,256,3,24,-46.5,34,48,27,0.428032,35.25,ON,223.777,0.0459062
223.5,gNB_4G_2,43,15,0,256,3,13,-33.6923,48,34,17,0.271596,16.1,ON,223.777,0.015778
224.5,gNB_5G,43,15,10,256,3,9,0,0,0,0,0,0,ON,223.777,0
224.5,gNB_4G_1,43,15,0,256,3,24,-47,35,49,27,0.436224,37.4833,ON,223.777,0.0467848
224.5,gNB_4G_2,43,15,0,256,3,14,-34,49,35,17,0.263899,30.1833,ON,223.777,0.0165101
225.5,gNB_5G,43,15,10,256,3,9,0,0,0,0,0,0,ON,223.777,0
225.5,gNB_4G_1,43,15,0,256,3,23,-47.2174,35,50,28,0.46267,55.8333,ON,223.777,0.0475536
225.5,gNB_4G_2,43,15,0,256,3,15,-37.0667,50,35,17,0.28672,21.1,ON,223.777,0.0192191
226.5,gNB_5G,43,15,10,256,3,10,0,0,0,0,0,0,ON,223.777,0
226.5,gNB_4G_1,43,15,0,256,3,23,-47.5652,35,50,28,0.454834,69.4417,ON,223.777,0.0467482
226.5,gNB_4G_2,43,15,0,256,3,15,-36.0667,50,35,17,0.291089,23.3583,ON,223.777,0.019512
227.5,gNB_5G,43,15,10,256,3,10,0,0,0,0,0,0,ON,223.777,0
227.5,gNB_4G_1,43,15,0,256,3,22,-45.4091,35,51,28,0.440506,41.8,ON,223.777,0.0433071
227.5,gNB_4G_2,43,15,0,256,3,16,-37,51,35,17,0.314368,23.05,ON,223.777,0.0224772
228.5,gNB_5G,43,15,10,256,3,10,0,0,0,0,0,0,ON,223.777,0
228.5,gNB_4G_1,43,15,0,256,3,21,-43.8571,35,52,28,0.443928,36.0083,ON,223.777,0.0416597
228.5,gNB_4G_2,43,15,0,256,3,18,-38.6667,52,35,17,0.312206,25.8583,ON,223.777,0.025113
229.5,gNB_5G,43,15,10,256,3,10,0,0,0,0,0,0,ON,223.777,0
229.5,gNB_4G_1,43,15,0,256,3,21,-45.6667,35,52,28,0.466164,34.5,ON,223.777,0.0437463
229.5,gNB_4G_2,43,15,0,256,3,18,-39,52,35,17,0.334507,29.1417,ON,223.777,0.0269067
230.5,gNB_5G,43,15,10,256,3,10,0,0,0,0,0,0,ON,223.777,0
230.5,gNB_4G_1,43,15,0,256,3,21,-44.8571,35,52,28,0.463433,34.7,ON,223.777,0.0434901
230.5,gNB_4G_2,43,15,0,256,3,18,-39,52,35,17,0.334962,30.0917,ON,223.777,0.0269434
231.5,gNB_5G,43,15,10,256,3,10,0,0,0,0,0,0,ON,223.777,0
231.5,gNB_4G_1,43,15,0,256,3,22,-45.5,35,52,28,0.451305,35.9333,ON,223.777,0.0443687
231.5,gNB_4G_2,43,15,0,256,3,18,-38.4444,52,35,17,0.333596,28.075,ON,223.777,0.0268335
232.5,gNB_5G,43,15,10,256,3,10,0,0,0,0,0,0,ON,223.777,0
232.5,gNB_4G_1,43,15,0,256,3,23,-45.0435,35,52,28,0.448779,36.425,ON,223.777,0.0461259
232.5,gNB_4G_2,43,15,0,256,3,18,-39.1667,52,35,17,0.334052,28.7833,ON,223.777,0.0268701
233.5,gNB_5G,43,15,10,256,3,10,0,0,0,0,0,0,ON,223.777,0
233.5,gNB_4G_1,43,15,0,256,3,23,-45.9565,35,52,28,0.461601,38.9833,ON,223.777,0.0474437
233.5,gNB_4G_2,43,15,0,256,3,18,-38.8889,52,35,17,0.333596,29.3667,ON,223.777,0.0268335
234.5,gNB_5G,43,15,10,256,3,10,0,0,0,0,0,0,ON,223.777,0
234.5,gNB_4G_1,43,15,0,256,3,22,-46.2727,35,53,28,0.470295,41.7583,ON,223.777,0.0462357
234.5,gNB_4G_2,43,15,0,256,3,19,-38.2632,53,35,17,0.330267,31.65,ON,223.777,0.0280416
235.5,gNB_5G,43,15,10,256,3,10,0,0,0,0,0,0,ON,223.777,0
235.5,gNB_4G_1,43,15,0,256,3,24,-46.0417,36,53,28,0.448171,42.4,ON,223.777,0.0480661
235.5,gNB_4G_2,43,15,0,256,3,18,-38.8333,53,36,17,0.328135,32.4917,ON,223.777,0.0263942
236.5,gNB_5G,43,15,10,256,3,10,0,0,0,0,0,0,ON,223.777,0
236.5,gNB_4G_1,43,15,0,256,3,25,-44.16,36,53,28,0.425984,49.3083,ON,223.777,0.0475902
236.5,gNB_4G_2,43,15,0,256,3,17,-40.6471,53,36,17,0.336836,39.425,ON,223.777,0.0255889
237.5,gNB_5G,43,15,10,256,3,10,0,0,0,0,0,0,ON,223.777,0
237.5,gNB_4G_1,43,15,0,256,3,26,-46.1923,37,54,29,0.442998,49.8417,ON,223.777,0.0514706
237.5,gNB_4G_2,43,15,0,256,3,18,-41.9444,54,37,17,0.320398,37.9333,ON,223.777,0.0257719
238.5,gNB_5G,43,15,10,256,3,10,0,0,0,0,0,0,ON,223.777,0
238.5,gNB_4G_1,43,15,0,256,3,25,-45.08,37,55,29,0.458097,53.1333,ON,223.777,0.0511777
238.5,gNB_4G_2,43,15,0,256,3,20,-42.75,55,37,17,0.346112,36.35,ON,223.777,0.0309336
239.5,gNB_5G,43,15,10,256,3,10,0,0,0,0,0,0,ON,223.777,0
239.5,gNB_4G_1,43,15,0,256,3,23,-43.913,37,57,30,0.448779,58.3417,ON,223.777,0.0461259
239.5,gNB_4G_2,43,15,0,256,3,22,-43.2273,57,37,17,0.371247,47.9917,ON,223.777,0.036498
240.5,gNB_5G,43,15,10,256,3,10,0,0,0,0,0,0,ON,223.777,0
240.5,gNB_4G_1,43,15,0,256,3,24,-44.4167,38,57,30,0.456704,42.3417,ON,223.777,0.0489813
240.5,gNB_4G_2,43,15,0,256,3,21,-42.2857,57,38,18,0.373321,54.1583,ON,223.777,0.0350337
241.5,gNB_5G,43,15,10,256,3,10,0,0,0,0,0,0,ON,223.777,0
241.5,gNB_4G_1,43,15,0,256,3,23,-46.3913,38,58,30,0.47941,48.425,ON,223.777,0.0492741
241.5,gNB_4G_2,43,15,0,256,3,23,-40.2174,58,38,18,0.345845,39.1667,ON,223.777,0.0355462
242.5,gNB_5G,43,15,10,256,3,10,0,0,0,0,0,0,ON,223.777,0
242.5,gNB_4G_1,43,15,0,256,3,24,-47.375,38,58,30,0.469333,55.2583,ON,223.777,0.0503358
242.5,gNB_4G_2,43,15,0,256,3,23,-40.3043,58,38,18,0.348338,39.275,ON,223.777,0.0358024
243.5,gNB_5G,43,15,10,256,3,10,0,0,0,0,0,0,ON,223.777,0
243.5,gNB_4G_1,43,15,0,256,3,24,-48.4167,38,58,30,0.477867,53.0083,ON,223.777,0.0512509
243.5,gNB_4G_2,43,15,0,256,3,23,-40.2609,58,38,18,0.346557,39.375,ON,223.777,0.0356194
244.5,gNB_5G,43,15,10,256,3,10,0,0,0,0,0,0,ON,223.777,0
244.5,gNB_4G_1,43,15,0,256,3,24,-48.375,38,58,30,0.477867,47.1,ON,223.777,0.0512509
244.5,gNB_4G_2,43,15,0,256,3,23,-40.087,58,38,18,0.34727,38.8917,ON,223.777,0.0356926
245.5,gNB_5G,43,15,10,256,3,10,0,0,0,0,0,0,ON,223.777,0
245.5,gNB_4G_1,43,15,0,256,3,23,-48.1739,38,59,30,0.492232,46.9167,ON,223.777,0.050592
245.5,gNB_4G_2,43,15,0,256,3,24,-40.0417,59,38,18,0.344064,40.4,ON,223.777,0.0369007
246.5,gNB_5G,43,15,10,256,3,11,0,0,0,0,0,0,ON,223.777,0
246.5,gNB_4G_1,43,15,0,256,3,23,-48.6957,38,59,30,0.489383,49.5083,ON,223.777,0.0502991
246.5,gNB_4G_2,43,15,0,256,3,24,-39.625,59,38,18,0.343723,40.8417,ON,223.777,0.0368641
247.5,gNB_5G,43,15,10,256,3,11,0,0,0,0,0,0,ON,223.777,0
247.5,gNB_4G_1,43,15,0,256,3,22,-45.7727,38,60,31,0.475508,48.1333,ON,223.777,0.0467482
247.5,gNB_4G_2,43,15,0,256,3,25,-41.8,60,38,18,0.358482,45.4333,ON,223.777,0.040049
248.5,gNB_5G,43,15,10,256,3,11,0,0,0,0,0,0,ON,223.777,0
248.5,gNB_4G_1,43,15,0,256,3,22,-46.1364,38,60,31,0.475881,41.5417,ON,223.777,0.0467848
248.5,gNB_4G_2,43,15,0,256,3,25,-42.44,60,38,18,0.34603,44.225,ON,223.777,0.0386579
249.5,gNB_5G,43,15,10,256,3,11,0,0,0,0,0,0,ON,223.777,0
249.5,gNB_4G_1,43,15,0,256,3,22,-46.8636,38,60,31,0.474019,43.7667,ON,223.777,0.0466018
249.5,gNB_4G_2,43,15,0,256,3,25,-41.8,60,38,18,0.330629,42.7417,ON,223.777,0.0369373
250.5,gNB_5G,43,15,10,256,3,11,0,0,0,0,0,0,ON,223.777,0
250.5,gNB_4G_1,43,15,0,256,3,22,-45.8636,38,60,31,0.47886,45.6333,ON,223.777,0.0470777
250.5,gNB_4G_2,43,15,0,256,3,25,-41.76,60,38,18,0.331612,41.6583,ON,223.777,0.0370471
251.5,gNB_5G,43,15,10,256,3,11,0,0,0,0,0,0,ON,223.777,0
251.5,gNB_4G_1,43,15,0,256,3,22,-45.5909,38,60,31,0.476998,43.1833,ON,223.777,0.0468946
251.5,gNB_4G_2,43,15,0,256,3,25,-41.64,60,38,18,0.330957,39.9417,ON,223.777,0.0369739
252.5,gNB_5G,43,15,10,256,3,11,0,0,0,0,0,0,ON,223.777,0
252.5,gNB_4G_1,43,15,0,256,3,22,-45.4091,38,60,31,0.476998,40.075,ON,223.777,0.0468946
252.5,gNB_4G_2,43,15,0,256,3,25,-41.2,60,38,18,0.330957,36.6167,ON,223.777,0.0369739
253.5,gNB_5G,43,15,10,256,3,11,0,0,0,0,0,0,ON,223.777,0
253.5,gNB_4G_1,43,15,0,256,3,22,-46.2273,38,60,31,0.470668,42.8917,ON,223.777,0.0462723
253.5,gNB_4G_2,43,15,0,256,3,25,-41.08,60,38,18,0.330957,37.375,ON,223.777,0.0369739
254.5,gNB_5G,43,15,10,256,3,11,0,0,0,0,0,0,ON,223.777,0
254.5,gNB_4G_1,43,15,0,256,3,21,-45.8095,38,61,31,0.471235,47.0917,ON,223.777,0.0442222
254.5,gNB_4G_2,43,15,0,256,3,26,-41.5385,61,38,18,0.327995,38.6917,ON,223.777,0.0381087
255.5,gNB_5G,43,15,10,256,3,11,0,0,0,0,0,0,ON,223.777,0
255.5,gNB_4G_1,43,15,0,256,3,21,-46.0952,38,61,31,0.466944,39.9333,ON,223.777,0.0438196
255.5,gNB_4G_2,43,15,0,256,3,26,-41.1154,61,38,18,0.332406,39.3667,ON,223.777,0.0386212
256.5,gNB_5G,43,15,10,256,3,11,0,0,0,0,0,0,ON,223.777,0
256.5,gNB_4G_1,43,15,0,256,3,21,-46.1905,38,61,31,0.454461,43.8,ON,223.777,0.0426481
256.5,gNB_4G_2,43,15,0,256,3,26,-41.0769,61,38,18,0.331776,39.1333,ON,223.777,0.038548
257.5,gNB_5G,43,15,10,256,3,11,0,0,0,0,0,0,ON,223.777,0
257.5,gNB_4G_1,43,15,0,256,3,21,-45.4762,38,61,31,0.457582,50.5667,ON,223.777,0.042941
257.5,gNB_4G_2,43,15,0,256,3,26,-41.3846,61,38,18,0.330831,38.1917,ON,223.777,0.0384382
258.5,gNB_5G,43,15,10,256,3,11,0,0,0,0,0,0,ON,223.777,0
258.5,gNB_4G_1,43,15,0,256,3,20,-45.25,38,62,31,0.457114,44.05,ON,223.777,0.0408543
258.5,gNB_4G_2,43,15,0,256,3,27,-41.5926,62,38,18,0.32859,39.8917,ON,223.777,0.0396463
259.5,gNB_5G,43,15,10,256,3,11,0,0,0,0,0,0,ON,223.777,0
259.5,gNB_4G_1,43,15,0,256,3,20,-45.25,38,62,31,0.457523,40.3583,ON,223.777,0.0408909
259.5,gNB_4G_2,43,15,0,256,3,27,-41.4444,62,38,18,0.319185,38.75,ON,223.777,0.0385114
260.5,gNB_5G,43,15,10,256,3,11,0,0,0,0,0,0,ON,223.777,0
260.5,gNB_4G_1,43,15,0,256,3,20,-45.2,38,62,31,0.455885,39.6583,ON,223.777,0.0407445
260.5,gNB_4G_2,43,15,0,256,3,27,-41.2593,62,38,18,0.320095,40.275,ON,223.777,0.0386212
261.5,gNB_5G,43,15,10,256,3,11,0,0,0,0,0,0,ON,223.777,0
261.5,gNB_4G_1,43,15,0,256,3,20,-44.7,38,62,31,0.457114,43.7917,ON,223.777,0.0408543
261.5,gNB_4G_2,43,15,0,256,3,27,-41.4074,62,38,18,0.318578,40.3417,ON,223.777,0.0384382
262.5,gNB_5G,43,15,10,256,3,11,0,0,0,0,0,0,ON,223.777,0
262.5,gNB_4G_1,43,15,0,256,3,20,-46.2,38,62,31,0.449331,38.2167,ON,223.777,0.0401588
262.5,gNB_4G_2,43,15,0,256,3,27,-41.4815,62,38,18,0.319185,38.525,ON,223.777,0.0385114
263.5,gNB_5G,43,15,10,256,3,11,0,0,0,0,0,0,ON,223.777,0
263.5,gNB_4G_1,43,15,0,256,3,20,-46.4,38,62,31,0.432538,41.1,ON,223.777,0.0386579
263.5,gNB_4G_2,43,15,0,256,3,27,-42.0741,62,38,18,0.319488,39.5417,ON,223.777,0.038548
264.5,gNB_5G,43,15,10,256,3,11,0,0,0,0,0,0,ON,223.777,0
264.5,gNB_4G_1,43,15,0,256,3,21,-46.3333,38,62,31,0.448219,50.725,ON,223.777,0.0420624
264.5,gNB_4G_2,43,15,0,256,3,26,-39.3077,62,38,18,0.32957,41.4583,ON,223.777,0.0382918
265.5,gNB_5G,43,15,10,256,3,11,0,0,0,0,0,0,ON,223.777,0
265.5,gNB_4G_1,43,15,0,256,3,20,-45.9,38,63,31,0.466125,43.4917,ON,223.777,0.0416597
265.5,gNB_4G_2,43,15,0,256,3,27,-40.3704,63,38,18,0.336782,47.7417,ON,223.777,0.0406347
266.5,gNB_5G,43,15,10,256,3,11,0,0,0,0,0,0,ON,223.777,0
266.5,gNB_4G_1,43,15,0,256,3,21,-45.5238,39,63,31,0.468894,42.625,ON,223.777,0.0440026
266.5,gNB_4G_2,43,15,0,256,3,26,-39.7692,63,39,19,0.326105,44.975,ON,223.777,0.0378891
267.5,gNB_5G,43,15,10,256,3,11,0,0,0,0,0,0,ON,223.777,0
267.5,gNB_4G_1,43,15,0,256,3,21,-45.8095,39,63,31,0.470845,44.0083,ON,223.777,0.0441856
267.5,gNB_4G_2,43,15,0,256,3,26,-39.5769,63,39,19,0.325159,43.6417,ON,223.777,0.0377793
268.5,gNB_5G,43,15,10,256,3,11,0,0,0,0,0,0,ON,223.777,0
268.5,gNB_4G_1,43,15,0,256,3,21,-44.6667,39,63,31,0.470845,44.9333,ON,223.777,0.0441856
268.5,gNB_4G_2,43,15,0,256,3,26,-40.2692,63,39,19,0.324214,43.7,ON,223.777,0.0376694
269.5,gNB_5G,43,15,10,256,3,11,0,0,0,0,0,0,ON,223.777,0
269.5,gNB_4G_1,43,15,0,256,3,22,-42.6818,39,63,31,0.455773,44.1917,ON,223.777,0.044808
269.5,gNB_4G_2,43,15,0,256,3,25,-41.44,63,39,19,0.336855,42.525,ON,223.777,0.0376328
270.5,gNB_5G,43,15,10,256,3,11,0,0,0,0,0,0,ON,223.777,0
270.5,gNB_4G_1,43,15,0,256,3,22,-44,39,63,31,0.455401,46.375,ON,223.777,0.0447714
270.5,gNB_4G_2,43,15,0,256,3,25,-41.4,63,39,19,0.336527,41.3333,ON,223.777,0.0375962
271.5,gNB_5G,43,15,10,256,3,11,0,0,0,0,0,0,ON,223.777,0
271.5,gNB_4G_1,43,15,0,256,3,23,-43.4348,39,64,31,0.433107,46.9333,ON,223.777,0.0445151
271.5,gNB_4G_2,43,15,0,256,3,24,-42.9583,64,39,19,0.360107,42.5,ON,223.777,0.0386212
272.5,gNB_5G,43,15,10,256,3,11,0,0,0,0,0,0,ON,223.777,0
272.5,gNB_4G_1,43,15,0,256,3,24,-44.125,40,64,31,0.424619,48.5333,ON,223.777,0.0455401
272.5,gNB_4G_2,43,15,0,256,3,23,-43.4783,64,40,20,0.367928,47.4583,ON,223.777,0.0378159
273.5,gNB_5G,43,15,10,256,3,11,0,0,0,0,0,0,ON,223.777,0
273.5,gNB_4G_1,43,15,0,256,3,22,-43.9545,40,65,31,0.444602,52.3333,ON,223.777,0.0437097
273.5,gNB_4G_2,43,15,0,256,3,25,-42.6,65,40,20,0.353567,42.9417,ON,223.777,0.0394998
274.5,gNB_5G,43,15,10,256,3,11,0,0,0,0,0,0,ON,223.777,0
274.5,gNB_4G_1,43,15,0,256,3,22,-44,40,65,31,0.438644,50.3417,ON,223.777,0.043124
274.5,gNB_4G_2,43,15,0,256,3,25,-42.12,65,40,20,0.336527,52.9083,ON,223.777,0.0375962
275.5,gNB_5G,43,15,10,256,3,11,0,0,0,0,0,0,ON,223.777,0
275.5,gNB_4G_1,43,15,0,256,3,21,-46.5714,40,65,31,0.463823,47.0083,ON,223.777,0.0435267
275.5,gNB_4G_2,43,15,0,256,3,26,-41.3462,65,40,20,0.324844,59.85,ON,223.777,0.0377427
276.5,gNB_5G,43,15,10,256,3,11,0,0,0,0,0,0,ON,223.777,0
276.5,gNB_4G_1,43,15,0,256,3,22,-47.9545,40,65,31,0.447581,47.6917,ON,223.777,0.0440026
276.5,gNB_4G_2,43,15,0,256,3,25,-40.68,65,40,20,0.337183,44.1417,ON,223.777,0.0376694
277.5,gNB_5G,43,15,10,256,3,11,0,0,0,0,0,0,ON,223.777,0
277.5,gNB_4G_1,43,15,0,256,3,23,-46.4783,40,65,31,0.452697,47.5333,ON,223.777,0.0465285
277.5,gNB_4G_2,43,15,0,256,3,24,-39.3333,65,40,20,0.351232,41.9583,ON,223.777,0.0376694
278.5,gNB_5G,43,15,10,256,3,11,0,0,0,0,0,0,ON,223.777,0
278.5,gNB_4G_1,43,15,0,256,3,23,-46.3478,40,65,31,0.434532,45.9583,ON,223.777,0.0446615
278.5,gNB_4G_2,43,15,0,256,3,24,-38.875,65,40,20,0.352256,41,ON,223.777,0.0377793
279.5,gNB_5G,43,15,10,256,3,11,0,0,0,0,0,0,ON,223.777,0
279.5,gNB_4G_1,43,15,0,256,3,22,-46,40,66,31,0.437155,43.4083,ON,223.777,0.0429776
279.5,gNB_4G_2,43,15,0,256,3,25,-38.92,66,40,20,0.330957,41.975,ON,223.777,0.0369739
280.5,gNB_5G,43,15,10,256,3,11,0,0,0,0,0,0,ON,223.777,0
280.5,gNB_4G_1,43,15,0,256,3,22,-46.9091,40,66,31,0.430452,36.975,ON,223.777,0.0423186
280.5,gNB_4G_2,43,15,0,256,3,25,-39.2,66,40,20,0.302776,39.45,ON,223.777,0.0338256
281.5,gNB_5G,43,15,10,256,3,11,0,0,0,0,0,0,ON,223.777,0
281.5,gNB_4G_1,43,15,0,256,3,21,-47.1429,40,67,31,0.439637,39.175,ON,223.777,0.041257
281.5,gNB_4G_2,43,15,0,256,3,26,-39.8462,67,40,20,0.284199,39.0583,ON,223.777,0.0330203
282.5,gNB_5G,43,15,10,256,3,11,0,0,0,0,0,0,ON,223.777,0
282.5,gNB_4G_1,43,15,0,256,3,21,-47.7143,40,67,31,0.427544,37.4583,ON,223.777,0.0401222
282.5,gNB_4G_2,43,15,0,256,3,26,-40.3846,67,40,20,0.285145,42.1583,ON,223.777,0.0331301
283.5,gNB_5G,43,15,10,256,3,11,0,0,0,0,0,0,ON,223.777,0
283.5,gNB_4G_1,43,15,0,256,3,20,-45.2,40,68,31,0.425984,42.5833,ON,223.777,0.0380721
283.5,gNB_4G_2,43,15,0,256,3,27,-40.2593,68,40,20,0.283686,43.5917,ON,223.777,0.0342283
284.5,gNB_5G,43,15,10,256,3,11,0,0,0,0,0,0,ON,223.777,0
284.5,gNB_4G_1,43,15,0,256,3,21,-47,41,68,31,0.417402,43.5167,ON,223.777,0.0391704
284.5,gNB_4G_2,43,15,0,256,3,26,-40.1154,68,41,20,0.291761,47.05,ON,223.777,0.0338988
285.5,gNB_5G,43,15,10,256,3,11,0,0,0,0,0,0,ON,223.777,0
285.5,gNB_4G_1,43,15,0,256,3,21,-47.4762,41,68,31,0.421303,67.275,ON,223.777,0.0395364
285.5,gNB_4G_2,43,15,0,256,3,26,-40.1923,68,41,20,0.292706,44.9667,ON,223.777,0.0340087
286.5,gNB_5G,43,15,10,256,3,11,0,0,0,0,0,0,ON,223.777,0
286.5,gNB_4G_1,43,15,0,256,3,19,-46.3158,41,69,32,0.445817,35.8167,ON,223.777,0.0378525
286.5,gNB_4G_2,43,15,0,256,3,28,-37.0357,69,41,20,0.276187,42.1583,ON,223.777,0.0345578
287.5,gNB_5G,43,15,10,256,3,11,0,0,0,0,0,0,ON,223.777,0
287.5,gNB_4G_1,43,15,0,256,3,20,-46.05,42,69,32,0.419021,32.7417,ON,223.777,0.0374498
287.5,gNB_4G_2,43,15,0,256,3,27,-36.4815,69,42,20,0.281562,40.8583,ON,223.777,0.0339721
288.5,gNB_5G,43,15,10,256,3,11,0,0,0,0,0,0,ON,223.777,0
288.5,gNB_4G_1,43,15,0,256,3,20,-45.75,42,69,32,0.427622,36.675,ON,223.777,0.0382186
288.5,gNB_4G_2,43,15,0,256,3,27,-36.6296,69,42,20,0.281259,41.825,ON,223.777,0.0339354
289.5,gNB_5G,43,15,10,256,3,11,0,0,0,0,0,0,ON,223.777,0
289.5,gNB_4G_1,43,15,0,256,3,19,-44.9474,42,70,33,0.441075,35.8917,ON,223.777,0.0374498
289.5,gNB_4G_2,43,15,0,256,3,28,-36.8214,70,42,20,0.276773,43.0167,ON,223.777,0.034631
290.5,gNB_5G,43,15,10,256,3,11,0,0,0,0,0,0,ON,223.777,0
290.5,gNB_4G_1,43,15,0,256,3,19,-46.1579,42,70,33,0.442368,33.925,ON,223.777,0.0375596
290.5,gNB_4G_2,43,15,0,256,3,28,-37.1071,70,42,20,0.27765,41.5917,ON,223.777,0.0347408
291.5,gNB_5G,43,15,10,256,3,11,0,0,0,0,0,0,ON,223.777,0
291.5,gNB_4G_1,43,15,0,256,3,19,-44.8421,42,70,33,0.434176,35.4417,ON,223.777,0.0368641
291.5,gNB_4G_2,43,15,0,256,3,28,-36.8571,70,42,20,0.269458,40.6417,ON,223.777,0.0337158
292.5,gNB_5G,43,15,10,256,3,11,0,0,0,0,0,0,ON,223.777,0
292.5,gNB_4G_1,43,15,0,256,3,20,-44.95,43,70,33,0.417382,49.0667,ON,223.777,0.0373034
292.5,gNB_4G_2,43,15,0,256,3,27,-36.6296,70,43,21,0.270943,45.725,ON,223.777,0.0326908
293.5,gNB_5G,43,15,10,256,3,11,0,0,0,0,0,0,ON,223.777,0
293.5,gNB_4G_1,43,15,0,256,3,18,-44.7222,43,72,34,0.427349,36.4583,ON,223.777,0.0343747
293.5,gNB_4G_2,43,15,0,256,3,29,-38.5862,72,43,21,0.280505,41.95,ON,223.777,0.0363516
294.5,gNB_5G,43,15,10,256,3,11,0,0,0,0,0,0,ON,223.777,0
294.5,gNB_4G_1,43,15,0,256,3,18,-44.8333,43,72,34,0.42917,32.7833,ON,223.777,0.0345212
294.5,gNB_4G_2,43,15,0,256,3,29,-38.7241,72,43,21,0.274291,49.1083,ON,223.777,0.0355462
295.5,gNB_5G,43,15,10,256,3,11,0,0,0,0,0,0,ON,223.777,0
295.5,gNB_4G_1,43,15,0,256,3,20,-46.9,45,72,34,0.390758,30.4417,ON,223.777,0.0349239
295.5,gNB_4G_2,43,15,0,256,3,27,-40.1111,72,45,22,0.282776,54.0833,ON,223.777,0.0341185
296.5,gNB_5G,43,15,10,256,3,11,0,0,0,0,0,0,ON,223.777,0
296.5,gNB_4G_1,43,15,0,256,3,21,-47.9048,46,72,34,0.36708,33.5167,ON,223.777,0.034448
296.5,gNB_4G_2,43,15,0,256,3,26,-37.1154,72,46,23,0.28672,39.6333,ON,223.777,0.0333131
297.5,gNB_5G,43,15,10,256,3,11,0,0,0,0,0,0,ON,223.777,0
297.5,gNB_4G_1,43,15,0,256,3,19,-44.3158,46,74,36,0.383299,39.7333,ON,223.777,0.0325444
297.5,gNB_4G_2,43,15,0,256,3,28,-40.4643,74,46,23,0.273847,47.4417,ON,223.777,0.0342649
298.5,gNB_5G,43,15,10,256,3,11,0,0,0,0,0,0,ON,223.777,0
298.5,gNB_4G_1,43,15,0,256,3,20,-47.1,48,75,37,0.387482,38.9833,ON,223.777,0.034631
298.5,gNB_4G_2,43,15,0,256,3,27,-39.5926,75,48,24,0.271246,44.8583,ON,223.777,0.0327274
299.5,gNB_5G,43,15,10,256,3,11,0,0,0,0,0,0,ON,223.777,0
299.5,gNB_4G_1,43,15,0,256,3,20,-48.5,48,75,37,0.375603,43.2583,ON,223.777,0.0335694
299.5,gNB_4G_2,43,15,0,256,3,27,-39.6296,75,48,24,0.266695,57.275,ON,223.777,0.0321783
300.5,gNB_5G,43,15,10,256,3,11,0,0,0,0,0,0,ON,223.777,0
300.5,gNB_4G_1,43,15,0,256,3,18,-44.3333,48,77,39,0.392761,53.3083,ON,223.777,0.0315925
300.5,gNB_4G_2,43,15,0,256,3,29,-41.5517,77,48,24,0.268076,60.8667,ON,223.777,0.0347408
301.5,gNB_5G,43,15,10,256,3,11,0,0,0,0,0,0,ON,223.777,0
301.5,gNB_4G_1,43,15,0,256,3,19,-46,48,77,39,0.388904,31.3,ON,223.777,0.0330203
301.5,gNB_4G_2,43,15,0,256,3,28,-41.3571,77,48,24,0.280283,42.3083,ON,223.777,0.0350703
302.5,gNB_5G,43,15,10,256,3,11,0,0,0,0,0,0,ON,223.777,0
302.5,gNB_4G_1,43,15,0,256,3,19,-44.6842,48,77,39,0.39839,30.2917,ON,223.777,0.0338256
302.5,gNB_4G_2,43,15,0,256,3,28,-42.25,77,48,24,0.279991,43.1417,ON,223.777,0.0350337
303.5,gNB_5G,43,15,10,256,3,11,0,0,0,0,0,0,ON,223.777,0
303.5,gNB_4G_1,43,15,0,256,3,21,-45.9048,50,77,39,0.382293,37.8833,ON,223.777,0.0358757
303.5,gNB_4G_2,43,15,0,256,3,26,-40.5,77,50,25,0.279473,44.5,ON,223.777,0.0324711
304.5,gNB_5G,43,15,10,256,3,11,0,0,0,0,0,0,ON,223.777,0
304.5,gNB_4G_1,43,15,0,256,3,21,-47.2857,50,77,39,0.383854,38.0417,ON,223.777,0.0360221
304.5,gNB_4G_2,43,15,0,256,3,26,-40.9231,77,50,25,0.276007,38.7583,ON,223.777,0.0320684
305.5,gNB_5G,43,15,10,256,3,11,0,0,0,0,0,0,ON,223.777,0
305.5,gNB_4G_1,43,15,0,256,3,20,-46.9,50,78,40,0.370688,30.95,ON,223.777,0.0331301
305.5,gNB_4G_2,43,15,0,256,3,27,-42.3333,78,50,25,0.271246,36.7917,ON,223.777,0.0327274
306.5,gNB_5G,43,15,10,256,3,11,0,0,0,0,0,0,ON,223.777,0
306.5,gNB_4G_1,43,15,0,256,3,20,-47.75,50,78,40,0.351437,29.2083,ON,223.777,0.0314095
306.5,gNB_4G_2,43,15,0,256,3,27,-43.3704,78,50,25,0.270943,37.2417,ON,223.777,0.0326908
307.5,gNB_5G,43,15,10,256,3,11,0,0,0,0,0,0,ON,223.777,0
307.5,gNB_4G_1,43,15,0,256,3,20,-49.15,50,78,40,0.362906,36.2,ON,223.777,0.0324345
307.5,gNB_4G_2,43,15,0,256,3,27,-44.1111,78,50,25,0.270033,44.4167,ON,223.777,0.032581
308.5,gNB_5G,43,15,10,256,3,11,0,0,0,0,0,0,ON,223.777,0
308.5,gNB_4G_1,43,15,0,256,3,20,-45.45,51,79,41,0.387482,33.1167,ON,223.777,0.034631
308.5,gNB_4G_2,43,15,0,256,3,27,-44.2963,79,51,26,0.262751,42.8667,ON,223.777,0.0317024
309.5,gNB_5G,43,15,10,256,3,11,0,0,0,0,0,0,ON,223.777,0
309.5,gNB_4G_1,43,15,0,256,3,21,-49.9524,52,79,41,0.376442,47.9667,ON,223.777,0.0353265
309.5,gNB_4G_2,43,15,0,256,3,26,-42.6538,79,52,27,0.259938,44.7667,ON,223.777,0.0302015
310.5,gNB_5G,43,15,10,256,3,11,0,0,0,0,0,0,ON,223.777,0
310.5,gNB_4G_1,43,15,0,256,3,21,-47.8571,53,80,42,0.356157,47.8833,ON,223.777,0.0334229
310.5,gNB_4G_2,43,15,0,256,3,26,-43.6538,80,53,28,0.268761,42.65,ON,223.777,0.0312265
311.5,gNB_5G,43,15,10,256,3,11,0,0,0,0,0,0,ON,223.777,0
311.5,gNB_4G_1,43,15,0,256,3,21,-50.4762,54,80,42,0.371371,55.9083,ON,223.777,0.0348506
311.5,gNB_4G_2,43,15,0,256,3,26,-42.6538,80,54,28,0.282624,50.6583,ON,223.777,0.0328372
312.5,gNB_5G,43,15,10,256,3,11,0,0,0,0,0,0,ON,223.777,0
312.5,gNB_4G_1,43,15,0,256,3,19,-46.0526,54,82,44,0.399252,40.775,ON,223.777,0.0338988
312.5,gNB_4G_2,43,15,0,256,3,28,-46.4643,82,54,28,0.29579,43.7083,ON,223.777,0.0370105
313.5,gNB_5G,43,15,10,256,3,11,0,0,0,0,0,0,ON,223.777,0
313.5,gNB_4G_1,43,15,0,256,3,19,-47.1053,55,83,45,0.398821,31.8417,ON,223.777,0.0338622
313.5,gNB_4G_2,43,15,0,256,3,28,-46.9643,83,55,29,0.293742,50.625,ON,223.777,0.0367543
314.5,gNB_5G,43,15,10,256,3,11,0,0,0,0,0,0,ON,223.777,0
314.5,gNB_4G_1,43,15,0,256,3,20,-49.5,56,83,45,0.391168,41.5417,ON,223.777,0.0349605
314.5,gNB_4G_2,43,15,0,256,3,27,-45.1852,83,56,30,0.2849,60.325,ON,223.777,0.0343747
315.5,gNB_5G,43,15,10,256,3,11,0,0,0,0,0,0,ON,223.777,0
315.5,gNB_4G_1,43,15,0,256,3,19,-45.6842,56,84,46,0.400546,49.7167,ON,223.777,0.0340087
315.5,gNB_4G_2,43,15,0,256,3,28,-46.25,84,56,30,0.282624,40.4083,ON,223.777,0.0353632
316.5,gNB_5G,43,15,10,256,3,11,0,0,0,0,0,0,ON,223.777,0
316.5,gNB_4G_1,43,15,0,256,3,18,-42.2778,56,85,47,0.406869,29.4333,ON,223.777,0.0327274
316.5,gNB_4G_2,43,15,0,256,3,29,-48.7931,85,56,30,0.268641,38.9583,ON,223.777,0.034814
317.5,gNB_5G,43,15,10,256,3,11,0,0,0,0,0,0,ON,223.777,0
317.5,gNB_4G_1,43,15,0,256,3,18,-43.0556,56,85,47,0.402318,34.9167,ON,223.777,0.0323613
317.5,gNB_4G_2,43,15,0,256,3,29,-48.2414,85,56,30,0.254234,49.3667,ON,223.777,0.032947
318.5,gNB_5G,43,15,10,256,3,11,0,0,0,0,0,0,ON,223.777,0
318.5,gNB_4G_1,43,15,0,256,3,16,-44.8125,56,86,47,0.429056,37.975,ON,223.777,0.0306774
318.5,gNB_4G_2,43,15,0,256,3,31,-46.5161,86,56,30,0.253423,73.6667,ON,223.777,0.0351069
319.5,gNB_5G,43,15,10,256,3,11,0,0,0,0,0,0,ON,223.777,0
319.5,gNB_4G_1,43,15,0,256,3,17,-48.1765,57,86,47,0.413455,45.45,ON,223.777,0.0314095
319.5,gNB_4G_2,43,15,0,256,3,30,-45.2667,86,57,31,0.25641,47.8,ON,223.777,0.0343747
320.5,gNB_5G,43,15,10,256,3,11,0,0,0,0,0,0,ON,223.777,0
320.5,gNB_4G_1,43,15,0,256,3,16,-46.625,58,88,48,0.408064,55.35,ON,223.777,0.0291764
320.5,gNB_4G_2,43,15,0,256,3,31,-46.7097,88,58,31,0.251309,49.7833,ON,223.777,0.034814
321.5,gNB_5G,43,15,10,256,3,11,0,0,0,0,0,0,ON,223.777,0
321.5,gNB_4G_1,43,15,0,256,3,15,-46.4,58,89,49,0.419977,30.3583,ON,223.777,0.0281514
321.5,gNB_4G_2,43,15,0,256,3,32,-46.6875,89,58,31,0.251904,40.575,ON,223.777,0.0360221
322.5,gNB_5G,43,15,10,256,3,11,0,0,0,0,0,0,ON,223.777,0
322.5,gNB_4G_1,43,15,0,256,3,15,-46.7333,58,89,49,0.436907,28.5417,ON,223.777,0.0292863
322.5,gNB_4G_2,43,15,0,256,3,32,-46.4375,89,58,31,0.25088,41.3167,ON,223.777,0.0358757
323.5,gNB_5G,43,15,10,256,3,11,0,0,0,0,0,0,ON,223.777,0
323.5,gNB_4G_1,43,15,0,256,3,15,-46.6667,58,89,49,0.435814,30.1333,ON,223.777,0.029213
323.5,gNB_4G_2,43,15,0,256,3,32,-46.125,89,58,31,0.259584,41.6083,ON,223.777,0.0371203
324.5,gNB_5G,43,15,10,256,3,11,0,0,0,0,0,0,ON,223.777,0
324.5,gNB_4G_1,43,15,0,256,3,16,-48.8125,58,89,49,0.41216,32.3833,ON,223.777,0.0294693
324.5,gNB_4G_2,43,15,0,256,3,31,-44.4516,89,58,31,0.271129,42.3,ON,223.777,0.0375596
325.5,gNB_5G,43,15,10,256,3,11,0,0,0,0,0,0,ON,223.777,0
325.5,gNB_4G_1,43,15,0,256,3,16,-45.875,58,89,49,0.415232,29.6333,ON,223.777,0.0296889
325.5,gNB_4G_2,43,15,0,256,3,31,-44.7097,89,58,31,0.273507,40.8417,ON,223.777,0.0378891
326.5,gNB_5G,43,15,10,256,3,11,0,0,0,0,0,0,ON,223.777,0
326.5,gNB_4G_1,43,15,0,256,3,16,-46.375,58,89,49,0.41472,29.2917,ON,223.777,0.0296523
326.5,gNB_4G_2,43,15,0,256,3,31,-44.3226,89,58,31,0.284606,44.975,ON,223.777,0.0394266
327.5,gNB_5G,43,15,10,256,3,11,0,0,0,0,0,0,ON,223.777,0
327.5,gNB_4G_1,43,15,0,256,3,18,-43.9444,59,89,49,0.381838,33.95,ON,223.777,0.030714
327.5,gNB_4G_2,43,15,0,256,3,29,-41.2414,89,59,31,0.307624,44.8917,ON,223.777,0.0398659
328.5,gNB_5G,43,15,10,256,3,11,0,0,0,0,0,0,ON,223.777,0
328.5,gNB_4G_1,43,15,0,256,3,17,-43.6471,59,90,50,0.407672,36.2,ON,223.777,0.0309702
328.5,gNB_4G_2,43,15,0,256,3,30,-41.9333,90,59,31,0.303104,45.6833,ON,223.777,0.0406347
329.5,gNB_5G,43,15,10,256,3,11,0,0,0,0,0,0,ON,223.777,0
329.5,gNB_4G_1,43,15,0,256,3,17,-42.8824,59,90,50,0.425502,33.1167,ON,223.777,0.0323247
329.5,gNB_4G_2,43,15,0,256,3,30,-41.9333,90,59,31,0.310204,47.4,ON,223.777,0.0415865
330.5,gNB_5G,43,15,10,256,3,11,0,0,0,0,0,0,ON,223.777,0
330.5,gNB_4G_1,43,15,0,256,3,18,-45.3889,59,90,50,0.420068,42.275,ON,223.777,0.033789
330.5,gNB_4G_2,43,15,0,256,3,29,-40.8966,90,59,31,0.318641,45.9333,ON,223.777,0.0412936
331.5,gNB_5G,43,15,10,256,3,11,0,0,0,0,0,0,ON,223.777,0
331.5,gNB_4G_1,43,15,0,256,3,20,-47.6,59,90,50,0.411648,51.2583,ON,223.777,0.0367909
331.5,gNB_4G_2,43,15,0,256,3,27,-37,90,59,31,0.343154,46.5833,ON,223.777,0.0414034
332.5,gNB_5G,43,15,10,256,3,11,0,0,0,0,0,0,ON,223.777,0
332.5,gNB_4G_1,43,15,0,256,3,19,-44.7895,59,91,50,0.445386,44.35,ON,223.777,0.0378159
332.5,gNB_4G_2,43,15,0,256,3,29,-39.069,91,59,31,0.329092,47.3667,ON,223.777,0.0426481
333.5,gNB_5G,43,15,10,256,3,11,0,0,0,0,0,0,ON,223.777,0
333.5,gNB_4G_1,43,15,0,256,3,19,-44,59,91,50,0.457027,37.3167,ON,223.777,0.0388043
333.5,gNB_4G_2,43,15,0,256,3,29,-39.0345,91,59,31,0.333612,45.4583,ON,223.777,0.0432338
334.5,gNB_5G,43,15,10,256,3,11,0,0,0,0,0,0,ON,223.777,0
334.5,gNB_4G_1,43,15,0,256,3,20,-41.85,59,91,50,0.433766,37.4917,ON,223.777,0.0387677
334.5,gNB_4G_2,43,15,0,256,3,28,-40.5357,91,59,31,0.334994,50.9583,ON,223.777,0.041916
335.5,gNB_5G,43,15,10,256,3,11,0,0,0,0,0,0,ON,223.777,0
335.5,gNB_4G_1,43,15,0,256,3,20,-41.1,59,91,50,0.432128,34.8083,ON,223.777,0.0386212
335.5,gNB_4G_2,43,15,0,256,3,28,-39.9643,91,59,31,0.335287,58.3667,ON,223.777,0.0419526
336.5,gNB_5G,43,15,10,256,3,11,0,0,0,0,0,0,ON,223.777,0
336.5,gNB_4G_1,43,15,0,256,3,20,-42.15,59,91,50,0.433766,34,ON,223.777,0.0387677
336.5,gNB_4G_2,43,15,0,256,3,28,-40.2143,91,59,31,0.335579,43.55,ON,223.777,0.0419892
337.5,gNB_5G,43,15,10,256,3,11,0,0,0,0,0,0,ON,223.777,0
337.5,gNB_4G_1,43,15,0,256,3,20,-40.65,59,91,50,0.433766,35.9583,ON,223.777,0.0387677
337.5,gNB_4G_2,43,15,0,256,3,28,-39.8214,91,59,31,0.334702,57.425,ON,223.777,0.0418793
338.5,gNB_5G,43,15,10,256,3,11,0,0,0,0,0,0,ON,223.777,0
338.5,gNB_4G_1,43,15,0,256,3,20,-41.35,59,91,50,0.432538,36.5667,ON,223.777,0.0386579
338.5,gNB_4G_2,43,15,0,256,3,28,-38.6786,91,59,31,0.335287,44.3083,ON,223.777,0.0419526
339.5,gNB_5G,43,15,10,256,3,11,0,0,0,0,0,0,ON,223.777,0
339.5,gNB_4G_1,43,15,0,256,3,20,-40.6,59,91,50,0.433357,36.525,ON,223.777,0.0387311
339.5,gNB_4G_2,43,15,0,256,3,28,-38.7857,91,59,31,0.329728,43.875,ON,223.777,0.041257
340.5,gNB_5G,43,15,10,256,3,11,0,0,0,0,0,0,ON,223.777,0
340.5,gNB_4G_1,43,15,0,256,3,20,-41.5,59,91,50,0.434586,37.825,ON,223.777,0.0388409
340.5,gNB_4G_2,43,15,0,256,3,28,-38.6071,91,59,31,0.323291,42.7083,ON,223.777,0.0404516
341.5,gNB_5G,43,15,10,256,3,11,0,0,0,0,0,0,ON,223.777,0
341.5,gNB_4G_1,43,15,0,256,3,20,-40.85,59,91,50,0.42967,34.9167,ON,223.777,0.0384016
341.5,gNB_4G_2,43,15,0,256,3,28,-38.6786,91,59,31,0.322414,43.775,ON,223.777,0.0403418
342.5,gNB_5G,43,15,10,256,3,11,0,0,0,0,0,0,ON,223.777,0
342.5,gNB_4G_1,43,15,0,256,3,21,-38.619,59,91,50,0.382683,34.7,ON,223.777,0.0359123
342.5,gNB_4G_2,43,15,0,256,3,27,-39.6667,91,59,31,0.339513,42.2583,ON,223.777,0.0409641
343.5,gNB_5G,43,15,10,256,3,11,0,0,0,0,0,0,ON,223.777,0
343.5,gNB_4G_1,43,15,0,256,3,21,-36.6667,59,92,50,0.352646,32.6417,ON,223.777,0.0330935
343.5,gNB_4G_2,43,15,0,256,3,27,-40.1852,92,59,31,0.360448,42.2083,ON,223.777,0.0434901
344.5,gNB_5G,43,15,10,256,3,11,0,0,0,0,0,0,ON,223.777,0
344.5,gNB_4G_1,43,15,0,256,3,21,-37.0476,59,92,50,0.350306,31.1,ON,223.777,0.0328738
344.5,gNB_4G_2,43,15,0,256,3,27,-40.2593,92,59,31,0.359234,43.3833,ON,223.777,0.0433437
345.5,gNB_5G,43,15,10,256,3,11,0,0,0,0,0,0,ON,223.777,0
345.5,gNB_4G_1,43,15,0,256,3,23,-36,60,92,50,0.328392,30.9417,ON,223.777,0.0337524
345.5,gNB_4G_2,43,15,0,256,3,25,-41.2,92,60,31,0.367657,47.5083,ON,223.777,0.041074
346.5,gNB_5G,43,15,10,256,3,11,0,0,0,0,0,0,ON,223.777,0
346.5,gNB_4G_1,43,15,0,256,3,22,-37.2273,60,92,50,0.334755,31.3833,ON,223.777,0.0329104
346.5,gNB_4G_2,43,15,0,256,3,26,-39.6538,92,60,31,0.355092,51.775,ON,223.777,0.041257
347.5,gNB_5G,43,15,10,256,3,11,0,0,0,0,0,0,ON,223.777,0
347.5,gNB_4G_1,43,15,0,256,3,22,-35.8636,60,92,50,0.347415,32.5083,ON,223.777,0.0341551
347.5,gNB_4G_2,43,15,0,256,3,26,-40.2308,92,60,31,0.351626,41.4583,ON,223.777,0.0408543
348.5,gNB_5G,43,15,10,256,3,11,0,0,0,0,0,0,ON,223.777,0
348.5,gNB_4G_1,43,15,0,256,3,22,-37.5909,61,93,51,0.36231,35.0083,ON,223.777,0.0356194
348.5,gNB_4G_2,43,15,0,256,3,26,-39.5769,93,61,31,0.356352,40.9417,ON,223.777,0.0414034
349.5,gNB_5G,43,15,10,256,3,11,0,0,0,0,0,0,ON,223.777,0
349.5,gNB_4G_1,43,15,0,256,3,21,-39.9524,61,93,51,0.377222,32.3083,ON,223.777,0.0353998
349.5,gNB_4G_2,43,15,0,256,3,27,-37.9259,93,61,31,0.346188,39.8917,ON,223.777,0.0417695
350.5,gNB_5G,43,15,10,256,3,11,0,0,0,0,0,0,ON,223.777,0
350.5,gNB_4G_1,43,15,0,256,3,20,-38.5,61,94,52,0.386253,34.3,ON,223.777,0.0345212
350.5,gNB_4G_2,43,15,0,256,3,28,-38.5714,94,61,31,0.33675,40.775,ON,223.777,0.0421356
351.5,gNB_5G,43,15,10,256,3,11,0,0,0,0,0,0,ON,223.777,0
351.5,gNB_4G_1,43,15,0,256,3,20,-37.5,61,94,52,0.387891,31.3917,ON,223.777,0.0346676
351.5,gNB_4G_2,43,15,0,256,3,28,-38.5714,94,61,31,0.340553,41.4083,ON,223.777,0.0426115
352.5,gNB_5G,43,15,10,256,3,11,0,0,0,0,0,0,ON,223.777,0
352.5,gNB_4G_1,43,15,0,256,3,20,-38.05,61,94,52,0.387891,29.6917,ON,223.777,0.0346676
352.5,gNB_4G_2,43,15,0,256,3,28,-38.1429,94,61,31,0.337627,39.8917,ON,223.777,0.0422454
353.5,gNB_5G,43,15,10,256,3,11,0,0,0,0,0,0,ON,223.777,0
353.5,gNB_4G_1,43,15,0,256,3,20,-37.85,61,94,52,0.379699,39.1417,ON,223.777,0.0339354
353.5,gNB_4G_2,43,15,0,256,3,28,-38.4643,94,61,31,0.336457,43.6417,ON,223.777,0.042099
354.5,gNB_5G,43,15,10,256,3,11,0,0,0,0,0,0,ON,223.777,0
354.5,gNB_4G_1,43,15,0,256,3,21,-39.5238,62,94,52,0.36786,50.9417,ON,223.777,0.0345212
354.5,gNB_4G_2,43,15,0,256,3,27,-37.7407,94,62,32,0.32768,55.2083,ON,223.777,0.0395364
355.5,gNB_5G,43,15,10,256,3,11,0,0,0,0,0,0,ON,223.777,0
355.5,gNB_4G_1,43,15,0,256,3,20,-39.45,62,95,52,0.355942,42.6833,ON,223.777,0.0318122
355.5,gNB_4G_2,43,15,0,256,3,28,-38.1071,95,62,32,0.336457,72.925,ON,223.777,0.042099
356.5,gNB_5G,43,15,10,256,3,11,0,0,0,0,0,0,ON,223.777,0
356.5,gNB_4G_1,43,15,0,256,3,20,-37.05,62,95,52,0.349798,24.1083,ON,223.777,0.0312631
356.5,gNB_4G_2,43,15,0,256,3,28,-38.0357,95,62,32,0.337335,44.475,ON,223.777,0.0422088
357.5,gNB_5G,43,15,10,256,3,11,0,0,0,0,0,0,ON,223.777,0
357.5,gNB_4G_1,43,15,0,256,3,20,-38.6,62,95,52,0.346522,25.975,ON,223.777,0.0309702
357.5,gNB_4G_2,43,15,0,256,3,28,-37.6429,95,62,32,0.342309,44.2417,ON,223.777,0.0428311
358.5,gNB_5G,43,15,10,256,3,11,0,0,0,0,0,0,ON,223.777,0
358.5,gNB_4G_1,43,15,0,256,3,20,-39.95,62,95,52,0.348979,30.8083,ON,223.777,0.0311899
358.5,gNB_4G_2,43,15,0,256,3,28,-37.8929,95,62,32,0.339383,48.1,ON,223.777,0.0424651
359.5,gNB_5G,43,15,10,256,3,11,0,0,0,0,0,0,ON,223.777,0
359.5,gNB_4G_1,43,15,0,256,3,19,-36.7368,62,96,53,0.351394,23.2833,ON,223.777,0.0298354
359.5,gNB_4G_2,43,15,0,256,3,29,-38.8621,96,62,32,0.339262,42.6083,ON,223.777,0.043966
360.5,gNB_5G,43,15,10,256,3,11,0,0,0,0,0,0,ON,223.777,0
360.5,gNB_4G_1,43,15,0,256,3,19,-36.7368,62,96,53,0.352256,24.7833,ON,223.777,0.0299086
360.5,gNB_4G_2,43,15,0,256,3,29,-40.069,96,62,32,0.337002,44.125,ON,223.777,0.0436731
361.5,gNB_5G,43,15,10,256,3,11,0,0,0,0,0,0,ON,223.777,0
361.5,gNB_4G_1,43,15,0,256,3,19,-36.2105,62,96,53,0.352256,25.725,ON,223.777,0.0299086
361.5,gNB_4G_2,43,15,0,256,3,29,-40.2414,96,62,32,0.340957,46.6167,ON,223.777,0.0441856
362.5,gNB_5G,43,15,10,256,3,11,0,0,0,0,0,0,ON,223.777,0
362.5,gNB_4G_1,43,15,0,256,3,20,-37.85,63,96,53,0.342835,28.7417,ON,223.777,0.0306407
362.5,gNB_4G_2,43,15,0,256,3,28,-39.0714,96,63,32,0.352256,45.0583,ON,223.777,0.0440758
363.5,gNB_5G,43,15,10,256,3,11,0,0,0,0,0,0,ON,223.777,0
363.5,gNB_4G_1,43,15,0,256,3,20,-38.45,63,96,53,0.342835,35.15,ON,223.777,0.0306407
363.5,gNB_4G_2,43,15,0,256,3,28,-39.1429,96,63,32,0.360155,47.825,ON,223.777,0.0450642
364.5,gNB_5G,43,15,10,256,3,11,0,0,0,0,0,0,ON,223.777,0
364.5,gNB_4G_1,43,15,0,256,3,22,-37.3636,64,96,53,0.328052,31.9083,ON,223.777,0.0322515
364.5,gNB_4G_2,43,15,0,256,3,26,-38.2692,96,64,32,0.373681,45.925,ON,223.777,0.0434169
365.5,gNB_5G,43,15,10,256,3,11,0,0,0,0,0,0,ON,223.777,0
365.5,gNB_4G_1,43,15,0,256,3,21,-32.7619,64,96,53,0.347185,36.375,ON,223.777,0.032581
365.5,gNB_4G_2,43,15,0,256,3,27,-40.1481,96,64,32,0.358931,47.35,ON,223.777,0.0433071
366.5,gNB_5G,43,15,10,256,3,11,0,0,0,0,0,0,ON,223.777,0
366.5,gNB_4G_1,43,15,0,256,3,22,-38.1818,64,96,53,0.342575,44.95,ON,223.777,0.0336792
366.5,gNB_4G_2,43,15,0,256,3,26,-38.3462,96,64,32,0.364859,52.725,ON,223.777,0.0423919
367.5,gNB_5G,43,15,10,256,3,11,0,0,0,0,0,0,ON,223.777,0
367.5,gNB_4G_1,43,15,0,256,3,22,-39.3182,64,96,53,0.346298,53.9417,ON,223.777,0.0340453
367.5,gNB_4G_2,43,15,0,256,3,26,-38.0385,96,64,32,0.364544,51.8333,ON,223.777,0.0423552
368.5,gNB_5G,43,15,10,256,3,11,0,0,0,0,0,0,ON,223.777,0
368.5,gNB_4G_1,43,15,0,256,3,22,-35.1364,64,97,54,0.332148,31.9333,ON,223.777,0.0326542
368.5,gNB_4G_2,43,15,0,256,3,26,-39.8462,97,64,32,0.375887,46.6833,ON,223.777,0.0436731
369.5,gNB_5G,43,15,10,256,3,11,0,0,0,0,0,0,ON,223.777,0
369.5,gNB_4G_1,43,15,0,256,3,23,-33.2609,64,97,54,0.316639,30.7667,ON,223.777,0.0325444
369.5,gNB_4G_2,43,15,0,256,3,25,-41.12,97,64,32,0.388628,46.8667,ON,223.777,0.0434169
370.5,gNB_5G,43,15,10,256,3,11,0,0,0,0,0,0,ON,223.777,0
370.5,gNB_4G_1,43,15,0,256,3,23,-33.6087,64,97,54,0.316639,33.2583,ON,223.777,0.0325444
370.5,gNB_4G_2,43,15,0,256,3,25,-41.32,97,64,32,0.391578,46.5333,ON,223.777,0.0437463
371.5,gNB_5G,43,15,10,256,3,11,0,0,0,0,0,0,ON,223.777,0
371.5,gNB_4G_1,43,15,0,256,3,23,-35.8261,64,98,54,0.303104,49.125,ON,223.777,0.0311533
371.5,gNB_4G_2,43,15,0,256,3,25,-38.56,98,64,32,0.408289,49.425,ON,223.777,0.0456133
372.5,gNB_5G,43,15,10,256,3,11,0,0,0,0,0,0,ON,223.777,0
372.5,gNB_4G_1,43,15,0,256,3,23,-32.8696,64,98,54,0.3202,29.5083,ON,223.777,0.0329104
372.5,gNB_4G_2,43,15,0,256,3,25,-38.92,98,64,32,0.4096,48.9417,ON,223.777,0.0457598
373.5,gNB_5G,43,15,10,256,3,11,0,0,0,0,0,0,ON,223.777,0
373.5,gNB_4G_1,43,15,0,256,3,22,-33.9545,64,98,54,0.334383,28.6333,ON,223.777,0.0328738
373.5,gNB_4G_2,43,15,0,256,3,26,-37.5769,98,64,32,0.376517,44.675,ON,223.777,0.0437463
374.5,gNB_5G,43,15,10,256,3,11,0,0,0,0,0,0,ON,223.777,0
374.5,gNB_4G_1,43,15,0,256,3,21,-35.0952,64,98,54,0.336652,29.075,ON,223.777,0.0315925
374.5,gNB_4G_2,43,15,0,256,3,27,-36.1111,98,64,32,0.355897,41.8833,ON,223.777,0.042941
375.5,gNB_5G,43,15,10,256,3,11,0,0,0,0,0,0,ON,223.777,0
375.5,gNB_4G_1,43,15,0,256,3,21,-36.0476,64,98,54,0.324949,29.575,ON,223.777,0.0304943
375.5,gNB_4G_2,43,15,0,256,3,27,-36.6296,98,64,32,0.352559,44.3083,ON,223.777,0.0425383
376.5,gNB_5G,43,15,10,256,3,11,0,0,0,0,0,0,ON,223.777,0
376.5,gNB_4G_1,43,15,0,256,3,22,-36.7727,64,98,54,0.311668,29.2167,ON,223.777,0.0306407
376.5,gNB_4G_2,43,15,0,256,3,26,-35.7692,98,64,32,0.368325,42.7833,ON,223.777,0.0427945
377.5,gNB_5G,43,15,10,256,3,11,0,0,0,0,0,0,ON,223.777,0
377.5,gNB_4G_1,43,15,0,256,3,22,-36.0455,64,98,54,0.317254,31,ON,223.777,0.0311899
377.5,gNB_4G_2,43,15,0,256,3,26,-36.7692,98,64,32,0.365804,44.0083,ON,223.777,0.0425017
378.5,gNB_5G,43,15,10,256,3,11,0,0,0,0,0,0,ON,223.777,0
378.5,gNB_4G_1,43,15,0,256,3,22,-36.6818,64,98,54,0.311668,31.9667,ON,223.777,0.0306407
378.5,gNB_4G_2,43,15,0,256,3,26,-37.5,98,64,32,0.368325,44.9833,ON,223.777,0.0427945
379.5,gNB_5G,43,15,10,256,3,11,0,0,0,0,0,0,ON,223.777,0
379.5,gNB_4G_1,43,15,0,256,3,20,-35.95,64,100,54,0.302694,43.175,ON,223.777,0.0270532
379.5,gNB_4G_2,43,15,0,256,3,28,-37.3571,100,64,32,0.367177,46.6083,ON,223.777,0.0459428
380.5,gNB_5G,43,15,10,256,3,11,0,0,0,0,0,0,ON,223.777,0
380.5,gNB_4G_1,43,15,0,256,3,20,-35.95,64,100,54,0.303923,25.05,ON,223.777,0.027163
380.5,gNB_4G_2,43,15,0,256,3,28,-38,100,64,32,0.373029,46.175,ON,223.777,0.046675
381.5,gNB_5G,43,15,10,256,3,11,0,0,0,0,0,0,ON,223.777,0
381.5,gNB_4G_1,43,15,0,256,3,21,-36.7619,65,100,54,0.308565,27.7583,ON,223.777,0.0289568
381.5,gNB_4G_2,43,15,0,256,3,27,-37.3333,100,65,32,0.369854,45.35,ON,223.777,0.0446249
382.5,gNB_5G,43,15,10,256,3,11,0,0,0,0,0,0,ON,223.777,0
382.5,gNB_4G_1,43,15,0,256,3,21,-36.2381,65,101,54,0.299203,42.7,ON,223.777,0.0280782
382.5,gNB_4G_2,43,15,0,256,3,27,-37.7778,101,65,32,0.371067,57.4917,ON,223.777,0.0447714
383.5,gNB_5G,43,15,10,256,3,11,0,0,0,0,0,0,ON,223.777,0
383.5,gNB_4G_1,43,15,0,256,3,21,-36.2381,66,102,55,0.282429,38.3167,ON,223.777,0.0265041
383.5,gNB_4G_2,43,15,0,256,3,27,-36.8889,102,66,33,0.384721,59.7417,ON,223.777,0.0464187
384.5,gNB_5G,43,15,10,256,3,11,0,0,0,0,0,0,ON,223.777,0
384.5,gNB_4G_1,43,15,0,256,3,23,-39.2609,68,102,55,0.324118,32.975,ON,223.777,0.0333131
384.5,gNB_4G_2,43,15,0,256,3,25,-36.12,102,68,33,0.377815,48.6167,ON,223.777,0.0422088
385.5,gNB_5G,43,15,10,256,3,11,0,0,0,0,0,0,ON,223.777,0
385.5,gNB_4G_1,43,15,0,256,3,24,-38.5,69,102,55,0.335872,34.4833,ON,223.777,0.0360221
385.5,gNB_4G_2,43,15,0,256,3,24,-35.9583,102,69,33,0.372736,48.1917,ON,223.777,0.0399757
386.5,gNB_5G,43,15,10,256,3,11,0,0,0,0,0,0,ON,223.777,0
386.5,gNB_4G_1,43,15,0,256,3,23,-37.5217,70,103,56,0.354749,37.675,ON,223.777,0.0364614
386.5,gNB_4G_2,43,15,0,256,3,25,-34.04,103,70,33,0.355533,53.5667,ON,223.777,0.0397195
387.5,gNB_5G,43,15,10,256,3,11,0,0,0,0,0,0,ON,223.777,0
387.5,gNB_4G_1,43,15,0,256,3,23,-37.3913,71,104,57,0.351544,45.6417,ON,223.777,0.0361319
387.5,gNB_4G_2,43,15,0,256,3,25,-34.24,104,71,34,0.374211,66.35,ON,223.777,0.0418061
388.5,gNB_5G,43,15,10,256,3,11,0,0,0,0,0,0,ON,223.777,0
388.5,gNB_4G_1,43,15,0,256,3,23,-37.9565,71,104,57,0.351544,32.1167,ON,223.777,0.0361319
388.5,gNB_4G_2,43,15,0,256,3,25,-34.48,104,71,34,0.385679,48.9667,ON,223.777,0.0430874
389.5,gNB_5G,43,15,10,256,3,11,0,0,0,0,0,0,ON,223.777,0
389.5,gNB_4G_1,43,15,0,256,3,25,-39.2,72,104,57,0.353894,38.3833,ON,223.777,0.0395364
389.5,gNB_4G_2,43,15,0,256,3,24,-34.375,104,72,34,0.372736,47.825,ON,223.777,0.0399757
390.5,gNB_5G,43,15,10,256,3,11,0,0,0,0,0,0,ON,223.777,0
390.5,gNB_4G_1,43,15,0,256,3,24,-39.6667,72,105,58,0.360448,43.6,ON,223.777,0.0386579
390.5,gNB_4G_2,43,15,0,256,3,25,-35.56,105,72,34,0.37716,53.925,ON,223.777,0.0421356
391.5,gNB_5G,43,15,10,256,3,11,0,0,0,0,0,0,ON,223.777,0
391.5,gNB_4G_1,43,15,0,256,3,24,-39.75,72,105,58,0.359765,35.5083,ON,223.777,0.0385846
391.5,gNB_4G_2,43,15,0,256,3,25,-34.96,105,72,34,0.386662,50,ON,223.777,0.0431972
392.5,gNB_5G,43,15,10,256,3,11,0,0,0,0,0,0,ON,223.777,0
392.5,gNB_4G_1,43,15,0,256,3,24,-39.5417,72,105,58,0.359083,33.225,ON,223.777,0.0385114
392.5,gNB_4G_2,43,15,0,256,3,25,-35.52,105,72,34,0.38273,49.4667,ON,223.777,0.0427579
393.5,gNB_5G,43,15,10,256,3,11,0,0,0,0,0,0,ON,223.777,0
393.5,gNB_4G_1,43,15,0,256,3,25,-40.84,73,105,58,0.354877,48.575,ON,223.777,0.0396463
393.5,gNB_4G_2,43,15,0,256,3,24,-33.875,105,73,35,0.379904,70.7167,ON,223.777,0.0407445
394.5,gNB_5G,43,15,10,256,3,11,0,0,0,0,0,0,ON,223.777,0
394.5,gNB_4G_1,43,15,0,256,3,22,-40.6818,73,107,59,0.360076,60.55,ON,223.777,0.0353998
394.5,gNB_4G_2,43,15,0,256,3,27,-36.0741,107,73,35,0.365909,69.5833,ON,223.777,0.044149
395.5,gNB_5G,43,15,10,256,3,11,0,0,0,0,0,0,ON,223.777,0
395.5,gNB_4G_1,43,15,0,256,3,21,-41.2857,73,108,59,0.360058,47.1167,ON,223.777,0.033789
395.5,gNB_4G_2,43,15,0,256,3,28,-35.7857,108,73,35,0.367177,69.625,ON,223.777,0.0459428
396.5,gNB_5G,43,15,10,256,3,11,0,0,0,0,0,0,ON,223.777,0
396.5,gNB_4G_1,43,15,0,256,3,20,-41,73,109,59,0.342426,42,ON,223.777,0.0306041
396.5,gNB_4G_2,43,15,0,256,3,29,-33.8966,109,73,35,0.356493,52.925,ON,223.777,0.0461991
397.5,gNB_5G,43,15,10,256,3,11,0,0,0,0,0,0,ON,223.777,0
397.5,gNB_4G_1,43,15,0,256,3,18,-36.5556,73,111,59,0.362724,38.0667,ON,223.777,0.0291764
397.5,gNB_4G_2,43,15,0,256,3,31,-35.7097,111,73,35,0.357805,53.4,ON,223.777,0.049567
398.5,gNB_5G,43,15,10,256,3,11,0,0,0,0,0,0,ON,223.777,0
398.5,gNB_4G_1,43,15,0,256,3,19,-38.6316,74,111,59,0.338459,30.225,ON,223.777,0.0287371
398.5,gNB_4G_2,43,15,0,256,3,30,-33.9,111,74,36,0.368913,52.9917,ON,223.777,0.0494572
399.5,gNB_5G,43,15,10,256,3,11,0,0,0,0,0,0,ON,223.777,0
399.5,gNB_4G_1,43,15,0,256,3,18,-33.8333,74,112,59,0.337692,40.3833,ON,223.777,0.027163
399.5,gNB_4G_2,43,15,0,256,3,31,-34.7097,112,74,36,0.362034,60.2667,ON,223.777,0.0501527
400.5,gNB_5G,43,15,10,256,3,11,0,0,0,0,0,0,ON,223.777,0
400.5,gNB_4G_1,43,15,0,256,3,18,-37.2778,74,112,59,0.339058,29.5167,ON,223.777,0.0272728
400.5,gNB_4G_2,43,15,0,256,3,31,-34.9677,112,74,36,0.362562,50.8583,ON,223.777,0.0502259
401.5,gNB_5G,43,15,10,256,3,11,0,0,0,0,0,0,ON,223.777,0
401.5,gNB_4G_1,43,15,0,256,3,18,-37.4444,74,112,59,0.341333,38.3083,ON,223.777,0.0274559
401.5,gNB_4G_2,43,15,0,256,3,31,-34.5161,112,74,36,0.357541,54.125,ON,223.777,0.0495304
402.5,gNB_5G,43,15,10,256,3,11,0,0,0,0,0,0,ON,223.777,0
402.5,gNB_4G_1,43,15,0,256,3,20,-38.15,74,112,59,0.323174,32.1417,ON,223.777,0.0288836
402.5,gNB_4G_2,43,15,0,256,3,29,-33.931,112,74,36,0.381352,52.2917,ON,223.777,0.0494206
403.5,gNB_5G,43,15,10,256,3,11,0,0,0,0,0,0,ON,223.777,0
403.5,gNB_4G_1,43,15,0,256,3,20,-36.2,74,112,59,0.335462,29.4083,ON,223.777,0.0299818
403.5,gNB_4G_2,43,15,0,256,3,29,-34.2069,112,74,36,0.382199,51.0917,ON,223.777,0.0495304
404.5,gNB_5G,43,15,10,256,3,11,0,0,0,0,0,0,ON,223.777,0
404.5,gNB_4G_1,43,15,0,256,3,20,-35.75,74,112,59,0.333414,27.3667,ON,223.777,0.0297988
404.5,gNB_4G_2,43,15,0,256,3,29,-33.4483,112,74,36,0.382482,48.5,ON,223.777,0.049567
405.5,gNB_5G,43,15,10,256,3,11,0,0,0,0,0,0,ON,223.777,0
405.5,gNB_4G_1,43,15,0,256,3,22,-34.3182,75,112,59,0.309434,27.8083,ON,223.777,0.0304211
405.5,gNB_4G_2,43,15,0,256,3,27,-30.7037,112,75,36,0.398677,47.4583,ON,223.777,0.0481027
406.5,gNB_5G,43,15,10,256,3,11,0,0,0,0,0,0,ON,223.777,0
406.5,gNB_4G_1,43,15,0,256,3,21,-36.4762,75,112,59,0.318318,26.0667,ON,223.777,0.029872
406.5,gNB_4G_2,43,15,0,256,3,28,-30,112,75,36,0.384439,41.3583,ON,223.777,0.0481027
407.5,gNB_5G,43,15,10,256,3,11,0,0,0,0,0,0,ON,223.777,0
407.5,gNB_4G_1,43,15,0,256,3,20,-36.85,75,112,59,0.332595,28.5,ON,223.777,0.0297255
407.5,gNB_4G_2,43,15,0,256,3,29,-30.1379,112,75,36,0.374007,44.2833,ON,223.777,0.0484688
408.5,gNB_5G,43,15,10,256,3,11,0,0,0,0,0,0,ON,223.777,0
408.5,gNB_4G_1,43,15,0,256,3,19,-34.9474,75,113,59,0.307847,32.4667,ON,223.777,0.026138
408.5,gNB_4G_2,43,15,0,256,3,30,-31.6667,113,75,36,0.374921,44.1333,ON,223.777,0.0502625
409.5,gNB_5G,43,15,10,256,3,11,0,0,0,0,0,0,ON,223.777,0
409.5,gNB_4G_1,43,15,0,256,3,19,-35.2632,75,113,59,0.310003,23.6083,ON,223.777,0.026321
409.5,gNB_4G_2,43,15,0,256,3,30,-31.7667,113,75,36,0.376559,43.6333,ON,223.777,0.0504822
410.5,gNB_5G,43,15,10,256,3,11,0,0,0,0,0,0,ON,223.777,0
410.5,gNB_4G_1,43,15,0,256,3,20,-34.15,75,113,59,0.304742,24.3583,ON,223.777,0.0272362
410.5,gNB_4G_2,43,15,0,256,3,29,-32.8276,113,75,36,0.389544,44.4333,ON,223.777,0.0504822
411.5,gNB_5G,43,15,10,256,3,11,0,0,0,0,0,0,ON,223.777,0
411.5,gNB_4G_1,43,15,0,256,3,19,-33.8421,75,114,59,0.287151,37,ON,223.777,0.0243808
411.5,gNB_4G_2,43,15,0,256,3,30,-32.9,114,75,36,0.389666,44.7917,ON,223.777,0.0522394
412.5,gNB_5G,43,15,10,256,3,11,0,0,0,0,0,0,ON,223.777,0
412.5,gNB_4G_1,43,15,0,256,3,19,-33.1579,75,114,59,0.28672,21.5167,ON,223.777,0.0243442
412.5,gNB_4G_2,43,15,0,256,3,30,-33.0667,114,75,36,0.397039,46,ON,223.777,0.0532278
413.5,gNB_5G,43,15,10,256,3,11,0,0,0,0,0,0,ON,223.777,0
413.5,gNB_4G_1,43,15,0,256,3,19,-30.8421,75,114,59,0.296205,22.775,ON,223.777,0.0251496
413.5,gNB_4G_2,43,15,0,256,3,30,-32.9667,114,75,36,0.393489,48.1833,ON,223.777,0.0527519
414.5,gNB_5G,43,15,10,256,3,11,0,0,0,0,0,0,ON,223.777,0
414.5,gNB_4G_1,43,15,0,256,3,19,-32.3684,75,114,59,0.308709,26.7,ON,223.777,0.0262112
414.5,gNB_4G_2,43,15,0,256,3,30,-33.2333,114,75,36,0.397585,50.85,ON,223.777,0.053301
415.5,gNB_5G,43,15,10,256,3,11,0,0,0,0,0,0,ON,223.777,0
415.5,gNB_4G_1,43,15,0,256,3,22,-32.7273,75,114,59,0.293423,25.175,ON,223.777,0.028847
415.5,gNB_4G_2,43,15,0,256,3,29,-35.069,114,75,36,0.40847,47.2083,ON,223.777,0.0529349
416.5,gNB_5G,43,15,10,256,3,11,0,0,0,0,0,0,ON,223.777,0
416.5,gNB_4G_1,43,15,0,256,3,23,-33.2174,75,114,59,0.316639,26.8417,ON,223.777,0.0325444
416.5,gNB_4G_2,43,15,0,256,3,29,-35.5172,114,75,36,0.410447,48.3417,ON,223.777,0.0531912
417.5,gNB_5G,43,15,10,256,3,11,0,0,0,0,0,0,ON,223.777,0
417.5,gNB_4G_1,43,15,0,256,3,23,-32.913,75,114,59,0.325543,28.1,ON,223.777,0.0334595
417.5,gNB_4G_2,43,15,0,256,3,29,-35.7931,114,75,36,0.4096,51.775,ON,223.777,0.0530813
418.5,gNB_5G,43,15,10,256,3,11,0,0,0,0,0,0,ON,223.777,0
418.5,gNB_4G_1,43,15,0,256,3,23,-32.913,75,114,59,0.325543,27.525,ON,223.777,0.0334595
418.5,gNB_4G_2,43,15,0,256,3,29,-36.0345,114,75,36,0.409882,51.8833,ON,223.777,0.0531179
419.5,gNB_5G,43,15,10,256,3,11,0,0,0,0,0,0,ON,223.777,0
419.5,gNB_4G_1,43,15,0,256,3,23,-32.4348,75,114,59,0.314145,28,ON,223.777,0.0322881
419.5,gNB_4G_2,43,15,0,256,3,29,-35.7586,114,75,36,0.410165,49.5,ON,223.777,0.0531546
420.5,gNB_5G,43,15,10,256,3,11,0,0,0,0,0,0,ON,223.777,0
420.5,gNB_4G_1,43,15,0,256,3,22,-31.7727,75,115,59,0.31353,24.0833,ON,223.777,0.0308238
420.5,gNB_4G_2,43,15,0,256,3,30,-35.7,115,75,36,0.4025,49.5083,ON,223.777,0.0539599
421.5,gNB_5G,43,15,10,256,3,11,0,0,0,0,0,0,ON,223.777,0
421.5,gNB_4G_1,43,15,0,256,3,22,-32.5455,75,115,59,0.315392,24.1,ON,223.777,0.0310068
421.5,gNB_4G_2,43,15,0,256,3,30,-34.8333,115,75,36,0.4025,48.9083,ON,223.777,0.0539599
422.5,gNB_5G,43,15,10,256,3,11,0,0,0,0,0,0,ON,223.777,0
422.5,gNB_4G_1,43,15,0,256,3,23,-34.4348,76,115,59,0.320557,32.7917,ON,223.777,0.032947
422.5,gNB_4G_2,43,15,0,256,3,29,-34.7241,115,76,36,0.396041,49.4083,ON,223.777,0.0513242
423.5,gNB_5G,43,15,10,256,3,11,0,0,0,0,0,0,ON,223.777,0
423.5,gNB_4G_1,43,15,0,256,3,22,-33.3182,77,116,60,0.323956,40.3917,ON,223.777,0.0318488
423.5,gNB_4G_2,43,15,0,256,3,30,-35.1667,116,77,36,0.396493,55.125,ON,223.777,0.0531546
424.5,gNB_5G,43,15,10,256,3,11,0,0,0,0,0,0,ON,223.777,0
424.5,gNB_4G_1,43,15,0,256,3,21,-32.1429,77,117,61,0.330411,35.3917,ON,223.777,0.0310068
424.5,gNB_4G_2,43,15,0,256,3,31,-36.3548,117,77,36,0.402465,54.1583,ON,223.777,0.0557537
425.5,gNB_5G,43,15,10,256,3,11,0,0,0,0,0,0,ON,223.777,0
425.5,gNB_4G_1,43,15,0,256,3,21,-31.7619,77,117,61,0.32807,22.9583,ON,223.777,0.0307872
425.5,gNB_4G_2,43,15,0,256,3,31,-36.129,117,77,36,0.408543,48.5083,ON,223.777,0.0565957
426.5,gNB_5G,43,15,10,256,3,11,0,0,0,0,0,0,ON,223.777,0
426.5,gNB_4G_1,43,15,0,256,3,21,-32.381,77,117,61,0.330021,22.525,ON,223.777,0.0309702
426.5,gNB_4G_2,43,15,0,256,3,31,-36.0968,117,77,36,0.407486,50.2833,ON,223.777,0.0564493
427.5,gNB_5G,43,15,10,256,3,11,0,0,0,0,0,0,ON,223.777,0
427.5,gNB_4G_1,43,15,0,256,3,21,-31.0952,77,117,61,0.32846,22.6833,ON,223.777,0.0308238
427.5,gNB_4G_2,43,15,0,256,3,31,-35.7742,117,77,36,0.408807,49.4583,ON,223.777,0.0566323
428.5,gNB_5G,43,15,10,256,3,11,0,0,0,0,0,0,ON,223.777,0
428.5,gNB_4G_1,43,15,0,256,3,21,-32.3333,77,117,61,0.32885,23.4417,ON,223.777,0.0308604
428.5,gNB_4G_2,43,15,0,256,3,31,-35.8065,117,77,36,0.406693,50.9583,ON,223.777,0.0563394
429.5,gNB_5G,43,15,10,256,3,11,0,0,0,0,0,0,ON,223.777,0
429.5,gNB_4G_1,43,15,0,256,3,21,-31.4286,78,117,61,0.324169,26.525,ON,223.777,0.0304211
429.5,gNB_4G_2,43,15,0,256,3,31,-37.4839,117,78,37,0.403522,55.2917,ON,223.777,0.0559001
430.5,gNB_5G,43,15,10,256,3,11,0,0,0,0,0,0,ON,223.777,0
430.5,gNB_4G_1,43,15,0,256,3,23,-34.5652,78,117,61,0.322337,35.85,ON,223.777,0.0331301
430.5,gNB_4G_2,43,15,0,256,3,30,-36.3333,117,78,37,0.39977,55.9833,ON,223.777,0.0535938
431.5,gNB_5G,43,15,10,256,3,11,0,0,0,0,0,0,ON,223.777,0
431.5,gNB_4G_1,43,15,0,256,3,22,-33.3636,78,118,62,0.337361,39.2583,ON,223.777,0.0331667
431.5,gNB_4G_2,43,15,0,256,3,31,-36.9355,118,78,37,0.404051,57.0333,ON,223.777,0.0559734
432.5,gNB_5G,43,15,10,256,3,11,0,0,0,0,0,0,ON,223.777,0
432.5,gNB_4G_1,43,15,0,256,3,22,-32.3182,78,118,62,0.332893,27.0083,ON,223.777,0.0327274
432.5,gNB_4G_2,43,15,0,256,3,31,-37.1613,118,78,37,0.405372,57.3167,ON,223.777,0.0561564
433.5,gNB_5G,43,15,10,256,3,12,0,0,0,0,0,0,ON,223.777,0
433.5,gNB_4G_1,43,15,0,256,3,22,-32.2273,78,118,62,0.315392,26.9,ON,223.777,0.0310068
433.5,gNB_4G_2,43,15,0,256,3,31,-37.6452,118,78,37,0.409071,56.7417,ON,223.777,0.0566689
434.5,gNB_5G,43,15,10,256,3,12,0,0,0,0,0,0,ON,223.777,0
434.5,gNB_4G_1,43,15,0,256,3,22,-31.2727,78,118,62,0.337734,24.3667,ON,223.777,0.0332033
434.5,gNB_4G_2,43,15,0,256,3,31,-37.1613,118,78,37,0.403258,54.2583,ON,223.777,0.0558635
435.5,gNB_5G,43,15,10,256,3,12,0,0,0,0,0,0,ON,223.777,0
435.5,gNB_4G_1,43,15,0,256,3,22,-30.8182,78,118,62,0.336617,24.9167,ON,223.777,0.0330935
435.5,gNB_4G_2,43,15,0,256,3,31,-36.7097,118,78,37,0.408807,55.1,ON,223.777,0.0566323
436.5,gNB_5G,43,15,10,256,3,12,0,0,0,0,0,0,ON,223.777,0
436.5,gNB_4G_1,43,15,0,256,3,22,-30,78,118,62,0.338851,25.5583,ON,223.777,0.0333131
436.5,gNB_4G_2,43,15,0,256,3,31,-36.7097,118,78,37,0.408543,54.2083,ON,223.777,0.0565957
437.5,gNB_5G,43,15,10,256,3,12,0,0,0,0,0,0,ON,223.777,0
437.5,gNB_4G_1,43,15,0,256,3,22,-31.3182,78,118,62,0.332148,25.4583,ON,223.777,0.0326542
437.5,gNB_4G_2,43,15,0,256,3,31,-37.871,118,78,37,0.403786,57.9667,ON,223.777,0.0559367
438.5,gNB_5G,43,15,10,256,3,12,0,0,0,0,0,0,ON,223.777,0
438.5,gNB_4G_1,43,15,0,256,3,23,-33.7826,79,118,62,0.33231,30.6333,ON,223.777,0.0341551
438.5,gNB_4G_2,43,15,0,256,3,30,-37.7333,118,79,38,0.392124,65,ON,223.777,0.0525688
439.5,gNB_5G,43,15,10,256,3,12,0,0,0,0,0,0,ON,223.777,0
439.5,gNB_4G_1,43,15,0,256,3,22,-31.5,79,118,62,0.339223,37.7417,ON,223.777,0.0333497
439.5,gNB_4G_2,43,15,0,256,3,31,-39.0968,118,79,38,0.399822,55.6,ON,223.777,0.0553876
440.5,gNB_5G,43,15,10,256,3,12,0,0,0,0,0,0,ON,223.777,0
440.5,gNB_4G_1,43,15,0,256,3,22,-34.5455,79,119,62,0.345181,55.075,ON,223.777,0.0339354
440.5,gNB_4G_2,43,15,0,256,3,31,-36.6452,119,79,38,0.392952,49.425,ON,223.777,0.0544358
441.5,gNB_5G,43,15,10,256,3,12,0,0,0,0,0,0,ON,223.777,0
441.5,gNB_4G_1,43,15,0,256,3,21,-31.8095,79,120,63,0.344454,37.1667,ON,223.777,0.0323247
441.5,gNB_4G_2,43,15,0,256,3,32,-39.5938,120,79,38,0.39552,51.0917,ON,223.777,0.0565591
442.5,gNB_5G,43,15,10,256,3,12,0,0,0,0,0,0,ON,223.777,0
442.5,gNB_4G_1,43,15,0,256,3,21,-32.6667,79,120,63,0.32768,37.05,ON,223.777,0.0307506
442.5,gNB_4G_2,43,15,0,256,3,32,-40.1562,120,79,38,0.393216,53.3917,ON,223.777,0.0562296
443.5,gNB_5G,43,15,10,256,3,12,0,0,0,0,0,0,ON,223.777,0
443.5,gNB_4G_1,43,15,0,256,3,21,-30.7619,79,121,63,0.318318,67.4583,ON,223.777,0.029872
443.5,gNB_4G_2,43,15,0,256,3,33,-40.1818,121,79,38,0.372612,59.7417,ON,223.777,0.0549483
444.5,gNB_5G,43,15,10,256,3,12,0,0,0,0,0,0,ON,223.777,0
444.5,gNB_4G_1,43,15,0,256,3,21,-28.6667,79,121,63,0.337042,28.5667,ON,223.777,0.0316292
444.5,gNB_4G_2,43,15,0,256,3,33,-40.2121,121,79,38,0.401656,56.025,ON,223.777,0.0592315
445.5,gNB_5G,43,15,10,256,3,13,0,0,0,0,0,0,ON,223.777,0
445.5,gNB_4G_1,43,15,0,256,3,22,-29.4091,79,121,63,0.337734,27.2583,ON,223.777,0.0332033
445.5,gNB_4G_2,43,15,0,256,3,33,-45,121,79,38,0.390734,59.9333,ON,223.777,0.0576207
446.5,gNB_5G,43,15,10,256,3,13,0,0,0,0,0,0,ON,223.777,0
446.5,gNB_4G_1,43,15,0,256,3,30,-37.8333,87,121,63,0.391031,43.6333,ON,223.777,0.0524224
446.5,gNB_4G_2,43,15,0,256,3,25,-37.68,121,87,38,0.343409,62.475,ON,223.777,0.038365
447.5,gNB_5G,43,15,10,256,3,13,0,0,0,0,0,0,ON,223.777,0
447.5,gNB_4G_1,43,15,0,256,3,30,-38.9667,87,121,63,0.37929,56.85,ON,223.777,0.0508483
447.5,gNB_4G_2,43,15,0,256,3,25,-36.76,121,87,38,0.351928,41.6,ON,223.777,0.0393168
448.5,gNB_5G,43,15,10,256,3,13,0,0,0,0,0,0,ON,223.777,0
448.5,gNB_4G_1,43,15,0,256,3,23,-33.8696,87,128,70,0.346557,64.7,ON,223.777,0.0356194
448.5,gNB_4G_2,43,15,0,256,3,32,-39.4375,128,87,38,0.36864,49.8917,ON,223.777,0.0527153
449.5,gNB_5G,43,15,10,256,3,13,0,0,0,0,0,0,ON,223.777,0
449.5,gNB_4G_1,43,15,0,256,3,22,-32.8636,87,129,71,0.31986,33.4333,ON,223.777,0.0314461
449.5,gNB_4G_2,43,15,0,256,3,33,-39.3939,129,87,38,0.399174,52.1583,ON,223.777,0.0588654
450.5,gNB_5G,43,15,10,256,3,13,0,0,0,0,0,0,ON,223.777,0
450.5,gNB_4G_1,43,15,0,256,3,21,-30.1905,87,129,71,0.349525,25.9917,ON,223.777,0.0328006
450.5,gNB_4G_2,43,15,0,256,3,34,-40.7059,129,87,38,0.402372,48.4417,ON,223.777,0.0611351
451.5,gNB_5G,43,15,10,256,3,13,0,0,0,0,0,0,ON,223.777,0
451.5,gNB_4G_1,43,15,0,256,3,22,-32.0909,87,129,71,0.36231,27.55,ON,223.777,0.0356194
451.5,gNB_4G_2,43,15,0,256,3,33,-38.2121,129,87,38,0.400663,53.475,ON,223.777,0.059085
452.5,gNB_5G,43,15,10,256,3,13,0,0,0,0,0,0,ON,223.777,0
452.5,gNB_4G_1,43,15,0,256,3,23,-32.6957,88,129,71,0.353681,41.9083,ON,223.777,0.0363516
452.5,gNB_4G_2,43,15,0,256,3,32,-39.2188,129,88,38,0.366848,60.6417,ON,223.777,0.052459
453.5,gNB_5G,43,15,10,256,3,13,0,0,0,0,0,0,ON,223.777,0
453.5,gNB_4G_1,43,15,0,256,3,29,-39.2759,94,129,71,0.338979,60.2,ON,223.777,0.0439294
453.5,gNB_4G_2,43,15,0,256,3,28,-40.75,129,94,44,0.330898,69.1833,ON,223.777,0.0414034
454.5,gNB_5G,43,15,10,256,3,13,0,0,0,0,0,0,ON,223.777,0
454.5,gNB_4G_1,43,15,0,256,3,22,-36.5,94,135,77,0.358214,66.0167,ON,223.777,0.0352167
454.5,gNB_4G_2,43,15,0,256,3,35,-46.8857,135,94,44,0.329787,64.8,ON,223.777,0.0515804
455.5,gNB_5G,43,15,10,256,3,13,0,0,0,0,0,0,ON,223.777,0
455.5,gNB_4G_1,43,15,0,256,3,25,-37.6,97,135,77,0.391905,34.95,ON,223.777,0.043783
455.5,gNB_4G_2,43,15,0,256,3,32,-42.2812,135,97,47,0.345344,67.1833,ON,223.777,0.0493839
456.5,gNB_5G,43,15,10,256,3,13,0,0,0,0,0,0,ON,223.777,0
456.5,gNB_4G_1,43,15,0,256,3,28,-41.5357,99,135,77,0.377125,39.8167,ON,223.777,0.0471875
456.5,gNB_4G_2,43,15,0,256,3,29,-43.931,135,99,49,0.338979,66.65,ON,223.777,0.0439294
457.5,gNB_5G,43,15,10,256,3,13,0,0,0,0,0,0,ON,223.777,0
457.5,gNB_4G_1,43,15,0,256,3,28,-41.6786,99,135,77,0.377125,43.1917,ON,223.777,0.0471875
457.5,gNB_4G_2,43,15,0,256,3,29,-43.6207,135,99,49,0.338697,59.275,ON,223.777,0.0438928
458.5,gNB_5G,43,15,10,256,3,13,0,0,0,0,0,0,ON,223.777,0
458.5,gNB_4G_1,43,15,0,256,3,27,-42.6667,99,136,77,0.361965,49.825,ON,223.777,0.0436731
458.5,gNB_4G_2,43,15,0,256,3,30,-44.0333,136,99,49,0.335326,60.3417,ON,223.777,0.0449544
459.5,gNB_5G,43,15,10,256,3,13,0,0,0,0,0,0,ON,223.777,0
459.5,gNB_4G_1,43,15,0,256,3,27,-42.1481,99,136,77,0.334962,34.65,ON,223.777,0.040415
459.5,gNB_4G_2,43,15,0,256,3,30,-44.3667,136,99,49,0.333961,49.8667,ON,223.777,0.0447714
460.5,gNB_5G,43,15,10,256,3,13,0,0,0,0,0,0,ON,223.777,0
460.5,gNB_4G_1,43,15,0,256,3,27,-43.8889,99,136,77,0.321612,45.25,ON,223.777,0.0388043
460.5,gNB_4G_2,43,15,0,256,3,30,-43.8667,136,99,49,0.308838,47.9917,ON,223.777,0.0414034
461.5,gNB_5G,43,15,10,256,3,13,0,0,0,0,0,0,ON,223.777,0
461.5,gNB_4G_1,43,15,0,256,3,27,-43.5185,99,136,77,0.322219,44.0083,ON,223.777,0.0388775
461.5,gNB_4G_2,43,15,0,256,3,30,-43.7333,136,99,49,0.309931,60.0917,ON,223.777,0.0415499
462.5,gNB_5G,43,15,10,256,3,13,0,0,0,0,0,0,ON,223.777,0
462.5,gNB_4G_1,43,15,0,256,3,27,-41.5556,99,136,77,0.314937,42.425,ON,223.777,0.0379989
462.5,gNB_4G_2,43,15,0,256,3,30,-42.5,136,99,49,0.309385,37.3667,ON,223.777,0.0414767
463.5,gNB_5G,43,15,10,256,3,13,0,0,0,0,0,0,ON,223.777,0
463.5,gNB_4G_1,43,15,0,256,3,26,-41.0769,99,137,77,0.304364,68.0667,ON,223.777,0.0353632
463.5,gNB_4G_2,43,15,0,256,3,31,-42.6774,137,99,49,0.309182,43.7667,ON,223.777,0.0428311
464.5,gNB_5G,43,15,10,256,3,13,0,0,0,0,0,0,ON,223.777,0
464.5,gNB_4G_1,43,15,0,256,3,24,-42.8333,99,138,77,0.310272,42.6583,ON,223.777,0.0332765
464.5,gNB_4G_2,43,15,0,256,3,33,-42.3939,138,99,49,0.330162,48.0583,ON,223.777,0.0486884
465.5,gNB_5G,43,15,10,256,3,13,0,0,0,0,0,0,ON,223.777,0
465.5,gNB_4G_1,43,15,0,256,3,22,-44.3182,99,139,77,0.315764,47.1833,ON,223.777,0.0310434
465.5,gNB_4G_2,43,15,0,256,3,35,-41.1143,139,99,49,0.327446,46.2917,ON,223.777,0.0512143
466.5,gNB_5G,43,15,10,256,3,13,0,0,0,0,0,0,ON,223.777,0
466.5,gNB_4G_1,43,15,0,256,3,24,-45.875,101,139,77,0.321536,42.475,ON,223.777,0.0344846
466.5,gNB_4G_2,43,15,0,256,3,33,-40.7879,139,101,50,0.324453,52.55,ON,223.777,0.0478464
467.5,gNB_5G,43,15,10,256,3,13,0,0,0,0,0,0,ON,223.777,0
467.5,gNB_4G_1,43,15,0,256,3,24,-43.5,101,139,77,0.324267,50.725,ON,223.777,0.0347774
467.5,gNB_4G_2,43,15,0,256,3,33,-41.2727,139,101,50,0.32346,50.0167,ON,223.777,0.0477
468.5,gNB_5G,43,15,10,256,3,13,0,0,0,0,0,0,ON,223.777,0
468.5,gNB_4G_1,43,15,0,256,3,24,-43.1667,102,140,78,0.323243,58.3417,ON,223.777,0.0346676
468.5,gNB_4G_2,43,15,0,256,3,33,-41.2727,140,102,50,0.313034,62.3167,ON,223.777,0.0461625
469.5,gNB_5G,43,15,10,256,3,13,0,0,0,0,0,0,ON,223.777,0
469.5,gNB_4G_1,43,15,0,256,3,24,-43.4583,103,141,78,0.315733,37.0667,ON,223.777,0.0338622
469.5,gNB_4G_2,43,15,0,256,3,33,-41.2424,141,103,50,0.328176,48.4167,ON,223.777,0.0483955
470.5,gNB_5G,43,15,10,256,3,13,0,0,0,0,0,0,ON,223.777,0
470.5,gNB_4G_1,43,15,0,256,3,23,-42.3043,103,142,79,0.304885,56.5,ON,223.777,0.0313363
470.5,gNB_4G_2,43,15,0,256,3,34,-41.8235,142,103,50,0.308646,58.575,ON,223.777,0.0468946
471.5,gNB_5G,43,15,10,256,3,13,0,0,0,0,0,0,ON,223.777,0
471.5,gNB_4G_1,43,15,0,256,3,25,-43.28,106,143,80,0.312279,41.425,ON,223.777,0.0348873
471.5,gNB_4G_2,43,15,0,256,3,32,-40.8438,143,106,52,0.332288,59.6333,ON,223.777,0.0475169
472.5,gNB_5G,43,15,10,256,3,13,0,0,0,0,0,0,ON,223.777,0
472.5,gNB_4G_1,43,15,0,256,3,26,-43.3846,107,143,80,0.32831,43.4,ON,223.777,0.0381453
472.5,gNB_4G_2,43,15,0,256,3,31,-39.6129,143,107,52,0.316053,48,ON,223.777,0.043783
473.5,gNB_5G,43,15,10,256,3,13,0,0,0,0,0,0,ON,223.777,0
473.5,gNB_4G_1,43,15,0,256,3,24,-43.875,108,145,82,0.329387,60.2917,ON,223.777,0.0353265
473.5,gNB_4G_2,43,15,0,256,3,33,-38.4545,145,108,53,0.298636,57.9917,ON,223.777,0.0440392
474.5,gNB_5G,43,15,10,256,3,13,0,0,0,0,0,0,ON,223.777,0
474.5,gNB_4G_1,43,15,0,256,3,23,-43.8696,109,147,83,0.340502,46,ON,223.777,0.0349971
474.5,gNB_4G_2,43,15,0,256,3,34,-38.2941,147,109,54,0.290093,60.5417,ON,223.777,0.0440758
475.5,gNB_5G,43,15,10,256,3,13,0,0,0,0,0,0,ON,223.777,0
475.5,gNB_4G_1,43,15,0,256,3,25,-43.6,111,147,83,0.342753,36.7167,ON,223.777,0.0382918
475.5,gNB_4G_2,43,15,0,256,3,32,-37.9375,147,111,55,0.310784,63.7333,ON,223.777,0.0444419
476.5,gNB_5G,43,15,10,256,3,13,0,0,0,0,0,0,ON,223.777,0
476.5,gNB_4G_1,43,15,0,256,3,25,-44.68,112,148,83,0.31359,83.7,ON,223.777,0.0350337
476.5,gNB_4G_2,43,15,0,256,3,32,-38.5,148,112,56,0.284416,88.0333,ON,223.777,0.0406713
477.5,gNB_5G,43,15,10,256,3,13,0,0,0,0,0,0,ON,223.777,0
477.5,gNB_4G_1,43,15,0,256,3,24,-45.9583,112,149,84,0.332459,84.5667,ON,223.777,0.035656
477.5,gNB_4G_2,43,15,0,256,3,33,-39.2121,149,112,56,0.288458,85.0667,ON,223.777,0.0425383
478.5,gNB_5G,43,15,10,256,3,13,0,0,0,0,0,0,ON,223.777,0
478.5,gNB_4G_1,43,15,0,256,3,23,-40.5217,112,151,86,0.356886,49.9583,ON,223.777,0.036681
478.5,gNB_4G_2,43,15,0,256,3,34,-42.4118,151,112,56,0.290575,47.175,ON,223.777,0.044149
479.5,gNB_5G,43,15,10,256,3,13,0,0,0,0,0,0,ON,223.777,0
479.5,gNB_4G_1,43,15,0,256,3,22,-39.6818,112,152,87,0.350767,34.3667,ON,223.777,0.0344846
479.5,gNB_4G_2,43,15,0,256,3,35,-42.5429,152,112,56,0.300763,44.9333,ON,223.777,0.047041
480.5,gNB_5G,43,15,10,256,3,13,0,0,0,0,0,0,ON,223.777,0
480.5,gNB_4G_1,43,15,0,256,3,23,-42.3043,113,152,87,0.339434,43.525,ON,223.777,0.0348873
480.5,gNB_4G_2,43,15,0,256,3,34,-40.8824,152,113,57,0.323343,53.35,ON,223.777,0.0491277
481.5,gNB_5G,43,15,10,256,3,13,0,0,0,0,0,0,ON,223.777,0
481.5,gNB_4G_1,43,15,0,256,3,23,-42.6087,114,153,87,0.331954,47.325,ON,223.777,0.0341185
481.5,gNB_4G_2,43,15,0,256,3,34,-40.7353,153,114,58,0.29949,56.5167,ON,223.777,0.0455035
482.5,gNB_5G,43,15,10,256,3,13,0,0,0,0,0,0,ON,223.777,0
482.5,gNB_4G_1,43,15,0,256,3,23,-40.7391,115,154,88,0.345845,61.5333,ON,223.777,0.0355462
482.5,gNB_4G_2,43,15,0,256,3,34,-41.2353,154,115,59,0.32503,57.025,ON,223.777,0.0493839
483.5,gNB_5G,43,15,10,256,3,13,0,0,0,0,0,0,ON,223.777,0
483.5,gNB_4G_1,43,15,0,256,3,20,-40.95,115,157,90,0.334643,49.2583,ON,223.777,0.0299086
483.5,gNB_4G_2,43,15,0,256,3,37,-43.1892,157,115,59,0.340743,57.6667,ON,223.777,0.0563394
484.5,gNB_5G,43,15,10,256,3,13,0,0,0,0,0,0,ON,223.777,0
484.5,gNB_4G_1,43,15,0,256,3,21,-37.5714,115,157,90,0.319488,27.8667,ON,223.777,0.0299818
484.5,gNB_4G_2,43,15,0,256,3,36,-44.4722,157,115,59,0.338603,69.6333,ON,223.777,0.0544724
485.5,gNB_5G,43,15,10,256,3,13,0,0,0,0,0,0,ON,223.777,0
485.5,gNB_4G_1,43,15,0,256,3,21,-38.9524,115,157,90,0.323779,26.9417,ON,223.777,0.0303845
485.5,gNB_4G_2,43,15,0,256,3,36,-45.25,157,115,59,0.346112,77.0917,ON,223.777,0.0556805
486.5,gNB_5G,43,15,10,256,3,13,0,0,0,0,0,0,ON,223.777,0
486.5,gNB_4G_1,43,15,0,256,3,21,-38.3333,115,157,90,0.320268,26.6,ON,223.777,0.030055
486.5,gNB_4G_2,43,15,0,256,3,36,-45.7778,157,115,59,0.339285,62.675,ON,223.777,0.0545823
487.5,gNB_5G,43,15,10,256,3,13,0,0,0,0,0,0,ON,223.777,0
487.5,gNB_4G_1,43,15,0,256,3,20,-35.6,115,158,91,0.330138,35.3083,ON,223.777,0.0295059
487.5,gNB_4G_2,43,15,0,256,3,37,-46.973,158,115,59,0.323252,62.925,ON,223.777,0.0534474
488.5,gNB_5G,43,15,10,256,3,13,0,0,0,0,0,0,ON,223.777,0
488.5,gNB_4G_1,43,15,0,256,3,20,-35.5,115,158,91,0.326042,27.5583,ON,223.777,0.0291398
488.5,gNB_4G_2,43,15,0,256,3,37,-46.8108,158,115,59,0.318602,83.825,ON,223.777,0.0526787
489.5,gNB_5G,43,15,10,256,3,13,0,0,0,0,0,0,ON,223.777,0
489.5,gNB_4G_1,43,15,0,256,3,21,-36.7143,115,158,91,0.32885,31.125,ON,223.777,0.0308604
489.5,gNB_4G_2,43,15,0,256,3,36,-45.9167,158,115,59,0.319943,82.8833,ON,223.777,0.0514706
490.5,gNB_5G,43,15,10,256,3,13,0,0,0,0,0,0,ON,223.777,0
490.5,gNB_4G_1,43,15,0,256,3,19,-34.2105,115,159,91,0.342339,45.525,ON,223.777,0.0290666
490.5,gNB_4G_2,43,15,0,256,3,38,-46.4737,159,115,59,0.325524,48.5083,ON,223.777,0.0552778
491.5,gNB_5G,43,15,10,256,3,13,0,0,0,0,0,0,ON,223.777,0
491.5,gNB_4G_1,43,15,0,256,3,20,-36.5,115,159,91,0.32727,29,ON,223.777,0.0292496
491.5,gNB_4G_2,43,15,0,256,3,37,-45.2703,159,115,59,0.340522,55.225,ON,223.777,0.0563028
492.5,gNB_5G,43,15,10,256,3,13,0,0,0,0,0,0,ON,223.777,0
492.5,gNB_4G_1,43,15,0,256,3,20,-33.8,115,159,91,0.328909,28.2583,ON,223.777,0.0293961
492.5,gNB_4G_2,43,15,0,256,3,37,-45.4324,159,115,59,0.311075,60.85,ON,223.777,0.051434
493.5,gNB_5G,43,15,10,256,3,13,0,0,0,0,0,0,ON,223.777,0
493.5,gNB_4G_1,43,15,0,256,3,20,-33.05,115,159,91,0.329318,36.55,ON,223.777,0.0294327
493.5,gNB_4G_2,43,15,0,256,3,37,-45.4865,159,115,59,0.325687,81.8833,ON,223.777,0.0538501
494.5,gNB_5G,43,15,10,256,3,13,0,0,0,0,0,0,ON,223.777,0
494.5,gNB_4G_1,43,15,0,256,3,19,-32.7895,115,160,91,0.31647,25.1,ON,223.777,0.0268701
494.5,gNB_4G_2,43,15,0,256,3,38,-44.4737,160,115,59,0.347082,52.65,ON,223.777,0.0589386
495.5,gNB_5G,43,15,10,256,3,13,0,0,0,0,0,0,ON,223.777,0
495.5,gNB_4G_1,43,15,0,256,3,19,-34.0526,115,160,91,0.302673,24.6,ON,223.777,0.0256987
495.5,gNB_4G_2,43,15,0,256,3,38,-44.9211,160,115,59,0.33695,82.125,ON,223.777,0.057218
496.5,gNB_5G,43,15,10,256,3,13,0,0,0,0,0,0,ON,223.777,0
496.5,gNB_4G_1,43,15,0,256,3,18,-32.2778,115,160,91,0.316302,23.0417,ON,223.777,0.0254424
496.5,gNB_4G_2,43,15,0,256,3,39,-46.1026,160,115,59,0.3281,56.4333,ON,223.777,0.0571814
497.5,gNB_5G,43,15,10,256,3,13,0,0,0,0,0,0,ON,223.777,0
497.5,gNB_4G_1,43,15,0,256,3,19,-35.3684,115,160,91,0.303104,23.425,ON,223.777,0.0257353
497.5,gNB_4G_2,43,15,0,256,3,38,-45.3684,160,115,59,0.325955,49.1583,ON,223.777,0.055351
498.5,gNB_5G,43,15,10,256,3,13,0,0,0,0,0,0,ON,223.777,0
498.5,gNB_4G_1,43,15,0,256,3,19,-36.1053,116,161,91,0.307847,36.4583,ON,223.777,0.026138
498.5,gNB_4G_2,43,15,0,256,3,38,-45.1579,161,116,59,0.323368,50.8667,ON,223.777,0.0549117
499.5,gNB_5G,43,15,10,256,3,13,0,0,0,0,0,0,ON,223.777,0
499.5,gNB_4G_1,43,15,0,256,3,19,-36.2105,117,162,92,0.271629,37.2333,ON,223.777,0.0230629
499.5,gNB_4G_2,43,15,0,256,3,38,-44.7895,162,117,59,0.303751,55.9167,ON,223.777,0.0515804
500.5,gNB_5G,43,15,10,256,3,13,0,0,0,0,0,0,ON,223.777,0
500.5,gNB_4G_1,43,15,0,256,3,19,-35.6842,117,162,92,0.270336,58.35,ON,223.777,0.0229531
500.5,gNB_4G_2,43,15,0,256,3,38,-47.2895,162,117,59,0.292325,80.3583,ON,223.777,0.0496402
501.5,gNB_5G,43,15,10,256,3,13,0,0,0,0,0,0,ON,223.777,0
501.5,gNB_4G_1,43,15,0,256,3,20,-35.2,117,162,92,0.28631,30.9917,ON,223.777,0.0255889
501.5,gNB_4G_2,43,15,0,256,3,37,-44.8378,162,117,59,0.328344,51.2917,ON,223.777,0.0542894
502.5,gNB_5G,43,15,10,256,3,13,0,0,0,0,0,0,ON,223.777,0
502.5,gNB_4G_1,43,15,0,256,3,19,-33.7895,117,163,92,0.27551,33.8333,ON,223.777,0.0233924
502.5,gNB_4G_2,43,15,0,256,3,38,-45.7895,163,117,59,0.313452,61.425,ON,223.777,0.0532278
503.5,gNB_5G,43,15,10,256,3,13,0,0,0,0,0,0,ON,223.777,0
503.5,gNB_4G_1,43,15,0,256,3,19,-33.7368,117,163,92,0.273785,21.2833,ON,223.777,0.023246
503.5,gNB_4G_2,43,15,0,256,3,38,-45.5789,163,117,59,0.317548,90.3583,ON,223.777,0.0539233
504.5,gNB_5G,43,15,10,256,3,13,0,0,0,0,0,0,ON,223.777,0
504.5,gNB_4G_1,43,15,0,256,3,20,-36,118,163,92,0.27648,30.75,ON,223.777,0.0247103
504.5,gNB_4G_2,43,15,0,256,3,37,-44.973,163,118,60,0.303768,90.65,ON,223.777,0.0502259
505.5,gNB_5G,43,15,10,256,3,13,0,0,0,0,0,0,ON,223.777,0
505.5,gNB_4G_1,43,15,0,256,3,19,-35.4211,118,164,93,0.274648,39.7583,ON,223.777,0.0233192
505.5,gNB_4G_2,43,15,0,256,3,38,-43.6053,164,118,60,0.302457,86.5167,ON,223.777,0.0513608
506.5,gNB_5G,43,15,10,256,3,13,0,0,0,0,0,0,ON,223.777,0
506.5,gNB_4G_1,43,15,0,256,3,18,-35.0556,118,165,93,0.283534,25.675,ON,223.777,0.0228067
506.5,gNB_4G_2,43,15,0,256,3,39,-43.2051,165,118,60,0.303104,82.0917,ON,223.777,0.0528251
507.5,gNB_5G,43,15,10,256,3,13,0,0,0,0,0,0,ON,223.777,0
507.5,gNB_4G_1,43,15,0,256,3,18,-34.4444,118,165,93,0.294002,22.1083,ON,223.777,0.0236487
507.5,gNB_4G_2,43,15,0,256,3,39,-43.7436,165,118,60,0.318438,49.6917,ON,223.777,0.0554975
508.5,gNB_5G,43,15,10,256,3,13,0,0,0,0,0,0,ON,223.777,0
508.5,gNB_4G_1,43,15,0,256,3,17,-34,118,166,93,0.300695,30.9917,ON,223.777,0.0228433
508.5,gNB_4G_2,43,15,0,256,3,40,-43.975,166,118,60,0.319898,54.0333,ON,223.777,0.0571814
509.5,gNB_5G,43,15,10,256,3,13,0,0,0,0,0,0,ON,223.777,0
509.5,gNB_4G_1,43,15,0,256,3,17,-32.0588,119,167,93,0.321416,40.8917,ON,223.777,0.0244174
509.5,gNB_4G_2,43,15,0,256,3,40,-44.9,167,119,61,0.298803,55.8583,ON,223.777,0.0534108
510.5,gNB_5G,43,15,10,256,3,13,0,0,0,0,0,0,ON,223.777,0
510.5,gNB_4G_1,43,15,0,256,3,18,-37.2778,119,167,93,0.315392,34.675,ON,223.777,0.0253692
510.5,gNB_4G_2,43,15,0,256,3,39,-44.1282,167,119,61,0.294492,50.975,ON,223.777,0.0513242
511.5,gNB_5G,43,15,10,256,3,13,0,0,0,0,0,0,ON,223.777,0
511.5,gNB_4G_1,43,15,0,256,3,18,-35.6111,120,168,93,0.302649,25.9167,ON,223.777,0.0243442
511.5,gNB_4G_2,43,15,0,256,3,39,-43.5385,168,120,62,0.296382,49.5417,ON,223.777,0.0516536
512.5,gNB_5G,43,15,10,256,3,13,0,0,0,0,0,0,ON,223.777,0
512.5,gNB_4G_1,43,15,0,256,3,18,-34.2222,121,169,94,0.296277,39.3083,ON,223.777,0.0238317
512.5,gNB_4G_2,43,15,0,256,3,39,-44.8205,169,121,62,0.296802,66.9167,ON,223.777,0.0517268
513.5,gNB_5G,43,15,10,256,3,13,0,0,0,0,0,0,ON,223.777,0
513.5,gNB_4G_1,43,15,0,256,3,20,-38.8,123,169,94,0.30679,28.1417,ON,223.777,0.0274193
513.5,gNB_4G_2,43,15,0,256,3,37,-44.2162,169,123,64,0.287163,62.2667,ON,223.777,0.0474803
514.5,gNB_5G,43,15,10,256,3,13,0,0,0,0,0,0,ON,223.777,0
514.5,gNB_4G_1,43,15,0,256,3,18,-35,123,171,96,0.304924,31.4333,ON,223.777,0.0245272
514.5,gNB_4G_2,43,15,0,256,3,39,-45.4103,171,123,64,0.276848,50.1833,ON,223.777,0.0482491
515.5,gNB_5G,43,15,10,256,3,13,0,0,0,0,0,0,ON,223.777,0
515.5,gNB_4G_1,43,15,0,256,3,18,-35.2778,123,171,96,0.304469,20,ON,223.777,0.0244906
515.5,gNB_4G_2,43,15,0,256,3,39,-45.5128,171,123,64,0.291131,48.8333,ON,223.777,0.0507384
516.5,gNB_5G,43,15,10,256,3,13,0,0,0,0,0,0,ON,223.777,0
516.5,gNB_4G_1,43,15,0,256,3,18,-34.7778,123,171,96,0.301284,23.8667,ON,223.777,0.0242344
516.5,gNB_4G_2,43,15,0,256,3,39,-45.3333,171,123,64,0.282309,48.725,ON,223.777,0.0492009
517.5,gNB_5G,43,15,10,256,3,13,0,0,0,0,0,0,ON,223.777,0
517.5,gNB_4G_1,43,15,0,256,3,17,-33.0588,123,172,97,0.285274,29.7833,ON,223.777,0.0216718
517.5,gNB_4G_2,43,15,0,256,3,40,-43.05,172,123,64,0.282624,52.2333,ON,223.777,0.0505188
518.5,gNB_5G,43,15,10,256,3,13,0,0,0,0,0,0,ON,223.777,0
518.5,gNB_4G_1,43,15,0,256,3,17,-33.7647,123,172,97,0.278046,35.9417,ON,223.777,0.0211227
518.5,gNB_4G_2,43,15,0,256,3,40,-45.125,172,123,64,0.287539,56.825,ON,223.777,0.0513974
519.5,gNB_5G,43,15,10,256,3,13,0,0,0,0,0,0,ON,223.777,0
519.5,gNB_4G_1,43,15,0,256,3,16,-33,123,173,97,0.259072,21.775,ON,223.777,0.0185236
519.5,gNB_4G_2,43,15,0,256,3,41,-45.0244,173,123,64,0.295312,56.425,ON,223.777,0.0541064
520.5,gNB_5G,43,15,10,256,3,13,0,0,0,0,0,0,ON,223.777,0
520.5,gNB_4G_1,43,15,0,256,3,16,-32,123,173,97,0.256512,16.425,ON,223.777,0.0183405
520.5,gNB_4G_2,43,15,0,256,3,41,-45.1951,173,123,64,0.296311,78.4083,ON,223.777,0.0542894
521.5,gNB_5G,43,15,10,256,3,13,0,0,0,0,0,0,ON,223.777,0
521.5,gNB_4G_1,43,15,0,256,3,15,-31.5333,123,174,97,0.252314,23.65,ON,223.777,0.0169128
521.5,gNB_4G_2,43,15,0,256,3,42,-44.9286,174,123,64,0.292962,81.925,ON,223.777,0.0549849
522.5,gNB_5G,43,15,10,256,3,13,0,0,0,0,0,0,ON,223.777,0
522.5,gNB_4G_1,43,15,0,256,3,16,-29.875,123,174,97,0.23296,15.0833,ON,223.777,0.0166566
522.5,gNB_4G_2,43,15,0,256,3,41,-43.5854,174,123,64,0.312894,63.0833,ON,223.777,0.0573278
523.5,gNB_5G,43,15,10,256,3,13,0,0,0,0,0,0,ON,223.777,0
523.5,gNB_4G_1,43,15,0,256,3,15,-28.1333,123,175,97,0.220092,27.85,ON,223.777,0.014753
523.5,gNB_4G_2,43,15,0,256,3,42,-43.4524,175,123,64,0.315587,51.025,ON,223.777,0.0592315
524.5,gNB_5G,43,15,10,256,3,13,0,0,0,0,0,0,ON,223.777,0
524.5,gNB_4G_1,43,15,0,256,3,15,-27.9333,123,175,97,0.218999,12.175,ON,223.777,0.0146797
524.5,gNB_4G_2,43,15,0,256,3,42,-43.9762,175,123,64,0.319683,49.9083,ON,223.777,0.0600002
525.5,gNB_5G,43,15,10,256,3,13,0,0,0,0,0,0,ON,223.777,0
525.5,gNB_4G_1,43,15,0,256,3,15,-28.8,123,175,97,0.218999,11.4417,ON,223.777,0.0146797
525.5,gNB_4G_2,43,15,0,256,3,42,-44.2381,175,123,64,0.301544,67.85,ON,223.777,0.0565957
526.5,gNB_5G,43,15,10,256,3,13,0,0,0,0,0,0,ON,223.777,0
526.5,gNB_4G_1,43,15,0,256,3,14,-34.4286,123,176,97,0.230546,11.8,ON,223.777,0.0144235
526.5,gNB_4G_2,43,15,0,256,3,43,-42,176,123,64,0.296436,84.075,ON,223.777,0.0569618
527.5,gNB_5G,43,15,10,256,3,13,0,0,0,0,0,0,ON,223.777,0
527.5,gNB_4G_1,43,15,0,256,3,13,-29.9231,123,176,97,0.24513,9.975,ON,223.777,0.0142404
527.5,gNB_4G_2,43,15,0,256,3,44,-44.1818,176,123,64,0.290444,64.8583,ON,223.777,0.0571082
528.5,gNB_5G,43,15,10,256,3,13,0,0,0,0,0,0,ON,223.777,0
528.5,gNB_4G_1,43,15,0,256,3,13,-29.7692,123,176,97,0.24576,10.0333,ON,223.777,0.014277
528.5,gNB_4G_2,43,15,0,256,3,44,-45.7273,176,123,64,0.29305,64.0917,ON,223.777,0.0576207
529.5,gNB_5G,43,15,10,256,3,13,0,0,0,0,0,0,ON,223.777,0
529.5,gNB_4G_1,43,15,0,256,3,20,-38.3,130,176,97,0.323994,26.5333,ON,223.777,0.0289568
529.5,gNB_4G_2,43,15,0,256,3,37,-42.7568,176,130,65,0.260373,50.175,ON,223.777,0.0430508
530.5,gNB_5G,43,15,10,256,3,13,0,0,0,0,0,0,ON,223.777,0
530.5,gNB_4G_1,43,15,0,256,3,18,-37.1667,130,178,99,0.301739,49.0833,ON,223.777,0.024271
530.5,gNB_4G_2,43,15,0,256,3,39,-43.3333,178,130,65,0.278948,48.2667,ON,223.777,0.0486152
531.5,gNB_5G,43,15,10,256,3,13,0,0,0,0,0,0,ON,223.777,0
531.5,gNB_4G_1,43,15,0,256,3,16,-32.5,130,182,103,0.203264,37.0167,ON,223.777,0.0145333
531.5,gNB_4G_2,43,15,0,256,3,41,-44.1951,182,130,65,0.308099,57.2,ON,223.777,0.0564493
532.5,gNB_5G,43,15,10,256,3,13,0,0,0,0,0,0,ON,223.777,0
532.5,gNB_4G_1,43,15,0,256,3,15,-28.5333,130,182,103,0.218999,10.525,ON,223.777,0.0146797
532.5,gNB_4G_2,43,15,0,256,3,42,-45.7143,182,130,65,0.312856,45.2417,ON,223.777,0.0587189
533.5,gNB_5G,43,15,10,256,3,13,0,0,0,0,0,0,ON,223.777,0
533.5,gNB_4G_1,43,15,0,256,3,15,-27.5333,130,182,103,0.219546,10.8917,ON,223.777,0.0147163
533.5,gNB_4G_2,43,15,0,256,3,42,-45.6667,182,130,65,0.311491,46.55,ON,223.777,0.0584627
534.5,gNB_5G,43,15,10,256,3,13,0,0,0,0,0,0,ON,223.777,0
534.5,gNB_4G_1,43,15,0,256,3,15,-28.2,130,182,103,0.218453,11.2833,ON,223.777,0.0146431
534.5,gNB_4G_2,43,15,0,256,3,42,-44.9762,182,130,65,0.312856,45.8417,ON,223.777,0.0587189
535.5,gNB_5G,43,15,10,256,3,13,0,0,0,0,0,0,ON,223.777,0
535.5,gNB_4G_1,43,15,0,256,3,15,-26.9333,130,182,103,0.218999,11.1833,ON,223.777,0.0146797
535.5,gNB_4G_2,43,15,0,256,3,42,-45.1429,182,130,65,0.312856,45.85,ON,223.777,0.0587189
536.5,gNB_5G,43,15,10,256,3,13,0,0,0,0,0,0,ON,223.777,0
536.5,gNB_4G_1,43,15,0,256,3,18,-32.7778,133,182,103,0.239388,25.075,ON,223.777,0.0192557
536.5,gNB_4G_2,43,15,0,256,3,39,-45.2051,182,133,68,0.298903,54.3,ON,223.777,0.0520929
537.5,gNB_5G,43,15,10,256,3,13,0,0,0,0,0,0,ON,223.777,0
537.5,gNB_4G_1,43,15,0,256,3,16,-30.0625,134,185,106,0.22016,70.9,ON,223.777,0.0157414
537.5,gNB_4G_2,43,15,0,256,3,41,-47.8537,185,134,69,0.26654,83.1,ON,223.777,0.0488348
538.5,gNB_5G,43,15,10,256,3,13,0,0,0,0,0,0,ON,223.777,0
538.5,gNB_4G_1,43,15,0,256,3,18,-33.2778,137,186,107,0.226645,37.6417,ON,223.777,0.0182307
538.5,gNB_4G_2,43,15,0,256,3,39,-47.4359,186,137,72,0.278108,68.5333,ON,223.777,0.0484688
539.5,gNB_5G,43,15,10,256,3,13,0,0,0,0,0,0,ON,223.777,0
539.5,gNB_4G_1,43,15,0,256,3,20,-38.95,140,187,108,0.30761,24.3333,ON,223.777,0.0274925
539.5,gNB_4G_2,43,15,0,256,3,37,-46.2432,187,140,75,0.264579,44.575,ON,223.777,0.0437463
540.5,gNB_5G,43,15,10,256,3,13,0,0,0,0,0,0,ON,223.777,0
540.5,gNB_4G_1,43,15,0,256,3,21,-36.5714,140,187,108,0.273067,24.9333,ON,223.777,0.0256255
540.5,gNB_4G_2,43,15,0,256,3,36,-44.8333,187,140,75,0.273067,39.975,ON,223.777,0.0439294
541.5,gNB_5G,43,15,10,256,3,13,0,0,0,0,0,0,ON,223.777,0
541.5,gNB_4G_1,43,15,0,256,3,22,-41.1818,141,187,108,0.215226,30.0917,ON,223.777,0.0211593
541.5,gNB_4G_2,43,15,0,256,3,35,-43.5143,187,141,75,0.282039,41.65,ON,223.777,0.0441124
542.5,gNB_5G,43,15,10,256,3,13,0,0,0,0,0,0,ON,223.777,0
542.5,gNB_4G_1,43,15,0,256,3,21,-39.1905,141,188,109,0.172422,17.3333,ON,223.777,0.0161807
542.5,gNB_4G_2,43,15,0,256,3,36,-44.6389,188,141,75,0.286948,40.6667,ON,223.777,0.0461625
543.5,gNB_5G,43,15,10,256,3,13,0,0,0,0,0,0,ON,223.777,0
543.5,gNB_4G_1,43,15,0,256,3,21,-39.2857,141,188,109,0.173982,18.0667,ON,223.777,0.0163271
543.5,gNB_4G_2,43,15,0,256,3,36,-44.4167,188,141,75,0.286492,40.325,ON,223.777,0.0460892
544.5,gNB_5G,43,15,10,256,3,13,0,0,0,0,0,0,ON,223.777,0
544.5,gNB_4G_1,43,15,0,256,3,22,-37.0909,141,188,109,0.165702,17.425,ON,223.777,0.0162905
544.5,gNB_4G_2,43,15,0,256,3,35,-43.2286,188,141,75,0.294444,39.25,ON,223.777,0.0460526
545.5,gNB_5G,43,15,10,256,3,13,0,0,0,0,0,0,ON,223.777,0
545.5,gNB_4G_1,43,15,0,256,3,22,-37.3636,141,188,109,0.166074,18.7333,ON,223.777,0.0163271
545.5,gNB_4G_2,43,15,0,256,3,35,-43.2571,188,141,75,0.295146,40.8083,ON,223.777,0.0461625
546.5,gNB_5G,43,15,10,256,3,13,0,0,0,0,0,0,ON,223.777,0
546.5,gNB_4G_1,43,15,0,256,3,22,-37.0909,141,188,109,0.164957,18.3583,ON,223.777,0.0162173
546.5,gNB_4G_2,43,15,0,256,3,35,-43.6286,188,141,75,0.293742,39.4667,ON,223.777,0.0459428
547.5,gNB_5G,43,15,10,256,3,13,0,0,0,0,0,0,ON,223.777,0
547.5,gNB_4G_1,43,15,0,256,3,22,-32.0909,141,188,109,0.178735,20.3167,ON,223.777,0.0175718
547.5,gNB_4G_2,43,15,0,256,3,35,-44.2571,188,141,75,0.275953,44.95,ON,223.777,0.0431606
548.5,gNB_5G,43,15,10,256,3,13,0,0,0,0,0,0,ON,223.777,0
548.5,gNB_4G_1,43,15,0,256,3,22,-38.1364,141,188,109,0.182831,22.5667,ON,223.777,0.0179744
548.5,gNB_4G_2,43,15,0,256,3,35,-44.9714,188,141,75,0.278294,70.5417,ON,223.777,0.0435267
549.5,gNB_5G,43,15,10,256,3,13,0,0,0,0,0,0,ON,223.777,0
549.5,gNB_4G_1,43,15,0,256,3,23,-38.8696,142,188,109,0.170963,26.375,ON,223.777,0.0175718
549.5,gNB_4G_2,43,15,0,256,3,34,-43.4706,188,142,75,0.269854,41.9583,ON,223.777,0.0410008
550.5,gNB_5G,43,15,10,256,3,13,0,0,0,0,0,0,ON,223.777,0
550.5,gNB_4G_1,43,15,0,256,3,22,-37.1364,142,188,109,0.171287,29.025,ON,223.777,0.0168396
550.5,gNB_4G_2,43,15,0,256,3,35,-45.7714,188,142,75,0.275719,46.2,ON,223.777,0.043124
551.5,gNB_5G,43,15,10,256,3,13,0,0,0,0,0,0,ON,223.777,0
551.5,gNB_4G_1,43,15,0,256,3,22,-37.7727,142,189,110,0.192512,33.175,ON,223.777,0.0189262
551.5,gNB_4G_2,43,15,0,256,3,35,-44.9143,189,142,75,0.275485,47.5333,ON,223.777,0.0430874
552.5,gNB_5G,43,15,10,256,3,13,0,0,0,0,0,0,ON,223.777,0
552.5,gNB_4G_1,43,15,0,256,3,23,-38.0435,142,189,110,0.187347,31.55,ON,223.777,0.0192557
552.5,gNB_4G_2,43,15,0,256,3,34,-43.8824,189,142,75,0.28937,50.5,ON,223.777,0.043966
553.5,gNB_5G,43,15,10,256,3,13,0,0,0,0,0,0,ON,223.777,0
553.5,gNB_4G_1,43,15,0,256,3,24,-34.875,142,190,110,0.216747,29.9417,ON,223.777,0.023246
553.5,gNB_4G_2,43,15,0,256,3,33,-41.7879,190,142,75,0.316757,48.75,ON,223.777,0.0467116
554.5,gNB_5G,43,15,10,256,3,13,0,0,0,0,0,0,ON,223.777,0
554.5,gNB_4G_1,43,15,0,256,3,26,-36.3846,144,190,110,0.216143,25.6583,ON,223.777,0.025113
554.5,gNB_4G_2,43,15,0,256,3,31,-37.2903,190,144,76,0.318959,48.175,ON,223.777,0.0441856
555.5,gNB_5G,43,15,10,256,3,13,0,0,0,0,0,0,ON,223.777,0
555.5,gNB_4G_1,43,15,0,256,3,27,-32.8148,144,190,110,0.236354,26.0333,ON,223.777,0.0285175
555.5,gNB_4G_2,43,15,0,256,3,30,-38.1,190,144,76,0.32768,44.8667,ON,223.777,0.0439294
556.5,gNB_5G,43,15,10,256,3,13,0,0,0,0,0,0,ON,223.777,0
556.5,gNB_4G_1,43,15,0,256,3,27,-32.037,144,190,110,0.233927,27.3417,ON,223.777,0.0282246
556.5,gNB_4G_2,43,15,0,256,3,30,-38.8333,190,144,76,0.326042,43.8583,ON,223.777,0.0437097
557.5,gNB_5G,43,15,10,256,3,13,0,0,0,0,0,0,ON,223.777,0
557.5,gNB_4G_1,43,15,0,256,3,28,-32.9286,145,190,110,0.237275,37.6417,ON,223.777,0.0296889
557.5,gNB_4G_2,43,15,0,256,3,29,-38.5517,190,145,77,0.318076,50.325,ON,223.777,0.0412204
558.5,gNB_5G,43,15,10,256,3,13,0,0,0,0,0,0,ON,223.777,0
558.5,gNB_4G_1,43,15,0,256,3,28,-33.3571,145,190,110,0.246345,30.1167,ON,223.777,0.0308238
558.5,gNB_4G_2,43,15,0,256,3,29,-39.069,190,145,77,0.299714,46.0917,ON,223.777,0.0388409
559.5,gNB_5G,43,15,10,256,3,13,0,0,0,0,0,0,ON,223.777,0
559.5,gNB_4G_1,43,15,0,256,3,29,-32.3793,145,190,110,0.225986,54.3917,ON,223.777,0.0292863
559.5,gNB_4G_2,43,15,0,256,3,28,-40.0357,190,145,77,0.300471,74.5167,ON,223.777,0.0375962
560.5,gNB_5G,43,15,10,256,3,13,0,0,0,0,0,0,ON,223.777,0
560.5,gNB_4G_1,43,15,0,256,3,29,-33.4483,145,190,110,0.228529,47.825,ON,223.777,0.0296157
560.5,gNB_4G_2,43,15,0,256,3,28,-39.5357,190,145,77,0.303397,42.5667,ON,223.777,0.0379623
561.5,gNB_5G,43,15,10,256,3,13,0,0,0,0,0,0,ON,223.777,0
561.5,gNB_4G_1,43,15,0,256,3,27,-29.6296,145,192,111,0.213599,45.4167,ON,223.777,0.0257719
561.5,gNB_4G_2,43,15,0,256,3,30,-42.6,192,145,77,0.309385,47.575,ON,223.777,0.0414767
562.5,gNB_5G,43,15,10,256,3,13,0,0,0,0,0,0,ON,223.777,0
562.5,gNB_4G_1,43,15,0,256,3,27,-29.5926,145,192,111,0.215419,37.9333,ON,223.777,0.0259916
562.5,gNB_4G_2,43,15,0,256,3,30,-39.9667,192,145,77,0.325495,47.1333,ON,223.777,0.0436365
563.5,gNB_5G,43,15,10,256,3,13,0,0,0,0,0,0,ON,223.777,0
563.5,gNB_4G_1,43,15,0,256,3,26,-28.9231,145,193,112,0.212677,28.0167,ON,223.777,0.0247103
563.5,gNB_4G_2,43,15,0,256,3,31,-43,193,145,77,0.344064,50.1667,ON,223.777,0.0476634
564.5,gNB_5G,43,15,10,256,3,13,0,0,0,0,0,0,ON,223.777,0
564.5,gNB_4G_1,43,15,0,256,3,27,-30.2222,146,193,112,0.215116,26.4833,ON,223.777,0.0259549
564.5,gNB_4G_2,43,15,0,256,3,30,-41.6,193,146,78,0.325769,82.425,ON,223.777,0.0436731
565.5,gNB_5G,43,15,10,256,3,13,0,0,0,0,0,0,ON,223.777,0
565.5,gNB_4G_1,43,15,0,256,3,26,-29,147,195,113,0.204485,53.6667,ON,223.777,0.0237585
565.5,gNB_4G_2,43,15,0,256,3,31,-40.2258,195,147,79,0.312353,86.65,ON,223.777,0.0432704
566.5,gNB_5G,43,15,10,256,3,13,0,0,0,0,0,0,ON,223.777,0
566.5,gNB_4G_1,43,15,0,256,3,25,-27.44,147,196,114,0.207749,46.2,ON,223.777,0.0232094
566.5,gNB_4G_2,43,15,0,256,3,32,-40.2188,196,147,79,0.303872,84.25,ON,223.777,0.0434535
567.5,gNB_5G,43,15,10,256,3,13,0,0,0,0,0,0,ON,223.777,0
567.5,gNB_4G_1,43,15,0,256,3,25,-27.64,147,196,114,0.212009,20.375,ON,223.777,0.0236853
567.5,gNB_4G_2,43,15,0,256,3,32,-41.875,196,147,79,0.310016,47.8583,ON,223.777,0.0443321
568.5,gNB_5G,43,15,10,256,3,13,0,0,0,0,0,0,ON,223.777,0
568.5,gNB_4G_1,43,15,0,256,3,25,-27.28,147,196,114,0.212992,18.8083,ON,223.777,0.0237951
568.5,gNB_4G_2,43,15,0,256,3,32,-42,196,147,79,0.313088,43.5417,ON,223.777,0.0447714
569.5,gNB_5G,43,15,10,256,3,13,0,0,0,0,0,0,ON,223.777,0
569.5,gNB_4G_1,43,15,0,256,3,26,-24.8846,148,196,114,0.243554,31.475,ON,223.777,0.0282978
569.5,gNB_4G_2,43,15,0,256,3,31,-40.9355,196,148,79,0.297555,52.6083,ON,223.777,0.0412204
570.5,gNB_5G,43,15,10,256,3,13,0,0,0,0,0,0,ON,223.777,0
570.5,gNB_4G_1,43,15,0,256,3,25,-25.32,148,197,115,0.244777,46.8417,ON,223.777,0.027346
570.5,gNB_4G_2,43,15,0,256,3,32,-42.6875,197,148,79,0.29696,83.55,ON,223.777,0.0424651
571.5,gNB_5G,43,15,10,256,3,13,0,0,0,0,0,0,ON,223.777,0
571.5,gNB_4G_1,43,15,0,256,3,25,-23.28,148,197,115,0.245432,21.8417,ON,223.777,0.0274193
571.5,gNB_4G_2,43,15,0,256,3,32,-43.0312,197,148,79,0.292096,77.2833,ON,223.777,0.0417695
572.5,gNB_5G,43,15,10,256,3,13,0,0,0,0,0,0,ON,223.777,0
572.5,gNB_4G_1,43,15,0,256,3,25,-22.8,148,197,115,0.244777,22.025,ON,223.777,0.027346
572.5,gNB_4G_2,43,15,0,256,3,32,-44.4062,197,148,79,0.312832,53.5167,ON,223.777,0.0447348
573.5,gNB_5G,43,15,10,256,3,13,0,0,0,0,0,0,ON,223.777,0
573.5,gNB_4G_1,43,15,0,256,3,25,-23.04,148,197,115,0.245432,22.8417,ON,223.777,0.0274193
573.5,gNB_4G_2,43,15,0,256,3,32,-43.0938,197,148,79,0.30208,81.1917,ON,223.777,0.0431972
574.5,gNB_5G,43,15,10,256,3,13,0,0,0,0,0,0,ON,223.777,0
574.5,gNB_4G_1,43,15,0,256,3,24,-23.25,148,197,115,0.255659,24.7833,ON,223.777,0.0274193
574.5,gNB_4G_2,43,15,0,256,3,33,-42.4242,197,148,79,0.289451,82.975,ON,223.777,0.0426847
575.5,gNB_5G,43,15,10,256,3,13,0,0,0,0,0,0,ON,223.777,0
575.5,gNB_4G_1,43,15,0,256,3,25,-25.84,148,197,115,0.251986,21.075,ON,223.777,0.0281514
575.5,gNB_4G_2,43,15,0,256,3,32,-40.5625,197,148,79,0.276224,40.8667,ON,223.777,0.0394998
576.5,gNB_5G,43,15,10,256,3,13,0,0,0,0,0,0,ON,223.777,0
576.5,gNB_4G_1,43,15,0,256,3,24,-22.8333,148,197,115,0.255317,20.575,ON,223.777,0.0273826
576.5,gNB_4G_2,43,15,0,256,3,33,-42.8788,197,148,79,0.261648,34.475,ON,223.777,0.0385846
577.5,gNB_5G,43,15,10,256,3,13,0,0,0,0,0,0,ON,223.777,0
577.5,gNB_4G_1,43,15,0,256,3,24,-22.5833,148,197,115,0.255659,21.35,ON,223.777,0.0274193
577.5,gNB_4G_2,43,15,0,256,3,33,-42.0303,197,148,79,0.275549,37.0583,ON,223.777,0.0406347
578.5,gNB_5G,43,15,10,256,3,13,0,0,0,0,0,0,ON,223.777,0
578.5,gNB_4G_1,43,15,0,256,3,25,-22.44,148,197,115,0.245432,21.2667,ON,223.777,0.0274193
578.5,gNB_4G_2,43,15,0,256,3,32,-43.25,197,148,79,0.270592,37.7167,ON,223.777,0.0386945
579.5,gNB_5G,43,15,10,256,3,13,0,0,0,0,0,0,ON,223.777,0
579.5,gNB_4G_1,43,15,0,256,3,25,-22.28,148,197,115,0.244122,21.7167,ON,223.777,0.0272728
579.5,gNB_4G_2,43,15,0,256,3,32,-42.75,197,148,79,0.284928,36.0833,ON,223.777,0.0407445
580.5,gNB_5G,43,15,10,256,3,13,0,0,0,0,0,0,ON,223.777,0
580.5,gNB_4G_1,43,15,0,256,3,25,-21.76,148,197,115,0.246088,23.475,ON,223.777,0.0274925
580.5,gNB_4G_2,43,15,0,256,3,32,-42.6875,197,148,79,0.287488,39.7083,ON,223.777,0.0411106
581.5,gNB_5G,43,15,10,256,3,13,0,0,0,0,0,0,ON,223.777,0
581.5,gNB_4G_1,43,15,0,256,3,24,-22.7917,148,197,115,0.254293,23.3167,ON,223.777,0.0272728
581.5,gNB_4G_2,43,15,0,256,3,33,-42.3939,197,148,79,0.27679,73.4583,ON,223.777,0.0408177
582.5,gNB_5G,43,15,10,256,3,13,0,0,0,0,0,0,ON,223.777,0
582.5,gNB_4G_1,43,15,0,256,3,24,-25.0417,149,197,115,0.269312,23.5833,ON,223.777,0.0288836
582.5,gNB_4G_2,43,15,0,256,3,33,-41.2727,197,149,79,0.271577,56.55,ON,223.777,0.040049
583.5,gNB_5G,43,15,10,256,3,13,0,0,0,0,0,0,ON,223.777,0
583.5,gNB_4G_1,43,15,0,256,3,25,-27,150,197,115,0.26411,31.85,ON,223.777,0.0295059
583.5,gNB_4G_2,43,15,0,256,3,32,-40.8438,197,150,79,0.267264,42.5833,ON,223.777,0.0382186
584.5,gNB_5G,43,15,10,256,3,13,0,0,0,0,0,0,ON,223.777,0
584.5,gNB_4G_1,43,15,0,256,3,26,-29.5,151,198,116,0.266555,38.9417,ON,223.777,0.0309702
584.5,gNB_4G_2,43,15,0,256,3,31,-38.7419,198,151,79,0.272186,51.35,ON,223.777,0.0377061
585.5,gNB_5G,43,15,10,256,3,13,0,0,0,0,0,0,ON,223.777,0
585.5,gNB_4G_1,43,15,0,256,3,26,-26.1923,151,199,116,0.26813,40.7583,ON,223.777,0.0311533
585.5,gNB_4G_2,43,15,0,256,3,31,-39.1613,199,151,79,0.2706,71.2583,ON,223.777,0.0374864
586.5,gNB_5G,43,15,10,256,3,13,0,0,0,0,0,0,ON,223.777,0
586.5,gNB_4G_1,43,15,0,256,3,26,-26.2692,152,200,117,0.253322,38.375,ON,223.777,0.0294327
586.5,gNB_4G_2,43,15,0,256,3,31,-39.0323,200,152,80,0.281699,59.175,ON,223.777,0.0390239
587.5,gNB_5G,43,15,10,256,3,13,0,0,0,0,0,0,ON,223.777,0
587.5,gNB_4G_1,43,15,0,256,3,28,-24.6071,152,200,117,0.241079,25.1167,ON,223.777,0.0301648
587.5,gNB_4G_2,43,15,0,256,3,29,-37.3448,200,152,80,0.309319,37.7667,ON,223.777,0.0400856
588.5,gNB_5G,43,15,10,256,3,13,0,0,0,0,0,0,ON,223.777,0
588.5,gNB_4G_1,43,15,0,256,3,28,-24.7857,152,201,117,0.239031,34.0917,ON,223.777,0.0299086
588.5,gNB_4G_2,43,15,0,256,3,29,-34.1034,201,152,80,0.312708,43.0583,ON,223.777,0.0405249
589.5,gNB_5G,43,15,10,256,3,13,0,0,0,0,0,0,ON,223.777,0
589.5,gNB_4G_1,43,15,0,256,3,30,-25.2,154,201,117,0.246852,27.7833,ON,223.777,0.0330935
589.5,gNB_4G_2,43,15,0,256,3,27,-33.2222,201,154,81,0.307655,52.7667,ON,223.777,0.0371203
590.5,gNB_5G,43,15,10,256,3,13,0,0,0,0,0,0,ON,223.777,0
590.5,gNB_4G_1,43,15,0,256,3,30,-26.6,154,201,117,0.251221,32.6417,ON,223.777,0.0336792
590.5,gNB_4G_2,43,15,0,256,3,27,-34.3333,201,154,81,0.307048,71.1833,ON,223.777,0.0370471
591.5,gNB_5G,43,15,10,256,3,13,0,0,0,0,0,0,ON,223.777,0
591.5,gNB_4G_1,43,15,0,256,3,31,-27.8065,155,201,117,0.251045,38.4,ON,223.777,0.0347774
591.5,gNB_4G_2,43,15,0,256,3,27,-33.2593,201,155,82,0.303104,42.275,ON,223.777,0.0365712
592.5,gNB_5G,43,15,10,256,3,13,0,0,0,0,0,0,ON,223.777,0
592.5,gNB_4G_1,43,15,0,256,3,30,-26.9333,155,201,117,0.282351,34.0333,ON,223.777,0.0378525
592.5,gNB_4G_2,43,15,0,256,3,28,-35.9286,201,155,82,0.315685,40.3583,ON,223.777,0.0394998
593.5,gNB_5G,43,15,10,256,3,13,0,0,0,0,0,0,ON,223.777,0
593.5,gNB_4G_1,43,15,0,256,3,30,-28.8333,155,202,118,0.266513,45.0333,ON,223.777,0.0357292
593.5,gNB_4G_2,43,15,0,256,3,28,-35.3571,202,155,82,0.309541,41.4667,ON,223.777,0.0387311
594.5,gNB_5G,43,15,10,256,3,13,0,0,0,0,0,0,ON,223.777,0
594.5,gNB_4G_1,43,15,0,256,3,28,-25.5357,155,204,118,0.278528,33.2333,ON,223.777,0.0348506
594.5,gNB_4G_2,43,15,0,256,3,30,-37.7,204,155,82,0.29737,48.2083,ON,223.777,0.0398659
595.5,gNB_5G,43,15,10,256,3,13,0,0,0,0,0,0,ON,223.777,0
595.5,gNB_4G_1,43,15,0,256,3,29,-26.3103,156,204,118,0.285308,31.075,ON,223.777,0.0369739
595.5,gNB_4G_2,43,15,0,256,3,29,-38.1034,204,156,82,0.292087,48.2167,ON,223.777,0.0378525
596.5,gNB_5G,43,15,10,256,3,13,0,0,0,0,0,0,ON,223.777,0
596.5,gNB_4G_1,43,15,0,256,3,29,-26.8621,157,205,118,0.277963,43.3583,ON,223.777,0.0360221
596.5,gNB_4G_2,43,15,0,256,3,29,-36.4138,205,157,83,0.274856,45.7333,ON,223.777,0.0356194
597.5,gNB_5G,43,15,10,256,3,13,0,0,0,0,0,0,ON,223.777,0
597.5,gNB_4G_1,43,15,0,256,3,28,-25.3571,157,206,119,0.272969,77.9167,ON,223.777,0.0341551
597.5,gNB_4G_2,43,15,0,256,3,30,-38.4667,206,157,83,0.290816,50.7083,ON,223.777,0.0389873
598.5,gNB_5G,43,15,10,256,3,13,0,0,0,0,0,0,ON,223.777,0
598.5,gNB_4G_1,43,15,0,256,3,27,-25.6667,157,206,119,0.281562,29.825,ON,223.777,0.0339721
598.5,gNB_4G_2,43,15,0,256,3,31,-37.3548,206,157,83,0.282492,43.5,ON,223.777,0.0391338
599.5,gNB_5G,43,15,10,256,3,13,0,0,0,0,0,0,ON,223.777,0
599.5,gNB_4G_1,43,15,0,256,3,27,-25.6296,157,206,119,0.281259,32.2417,ON,223.777,0.0339354
599.5,gNB_4G_2,43,15,0,256,3,31,-37.4194,206,157,83,0.264522,43.4583,ON,223.777,0.0366444
600.5,gNB_5G,43,15,10,256,3,13,0,0,0,0,0,0,ON,223.777,0
600.5,gNB_4G_1,43,15,0,256,3,26,-24.5,157,207,120,0.273172,44.0667,ON,223.777,0.031739
600.5,gNB_4G_2,43,15,0,256,3,32,-36,207,157,83,0.275968,55.2667,ON,223.777,0.0394632
601.5,gNB_5G,43,15,10,256,3,13,0,0,0,0,0,0,ON,223.777,0
601.5,gNB_4G_1,43,15,0,256,3,27,-27.037,158,207,120,0.276404,31.7167,ON,223.777,0.0333497
601.5,gNB_4G_2,43,15,0,256,3,31,-33.3871,207,158,84,0.272979,40.0833,ON,223.777,0.0378159
602.5,gNB_5G,43,15,10,256,3,13,0,0,0,0,0,0,ON,223.777,0
602.5,gNB_4G_1,43,15,0,256,3,24,-22.25,158,210,121,0.263851,51.3833,ON,223.777,0.0282978
602.5,gNB_4G_2,43,15,0,256,3,34,-35.7059,210,158,84,0.27636,41.6583,ON,223.777,0.0419892
603.5,gNB_5G,43,15,10,256,3,13,0,0,0,0,0,0,ON,223.777,0
603.5,gNB_4G_1,43,15,0,256,3,26,-22.1154,159,210,121,0.247966,30.775,ON,223.777,0.0288104
603.5,gNB_4G_2,43,15,0,256,3,32,-36.6562,210,159,84,0.297472,40.775,ON,223.777,0.0425383
604.5,gNB_5G,43,15,10,256,3,13,0,0,0,0,0,0,ON,223.777,0
604.5,gNB_4G_1,43,15,0,256,3,26,-23.4231,159,210,121,0.248281,30.1333,ON,223.777,0.028847
604.5,gNB_4G_2,43,15,0,256,3,32,-36.125,210,159,84,0.297472,40.6583,ON,223.777,0.0425383
605.5,gNB_5G,43,15,10,256,3,13,0,0,0,0,0,0,ON,223.777,0
605.5,gNB_4G_1,43,15,0,256,3,23,-25.0435,159,211,122,0.264993,29.15,ON,223.777,0.0272362
605.5,gNB_4G_2,43,15,0,256,3,35,-35.2286,211,159,84,0.273613,42.5167,ON,223.777,0.0427945
606.5,gNB_5G,43,15,10,256,3,13,0,0,0,0,0,0,ON,223.777,0
606.5,gNB_4G_1,43,15,0,256,3,23,-23.8696,160,211,122,0.28672,25.15,ON,223.777,0.0294693
606.5,gNB_4G_2,43,15,0,256,3,35,-35.7714,211,160,84,0.262846,41.6417,ON,223.777,0.0411106
607.5,gNB_5G,43,15,10,256,3,13,0,0,0,0,0,0,ON,223.777,0
607.5,gNB_4G_1,43,15,0,256,3,25,-27.24,161,211,122,0.274924,26.2917,ON,223.777,0.030714
607.5,gNB_4G_2,43,15,0,256,3,33,-33.9091,211,161,85,0.267109,37.7167,ON,223.777,0.03939
608.5,gNB_5G,43,15,10,256,3,13,0,0,0,0,0,0,ON,223.777,0
608.5,gNB_4G_1,43,15,0,256,3,25,-26.36,161,211,122,0.27689,25.7,ON,223.777,0.0309336
608.5,gNB_4G_2,43,15,0,256,3,33,-34.0303,211,161,85,0.2542,42.0333,ON,223.777,0.0374864
609.5,gNB_5G,43,15,10,256,3,13,0,0,0,0,0,0,ON,223.777,0
609.5,gNB_4G_1,43,15,0,256,3,25,-26.28,161,211,122,0.267387,29.45,ON,223.777,0.029872
609.5,gNB_4G_2,43,15,0,256,3,33,-33.7879,211,161,85,0.254448,79.2833,ON,223.777,0.037523
610.5,gNB_5G,43,15,10,256,3,13,0,0,0,0,0,0,ON,223.777,0
610.5,gNB_4G_1,43,15,0,256,3,25,-26.4,161,211,122,0.268042,50.175,ON,223.777,0.0299452
610.5,gNB_4G_2,43,15,0,256,3,33,-30.8788,211,161,85,0.253704,47.3833,ON,223.777,0.0374132
611.5,gNB_5G,43,15,10,256,3,13,0,0,0,0,0,0,ON,223.777,0
611.5,gNB_4G_1,43,15,0,256,3,24,-25.9583,161,211,122,0.291157,26.05,ON,223.777,0.0312265
611.5,gNB_4G_2,43,15,0,256,3,34,-31.5,211,161,85,0.254434,39.1167,ON,223.777,0.0386579
612.5,gNB_5G,43,15,10,256,3,13,0,0,0,0,0,0,ON,223.777,0
612.5,gNB_4G_1,43,15,0,256,3,25,-26.36,162,211,122,0.303432,30.2833,ON,223.777,0.0338988
612.5,gNB_4G_2,43,15,0,256,3,33,-31.9394,211,162,85,0.253456,39.9,ON,223.777,0.0373766
613.5,gNB_5G,43,15,10,256,3,13,0,0,0,0,0,0,ON,223.777,0
613.5,gNB_4G_1,43,15,0,256,3,24,-25.375,162,212,123,0.290816,36.1333,ON,223.777,0.0311899
613.5,gNB_4G_2,43,15,0,256,3,34,-32,212,162,85,0.270577,42.775,ON,223.777,0.0411106
614.5,gNB_5G,43,15,10,256,3,13,0,0,0,0,0,0,ON,223.777,0
614.5,gNB_4G_1,43,15,0,256,3,25,-26.4,163,212,123,0.295895,25.1417,ON,223.777,0.0330569
614.5,gNB_4G_2,43,15,0,256,3,33,-31.5455,212,163,85,0.272074,38.9667,ON,223.777,0.0401222
615.5,gNB_5G,43,15,10,256,3,13,0,0,0,0,0,0,ON,223.777,0
615.5,gNB_4G_1,43,15,0,256,3,27,-29.963,165,212,123,0.279135,27.4667,ON,223.777,0.0336792
615.5,gNB_4G_2,43,15,0,256,3,31,-29.0645,212,165,85,0.282756,33.1917,ON,223.777,0.0391704
616.5,gNB_5G,43,15,10,256,3,13,0,0,0,0,0,0,ON,223.777,0
616.5,gNB_4G_1,43,15,0,256,3,26,-27.0385,165,213,124,0.290501,37.1333,ON,223.777,0.0337524
616.5,gNB_4G_2,43,15,0,256,3,32,-31,213,165,85,0.274432,38.9,ON,223.777,0.0392436
617.5,gNB_5G,43,15,10,256,3,13,0,0,0,0,0,0,ON,223.777,0
617.5,gNB_4G_1,43,15,0,256,3,26,-28.9231,165,214,124,0.278528,40.75,ON,223.777,0.0323613
617.5,gNB_4G_2,43,15,0,256,3,32,-29.4062,214,165,85,0.292864,42.0167,ON,223.777,0.0418793
618.5,gNB_5G,43,15,10,256,3,13,0,0,0,0,0,0,ON,223.777,0
618.5,gNB_4G_1,43,15,0,256,3,26,-26.2692,165,214,124,0.28861,37.3667,ON,223.777,0.0335328
618.5,gNB_4G_2,43,15,0,256,3,32,-29.3125,214,165,85,0.291072,41.35,ON,223.777,0.0416231
619.5,gNB_5G,43,15,10,256,3,13,0,0,0,0,0,0,ON,223.777,0
619.5,gNB_4G_1,43,15,0,256,3,25,-25.68,165,215,124,0.27689,30.4833,ON,223.777,0.0309336
619.5,gNB_4G_2,43,15,0,256,3,33,-29.5455,215,165,85,0.281755,50.975,ON,223.777,0.0415499
620.5,gNB_5G,43,15,10,256,3,13,0,0,0,0,0,0,ON,223.777,0
620.5,gNB_4G_1,43,15,0,256,3,26,-29,166,215,124,0.283884,43.1167,ON,223.777,0.0329836
620.5,gNB_4G_2,43,15,0,256,3,32,-27.6875,215,166,85,0.294656,85.5667,ON,223.777,0.0421356
621.5,gNB_5G,43,15,10,256,3,13,0,0,0,0,0,0,ON,223.777,0
621.5,gNB_4G_1,43,15,0,256,3,25,-26.44,166,216,125,0.297533,37.6333,ON,223.777,0.0332399
621.5,gNB_4G_2,43,15,0,256,3,33,-29.0606,216,166,85,0.319984,46.6417,ON,223.777,0.0471875
622.5,gNB_5G,43,15,10,256,3,13,0,0,0,0,0,0,ON,223.777,0
622.5,gNB_4G_1,43,15,0,256,3,24,-25.4583,166,217,125,0.27648,37.0333,ON,223.777,0.0296523
622.5,gNB_4G_2,43,15,0,256,3,34,-29.5294,217,166,85,0.316115,55.2,ON,223.777,0.0480295
623.5,gNB_5G,43,15,10,256,3,13,0,0,0,0,0,0,ON,223.777,0
623.5,gNB_4G_1,43,15,0,256,3,24,-26.125,166,217,125,0.272043,33.55,ON,223.777,0.0291764
623.5,gNB_4G_2,43,15,0,256,3,34,-30,217,166,85,0.349365,57.8583,ON,223.777,0.0530813
624.5,gNB_5G,43,15,10,256,3,13,0,0,0,0,0,0,ON,223.777,0
624.5,gNB_4G_1,43,15,0,256,3,23,-25.2174,166,218,125,0.26535,26.6083,ON,223.777,0.0272728
624.5,gNB_4G_2,43,15,0,256,3,35,-30.5714,218,166,85,0.329787,58.1333,ON,223.777,0.0515804
625.5,gNB_5G,43,15,10,256,3,13,0,0,0,0,0,0,ON,223.777,0
625.5,gNB_4G_1,43,15,0,256,3,22,-25.1364,166,219,125,0.272198,25.8417,ON,223.777,0.0267603
625.5,gNB_4G_2,43,15,0,256,3,36,-30.9722,219,166,85,0.324494,88.7167,ON,223.777,0.0522028
626.5,gNB_5G,43,15,10,256,3,13,0,0,0,0,0,0,ON,223.777,0
626.5,gNB_4G_1,43,15,0,256,3,22,-25.5,166,219,125,0.271453,23.2917,ON,223.777,0.0266871
626.5,gNB_4G_2,43,15,0,256,3,36,-31.5833,219,166,85,0.324722,87.2417,ON,223.777,0.0522394
627.5,gNB_5G,43,15,10,256,3,13,0,0,0,0,0,0,ON,223.777,0
627.5,gNB_4G_1,43,15,0,256,3,22,-23.9091,166,219,125,0.271453,24.2917,ON,223.777,0.0266871
627.5,gNB_4G_2,43,15,0,256,3,36,-31.3056,219,166,85,0.332686,54.6417,ON,223.777,0.0535206
628.5,gNB_5G,43,15,10,256,3,13,0,0,0,0,0,0,ON,223.777,0
628.5,gNB_4G_1,43,15,0,256,3,23,-23.5652,166,219,125,0.261075,24.325,ON,223.777,0.0268335
628.5,gNB_4G_2,43,15,0,256,3,35,-32.6286,219,166,85,0.35881,52.4417,ON,223.777,0.0561198
629.5,gNB_5G,43,15,10,256,3,13,0,0,0,0,0,0,ON,223.777,0
629.5,gNB_4G_1,43,15,0,256,3,23,-22.8261,166,219,125,0.248253,22.75,ON,223.777,0.0255157
629.5,gNB_4G_2,43,15,0,256,3,35,-32.5714,219,166,85,0.346405,47.875,ON,223.777,0.0541796
630.5,gNB_5G,43,15,10,256,3,13,0,0,0,0,0,0,ON,223.777,0
630.5,gNB_4G_1,43,15,0,256,3,23,-22.9565,166,219,125,0.233294,21.7667,ON,223.777,0.0239781
630.5,gNB_4G_2,43,15,0,256,3,35,-33.0857,219,166,85,0.332829,44.5167,ON,223.777,0.0520563
631.5,gNB_5G,43,15,10,256,3,13,0,0,0,0,0,0,ON,223.777,0
631.5,gNB_4G_1,43,15,0,256,3,21,-21.3333,166,220,125,0.250441,34.975,ON,223.777,0.0235022
631.5,gNB_4G_2,43,15,0,256,3,37,-34.2432,220,166,85,0.322809,51.4833,ON,223.777,0.0533742
632.5,gNB_5G,43,15,10,256,3,13,0,0,0,0,0,0,ON,223.777,0
632.5,gNB_4G_1,43,15,0,256,3,21,-22.7619,166,220,125,0.264094,30.1833,ON,223.777,0.0247835
632.5,gNB_4G_2,43,15,0,256,3,37,-33.2703,220,166,85,0.347164,50.9083,ON,223.777,0.0574011
633.5,gNB_5G,43,15,10,256,3,13,0,0,0,0,0,0,ON,223.777,0
633.5,gNB_4G_1,43,15,0,256,3,20,-21.5,166,221,125,0.270746,20.9417,ON,223.777,0.0241978
633.5,gNB_4G_2,43,15,0,256,3,38,-32.8684,221,166,85,0.332854,48.7833,ON,223.777,0.0565225
634.5,gNB_5G,43,15,10,256,3,13,0,0,0,0,0,0,ON,223.777,0
634.5,gNB_4G_1,43,15,0,256,3,20,-23,166,221,125,0.274022,23.6417,ON,223.777,0.0244906
634.5,gNB_4G_2,43,15,0,256,3,38,-33.0263,221,166,85,0.332638,53.1,ON,223.777,0.0564859
635.5,gNB_5G,43,15,10,256,3,13,0,0,0,0,0,0,ON,223.777,0
635.5,gNB_4G_1,43,15,0,256,3,21,-22.9524,167,221,125,0.257073,32.9667,ON,223.777,0.0241246
635.5,gNB_4G_2,43,15,0,256,3,37,-32.5135,221,167,86,0.339857,57.1083,ON,223.777,0.056193
636.5,gNB_5G,43,15,10,256,3,13,0,0,0,0,0,0,ON,223.777,0
636.5,gNB_4G_1,43,15,0,256,3,21,-21.1429,167,222,125,0.227426,25.9667,ON,223.777,0.0213424
636.5,gNB_4G_2,43,15,0,256,3,37,-30.9189,222,167,86,0.358234,50.8833,ON,223.777,0.0592315
637.5,gNB_5G,43,15,10,256,3,13,0,0,0,0,0,0,ON,223.777,0
637.5,gNB_4G_1,43,15,0,256,3,19,-18.1053,167,224,126,0.208249,30.3167,ON,223.777,0.0176816
637.5,gNB_4G_2,43,15,0,256,3,39,-32,224,167,86,0.354357,60.1417,ON,223.777,0.0617574
638.5,gNB_5G,43,15,10,256,3,13,0,0,0,0,0,0,ON,223.777,0
638.5,gNB_4G_1,43,15,0,256,3,19,-17.8947,167,224,126,0.208249,12.4,ON,223.777,0.0176816
638.5,gNB_4G_2,43,15,0,256,3,39,-31.6923,224,167,86,0.365489,52.8833,ON,223.777,0.0636976
639.5,gNB_5G,43,15,10,256,3,13,0,0,0,0,0,0,ON,223.777,0
639.5,gNB_4G_1,43,15,0,256,3,21,-20.1429,169,224,126,0.252782,21.55,ON,223.777,0.0237219
639.5,gNB_4G_2,43,15,0,256,3,37,-30.7297,224,169,88,0.33875,57.5417,ON,223.777,0.05601
640.5,gNB_5G,43,15,10,256,3,13,0,0,0,0,0,0,ON,223.777,0
640.5,gNB_4G_1,43,15,0,256,3,19,-19.8947,169,225,127,0.250934,26.6167,ON,223.777,0.0213058
640.5,gNB_4G_2,43,15,0,256,3,39,-30.8205,225,169,88,0.343644,53.2833,ON,223.777,0.0598904
641.5,gNB_5G,43,15,10,256,3,13,0,0,0,0,0,0,ON,223.777,0
641.5,gNB_4G_1,43,15,0,256,3,20,-21.8,170,225,127,0.272384,22.875,ON,223.777,0.0243442
641.5,gNB_4G_2,43,15,0,256,3,38,-30.3684,225,170,89,0.332207,55.1,ON,223.777,0.0564126
642.5,gNB_5G,43,15,10,256,3,13,0,0,0,0,0,0,ON,223.777,0
642.5,gNB_4G_1,43,15,0,256,3,18,-21.3333,170,226,128,0.264875,26.6917,ON,223.777,0.0213058
642.5,gNB_4G_2,43,15,0,256,3,40,-31.425,226,170,89,0.331571,52.4083,ON,223.777,0.0592681
643.5,gNB_5G,43,15,10,256,3,13,0,0,0,0,0,0,ON,223.777,0
643.5,gNB_4G_1,43,15,0,256,3,19,-23,171,226,128,0.254814,20.85,ON,223.777,0.0216352
643.5,gNB_4G_2,43,15,0,256,3,39,-31.0769,226,171,90,0.340913,51.6833,ON,223.777,0.0594145
644.5,gNB_5G,43,15,10,256,3,13,0,0,0,0,0,0,ON,223.777,0
644.5,gNB_4G_1,43,15,0,256,3,19,-20.3684,171,227,129,0.250503,19.6417,ON,223.777,0.0212691
644.5,gNB_4G_2,43,15,0,256,3,39,-32.0769,227,171,90,0.346585,51.5083,ON,223.777,0.0604029
645.5,gNB_5G,43,15,10,256,3,13,0,0,0,0,0,0,ON,223.777,0
645.5,gNB_4G_1,43,15,0,256,3,19,-20.3158,171,227,129,0.251365,18.5,ON,223.777,0.0213424
645.5,gNB_4G_2,43,15,0,256,3,39,-31.9744,227,171,90,0.345534,47.8833,ON,223.777,0.0602199
646.5,gNB_5G,43,15,10,256,3,13,0,0,0,0,0,0,ON,223.777,0
646.5,gNB_4G_1,43,15,0,256,3,19,-19.8947,171,227,129,0.250503,19.1333,ON,223.777,0.0212691
646.5,gNB_4G_2,43,15,0,256,3,39,-31.5897,227,171,90,0.345954,51.0833,ON,223.777,0.0602931
647.5,gNB_5G,43,15,10,256,3,13,0,0,0,0,0,0,ON,223.777,0
647.5,gNB_4G_1,43,15,0,256,3,20,-21.25,172,227,129,0.255181,30.9083,ON,223.777,0.0228067
647.5,gNB_4G_2,43,15,0,256,3,38,-29.8158,227,172,90,0.337381,58.9333,ON,223.777,0.0572912
648.5,gNB_5G,43,15,10,256,3,13,0,0,0,0,0,0,ON,223.777,0
648.5,gNB_4G_1,43,15,0,256,3,18,-20.7222,172,228,130,0.242574,30.7833,ON,223.777,0.019512
648.5,gNB_4G_2,43,15,0,256,3,40,-29.725,228,172,90,0.342835,58.875,ON,223.777,0.0612815
649.5,gNB_5G,43,15,10,256,3,13,0,0,0,0,0,0,ON,223.777,0
649.5,gNB_4G_1,43,15,0,256,3,17,-19.5294,172,229,131,0.233231,13.8583,ON,223.777,0.0177182
649.5,gNB_4G_2,43,15,0,256,3,41,-30.3415,229,172,90,0.348859,53.575,ON,223.777,0.0639173
650.5,gNB_5G,43,15,10,256,3,13,0,0,0,0,0,0,ON,223.777,0
650.5,gNB_4G_1,43,15,0,256,3,17,-19.0588,172,229,131,0.232267,12.55,ON,223.777,0.017645
650.5,gNB_4G_2,43,15,0,256,3,41,-29.9756,229,172,90,0.342865,48.4917,ON,223.777,0.062819
651.5,gNB_5G,43,15,10,256,3,13,0,0,0,0,0,0,ON,223.777,0
651.5,gNB_4G_1,43,15,0,256,3,17,-19.4706,172,229,131,0.231785,12.9833,ON,223.777,0.0176084
651.5,gNB_4G_2,43,15,0,256,3,41,-30.2439,229,172,90,0.337071,49.4,ON,223.777,0.0617574
652.5,gNB_5G,43,15,10,256,3,13,0,0,0,0,0,0,ON,223.777,0
652.5,gNB_4G_1,43,15,0,256,3,17,-19.7647,172,229,131,0.232267,12.7917,ON,223.777,0.017645
652.5,gNB_4G_2,43,15,0,256,3,41,-30.7561,229,172,90,0.336671,51.525,ON,223.777,0.0616842
653.5,gNB_5G,43,15,10,256,3,13,0,0,0,0,0,0,ON,223.777,0
653.5,gNB_4G_1,43,15,0,256,3,18,-21.7222,172,229,131,0.248036,15.2583,ON,223.777,0.0199513
653.5,gNB_4G_2,43,15,0,256,3,40,-29.55,229,172,90,0.33239,53.0083,ON,223.777,0.0594145
654.5,gNB_5G,43,15,10,256,3,13,0,0,0,0,0,0,ON,223.777,0
654.5,gNB_4G_1,43,15,0,256,3,18,-22.7222,172,229,131,0.248036,18.825,ON,223.777,0.0199513
654.5,gNB_4G_2,43,15,0,256,3,40,-29.775,229,172,90,0.327475,56.8583,ON,223.777,0.0585359
655.5,gNB_5G,43,15,10,256,3,13,0,0,0,0,0,0,ON,223.777,0
655.5,gNB_4G_1,43,15,0,256,3,18,-22.2778,173,230,131,0.230741,33.6,ON,223.777,0.0185602
655.5,gNB_4G_2,43,15,0,256,3,40,-29.8,230,173,90,0.323379,67.3,ON,223.777,0.0578037
656.5,gNB_5G,43,15,10,256,3,13,0,0,0,0,0,0,ON,223.777,0
656.5,gNB_4G_1,43,15,0,256,3,18,-22.1111,173,230,131,0.232107,14.6333,ON,223.777,0.01867
656.5,gNB_4G_2,43,15,0,256,3,40,-29.7,230,173,90,0.337306,53.1667,ON,223.777,0.0602931
657.5,gNB_5G,43,15,10,256,3,13,0,0,0,0,0,0,ON,223.777,0
657.5,gNB_4G_1,43,15,0,256,3,17,-19.4706,173,231,132,0.231785,21.975,ON,223.777,0.0176084
657.5,gNB_4G_2,43,15,0,256,3,41,-30.9756,231,173,90,0.336471,59.3417,ON,223.777,0.0616476
658.5,gNB_5G,43,15,10,256,3,13,0,0,0,0,0,0,ON,223.777,0
658.5,gNB_4G_1,43,15,0,256,3,18,-19.1667,173,231,132,0.220274,12.5917,ON,223.777,0.0177182
658.5,gNB_4G_2,43,15,0,256,3,40,-31.25,231,173,90,0.344474,52.625,ON,223.777,0.0615744
659.5,gNB_5G,43,15,10,256,3,13,0,0,0,0,0,0,ON,223.777,0
659.5,gNB_4G_1,43,15,0,256,3,18,-19.3333,173,231,132,0.219364,12.8,ON,223.777,0.017645
659.5,gNB_4G_2,43,15,0,256,3,40,-30.925,231,173,90,0.344883,53.2,ON,223.777,0.0616476
660.5,gNB_5G,43,15,10,256,3,13,0,0,0,0,0,0,ON,223.777,0
660.5,gNB_4G_1,43,15,0,256,3,18,-20.1667,173,231,132,0.219364,15.2,ON,223.777,0.017645
660.5,gNB_4G_2,43,15,0,256,3,40,-31.35,231,173,90,0.346522,54.9833,ON,223.777,0.0619404
661.5,gNB_5G,43,15,10,256,3,13,0,0,0,0,0,0,ON,223.777,0
661.5,gNB_4G_1,43,15,0,256,3,18,-21,173,231,132,0.218908,13.4083,ON,223.777,0.0176084
661.5,gNB_4G_2,43,15,0,256,3,40,-31.5,231,173,90,0.343654,51.65,ON,223.777,0.0614279
662.5,gNB_5G,43,15,10,256,3,13,0,0,0,0,0,0,ON,223.777,0
662.5,gNB_4G_1,43,15,0,256,3,18,-20.5556,173,231,132,0.219819,13.9083,ON,223.777,0.0176816
662.5,gNB_4G_2,43,15,0,256,3,40,-32.375,231,173,90,0.345702,51.2667,ON,223.777,0.061794
663.5,gNB_5G,43,15,10,256,3,13,0,0,0,0,0,0,ON,223.777,0
663.5,gNB_4G_1,43,15,0,256,3,20,-23.65,175,231,132,0.23511,17.65,ON,223.777,0.0210129
663.5,gNB_4G_2,43,15,0,256,3,38,-30.4211,231,175,92,0.341908,53.3583,ON,223.777,0.05806
664.5,gNB_5G,43,15,10,256,3,13,0,0,0,0,0,0,ON,223.777,0
664.5,gNB_4G_1,43,15,0,256,3,17,-17.3529,175,234,134,0.187934,49.1917,ON,223.777,0.014277
664.5,gNB_4G_2,43,15,0,256,3,41,-33.4634,234,175,92,0.347061,53.6833,ON,223.777,0.0635878
665.5,gNB_5G,43,15,10,256,3,13,0,0,0,0,0,0,ON,223.777,0
665.5,gNB_4G_1,43,15,0,256,3,17,-17.8824,175,234,134,0.181188,20.6083,ON,223.777,0.0137645
665.5,gNB_4G_2,43,15,0,256,3,41,-32.9512,234,175,92,0.354454,53.3083,ON,223.777,0.0649423
666.5,gNB_5G,43,15,10,256,3,13,0,0,0,0,0,0,ON,223.777,0
666.5,gNB_4G_1,43,15,0,256,3,17,-23.7059,176,234,134,0.200945,18.575,ON,223.777,0.0152655
666.5,gNB_4G_2,43,15,0,256,3,41,-32.7073,234,176,93,0.35825,56.4,ON,223.777,0.0656378
667.5,gNB_5G,43,15,10,256,3,13,0,0,0,0,0,0,ON,223.777,0
667.5,gNB_4G_1,43,15,0,256,3,17,-22.4706,176,234,134,0.202391,13.175,ON,223.777,0.0153753
667.5,gNB_4G_2,43,15,0,256,3,41,-33.8049,234,176,93,0.361647,55.4667,ON,223.777,0.0662602
668.5,gNB_5G,43,15,10,256,3,13,0,0,0,0,0,0,ON,223.777,0
668.5,gNB_4G_1,43,15,0,256,3,23,-31.913,181,234,134,0.26713,41.7,ON,223.777,0.0274559
668.5,gNB_4G_2,43,15,0,256,3,35,-33.4857,234,181,93,0.290699,70.9667,ON,223.777,0.0454669
669.5,gNB_5G,43,15,10,256,3,13,0,0,0,0,0,0,ON,223.777,0
669.5,gNB_4G_1,43,15,0,256,3,22,-31.5909,184,238,137,0.19698,82.6833,ON,223.777,0.0193655
669.5,gNB_4G_2,43,15,0,256,3,36,-35.4722,238,184,93,0.262372,81.975,ON,223.777,0.0422088
670.5,gNB_5G,43,15,10,256,3,13,0,0,0,0,0,0,ON,223.777,0
670.5,gNB_4G_1,43,15,0,256,3,17,-21.4118,184,244,142,0.163358,56.1167,ON,223.777,0.0124101
670.5,gNB_4G_2,43,15,0,256,3,41,-35.6829,244,184,93,0.238767,85.1333,ON,223.777,0.0437463
671.5,gNB_5G,43,15,10,256,3,13,0,0,0,0,0,0,ON,223.777,0
671.5,gNB_4G_1,43,15,0,256,3,17,-21.0588,184,244,142,0.161912,31.5833,ON,223.777,0.0123002
671.5,gNB_4G_2,43,15,0,256,3,41,-34.6829,244,184,93,0.37843,73.325,ON,223.777,0.0693352
672.5,gNB_5G,43,15,10,256,3,13,0,0,0,0,0,0,ON,223.777,0
672.5,gNB_4G_1,43,15,0,256,3,16,-16.9375,184,245,143,0.167936,13.65,ON,223.777,0.0120074
672.5,gNB_4G_2,43,15,0,256,3,42,-36.7381,245,184,93,0.362398,52.2917,ON,223.777,0.0680173
673.5,gNB_5G,43,15,10,256,3,13,0,0,0,0,0,0,ON,223.777,0
673.5,gNB_4G_1,43,15,0,256,3,15,-15.2667,184,246,143,0.138718,20.9583,ON,223.777,0.00929839
673.5,gNB_4G_2,43,15,0,256,3,43,-35.7442,246,184,93,0.362925,54.2583,ON,223.777,0.0697379
674.5,gNB_5G,43,15,10,256,3,13,0,0,0,0,0,0,ON,223.777,0
674.5,gNB_4G_1,43,15,0,256,3,15,-15.2667,184,247,143,0.136533,31.5833,ON,223.777,0.00915195
674.5,gNB_4G_2,43,15,0,256,3,43,-35.6977,247,184,93,0.32025,68.9417,ON,223.777,0.0615377
675.5,gNB_5G,43,15,10,256,3,13,0,0,0,0,0,0,ON,223.777,0
675.5,gNB_4G_1,43,15,0,256,3,16,-21.25,187,248,143,0.217088,14.1917,ON,223.777,0.0155217
675.5,gNB_4G_2,43,15,0,256,3,42,-34.6905,248,187,96,0.340943,62.5917,ON,223.777,0.0639905
676.5,gNB_5G,43,15,10,256,3,13,0,0,0,0,0,0,ON,223.777,0
676.5,gNB_4G_1,43,15,0,256,3,14,-16.5714,187,250,145,0.170277,42.9167,ON,223.777,0.0106529
676.5,gNB_4G_2,43,15,0,256,3,44,-38.2273,250,187,96,0.24576,88.9583,ON,223.777,0.0483223
677.5,gNB_5G,43,15,10,256,3,13,0,0,0,0,0,0,ON,223.777,0
677.5,gNB_4G_1,43,15,0,256,3,20,-37.35,194,250,145,0.334643,23.0333,ON,223.777,0.0299086
677.5,gNB_4G_2,43,15,0,256,3,38,-33.6579,250,194,103,0.292972,66.0917,ON,223.777,0.04975
678.5,gNB_5G,43,15,10,256,3,13,0,0,0,0,0,0,ON,223.777,0
678.5,gNB_4G_1,43,15,0,256,3,22,-38.7727,196,250,145,0.316137,31.4167,ON,223.777,0.03108
678.5,gNB_4G_2,43,15,0,256,3,36,-31.25,250,196,105,0.269198,54.1083,ON,223.777,0.0433071
679.5,gNB_5G,43,15,10,256,3,13,0,0,0,0,0,0,ON,223.777,0
679.5,gNB_4G_1,43,15,0,256,3,22,-41.0455,196,250,145,0.305338,34.5083,ON,223.777,0.0300184
679.5,gNB_4G_2,43,15,0,256,3,36,-31.2778,250,196,105,0.292409,53.5,ON,223.777,0.047041
680.5,gNB_5G,43,15,10,256,3,13,0,0,0,0,0,0,ON,223.777,0
680.5,gNB_4G_1,43,15,0,256,3,23,-40.6087,196,250,145,0.26713,44.5833,ON,223.777,0.0274559
680.5,gNB_4G_2,43,15,0,256,3,35,-32.8571,250,196,105,0.27689,59.9833,ON,223.777,0.0433071
681.5,gNB_5G,43,15,10,256,3,13,0,0,0,0,0,0,ON,223.777,0
681.5,gNB_4G_1,43,15,0,256,3,23,-40.7826,196,250,145,0.235075,78.3333,ON,223.777,0.0241612
681.5,gNB_4G_2,43,15,0,256,3,35,-33.4286,250,196,105,0.232653,90.5583,ON,223.777,0.0363882
682.5,gNB_5G,43,15,10,256,3,13,0,0,0,0,0,0,ON,223.777,0
682.5,gNB_4G_1,43,15,0,256,3,21,-35.5714,196,252,147,0.20363,39.8083,ON,223.777,0.0191093
682.5,gNB_4G_2,43,15,0,256,3,37,-37.1892,252,196,105,0.256387,88.225,ON,223.777,0.0423919
683.5,gNB_5G,43,15,10,256,3,13,0,0,0,0,0,0,ON,223.777,0
683.5,gNB_4G_1,43,15,0,256,3,22,-37.6364,197,252,147,0.191395,41.025,ON,223.777,0.0188164
683.5,gNB_4G_2,43,15,0,256,3,36,-37.8056,252,197,105,0.251676,75,ON,223.777,0.0404882
684.5,gNB_5G,43,15,10,256,3,13,0,0,0,0,0,0,ON,223.777,0
684.5,gNB_4G_1,43,15,0,256,3,22,-37.5909,197,252,147,0.202938,49.95,ON,223.777,0.0199513
684.5,gNB_4G_2,43,15,0,256,3,36,-37.1111,252,197,105,0.325404,66.2917,ON,223.777,0.0523492
685.5,gNB_5G,43,15,10,256,3,13,0,0,0,0,0,0,ON,223.777,0
685.5,gNB_4G_1,43,15,0,256,3,22,-38,197,252,147,0.200332,51.2083,ON,223.777,0.019695
685.5,gNB_4G_2,43,15,0,256,3,36,-35.7222,252,197,105,0.310613,66.25,ON,223.777,0.0499697
686.5,gNB_5G,43,15,10,256,3,13,0,0,0,0,0,0,ON,223.777,0
686.5,gNB_4G_1,43,15,0,256,3,22,-37.8182,197,252,147,0.202566,43.475,ON,223.777,0.0199147
686.5,gNB_4G_2,43,15,0,256,3,36,-35.9167,252,197,105,0.295367,67.3417,ON,223.777,0.0475169
687.5,gNB_5G,43,15,10,256,3,13,0,0,0,0,0,0,ON,223.777,0
687.5,gNB_4G_1,43,15,0,256,3,23,-39.8261,197,252,147,0.188772,40.675,ON,223.777,0.0194021
687.5,gNB_4G_2,43,15,0,256,3,35,-34.8286,252,197,105,0.304274,66.5333,ON,223.777,0.0475902
688.5,gNB_5G,43,15,10,256,3,13,0,0,0,0,0,0,ON,223.777,0
688.5,gNB_4G_1,43,15,0,256,3,22,-37.3636,197,252,147,0.195491,54.225,ON,223.777,0.0192191
688.5,gNB_4G_2,43,15,0,256,3,36,-37.0278,252,197,105,0.29514,74.0167,ON,223.777,0.0474803
689.5,gNB_5G,43,15,10,256,3,13,0,0,0,0,0,0,ON,223.777,0
689.5,gNB_4G_1,43,15,0,256,3,22,-37.3636,197,252,147,0.2048,49.3917,ON,223.777,0.0201343
689.5,gNB_4G_2,43,15,0,256,3,36,-37.1667,252,197,105,0.296732,73.0167,ON,223.777,0.0477366
690.5,gNB_5G,43,15,10,256,3,13,0,0,0,0,0,0,ON,223.777,0
690.5,gNB_4G_1,43,15,0,256,3,22,-37.2273,197,252,147,0.200332,40.1667,ON,223.777,0.019695
690.5,gNB_4G_2,43,15,0,256,3,36,-37.2778,252,197,105,0.299463,60.8917,ON,223.777,0.0481759
691.5,gNB_5G,43,15,10,256,3,13,0,0,0,0,0,0,ON,223.777,0
691.5,gNB_4G_1,43,15,0,256,3,22,-37.5455,197,252,147,0.188788,62.3833,ON,223.777,0.0185602
691.5,gNB_4G_2,43,15,0,256,3,36,-37.4167,252,197,105,0.283989,69.8333,ON,223.777,0.0456866
692.5,gNB_5G,43,15,10,256,3,13,0,0,0,0,0,0,ON,223.777,0
692.5,gNB_4G_1,43,15,0,256,3,24,-38.6667,198,252,147,0.190805,82.2833,ON,223.777,0.0204638
692.5,gNB_4G_2,43,15,0,256,3,34,-37.9118,252,198,105,0.220461,85.8667,ON,223.777,0.0334962
693.5,gNB_5G,43,15,10,256,3,13,0,0,0,0,0,0,ON,223.777,0
693.5,gNB_4G_1,43,15,0,256,3,24,-37.9167,200,254,148,0.220843,56.025,ON,223.777,0.0236853
693.5,gNB_4G_2,43,15,0,256,3,34,-36.2941,254,200,105,0.276119,66.4333,ON,223.777,0.0419526
694.5,gNB_5G,43,15,10,256,3,13,0,0,0,0,0,0,ON,223.777,0
694.5,gNB_4G_1,43,15,0,256,3,24,-36.2083,201,255,148,0.223915,48.2667,ON,223.777,0.0240147
694.5,gNB_4G_2,43,15,0,256,3,34,-35.5882,255,201,106,0.2766,58.9083,ON,223.777,0.0420258
695.5,gNB_5G,43,15,10,256,3,13,0,0,0,0,0,0,ON,223.777,0
695.5,gNB_4G_1,43,15,0,256,3,24,-34.0833,202,256,149,0.214699,36.4667,ON,223.777,0.0230263
695.5,gNB_4G_2,43,15,0,256,3,34,-35.5,256,202,106,0.288648,57.4583,ON,223.777,0.0438562
696.5,gNB_5G,43,15,10,256,3,13,0,0,0,0,0,0,ON,223.777,0
696.5,gNB_4G_1,43,15,0,256,3,25,-36.32,203,256,149,0.230687,34.85,ON,223.777,0.0257719
696.5,gNB_4G_2,43,15,0,256,3,33,-34.0909,256,203,107,0.280017,57.35,ON,223.777,0.0412936
697.5,gNB_5G,43,15,10,256,3,13,0,0,0,0,0,0,ON,223.777,0
697.5,gNB_4G_1,43,15,0,256,3,24,-35.4583,204,257,150,0.234155,48.7333,ON,223.777,0.025113
697.5,gNB_4G_2,43,15,0,256,3,34,-32.5,257,204,108,0.269131,49.975,ON,223.777,0.0408909
698.5,gNB_5G,43,15,10,256,3,13,0,0,0,0,0,0,ON,223.777,0
698.5,gNB_4G_1,43,15,0,256,3,24,-34.4583,204,257,150,0.229717,43.0667,ON,223.777,0.0246371
698.5,gNB_4G_2,43,15,0,256,3,34,-32.6176,257,204,108,0.274673,42.675,ON,223.777,0.0417329
699.5,gNB_5G,43,15,10,256,3,13,0,0,0,0,0,0,ON,223.777,0
699.5,gNB_4G_1,43,15,0,256,3,25,-34.64,205,257,150,0.245105,53.8083,ON,223.777,0.0273826
699.5,gNB_4G_2,43,15,0,256,3,33,-32,257,205,108,0.257676,52.5333,ON,223.777,0.0379989
700.5,gNB_5G,43,15,10,256,3,13,0,0,0,0,0,0,ON,223.777,0
700.5,gNB_4G_1,43,15,0,256,3,24,-34.2917,205,258,151,0.239275,41.825,ON,223.777,0.0256621
700.5,gNB_4G_2,43,15,0,256,3,34,-33,258,205,108,0.275637,38.8167,ON,223.777,0.0418793
701.5,gNB_5G,43,15,10,256,3,13,0,0,0,0,0,0,ON,223.777,0
701.5,gNB_4G_1,43,15,0,256,3,23,-33.3913,205,260,152,0.214061,49.2667,ON,223.777,0.0220013
701.5,gNB_4G_2,43,15,0,256,3,35,-33.2286,260,205,108,0.291869,42.95,ON,223.777,0.04565
702.5,gNB_5G,43,15,10,256,3,13,0,0,0,0,0,0,ON,223.777,0
702.5,gNB_4G_1,43,15,0,256,3,24,-35.9167,206,261,153,0.177152,77.725,ON,223.777,0.0189995
702.5,gNB_4G_2,43,15,0,256,3,34,-31.1176,261,206,109,0.285997,71.1417,ON,223.777,0.0434535
703.5,gNB_5G,43,15,10,256,3,13,0,0,0,0,0,0,ON,223.777,0
703.5,gNB_4G_1,43,15,0,256,3,28,-37.1429,210,262,154,0.192512,72.6167,ON,223.777,0.0240879
703.5,gNB_4G_2,43,15,0,256,3,30,-27.9333,262,210,111,0.212446,69.575,ON,223.777,0.0284809
704.5,gNB_5G,43,15,10,256,3,13,0,0,0,0,0,0,ON,223.777,0
704.5,gNB_4G_1,43,15,0,256,3,23,-32.7826,211,267,158,0.220828,75.775,ON,223.777,0.0226968
704.5,gNB_4G_2,43,15,0,256,3,35,-33.2571,267,211,112,0.217205,62.975,ON,223.777,0.0339721
705.5,gNB_5G,43,15,10,256,3,13,0,0,0,0,0,0,ON,223.777,0
705.5,gNB_4G_1,43,15,0,256,3,21,-30.6667,212,270,160,0.200899,60.9167,ON,223.777,0.018853
705.5,gNB_4G_2,43,15,0,256,3,37,-33.1351,270,212,113,0.194394,86.2667,ON,223.777,0.0321417
706.5,gNB_5G,43,15,10,256,3,13,0,0,0,0,0,0,ON,223.777,0
706.5,gNB_4G_1,43,15,0,256,3,21,-30.8571,213,271,161,0.20441,39.75,ON,223.777,0.0191825
706.5,gNB_4G_2,43,15,0,256,3,37,-32.8108,271,213,114,0.276093,68.0083,ON,223.777,0.04565
707.5,gNB_5G,43,15,10,256,3,13,0,0,0,0,0,0,ON,223.777,0
707.5,gNB_4G_1,43,15,0,256,3,21,-34.7143,215,272,162,0.230156,35.15,ON,223.777,0.0215986
707.5,gNB_4G_2,43,15,0,256,3,37,-29.8919,272,215,116,0.292919,58.8667,ON,223.777,0.0484321
708.5,gNB_5G,43,15,10,256,3,13,0,0,0,0,0,0,ON,223.777,0
708.5,gNB_4G_1,43,15,0,256,3,19,-30.1579,215,274,164,0.210405,44.8583,ON,223.777,0.0178646
708.5,gNB_4G_2,43,15,0,256,3,39,-32.1282,274,215,116,0.312346,58.1417,ON,223.777,0.0544358
709.5,gNB_5G,43,15,10,256,3,13,0,0,0,0,0,0,ON,223.777,0
709.5,gNB_4G_1,43,15,0,256,3,20,-33.6,216,274,164,0.223232,15.6,ON,223.777,0.0199513
709.5,gNB_4G_2,43,15,0,256,3,38,-30.7105,274,216,117,0.316039,55.4417,ON,223.777,0.0536671
710.5,gNB_5G,43,15,10,256,3,13,0,0,0,0,0,0,ON,223.777,0
710.5,gNB_4G_1,43,15,0,256,3,21,-35.0952,217,274,164,0.228986,22.5167,ON,223.777,0.0214888
710.5,gNB_4G_2,43,15,0,256,3,37,-30.1622,274,217,118,0.302883,50.6083,ON,223.777,0.0500795
711.5,gNB_5G,43,15,10,256,3,13,0,0,0,0,0,0,ON,223.777,0
711.5,gNB_4G_1,43,15,0,256,3,21,-34.7143,217,274,164,0.228596,67.05,ON,223.777,0.0214522
711.5,gNB_4G_2,43,15,0,256,3,37,-29.8649,274,217,118,0.302661,59.0917,ON,223.777,0.0500429
712.5,gNB_5G,43,15,10,256,3,13,0,0,0,0,0,0,ON,223.777,0
712.5,gNB_4G_1,43,15,0,256,3,21,-34.8095,217,274,164,0.229376,35.025,ON,223.777,0.0215254
712.5,gNB_4G_2,43,15,0,256,3,37,-29.8649,274,217,118,0.304211,49.875,ON,223.777,0.0502991
713.5,gNB_5G,43,15,10,256,3,13,0,0,0,0,0,0,ON,223.777,0
713.5,gNB_4G_1,43,15,0,256,3,20,-33.15,217,275,165,0.237158,27.7083,ON,223.777,0.0211959
713.5,gNB_4G_2,43,15,0,256,3,38,-31.8947,275,217,118,0.300086,48.75,ON,223.777,0.0509581
714.5,gNB_5G,43,15,10,256,3,13,0,0,0,0,0,0,ON,223.777,0
714.5,gNB_4G_1,43,15,0,256,3,19,-30.5263,217,275,165,0.211699,31.7917,ON,223.777,0.0179744
714.5,gNB_4G_2,43,15,0,256,3,39,-32.9487,275,217,118,0.302054,48.0917,ON,223.777,0.052642
715.5,gNB_5G,43,15,10,256,3,13,0,0,0,0,0,0,ON,223.777,0
715.5,gNB_4G_1,43,15,0,256,3,19,-30.8947,217,275,165,0.237137,19.6667,ON,223.777,0.0201343
715.5,gNB_4G_2,43,15,0,256,3,39,-33.1538,275,217,118,0.293862,50.7083,ON,223.777,0.0512143
716.5,gNB_5G,43,15,10,256,3,13,0,0,0,0,0,0,ON,223.777,0
716.5,gNB_4G_1,43,15,0,256,3,19,-29.3684,217,275,165,0.230669,42.1083,ON,223.777,0.0195852
716.5,gNB_4G_2,43,15,0,256,3,39,-34.5385,275,217,118,0.300163,59.7417,ON,223.777,0.0523126
717.5,gNB_5G,43,15,10,256,3,13,0,0,0,0,0,0,ON,223.777,0
717.5,gNB_4G_1,43,15,0,256,3,21,-31.381,219,275,165,0.297253,24.6167,ON,223.777,0.0278952
717.5,gNB_4G_2,43,15,0,256,3,37,-32.0811,275,219,118,0.278307,50.1583,ON,223.777,0.046016
718.5,gNB_5G,43,15,10,256,3,13,0,0,0,0,0,0,ON,223.777,0
718.5,gNB_4G_1,43,15,0,256,3,22,-35,220,275,165,0.257303,31.8167,ON,223.777,0.025296
718.5,gNB_4G_2,43,15,0,256,3,36,-31.5278,275,220,118,0.274432,43.4,ON,223.777,0.044149
719.5,gNB_5G,43,15,10,256,3,13,0,0,0,0,0,0,ON,223.777,0
719.5,gNB_4G_1,43,15,0,256,3,23,-35.1304,220,275,165,0.255733,37.85,ON,223.777,0.0262844
719.5,gNB_4G_2,43,15,0,256,3,35,-32.6,275,220,118,0.282039,44.4333,ON,223.777,0.0441124
720.5,gNB_5G,43,15,10,256,3,13,0,0,0,0,0,0,ON,223.777,0
720.5,gNB_4G_1,43,15,0,256,3,22,-32.4545,220,276,165,0.215971,49.65,ON,223.777,0.0212325
720.5,gNB_4G_2,43,15,0,256,3,36,-34.1667,276,220,118,0.28854,48.175,ON,223.777,0.0464187
721.5,gNB_5G,43,15,10,256,3,13,0,0,0,0,0,0,ON,223.777,0
721.5,gNB_4G_1,43,15,0,256,3,23,-33.7826,221,276,165,0.237924,50.4667,ON,223.777,0.024454
721.5,gNB_4G_2,43,15,0,256,3,35,-33.4286,276,221,119,0.272208,54.9667,ON,223.777,0.0425749
722.5,gNB_5G,43,15,10,256,3,13,0,0,0,0,0,0,ON,223.777,0
722.5,gNB_4G_1,43,15,0,256,3,23,-33.7391,221,276,165,0.260363,44.1667,ON,223.777,0.0267603
722.5,gNB_4G_2,43,15,0,256,3,35,-33.2857,276,221,119,0.260037,42.3667,ON,223.777,0.0406713
723.5,gNB_5G,43,15,10,256,3,13,0,0,0,0,0,0,ON,223.777,0
723.5,gNB_4G_1,43,15,0,256,3,23,-32.8696,222,277,166,0.248966,38.3667,ON,223.777,0.0255889
723.5,gNB_4G_2,43,15,0,256,3,35,-34.7429,277,222,119,0.268464,49.7417,ON,223.777,0.0419892
724.5,gNB_5G,43,15,10,256,3,13,0,0,0,0,0,0,ON,223.777,0
724.5,gNB_4G_1,43,15,0,256,3,24,-34.125,223,277,166,0.268971,39.6583,ON,223.777,0.028847
724.5,gNB_4G_2,43,15,0,256,3,34,-34.8235,277,223,119,0.257325,53.8417,ON,223.777,0.0390972
725.5,gNB_5G,43,15,10,256,3,13,0,0,0,0,0,0,ON,223.777,0
725.5,gNB_4G_1,43,15,0,256,3,25,-35.56,224,277,166,0.260178,59.8,ON,223.777,0.0290666
725.5,gNB_4G_2,43,15,0,256,3,33,-34.4242,277,224,119,0.250725,54,ON,223.777,0.0369739
726.5,gNB_5G,43,15,10,256,3,13,0,0,0,0,0,0,ON,223.777,0
726.5,gNB_4G_1,43,15,0,256,3,26,-36.4615,225,277,166,0.28672,53.875,ON,223.777,0.0333131
726.5,gNB_4G_2,43,15,0,256,3,32,-33.4375,277,225,119,0.238848,57.2583,ON,223.777,0.0341551
727.5,gNB_5G,43,15,10,256,3,13,0,0,0,0,0,0,ON,223.777,0
727.5,gNB_4G_1,43,15,0,256,3,27,-36.963,226,277,166,0.288844,53.2,ON,223.777,0.0348506
727.5,gNB_4G_2,43,15,0,256,3,31,-33.5484,277,226,119,0.232019,56.325,ON,223.777,0.0321417
728.5,gNB_5G,43,15,10,256,3,13,0,0,0,0,0,0,ON,223.777,0
728.5,gNB_4G_1,43,15,0,256,3,27,-36.5926,227,278,167,0.278225,59.8167,ON,223.777,0.0335694
728.5,gNB_4G_2,43,15,0,256,3,31,-34.0645,278,227,119,0.226205,61.3833,ON,223.777,0.0313363
729.5,gNB_5G,43,15,10,256,3,13,0,0,0,0,0,0,ON,223.777,0
729.5,gNB_4G_1,43,15,0,256,3,27,-38.3333,228,279,168,0.302497,40.5917,ON,223.777,0.036498
729.5,gNB_4G_2,43,15,0,256,3,31,-33.1613,279,228,120,0.209821,72.525,ON,223.777,0.0290666
730.5,gNB_5G,43,15,10,256,3,13,0,0,0,0,0,0,ON,223.777,0
730.5,gNB_4G_1,43,15,0,256,3,25,-36.56,228,281,170,0.285409,48.725,ON,223.777,0.0318854
730.5,gNB_4G_2,43,15,0,256,3,33,-35.5455,281,228,120,0.209268,49.4833,ON,223.777,0.0308604
731.5,gNB_5G,43,15,10,256,3,13,0,0,0,0,0,0,ON,223.777,0
731.5,gNB_4G_1,43,15,0,256,3,25,-39.84,229,281,170,0.306053,47.2,ON,223.777,0.0341917
731.5,gNB_4G_2,43,15,0,256,3,33,-32.4848,281,229,121,0.192388,61.3833,ON,223.777,0.0283711
732.5,gNB_5G,43,15,10,256,3,13,0,0,0,0,0,0,ON,223.777,0
732.5,gNB_4G_1,43,15,0,256,3,26,-42.7308,231,282,170,0.304049,55.925,ON,223.777,0.0353265
732.5,gNB_4G_2,43,15,0,256,3,32,-31.5312,282,231,123,0.185088,61.6333,ON,223.777,0.0264675
733.5,gNB_5G,43,15,10,256,3,13,0,0,0,0,0,0,ON,223.777,0
733.5,gNB_4G_1,43,15,0,256,3,28,-41.8929,232,282,170,0.275017,69.3667,ON,223.777,0.0344114
733.5,gNB_4G_2,43,15,0,256,3,30,-32.0333,282,232,124,0.188689,74.8917,ON,223.777,0.025296
734.5,gNB_5G,43,15,10,256,3,13,0,0,0,0,0,0,ON,223.777,0
734.5,gNB_4G_1,43,15,0,256,3,27,-39.3333,232,283,170,0.304621,43.9417,ON,223.777,0.0367543
734.5,gNB_4G_2,43,15,0,256,3,31,-33.9032,283,232,124,0.18181,59.2083,ON,223.777,0.0251862
735.5,gNB_5G,43,15,10,256,3,13,0,0,0,0,0,0,ON,223.777,0
735.5,gNB_4G_1,43,15,0,256,3,29,-37.5172,232,283,170,0.257059,59.2333,ON,223.777,0.0333131
735.5,gNB_4G_2,43,15,0,256,3,29,-33,283,232,124,0.194913,32.825,ON,223.777,0.0252594
736.5,gNB_5G,43,15,10,256,3,13,0,0,0,0,0,0,ON,223.777,0
736.5,gNB_4G_1,43,15,0,256,3,28,-33.6071,232,285,170,0.224695,36.65,ON,223.777,0.0281148
736.5,gNB_4G_2,43,15,0,256,3,30,-36.3667,285,232,124,0.192239,32.5583,ON,223.777,0.0257719
737.5,gNB_5G,43,15,10,256,3,13,0,0,0,0,0,0,ON,223.777,0
737.5,gNB_4G_1,43,15,0,256,3,27,-32.8519,233,287,170,0.172335,51.1833,ON,223.777,0.0207932
737.5,gNB_4G_2,43,15,0,256,3,31,-36.4194,287,233,125,0.186566,39.1167,ON,223.777,0.0258451
738.5,gNB_5G,43,15,10,256,3,13,0,0,0,0,0,0,ON,223.777,0
738.5,gNB_4G_1,43,15,0,256,3,28,-37.1071,234,287,170,0.189294,41.1833,ON,223.777,0.0236853
738.5,gNB_4G_2,43,15,0,256,3,30,-35.2,287,234,126,0.189508,30.5917,ON,223.777,0.0254058
739.5,gNB_5G,43,15,10,256,3,13,0,0,0,0,0,0,ON,223.777,0
739.5,gNB_4G_1,43,15,0,256,3,28,-33.4643,234,288,171,0.166766,47.375,ON,223.777,0.0208665
739.5,gNB_4G_2,43,15,0,256,3,30,-38.4667,288,234,126,0.211354,40.1083,ON,223.777,0.0283345
740.5,gNB_5G,43,15,10,256,3,13,0,0,0,0,0,0,ON,223.777,0
740.5,gNB_4G_1,43,15,0,256,3,28,-32.2857,234,288,171,0.164425,37.8333,ON,223.777,0.0205736
740.5,gNB_4G_2,43,15,0,256,3,30,-38.3333,288,234,126,0.21818,37.625,ON,223.777,0.0292496
741.5,gNB_5G,43,15,10,256,3,13,0,0,0,0,0,0,ON,223.777,0
741.5,gNB_4G_1,43,15,0,256,3,27,-31.4815,234,289,172,0.146242,31.5833,ON,223.777,0.017645
741.5,gNB_4G_2,43,15,0,256,3,31,-38.7742,289,234,126,0.221713,39.6917,ON,223.777,0.030714
742.5,gNB_5G,43,15,10,256,3,13,0,0,0,0,0,0,ON,223.777,0
742.5,gNB_4G_1,43,15,0,256,3,29,-33.2414,236,289,172,0.141241,13.625,ON,223.777,0.0183039
742.5,gNB_4G_2,43,15,0,256,3,29,-36.7241,289,236,128,0.222031,25.3083,ON,223.777,0.0287737
743.5,gNB_5G,43,15,10,256,3,13,0,0,0,0,0,0,ON,223.777,0
743.5,gNB_4G_1,43,15,0,256,3,29,-33.4828,237,290,173,0.157625,20.3083,ON,223.777,0.0204272
743.5,gNB_4G_2,43,15,0,256,3,29,-36.1724,290,237,129,0.194913,41.4083,ON,223.777,0.0252594
744.5,gNB_5G,43,15,10,256,3,13,0,0,0,0,0,0,ON,223.777,0
744.5,gNB_4G_1,43,15,0,256,3,28,-32.6786,237,291,174,0.141605,29.9083,ON,223.777,0.0177182
744.5,gNB_4G_2,43,15,0,256,3,30,-36.6333,291,237,129,0.210534,30.35,ON,223.777,0.0282246
745.5,gNB_5G,43,15,10,256,3,13,0,0,0,0,0,0,ON,223.777,0
745.5,gNB_4G_1,43,15,0,256,3,29,-33.2069,237,291,174,0.140111,20.6167,ON,223.777,0.0181575
745.5,gNB_4G_2,43,15,0,256,3,29,-36.3793,291,237,129,0.223444,34.5,ON,223.777,0.0289568
746.5,gNB_5G,43,15,10,256,3,13,0,0,0,0,0,0,ON,223.777,0
746.5,gNB_4G_1,43,15,0,256,3,29,-33.4828,237,291,174,0.140676,15.7917,ON,223.777,0.0182307
746.5,gNB_4G_2,43,15,0,256,3,29,-36.6552,291,237,129,0.224009,29.2167,ON,223.777,0.02903
747.5,gNB_5G,43,15,10,256,3,13,0,0,0,0,0,0,ON,223.777,0
747.5,gNB_4G_1,43,15,0,256,3,27,-33.8148,237,292,174,0.147153,16.7917,ON,223.777,0.0177548
747.5,gNB_4G_2,43,15,0,256,3,31,-36.2581,292,237,129,0.209821,30.3583,ON,223.777,0.0290666
748.5,gNB_5G,43,15,10,256,3,13,0,0,0,0,0,0,ON,223.777,0
748.5,gNB_4G_1,43,15,0,256,3,25,-34.48,237,293,174,0.126812,29.8333,ON,223.777,0.0141672
748.5,gNB_4G_2,43,15,0,256,3,33,-35.8788,293,237,129,0.216964,38.0333,ON,223.777,0.0319952
749.5,gNB_5G,43,15,10,256,3,13,0,0,0,0,0,0,ON,223.777,0
749.5,gNB_4G_1,43,15,0,256,3,25,-34.68,237,293,174,0.125829,14.7333,ON,223.777,0.0140574
749.5,gNB_4G_2,43,15,0,256,3,33,-36.4848,293,237,129,0.221432,28.5667,ON,223.777,0.0326542
750.5,gNB_5G,43,15,10,256,3,13,0,0,0,0,0,0,ON,223.777,0
750.5,gNB_4G_1,43,15,0,256,3,24,-34.4167,237,294,174,0.11264,14.0417,ON,223.777,0.0120806
750.5,gNB_4G_2,43,15,0,256,3,34,-36.3529,294,237,129,0.201909,39.9,ON,223.777,0.0306774
751.5,gNB_5G,43,15,10,256,3,13,0,0,0,0,0,0,ON,223.777,0
751.5,gNB_4G_1,43,15,0,256,3,25,-35.28,238,294,174,0.137953,10.6333,ON,223.777,0.0154119
751.5,gNB_4G_2,43,15,0,256,3,33,-36.0606,294,238,130,0.190402,57.925,ON,223.777,0.0280782
752.5,gNB_5G,43,15,10,256,3,13,0,0,0,0,0,0,ON,223.777,0
752.5,gNB_4G_1,43,15,0,256,3,26,-35.3462,239,294,174,0.157538,18.1917,ON,223.777,0.0183039
752.5,gNB_4G_2,43,15,0,256,3,32,-35.9688,294,239,130,0.171264,27.5,ON,223.777,0.0244906
753.5,gNB_5G,43,15,10,256,3,13,0,0,0,0,0,0,ON,223.777,0
753.5,gNB_4G_1,43,15,0,256,3,26,-35.2692,239,294,174,0.161634,24.7,ON,223.777,0.0187798
753.5,gNB_4G_2,43,15,0,256,3,32,-35.7188,294,239,130,0.172032,26.9167,ON,223.777,0.0246005
754.5,gNB_5G,43,15,10,256,3,13,0,0,0,0,0,0,ON,223.777,0
754.5,gNB_4G_1,43,15,0,256,3,25,-34.64,239,295,175,0.133693,29.2167,ON,223.777,0.014936
754.5,gNB_4G_2,43,15,0,256,3,33,-35.9697,295,239,130,0.188416,28.875,ON,223.777,0.0277853
755.5,gNB_5G,43,15,10,256,3,13,0,0,0,0,0,0,ON,223.777,0
755.5,gNB_4G_1,43,15,0,256,3,25,-34.88,239,295,175,0.145818,14.225,ON,223.777,0.0162905
755.5,gNB_4G_2,43,15,0,256,3,33,-35.9394,295,239,130,0.18072,26.75,ON,223.777,0.0266505
756.5,gNB_5G,43,15,10,256,3,13,0,0,0,0,0,0,ON,223.777,0
756.5,gNB_4G_1,43,15,0,256,3,26,-33.5,239,295,175,0.135168,17.6667,ON,223.777,0.0157048
756.5,gNB_4G_2,43,15,0,256,3,32,-37.3125,295,239,130,0.1792,29.775,ON,223.777,0.0256255
757.5,gNB_5G,43,15,10,256,3,13,0,0,0,0,0,0,ON,223.777,0
757.5,gNB_4G_1,43,15,0,256,3,26,-33.7308,239,296,175,0.135798,21.7083,ON,223.777,0.015778
757.5,gNB_4G_2,43,15,0,256,3,32,-37.125,296,239,130,0.183808,28.575,ON,223.777,0.0262844
758.5,gNB_5G,43,15,10,256,3,13,0,0,0,0,0,0,ON,223.777,0
758.5,gNB_4G_1,43,15,0,256,3,27,-32.2222,240,296,175,0.1514,16.35,ON,223.777,0.0182673
758.5,gNB_4G_2,43,15,0,256,3,31,-34.9677,296,240,131,0.185773,26.4333,ON,223.777,0.0257353
759.5,gNB_5G,43,15,10,256,3,13,0,0,0,0,0,0,ON,223.777,0
759.5,gNB_4G_1,43,15,0,256,3,27,-34,240,296,175,0.153221,27.0667,ON,223.777,0.0184869
759.5,gNB_4G_2,43,15,0,256,3,31,-35.5484,296,240,131,0.184981,29.6583,ON,223.777,0.0256255
760.5,gNB_5G,43,15,10,256,3,13,0,0,0,0,0,0,ON,223.777,0
760.5,gNB_4G_1,43,15,0,256,3,26,-33.1154,240,297,176,0.136428,27.4417,ON,223.777,0.0158512
760.5,gNB_4G_2,43,15,0,256,3,32,-36.8438,297,240,131,0.194048,28.275,ON,223.777,0.0277487
761.5,gNB_5G,43,15,10,256,3,13,0,0,0,0,0,0,ON,223.777,0
761.5,gNB_4G_1,43,15,0,256,3,26,-35.9231,241,297,176,0.167306,18.1167,ON,223.777,0.0194388
761.5,gNB_4G_2,43,15,0,256,3,32,-34.0312,297,241,132,0.155904,27.4167,ON,223.777,0.0222942
762.5,gNB_5G,43,15,10,256,3,13,0,0,0,0,0,0,ON,223.777,0
762.5,gNB_4G_1,43,15,0,256,3,26,-35.5769,241,297,176,0.157538,14.3333,ON,223.777,0.0183039
762.5,gNB_4G_2,43,15,0,256,3,32,-34.2812,297,241,132,0.16,21.8833,ON,223.777,0.0228799
763.5,gNB_5G,43,15,10,256,3,13,0,0,0,0,0,0,ON,223.777,0
763.5,gNB_4G_1,43,15,0,256,3,26,-35.9231,241,297,176,0.146511,13.0917,ON,223.777,0.0170226
763.5,gNB_4G_2,43,15,0,256,3,32,-34.125,297,241,132,0.157184,20.6583,ON,223.777,0.0224772
764.5,gNB_5G,43,15,10,256,3,13,0,0,0,0,0,0,ON,223.777,0
764.5,gNB_4G_1,43,15,0,256,3,26,-36.4231,241,297,176,0.147141,21.925,ON,223.777,0.0170959
764.5,gNB_4G_2,43,15,0,256,3,32,-34.125,297,241,132,0.15616,23.625,ON,223.777,0.0223308
765.5,gNB_5G,43,15,10,256,3,13,0,0,0,0,0,0,ON,223.777,0
765.5,gNB_4G_1,43,15,0,256,3,26,-37.5769,241,297,176,0.146511,25.4833,ON,223.777,0.0170226
765.5,gNB_4G_2,43,15,0,256,3,32,-33.6562,297,241,132,0.156416,22.8917,ON,223.777,0.0223674
766.5,gNB_5G,43,15,10,256,3,13,0,0,0,0,0,0,ON,223.777,0
766.5,gNB_4G_1,43,15,0,256,3,26,-36.6923,241,297,176,0.147141,13.9667,ON,223.777,0.0170959
766.5,gNB_4G_2,43,15,0,256,3,32,-33.7188,297,241,132,0.156416,21.075,ON,223.777,0.0223674
767.5,gNB_5G,43,15,10,256,3,13,0,0,0,0,0,0,ON,223.777,0
767.5,gNB_4G_1,43,15,0,256,3,26,-36.2692,241,297,176,0.146511,16.05,ON,223.777,0.0170226
767.5,gNB_4G_2,43,15,0,256,3,32,-33.875,297,241,132,0.155648,22.475,ON,223.777,0.0222576
768.5,gNB_5G,43,15,10,256,3,13,0,0,0,0,0,0,ON,223.777,0
768.5,gNB_4G_1,43,15,0,256,3,26,-33.5769,241,298,177,0.115318,20.5833,ON,223.777,0.0133985
768.5,gNB_4G_2,43,15,0,256,3,32,-36.125,298,241,132,0.177664,23.5333,ON,223.777,0.0254058
769.5,gNB_5G,43,15,10,256,3,13,0,0,0,0,0,0,ON,223.777,0
769.5,gNB_4G_1,43,15,0,256,3,27,-35.4444,242,298,177,0.126521,10.2167,ON,223.777,0.0152655
769.5,gNB_4G_2,43,15,0,256,3,31,-34.8387,298,242,133,0.161462,20.4417,ON,223.777,0.0223674
770.5,gNB_5G,43,15,10,256,3,13,0,0,0,0,0,0,ON,223.777,0
770.5,gNB_4G_1,43,15,0,256,3,26,-33.7692,242,299,178,0.115318,10.0083,ON,223.777,0.0133985
770.5,gNB_4G_2,43,15,0,256,3,32,-35.8125,299,242,133,0.155648,18.625,ON,223.777,0.0222576
771.5,gNB_5G,43,15,10,256,3,13,0,0,0,0,0,0,ON,223.777,0
771.5,gNB_4G_1,43,15,0,256,3,25,-32.76,242,300,178,0.0946995,15.9583,ON,223.777,0.0105797
771.5,gNB_4G_2,43,15,0,256,3,33,-35.8485,300,242,133,0.16955,20.3083,ON,223.777,0.0250031
772.5,gNB_5G,43,15,10,256,3,13,0,0,0,0,0,0,ON,223.777,0
772.5,gNB_4G_1,43,15,0,256,3,25,-33,242,300,178,0.0946995,7.425,ON,223.777,0.0105797
772.5,gNB_4G_2,43,15,0,256,3,33,-36.1212,300,242,133,0.171039,20.3167,ON,223.777,0.0252228
773.5,gNB_5G,43,15,10,256,3,13,0,0,0,0,0,0,ON,223.777,0
773.5,gNB_4G_1,43,15,0,256,3,25,-32.84,242,300,178,0.0950272,7.64167,ON,223.777,0.0106163
773.5,gNB_4G_2,43,15,0,256,3,33,-36.0303,300,242,133,0.170046,20.5833,ON,223.777,0.0250764
774.5,gNB_5G,43,15,10,256,3,13,0,0,0,0,0,0,ON,223.777,0
774.5,gNB_4G_1,43,15,0,256,3,25,-33.36,242,300,178,0.0943718,8.44167,ON,223.777,0.0105431
774.5,gNB_4G_2,43,15,0,256,3,33,-35.8485,300,242,133,0.170791,19.6667,ON,223.777,0.0251862
775.5,gNB_5G,43,15,10,256,3,13,0,0,0,0,0,0,ON,223.777,0
775.5,gNB_4G_1,43,15,0,256,3,25,-33.48,242,300,178,0.0950272,7.325,ON,223.777,0.0106163
775.5,gNB_4G_2,43,15,0,256,3,33,-35.9091,300,242,133,0.169798,19.7417,ON,223.777,0.0250397
776.5,gNB_5G,43,15,10,256,3,13,0,0,0,0,0,0,ON,223.777,0
776.5,gNB_4G_1,43,15,0,256,3,24,-32.4583,242,301,178,0.0897707,10.425,ON,223.777,0.00962786
776.5,gNB_4G_2,43,15,0,256,3,34,-36.0882,301,242,133,0.171791,21.35,ON,223.777,0.0261014
777.5,gNB_5G,43,15,10,256,3,13,0,0,0,0,0,0,ON,223.777,0
777.5,gNB_4G_1,43,15,0,256,3,25,-33.52,243,301,178,0.089129,9.575,ON,223.777,0.00995733
777.5,gNB_4G_2,43,15,0,256,3,33,-35.697,301,243,133,0.17377,22.625,ON,223.777,0.0256255
778.5,gNB_5G,43,15,10,256,3,13,0,0,0,0,0,0,ON,223.777,0
778.5,gNB_4G_1,43,15,0,256,3,24,-32.0833,243,302,179,0.0894293,9.55,ON,223.777,0.00959125
778.5,gNB_4G_2,43,15,0,256,3,34,-36.4706,302,243,133,0.171791,22.9083,ON,223.777,0.0261014
779.5,gNB_5G,43,15,10,256,3,13,0,0,0,0,0,0,ON,223.777,0
779.5,gNB_4G_1,43,15,0,256,3,25,-33.28,244,302,179,0.0897843,9.66667,ON,223.777,0.0100305
779.5,gNB_4G_2,43,15,0,256,3,33,-35.9697,302,244,134,0.174018,22.0583,ON,223.777,0.0256621
780.5,gNB_5G,43,15,10,256,3,13,0,0,0,0,0,0,ON,223.777,0
780.5,gNB_4G_1,43,15,0,256,3,25,-33.68,244,302,179,0.0894566,8.25,ON,223.777,0.00999393
780.5,gNB_4G_2,43,15,0,256,3,33,-35.9394,302,244,134,0.174018,21.55,ON,223.777,0.0256621
781.5,gNB_5G,43,15,10,256,3,13,0,0,0,0,0,0,ON,223.777,0
781.5,gNB_4G_1,43,15,0,256,3,26,-35.0769,245,302,179,0.117524,11.1917,ON,223.777,0.0136547
781.5,gNB_4G_2,43,15,0,256,3,32,-35.625,302,245,134,0.142592,21.3917,ON,223.777,0.0203906
782.5,gNB_5G,43,15,10,256,3,13,0,0,0,0,0,0,ON,223.777,0
782.5,gNB_4G_1,43,15,0,256,3,25,-36.4,245,302,179,0.122552,12.2,ON,223.777,0.0136913
782.5,gNB_4G_2,43,15,0,256,3,33,-34.697,302,245,134,0.126604,19.8417,ON,223.777,0.01867
783.5,gNB_5G,43,15,10,256,3,13,0,0,0,0,0,0,ON,223.777,0
783.5,gNB_4G_1,43,15,0,256,3,25,-36.04,245,302,179,0.121897,12.8917,ON,223.777,0.0136181
783.5,gNB_4G_2,43,15,0,256,3,33,-34.7576,302,245,134,0.126604,19.825,ON,223.777,0.01867
784.5,gNB_5G,43,15,10,256,3,13,0,0,0,0,0,0,ON,223.777,0
784.5,gNB_4G_1,43,15,0,256,3,25,-36.32,245,302,179,0.122552,13.1417,ON,223.777,0.0136913
784.5,gNB_4G_2,43,15,0,256,3,33,-34.6061,302,245,134,0.125859,19.875,ON,223.777,0.0185602
785.5,gNB_5G,43,15,10,256,3,13,0,0,0,0,0,0,ON,223.777,0
785.5,gNB_4G_1,43,15,0,256,3,25,-36.4,245,302,179,0.122225,11.5333,ON,223.777,0.0136547
785.5,gNB_4G_2,43,15,0,256,3,33,-34.8485,302,245,134,0.127348,19.5417,ON,223.777,0.0187798
786.5,gNB_5G,43,15,10,256,3,13,0,0,0,0,0,0,ON,223.777,0
786.5,gNB_4G_1,43,15,0,256,3,24,-34.4583,245,303,180,0.123563,13.3833,ON,223.777,0.013252
786.5,gNB_4G_2,43,15,0,256,3,34,-36.3824,303,245,134,0.125289,19.725,ON,223.777,0.0190361
787.5,gNB_5G,43,15,10,256,3,13,0,0,0,0,0,0,ON,223.777,0
787.5,gNB_4G_1,43,15,0,256,3,24,-34.1667,245,303,180,0.123904,16.725,ON,223.777,0.0132886
787.5,gNB_4G_2,43,15,0,256,3,34,-36.5,303,245,134,0.126253,19.9167,ON,223.777,0.0191825
788.5,gNB_5G,43,15,10,256,3,13,0,0,0,0,0,0,ON,223.777,0
788.5,gNB_4G_1,43,15,0,256,3,24,-34.2917,245,303,180,0.121173,25.3167,ON,223.777,0.0129958
788.5,gNB_4G_2,43,15,0,256,3,34,-36.5588,303,245,134,0.124085,20.7583,ON,223.777,0.018853
789.5,gNB_5G,43,15,10,256,3,13,0,0,0,0,0,0,ON,223.777,0
789.5,gNB_4G_1,43,15,0,256,3,25,-35.56,246,303,180,0.117965,18.6333,ON,223.777,0.0131788
789.5,gNB_4G_2,43,15,0,256,3,33,-34.7576,303,246,135,0.126355,20.1833,ON,223.777,0.0186334
790.5,gNB_5G,43,15,10,256,3,13,0,0,0,0,0,0,ON,223.777,0
790.5,gNB_4G_1,43,15,0,256,3,25,-35.44,246,303,180,0.116654,22,ON,223.777,0.0130324
790.5,gNB_4G_2,43,15,0,256,3,33,-34.6364,303,246,135,0.126355,20.525,ON,223.777,0.0186334
791.5,gNB_5G,43,15,10,256,3,13,0,0,0,0,0,0,ON,223.777,0
791.5,gNB_4G_1,43,15,0,256,3,25,-35.64,246,303,180,0.117309,20.875,ON,223.777,0.0131056
791.5,gNB_4G_2,43,15,0,256,3,33,-34.697,303,246,135,0.126604,19.775,ON,223.777,0.01867
792.5,gNB_5G,43,15,10,256,3,13,0,0,0,0,0,0,ON,223.777,0
792.5,gNB_4G_1,43,15,0,256,3,25,-35.84,246,303,180,0.116654,18.0667,ON,223.777,0.0130324
792.5,gNB_4G_2,43,15,0,256,3,33,-34.9091,303,246,135,0.126852,19.4333,ON,223.777,0.0187066
793.5,gNB_5G,43,15,10,256,3,13,0,0,0,0,0,0,ON,223.777,0
793.5,gNB_4G_1,43,15,0,256,3,25,-35.76,246,303,180,0.115999,18.9083,ON,223.777,0.0129592
793.5,gNB_4G_2,43,15,0,256,3,33,-34.9697,303,246,135,0.126604,19.65,ON,223.777,0.01867
794.5,gNB_5G,43,15,10,256,3,13,0,0,0,0,0,0,ON,223.777,0
794.5,gNB_4G_1,43,15,0,256,3,25,-31.84,246,303,180,0.126484,19.5,ON,223.777,0.0141306
794.5,gNB_4G_2,43,15,0,256,3,33,-34.7879,303,246,135,0.126852,19.9083,ON,223.777,0.0187066
795.5,gNB_5G,43,15,10,256,3,13,0,0,0,0,0,0,ON,223.777,0
795.5,gNB_4G_1,43,15,0,256,3,23,-34.9565,246,304,180,0.125729,18.8667,ON,223.777,0.0129226
795.5,gNB_4G_2,43,15,0,256,3,35,-33.8286,304,246,135,0.132944,20.4333,ON,223.777,0.0207932
796.5,gNB_5G,43,15,10,256,3,13,0,0,0,0,0,0,ON,223.777,0
796.5,gNB_4G_1,43,15,0,256,3,22,-35.7273,246,304,180,0.131817,9.91667,ON,223.777,0.0129592
796.5,gNB_4G_2,43,15,0,256,3,36,-32.7778,304,246,135,0.133575,21.2583,ON,223.777,0.0214888
797.5,gNB_5G,43,15,10,256,3,13,0,0,0,0,0,0,ON,223.777,0
797.5,gNB_4G_1,43,15,0,256,3,23,-36.3043,247,304,180,0.149949,13.3083,ON,223.777,0.0154119
797.5,gNB_4G_2,43,15,0,256,3,35,-32.7429,304,247,136,0.132008,24.95,ON,223.777,0.0206468
798.5,gNB_5G,43,15,10,256,3,13,0,0,0,0,0,0,ON,223.777,0
798.5,gNB_4G_1,43,15,0,256,3,22,-35.6364,247,306,181,0.131444,24.0833,ON,223.777,0.0129226
798.5,gNB_4G_2,43,15,0,256,3,36,-32.9444,306,247,136,0.145636,24.15,ON,223.777,0.023429
799.5,gNB_5G,43,15,10,256,3,13,0,0,0,0,0,0,ON,223.777,0
799.5,gNB_4G_1,43,15,0,256,3,23,-36.8261,248,306,181,0.132497,11.3917,ON,223.777,0.0136181
799.5,gNB_4G_2,43,15,0,256,3,35,-32.4,306,248,137,0.149328,22.8667,ON,223.777,0.0233558
800.5,gNB_5G,43,15,10,256,3,13,0,0,0,0,0,0,ON,223.777,0
800.5,gNB_4G_1,43,15,0,256,3,24,-35.4167,248,306,181,0.128,10.3583,ON,223.777,0.0137279
800.5,gNB_4G_2,43,15,0,256,3,34,-33,306,248,137,0.153239,21.8417,ON,223.777,0.0232826
801.5,gNB_5G,43,15,10,256,3,13,0,0,0,0,0,0,ON,223.777,0
801.5,gNB_4G_1,43,15,0,256,3,24,-34.9583,248,306,181,0.126976,10.375,ON,223.777,0.0136181
801.5,gNB_4G_2,43,15,0,256,3,34,-32.9706,306,248,137,0.153961,22.3083,ON,223.777,0.0233924
802.5,gNB_5G,43,15,10,256,3,13,0,0,0,0,0,0,ON,223.777,0
802.5,gNB_4G_1,43,15,0,256,3,23,-36.7826,248,306,181,0.132853,11.975,ON,223.777,0.0136547
802.5,gNB_4G_2,43,15,0,256,3,35,-32.2857,306,248,137,0.148392,22.5833,ON,223.777,0.0232094
803.5,gNB_5G,43,15,10,256,3,13,0,0,0,0,0,0,ON,223.777,0
803.5,gNB_4G_1,43,15,0,256,3,23,-36.913,248,306,181,0.133209,12.5083,ON,223.777,0.0136913
803.5,gNB_4G_2,43,15,0,256,3,35,-32.2857,306,248,137,0.149563,23.05,ON,223.777,0.0233924
804.5,gNB_5G,43,15,10,256,3,13,0,0,0,0,0,0,ON,223.777,0
804.5,gNB_4G_1,43,15,0,256,3,23,-36.2174,248,306,181,0.133565,9.94167,ON,223.777,0.0137279
804.5,gNB_4G_2,43,15,0,256,3,35,-32,306,248,137,0.14886,21.8,ON,223.777,0.0232826
805.5,gNB_5G,43,15,10,256,3,13,0,0,0,0,0,0,ON,223.777,0
805.5,gNB_4G_1,43,15,0,256,3,23,-36.3043,248,306,181,0.133209,10.8,ON,223.777,0.0136913
805.5,gNB_4G_2,43,15,0,256,3,35,-31.8571,306,248,137,0.149328,22.2833,ON,223.777,0.0233558
806.5,gNB_5G,43,15,10,256,3,13,0,0,0,0,0,0,ON,223.777,0
806.5,gNB_4G_1,43,15,0,256,3,23,-36.0435,248,306,181,0.133209,10.05,ON,223.777,0.0136913
806.5,gNB_4G_2,43,15,0,256,3,35,-32.0286,306,248,137,0.14886,21.2667,ON,223.777,0.0232826
807.5,gNB_5G,43,15,10,256,3,13,0,0,0,0,0,0,ON,223.777,0
807.5,gNB_4G_1,43,15,0,256,3,24,-34.9167,248,306,181,0.126976,10.45,ON,223.777,0.0136181
807.5,gNB_4G_2,43,15,0,256,3,34,-33.0588,306,248,137,0.15372,21.5333,ON,223.777,0.0233558
808.5,gNB_5G,43,15,10,256,3,13,0,0,0,0,0,0,ON,223.777,0
808.5,gNB_4G_1,43,15,0,256,3,23,-36.2174,248,307,181,0.144963,20.1583,ON,223.777,0.0148994
808.5,gNB_4G_2,43,15,0,256,3,35,-35,307,248,137,0.152137,24.25,ON,223.777,0.0237951
809.5,gNB_5G,43,15,10,256,3,13,0,0,0,0,0,0,ON,223.777,0
809.5,gNB_4G_1,43,15,0,256,3,24,-37.625,249,308,181,0.183296,25.5,ON,223.777,0.0196584
809.5,gNB_4G_2,43,15,0,256,3,34,-31.7059,308,249,138,0.180706,27.2583,ON,223.777,0.0274559
810.5,gNB_5G,43,15,10,256,3,13,0,0,0,0,0,0,ON,223.777,0
810.5,gNB_4G_1,43,15,0,256,3,26,-30.6538,250,308,181,0.212047,22.4417,ON,223.777,0.0246371
810.5,gNB_4G_2,43,15,0,256,3,32,-28.5,308,250,139,0.188672,26.0333,ON,223.777,0.02698
811.5,gNB_5G,43,15,10,256,3,13,0,0,0,0,0,0,ON,223.777,0
811.5,gNB_4G_1,43,15,0,256,3,26,-34.7308,250,308,181,0.239774,23.625,ON,223.777,0.0278586
811.5,gNB_4G_2,43,15,0,256,3,32,-28.7812,308,250,139,0.188672,28.0083,ON,223.777,0.02698
812.5,gNB_5G,43,15,10,256,3,13,0,0,0,0,0,0,ON,223.777,0
812.5,gNB_4G_1,43,15,0,256,3,26,-34.4231,250,308,181,0.242924,24.2667,ON,223.777,0.0282246
812.5,gNB_4G_2,43,15,0,256,3,32,-29.9688,308,250,139,0.188672,29.675,ON,223.777,0.02698
813.5,gNB_5G,43,15,10,256,3,13,0,0,0,0,0,0,ON,223.777,0
813.5,gNB_4G_1,43,15,0,256,3,27,-34.7037,251,308,181,0.247884,25.3417,ON,223.777,0.0299086
813.5,gNB_4G_2,43,15,0,256,3,31,-27.8387,308,251,139,0.17996,27.75,ON,223.777,0.0249299
814.5,gNB_5G,43,15,10,256,3,13,0,0,0,0,0,0,ON,223.777,0
814.5,gNB_4G_1,43,15,0,256,3,27,-35,251,308,181,0.250311,23.8,ON,223.777,0.0302015
814.5,gNB_4G_2,43,15,0,256,3,31,-28.2258,308,251,139,0.17811,25.9,ON,223.777,0.0246737
815.5,gNB_5G,43,15,10,256,3,13,0,0,0,0,0,0,ON,223.777,0
815.5,gNB_4G_1,43,15,0,256,3,26,-33.4615,251,309,182,0.242924,27.2,ON,223.777,0.0282246
815.5,gNB_4G_2,43,15,0,256,3,32,-29,309,251,139,0.187648,30.65,ON,223.777,0.0268335
816.5,gNB_5G,43,15,10,256,3,13,0,0,0,0,0,0,ON,223.777,0
816.5,gNB_4G_1,43,15,0,256,3,26,-33.3846,251,309,182,0.244185,22,ON,223.777,0.0283711
816.5,gNB_4G_2,43,15,0,256,3,32,-29.0312,309,251,139,0.185344,31.675,ON,223.777,0.0265041
817.5,gNB_5G,43,15,10,256,3,13,0,0,0,0,0,0,ON,223.777,0
817.5,gNB_4G_1,43,15,0,256,3,27,-30.3704,251,309,182,0.237265,20.775,ON,223.777,0.0286273
817.5,gNB_4G_2,43,15,0,256,3,31,-30.1613,309,251,139,0.197137,27.45,ON,223.777,0.0273094
818.5,gNB_5G,43,15,10,256,3,13,0,0,0,0,0,0,ON,223.777,0
818.5,gNB_4G_1,43,15,0,256,3,27,-30.8519,251,309,182,0.236658,22.15,ON,223.777,0.0285541
818.5,gNB_4G_2,43,15,0,256,3,31,-30.2581,309,251,139,0.193965,32.6167,ON,223.777,0.0268701
819.5,gNB_5G,43,15,10,256,3,13,0,0,0,0,0,0,ON,223.777,0
819.5,gNB_4G_1,43,15,0,256,3,27,-30.2593,251,309,182,0.236354,21.7167,ON,223.777,0.0285175
819.5,gNB_4G_2,43,15,0,256,3,31,-30.0968,309,251,139,0.193437,28.9333,ON,223.777,0.0267969
820.5,gNB_5G,43,15,10,256,3,13,0,0,0,0,0,0,ON,223.777,0
820.5,gNB_4G_1,43,15,0,256,3,27,-30.5926,251,309,182,0.236658,20,ON,223.777,0.0285541
820.5,gNB_4G_2,43,15,0,256,3,31,-30.9355,309,251,139,0.195551,26.575,ON,223.777,0.0270898
821.5,gNB_5G,43,15,10,256,3,13,0,0,0,0,0,0,ON,223.777,0
821.5,gNB_4G_1,43,15,0,256,3,28,-32.1429,252,309,182,0.243712,21.8917,ON,223.777,0.0304943
821.5,gNB_4G_2,43,15,0,256,3,30,-30.2333,309,252,140,0.185139,32.525,ON,223.777,0.0248201
822.5,gNB_5G,43,15,10,256,3,13,0,0,0,0,0,0,ON,223.777,0
822.5,gNB_4G_1,43,15,0,256,3,26,-31.7308,252,310,183,0.24576,27.6167,ON,223.777,0.0285541
822.5,gNB_4G_2,43,15,0,256,3,32,-30.2812,310,252,140,0.160512,29.2667,ON,223.777,0.0229531
823.5,gNB_5G,43,15,10,256,3,13,0,0,0,0,0,0,ON,223.777,0
823.5,gNB_4G_1,43,15,0,256,3,26,-31.1923,252,310,183,0.246075,20.9917,ON,223.777,0.0285907
823.5,gNB_4G_2,43,15,0,256,3,32,-30.25,310,252,140,0.16256,86.3333,ON,223.777,0.023246
824.5,gNB_5G,43,15,10,256,3,13,0,0,0,0,0,0,ON,223.777,0
824.5,gNB_4G_1,43,15,0,256,3,26,-31.4615,252,310,183,0.245445,21.6583,ON,223.777,0.0285175
824.5,gNB_4G_2,43,15,0,256,3,32,-31.2188,310,252,140,0.16256,84.6,ON,223.777,0.023246
825.5,gNB_5G,43,15,10,256,3,13,0,0,0,0,0,0,ON,223.777,0
825.5,gNB_4G_1,43,15,0,256,3,27,-32.2963,253,310,183,0.253042,25.5833,ON,223.777,0.0305309
825.5,gNB_4G_2,43,15,0,256,3,31,-29.0968,310,253,141,0.158291,32.1417,ON,223.777,0.0219281
826.5,gNB_5G,43,15,10,256,3,13,0,0,0,0,0,0,ON,223.777,0
826.5,gNB_4G_1,43,15,0,256,3,28,-33.7857,254,310,183,0.245175,30.9917,ON,223.777,0.0306774
826.5,gNB_4G_2,43,15,0,256,3,30,-28.7333,310,254,141,0.181589,30.9667,ON,223.777,0.0243442
827.5,gNB_5G,43,15,10,256,3,13,0,0,0,0,0,0,ON,223.777,0
827.5,gNB_4G_1,43,15,0,256,3,27,-31.1111,254,311,184,0.239085,31.3083,ON,223.777,0.028847
827.5,gNB_4G_2,43,15,0,256,3,31,-31.0645,311,254,141,0.190794,34.7167,ON,223.777,0.0264308
828.5,gNB_5G,43,15,10,256,3,13,0,0,0,0,0,0,ON,223.777,0
828.5,gNB_4G_1,43,15,0,256,3,27,-31.963,254,311,184,0.240299,26.5583,ON,223.777,0.0289934
828.5,gNB_4G_2,43,15,0,256,3,31,-31.129,311,254,141,0.145606,33.175,ON,223.777,0.0201709
829.5,gNB_5G,43,15,10,256,3,13,0,0,0,0,0,0,ON,223.777,0
829.5,gNB_4G_1,43,15,0,256,3,27,-31.9259,255,311,184,0.241512,29.375,ON,223.777,0.0291398
829.5,gNB_4G_2,43,15,0,256,3,31,-30.9355,311,255,141,0.159348,89.1333,ON,223.777,0.0220745
830.5,gNB_5G,43,15,10,256,3,13,0,0,0,0,0,0,ON,223.777,0
830.5,gNB_4G_1,43,15,0,256,3,26,-31.0385,255,312,185,0.242609,33.325,ON,223.777,0.028188
830.5,gNB_4G_2,43,15,0,256,3,32,-32.3125,312,255,141,0.185856,30.9167,ON,223.777,0.0265773
831.5,gNB_5G,43,15,10,256,3,13,0,0,0,0,0,0,ON,223.777,0
831.5,gNB_4G_1,43,15,0,256,3,26,-30.1923,255,312,185,0.236623,22.1583,ON,223.777,0.0274925
831.5,gNB_4G_2,43,15,0,256,3,32,-32.2812,312,255,141,0.161792,30.2917,ON,223.777,0.0231361
832.5,gNB_5G,43,15,10,256,3,13,0,0,0,0,0,0,ON,223.777,0
832.5,gNB_4G_1,43,15,0,256,3,26,-29.1923,255,312,185,0.236938,22.1583,ON,223.777,0.0275291
832.5,gNB_4G_2,43,15,0,256,3,32,-32.75,312,255,141,0.179968,29.5,ON,223.777,0.0257353
833.5,gNB_5G,43,15,10,256,3,13,0,0,0,0,0,0,ON,223.777,0
833.5,gNB_4G_1,43,15,0,256,3,25,-28.48,255,313,186,0.242156,21.0917,ON,223.777,0.0270532
833.5,gNB_4G_2,43,15,0,256,3,33,-33.0303,313,255,141,0.150931,30.95,ON,223.777,0.0222576
834.5,gNB_5G,43,15,10,256,3,13,0,0,0,0,0,0,ON,223.777,0
834.5,gNB_4G_1,43,15,0,256,3,25,-28.48,255,313,186,0.243139,19.6333,ON,223.777,0.027163
834.5,gNB_4G_2,43,15,0,256,3,33,-33,313,255,141,0.148697,87.2667,ON,223.777,0.0219281
835.5,gNB_5G,43,15,10,256,3,13,0,0,0,0,0,0,ON,223.777,0
835.5,gNB_4G_1,43,15,0,256,3,25,-27.28,255,313,186,0.243139,19.7833,ON,223.777,0.027163
835.5,gNB_4G_2,43,15,0,256,3,33,-33.1818,313,255,141,0.149442,85.95,ON,223.777,0.0220379
836.5,gNB_5G,43,15,10,256,3,13,0,0,0,0,0,0,ON,223.777,0
836.5,gNB_4G_1,43,15,0,256,3,25,-27.44,255,313,186,0.243139,19.8417,ON,223.777,0.027163
836.5,gNB_4G_2,43,15,0,256,3,33,-33.8182,313,255,141,0.15813,29.75,ON,223.777,0.0233192
837.5,gNB_5G,43,15,10,256,3,13,0,0,0,0,0,0,ON,223.777,0
837.5,gNB_4G_1,43,15,0,256,3,25,-29.08,255,313,186,0.242811,19.7333,ON,223.777,0.0271264
837.5,gNB_4G_2,43,15,0,256,3,33,-33.4545,313,255,141,0.174763,26.1667,ON,223.777,0.0257719
838.5,gNB_5G,43,15,10,256,3,13,0,0,0,0,0,0,ON,223.777,0
838.5,gNB_4G_1,43,15,0,256,3,26,-30.2692,256,313,186,0.251431,23.0083,ON,223.777,0.029213
838.5,gNB_4G_2,43,15,0,256,3,32,-32.7812,313,256,141,0.146944,29.1333,ON,223.777,0.0210129
839.5,gNB_5G,43,15,10,256,3,13,0,0,0,0,0,0,ON,223.777,0
839.5,gNB_4G_1,43,15,0,256,3,25,-28.28,256,313,186,0.261816,23.6667,ON,223.777,0.0292496
839.5,gNB_4G_2,43,15,0,256,3,33,-34.8788,313,256,141,0.134299,22.9667,ON,223.777,0.0198048
840.5,gNB_5G,43,15,10,256,3,13,0,0,0,0,0,0,ON,223.777,0
840.5,gNB_4G_1,43,15,0,256,3,27,-28.7407,256,314,187,0.238478,29.5833,ON,223.777,0.0287737
840.5,gNB_4G_2,43,15,0,256,3,31,-34.5806,314,256,141,0.140057,28.25,ON,223.777,0.0194021
841.5,gNB_5G,43,15,10,256,3,13,0,0,0,0,0,0,ON,223.777,0
841.5,gNB_4G_1,43,15,0,256,3,27,-30.1852,256,314,187,0.240905,54.8,ON,223.777,0.0290666
841.5,gNB_4G_2,43,15,0,256,3,31,-34.5484,314,256,141,0.145078,27.3167,ON,223.777,0.0200977
842.5,gNB_5G,43,15,10,256,3,13,0,0,0,0,0,0,ON,223.777,0
842.5,gNB_4G_1,43,15,0,256,3,26,-27.3846,256,315,187,0.234732,28.5583,ON,223.777,0.0272728
842.5,gNB_4G_2,43,15,0,256,3,32,-34.6875,315,256,141,0.15104,23.9167,ON,223.777,0.0215986
843.5,gNB_5G,43,15,10,256,3,13,0,0,0,0,0,0,ON,223.777,0
843.5,gNB_4G_1,43,15,0,256,3,26,-27.3846,256,315,187,0.226855,20.6667,ON,223.777,0.0263576
843.5,gNB_4G_2,43,15,0,256,3,32,-34.4062,315,256,141,0.154368,24.0917,ON,223.777,0.0220745
844.5,gNB_5G,43,15,10,256,3,13,0,0,0,0,0,0,ON,223.777,0
844.5,gNB_4G_1,43,15,0,256,3,26,-26.7308,256,315,187,0.227801,25.6083,ON,223.777,0.0264675
844.5,gNB_4G_2,43,15,0,256,3,32,-34.5312,315,256,141,0.153856,25.8083,ON,223.777,0.0220013
845.5,gNB_5G,43,15,10,256,3,13,0,0,0,0,0,0,ON,223.777,0
845.5,gNB_4G_1,43,15,0,256,3,25,-27.72,256,315,187,0.246088,22.8167,ON,223.777,0.0274925
845.5,gNB_4G_2,43,15,0,256,3,33,-33.7273,315,256,141,0.147456,28.0917,ON,223.777,0.021745
846.5,gNB_5G,43,15,10,256,3,13,0,0,0,0,0,0,ON,223.777,0
846.5,gNB_4G_1,43,15,0,256,3,25,-27.72,256,315,187,0.243139,20.1833,ON,223.777,0.027163
846.5,gNB_4G_2,43,15,0,256,3,33,-33.6061,315,256,141,0.149938,24.3583,ON,223.777,0.0221111
847.5,gNB_5G,43,15,10,256,3,13,0,0,0,0,0,0,ON,223.777,0
847.5,gNB_4G_1,43,15,0,256,3,24,-27.0833,256,316,187,0.218795,20.7,ON,223.777,0.0234656
847.5,gNB_4G_2,43,15,0,256,3,34,-34.1765,316,256,141,0.167936,25.475,ON,223.777,0.0255157
848.5,gNB_5G,43,15,10,256,3,13,0,0,0,0,0,0,ON,223.777,0
848.5,gNB_4G_1,43,15,0,256,3,24,-27.1667,256,316,187,0.219819,17.525,ON,223.777,0.0235754
848.5,gNB_4G_2,43,15,0,256,3,34,-34.5,316,256,141,0.167695,30.45,ON,223.777,0.025479
849.5,gNB_5G,43,15,10,256,3,13,0,0,0,0,0,0,ON,223.777,0
849.5,gNB_4G_1,43,15,0,256,3,25,-30.28,257,316,187,0.22741,21.2833,ON,223.777,0.0254058
849.5,gNB_4G_2,43,15,0,256,3,33,-33.4848,316,257,142,0.14969,26.7333,ON,223.777,0.0220745
850.5,gNB_5G,43,15,10,256,3,13,0,0,0,0,0,0,ON,223.777,0
850.5,gNB_4G_1,43,15,0,256,3,25,-26.72,257,316,187,0.225772,24.1,ON,223.777,0.0252228
850.5,gNB_4G_2,43,15,0,256,3,33,-36.1515,316,257,142,0.158379,30.55,ON,223.777,0.0233558
851.5,gNB_5G,43,15,10,256,3,13,0,0,0,0,0,0,ON,223.777,0
851.5,gNB_4G_1,43,15,0,256,3,26,-29.5385,257,316,187,0.228431,23.5333,ON,223.777,0.0265407
851.5,gNB_4G_2,43,15,0,256,3,32,-34.7812,316,257,142,0.1536,25.9917,ON,223.777,0.0219647
852.5,gNB_5G,43,15,10,256,3,13,0,0,0,0,0,0,ON,223.777,0
852.5,gNB_4G_1,43,15,0,256,3,26,-29.2692,257,316,187,0.234102,23.9333,ON,223.777,0.0271996
852.5,gNB_4G_2,43,15,0,256,3,32,-34.5625,316,257,142,0.154624,26.4417,ON,223.777,0.0221111
853.5,gNB_5G,43,15,10,256,3,13,0,0,0,0,0,0,ON,223.777,0
853.5,gNB_4G_1,43,15,0,256,3,27,-27.5926,257,316,187,0.225432,24.05,ON,223.777,0.0271996
853.5,gNB_4G_2,43,15,0,256,3,31,-33.8387,316,257,142,0.158026,28.35,ON,223.777,0.0218915
854.5,gNB_5G,43,15,10,256,3,13,0,0,0,0,0,0,ON,223.777,0
854.5,gNB_4G_1,43,15,0,256,3,27,-29.963,257,316,187,0.218757,26.3,ON,223.777,0.0263942
854.5,gNB_4G_2,43,15,0,256,3,31,-33.6129,316,257,142,0.159876,27.2333,ON,223.777,0.0221477
855.5,gNB_5G,43,15,10,256,3,13,0,0,0,0,0,0,ON,223.777,0
855.5,gNB_4G_1,43,15,0,256,3,27,-29.6296,257,316,187,0.234231,26.85,ON,223.777,0.0282612
855.5,gNB_4G_2,43,15,0,256,3,31,-33.9677,316,257,142,0.159612,28.8,ON,223.777,0.0221111
856.5,gNB_5G,43,15,10,256,3,13,0,0,0,0,0,0,ON,223.777,0
856.5,gNB_4G_1,43,15,0,256,3,27,-30,257,316,187,0.232713,25.9417,ON,223.777,0.0280782
856.5,gNB_4G_2,43,15,0,256,3,31,-33.7742,316,257,142,0.156705,32.2,ON,223.777,0.0217084
857.5,gNB_5G,43,15,10,256,3,13,0,0,0,0,0,0,ON,223.777,0
857.5,gNB_4G_1,43,15,0,256,3,26,-28.6154,257,316,187,0.241349,23.9417,ON,223.777,0.0280416
857.5,gNB_4G_2,43,15,0,256,3,32,-35.4375,316,257,142,0.155392,27.9333,ON,223.777,0.0222209
858.5,gNB_5G,43,15,10,256,3,13,0,0,0,0,0,0,ON,223.777,0
858.5,gNB_4G_1,43,15,0,256,3,25,-28.8,257,318,187,0.214958,36.3333,ON,223.777,0.0240147
858.5,gNB_4G_2,43,15,0,256,3,33,-34.1212,318,257,142,0.171784,29.9333,ON,223.777,0.0253326
859.5,gNB_5G,43,15,10,256,3,13,0,0,0,0,0,0,ON,223.777,0
859.5,gNB_4G_1,43,15,0,256,3,25,-28.84,258,319,187,0.210371,48.5167,ON,223.777,0.0235022
859.5,gNB_4G_2,43,15,0,256,3,33,-34.0909,319,258,143,0.166571,34.55,ON,223.777,0.0245638
860.5,gNB_5G,43,15,10,256,3,13,0,0,0,0,0,0,ON,223.777,0
860.5,gNB_4G_1,43,15,0,256,3,24,-28.75,259,321,187,0.207189,27.8917,ON,223.777,0.0222209
860.5,gNB_4G_2,43,15,0,256,3,34,-34.4706,321,259,144,0.180465,44.4417,ON,223.777,0.0274193
861.5,gNB_5G,43,15,10,256,3,13,0,0,0,0,0,0,ON,223.777,0
861.5,gNB_4G_1,43,15,0,256,3,24,-30,260,322,188,0.171691,39.35,ON,223.777,0.0184137
861.5,gNB_4G_2,43,15,0,256,3,34,-32.9706,322,260,144,0.192753,44.85,ON,223.777,0.0292863
862.5,gNB_5G,43,15,10,256,3,13,0,0,0,0,0,0,ON,223.777,0
862.5,gNB_4G_1,43,15,0,256,3,24,-26.9583,261,324,189,0.205824,32.975,ON,223.777,0.0220745
862.5,gNB_4G_2,43,15,0,256,3,34,-34.5588,324,261,145,0.186248,42.6,ON,223.777,0.0282978
863.5,gNB_5G,43,15,10,256,3,13,0,0,0,0,0,0,ON,223.777,0
863.5,gNB_4G_1,43,15,0,256,3,24,-27.0417,262,325,189,0.217771,35.8667,ON,223.777,0.0233558
863.5,gNB_4G_2,43,15,0,256,3,34,-34.5294,325,262,146,0.192512,44.925,ON,223.777,0.0292496
864.5,gNB_5G,43,15,10,256,3,13,0,0,0,0,0,0,ON,223.777,0
864.5,gNB_4G_1,43,15,0,256,3,24,-26.75,262,325,189,0.214699,34.125,ON,223.777,0.0230263
864.5,gNB_4G_2,43,15,0,256,3,34,-34.5882,325,262,146,0.191307,41.525,ON,223.777,0.0290666
865.5,gNB_5G,43,15,10,256,3,13,0,0,0,0,0,0,ON,223.777,0
865.5,gNB_4G_1,43,15,0,256,3,24,-26.4167,262,326,190,0.187392,37.1333,ON,223.777,0.0200977
865.5,gNB_4G_2,43,15,0,256,3,34,-34.2353,326,262,146,0.208414,44.6833,ON,223.777,0.0316658
866.5,gNB_5G,43,15,10,256,3,13,0,0,0,0,0,0,ON,223.777,0
866.5,gNB_4G_1,43,15,0,256,3,25,-27.28,263,326,190,0.235602,26.8,ON,223.777,0.026321
866.5,gNB_4G_2,43,15,0,256,3,33,-33.9697,326,263,147,0.205296,35.8417,ON,223.777,0.0302747
867.5,gNB_5G,43,15,10,256,3,13,0,0,0,0,0,0,ON,223.777,0
867.5,gNB_4G_1,43,15,0,256,3,25,-28.04,263,326,190,0.250348,31.15,ON,223.777,0.0279684
867.5,gNB_4G_2,43,15,0,256,3,33,-34,326,263,147,0.200332,34.9417,ON,223.777,0.0295425
868.5,gNB_5G,43,15,10,256,3,13,0,0,0,0,0,0,ON,223.777,0
868.5,gNB_4G_1,43,15,0,256,3,27,-27.963,264,328,191,0.233017,58.525,ON,223.777,0.0281148
868.5,gNB_4G_2,43,15,0,256,3,31,-34.5484,328,264,147,0.182867,63.6667,ON,223.777,0.0253326
869.5,gNB_5G,43,15,10,256,3,13,0,0,0,0,0,0,ON,223.777,0
869.5,gNB_4G_1,43,15,0,256,3,29,-30.1379,266,328,191,0.230506,57.15,ON,223.777,0.029872
869.5,gNB_4G_2,43,15,0,256,3,29,-33.5172,328,266,148,0.195478,55.2333,ON,223.777,0.0253326
870.5,gNB_5G,43,15,10,256,3,13,0,0,0,0,0,0,ON,223.777,0
870.5,gNB_4G_1,43,15,0,256,3,26,-28.0769,266,331,193,0.208581,49.025,ON,223.777,0.0242344
870.5,gNB_4G_2,43,15,0,256,3,32,-34.9375,331,266,148,0.237824,41.55,ON,223.777,0.0340087
871.5,gNB_5G,43,15,10,256,3,13,0,0,0,0,0,0,ON,223.777,0
871.5,gNB_4G_1,43,15,0,256,3,26,-27.7692,267,332,194,0.220239,29.9,ON,223.777,0.0255889
871.5,gNB_4G_2,43,15,0,256,3,32,-34.0625,332,267,149,0.233984,54.275,ON,223.777,0.0334595
872.5,gNB_5G,43,15,10,256,3,13,0,0,0,0,0,0,ON,223.777,0
872.5,gNB_4G_1,43,15,0,256,3,26,-28.1154,267,332,194,0.215513,33.9417,ON,223.777,0.0250397
872.5,gNB_4G_2,43,15,0,256,3,32,-34.75,332,267,149,0.230144,46.9167,ON,223.777,0.0329104
873.5,gNB_5G,43,15,10,256,3,13,0,0,0,0,0,0,ON,223.777,0
873.5,gNB_4G_1,43,15,0,256,3,26,-28.7308,267,332,194,0.22717,25.7167,ON,223.777,0.0263942
873.5,gNB_4G_2,43,15,0,256,3,32,-34.6875,332,267,149,0.235264,38.2,ON,223.777,0.0336426
874.5,gNB_5G,43,15,10,256,3,13,0,0,0,0,0,0,ON,223.777,0
874.5,gNB_4G_1,43,15,0,256,3,26,-28.3077,267,332,194,0.226225,24.1417,ON,223.777,0.0262844
874.5,gNB_4G_2,43,15,0,256,3,32,-33.9375,332,267,149,0.235008,35.8083,ON,223.777,0.033606
875.5,gNB_5G,43,15,10,256,3,13,0,0,0,0,0,0,ON,223.777,0
875.5,gNB_4G_1,43,15,0,256,3,26,-29,267,332,194,0.224335,24.825,ON,223.777,0.0260648
875.5,gNB_4G_2,43,15,0,256,3,32,-34.2188,332,267,149,0.219392,33.575,ON,223.777,0.0313729
876.5,gNB_5G,43,15,10,256,3,13,0,0,0,0,0,0,ON,223.777,0
876.5,gNB_4G_1,43,15,0,256,3,26,-28.3462,267,332,194,0.218663,27.1333,ON,223.777,0.0254058
876.5,gNB_4G_2,43,15,0,256,3,32,-34.1875,332,267,149,0.203008,32.025,ON,223.777,0.02903
877.5,gNB_5G,43,15,10,256,3,13,0,0,0,0,0,0,ON,223.777,0
877.5,gNB_4G_1,43,15,0,256,3,26,-29.2692,267,332,194,0.227486,22.475,ON,223.777,0.0264308
877.5,gNB_4G_2,43,15,0,256,3,32,-34.625,332,267,149,0.194048,30.775,ON,223.777,0.0277487
878.5,gNB_5G,43,15,10,256,3,13,0,0,0,0,0,0,ON,223.777,0
878.5,gNB_4G_1,43,15,0,256,3,26,-29.1154,267,332,194,0.22339,36.4,ON,223.777,0.0259549
878.5,gNB_4G_2,43,15,0,256,3,32,-34.7188,332,267,149,0.182528,34.875,ON,223.777,0.0261014
879.5,gNB_5G,43,15,10,256,3,13,0,0,0,0,0,0,ON,223.777,0
879.5,gNB_4G_1,43,15,0,256,3,25,-27.28,267,333,195,0.208077,27.0167,ON,223.777,0.023246
879.5,gNB_4G_2,43,15,0,256,3,33,-36.1818,333,267,149,0.188168,28.2333,ON,223.777,0.0277487
880.5,gNB_5G,43,15,10,256,3,13,0,0,0,0,0,0,ON,223.777,0
880.5,gNB_4G_1,43,15,0,256,3,26,-28.4615,268,333,195,0.201019,21.7333,ON,223.777,0.0233558
880.5,gNB_4G_2,43,15,0,256,3,32,-34.125,333,268,150,0.184576,28.4583,ON,223.777,0.0263942
881.5,gNB_5G,43,15,10,256,3,13,0,0,0,0,0,0,ON,223.777,0
881.5,gNB_4G_1,43,15,0,256,3,26,-27.6154,268,333,195,0.192197,32.5833,ON,223.777,0.0223308
881.5,gNB_4G_2,43,15,0,256,3,32,-34.6562,333,268,150,0.18432,29.625,ON,223.777,0.0263576
882.5,gNB_5G,43,15,10,256,3,13,0,0,0,0,0,0,ON,223.777,0
882.5,gNB_4G_1,43,15,0,256,3,26,-27.1923,268,333,195,0.201649,18.4083,ON,223.777,0.023429
882.5,gNB_4G_2,43,15,0,256,3,32,-33.9688,333,268,150,0.185088,26.725,ON,223.777,0.0264675
883.5,gNB_5G,43,15,10,256,3,13,0,0,0,0,0,0,ON,223.777,0
883.5,gNB_4G_1,43,15,0,256,3,26,-26.8077,268,333,195,0.201334,18.0333,ON,223.777,0.0233924
883.5,gNB_4G_2,43,15,0,256,3,32,-34.3125,333,268,150,0.184576,28.1083,ON,223.777,0.0263942
884.5,gNB_5G,43,15,10,256,3,13,0,0,0,0,0,0,ON,223.777,0
884.5,gNB_4G_1,43,15,0,256,3,26,-26.9615,268,333,195,0.198814,23.6833,ON,223.777,0.0230995
884.5,gNB_4G_2,43,15,0,256,3,32,-33.875,333,268,150,0.183808,25.1917,ON,223.777,0.0262844
885.5,gNB_5G,43,15,10,256,3,13,0,0,0,0,0,0,ON,223.777,0
885.5,gNB_4G_1,43,15,0,256,3,26,-27.6538,268,333,195,0.200074,22.0917,ON,223.777,0.023246
885.5,gNB_4G_2,43,15,0,256,3,32,-34,333,268,150,0.185344,24.1083,ON,223.777,0.0265041
886.5,gNB_5G,43,15,10,256,3,13,0,0,0,0,0,0,ON,223.777,0
886.5,gNB_4G_1,43,15,0,256,3,26,-26.9615,268,333,195,0.201019,21.175,ON,223.777,0.0233558
886.5,gNB_4G_2,43,15,0,256,3,32,-33.9375,333,268,150,0.184832,19.075,ON,223.777,0.0264308
887.5,gNB_5G,43,15,10,256,3,13,0,0,0,0,0,0,ON,223.777,0
887.5,gNB_4G_1,43,15,0,256,3,27,-25.4444,268,333,195,0.193877,21.725,ON,223.777,0.0233924
887.5,gNB_4G_2,43,15,0,256,3,31,-34.871,333,268,150,0.190002,19.8083,ON,223.777,0.026321
888.5,gNB_5G,43,15,10,256,3,13,0,0,0,0,0,0,ON,223.777,0
888.5,gNB_4G_1,43,15,0,256,3,25,-28.68,268,333,195,0.208732,20.8083,ON,223.777,0.0233192
888.5,gNB_4G_2,43,15,0,256,3,33,-35.1515,333,268,150,0.185437,19.6667,ON,223.777,0.027346
889.5,gNB_5G,43,15,10,256,3,13,0,0,0,0,0,0,ON,223.777,0
889.5,gNB_4G_1,43,15,0,256,3,25,-28.96,268,333,195,0.202506,21.2333,ON,223.777,0.0226236
889.5,gNB_4G_2,43,15,0,256,3,33,-35.7576,333,268,150,0.205545,24.8,ON,223.777,0.0303113
890.5,gNB_5G,43,15,10,256,3,13,0,0,0,0,0,0,ON,223.777,0
890.5,gNB_4G_1,43,15,0,256,3,25,-27.72,268,333,195,0.208077,22.0417,ON,223.777,0.023246
890.5,gNB_4G_2,43,15,0,256,3,33,-35.6364,333,268,150,0.205793,22.4833,ON,223.777,0.0303479
891.5,gNB_5G,43,15,10,256,3,13,0,0,0,0,0,0,ON,223.777,0
891.5,gNB_4G_1,43,15,0,256,3,25,-27.48,268,334,195,0.20906,25.3,ON,223.777,0.0233558
891.5,gNB_4G_2,43,15,0,256,3,33,-35.5758,334,268,150,0.212992,22.6417,ON,223.777,0.0314095
892.5,gNB_5G,43,15,10,256,3,13,0,0,0,0,0,0,ON,223.777,0
892.5,gNB_4G_1,43,15,0,256,3,26,-28.7692,269,334,195,0.214882,25.7583,ON,223.777,0.0249665
892.5,gNB_4G_2,43,15,0,256,3,32,-34.5938,334,269,151,0.211968,34.425,ON,223.777,0.0303113
893.5,gNB_5G,43,15,10,256,3,13,0,0,0,0,0,0,ON,223.777,0
893.5,gNB_4G_1,43,15,0,256,3,26,-28.9615,269,334,195,0.218033,21.6833,ON,223.777,0.0253326
893.5,gNB_4G_2,43,15,0,256,3,32,-34.625,334,269,151,0.211968,30.1667,ON,223.777,0.0303113
894.5,gNB_5G,43,15,10,256,3,13,0,0,0,0,0,0,ON,223.777,0
894.5,gNB_4G_1,43,15,0,256,3,26,-28.8077,269,334,195,0.218663,22.6667,ON,223.777,0.0254058
894.5,gNB_4G_2,43,15,0,256,3,32,-34.75,334,269,151,0.211712,24.9833,ON,223.777,0.0302747
895.5,gNB_5G,43,15,10,256,3,13,0,0,0,0,0,0,ON,223.777,0
895.5,gNB_4G_1,43,15,0,256,3,26,-29.2308,269,334,195,0.218348,22.1667,ON,223.777,0.0253692
895.5,gNB_4G_2,43,15,0,256,3,32,-34.6562,334,269,151,0.213248,24.125,ON,223.777,0.0304943
896.5,gNB_5G,43,15,10,256,3,13,0,0,0,0,0,0,ON,223.777,0
896.5,gNB_4G_1,43,15,0,256,3,25,-28.76,269,335,195,0.193659,21.4083,ON,223.777,0.0216352
896.5,gNB_4G_2,43,15,0,256,3,33,-35.1515,335,269,151,0.228383,34.4833,ON,223.777,0.0336792
897.5,gNB_5G,43,15,10,256,3,13,0,0,0,0,0,0,ON,223.777,0
897.5,gNB_4G_1,43,15,0,256,3,26,-28.5,270,335,195,0.211102,22.05,ON,223.777,0.0245272
897.5,gNB_4G_2,43,15,0,256,3,32,-34.9062,335,270,152,0.212736,37.0667,ON,223.777,0.0304211
898.5,gNB_5G,43,15,10,256,3,13,0,0,0,0,0,0,ON,223.777,0
898.5,gNB_4G_1,43,15,0,256,3,26,-28.8462,270,335,195,0.218033,23.2917,ON,223.777,0.0253326
898.5,gNB_4G_2,43,15,0,256,3,32,-34.875,335,270,152,0.2112,31.0167,ON,223.777,0.0302015
899.5,gNB_5G,43,15,10,256,3,13,0,0,0,0,0,0,ON,223.777,0
899.5,gNB_4G_1,43,15,0,256,3,25,-28.44,270,336,195,0.197919,27.2167,ON,223.777,0.0221111
899.5,gNB_4G_2,43,15,0,256,3,33,-36.1818,336,270,152,0.210261,27.125,ON,223.777,0.0310068
