time_s,ue,serving_cell,rsrp_serving_dbm,neighbor_cell,rsrp_neighbor_dbm,dl_throughput_mbps,ho_count,seconds_since_ho,is_pingpong,dl_sinr_db,dl_mcs
1.5,ue_n042_0001,gNB_4G_2,-69,gNB_5G,-70,0.114688,0,-1,0,42.0361,28
2.5,ue_n042_0001,gNB_4G_2,-68,gNB_5G,-69,0.270336,0,-1,0,43.4068,28
3.5,ue_n042_0001,gNB_4G_2,-67,gNB_5G,-66,0.278528,0,-1,0,45.8446,28
3.5,car_north_peak_001,gNB_4G_1,-44,gNB_4G_2,-79,0.04096,0,-1,0,63.0414,28
4.5,ue_n042_0001,gNB_4G_2,-67,gNB_5G,-66,0.270336,0,-1,0,43.5109,28
4.5,car_north_peak_001,gNB_4G_1,-44,gNB_4G_2,-78,0.098304,0,-1,0,66.7978,28
4.5,car_north_peak_002_rider,gNB_4G_1,-47,gNB_4G_2,-68,0.155648,0,-1,0,59.6383,0
4.5,car_north_peak_003_rider,gNB_4G_1,-45,gNB_4G_2,-68,0.385024,0,-1,0,56.7482,28
4.5,ue_n042_0002,gNB_4G_2,-68,gNB_5G,-75,0.32768,0,-1,0,43.9303,28
5.5,ue_n042_0001,gNB_4G_2,-66,gNB_5G,-66,0.270336,0,-1,0,26.6449,25
5.5,car_north_peak_001,gNB_4G_1,-45,gNB_4G_2,-77,0.098304,0,-1,0,62.3335,25
5.5,car_north_peak_002_rider,gNB_4G_1,-47,gNB_4G_2,-68,0.311296,0,-1,0,59.6383,0
5.5,car_north_peak_003_rider,gNB_4G_1,-46,gNB_4G_2,-68,0.8192,0,-1,0,58.2566,28
5.5,ue_n042_0002,gNB_4G_2,-67,gNB_5G,-72,0.679936,0,-1,0,43.4065,28
6.5,ue_n042_0001,gNB_4G_2,-66,gNB_5G,-68,0.278528,0,-1,0,24.1646,24
6.5,car_north_peak_001,gNB_4G_1,-47,gNB_4G_2,-76,0.098304,0,-1,0,62.7924,28
6.5,car_north_peak_002_rider,gNB_4G_1,-46,gNB_4G_2,-71,0.319488,0,-1,0,37.2981,0
6.5,car_north_peak_003_rider,gNB_4G_1,-46,gNB_4G_2,-68,0.8192,0,-1,0,22.2737,20
6.5,ue_n042_0002,gNB_4G_2,-66,gNB_5G,-66,0.679936,0,-1,0,21.5729,23
7.5,ue_n042_0001,gNB_4G_2,-66,gNB_5G,-68,0.270336,0,-1,0,45.7298,28
7.5,car_north_peak_001,gNB_4G_1,-47,gNB_4G_2,-77,0.090112,0,-1,0,61.8468,28
7.5,car_north_peak_002_rider,gNB_4G_1,-44,gNB_4G_2,-77,0.311296,0,-1,0,66.254,0
7.5,car_north_peak_003_rider,gNB_4G_1,-46,gNB_4G_2,-68,0.8192,0,-1,0,58.2566,28
7.5,ue_n042_0002,gNB_4G_2,-66,gNB_5G,-65,0.688128,0,-1,0,43.4995,28
7.5,ue_ujeongwon_0001,gNB_4G_1,-60,gNB_5G,-73,0.172032,0,-1,0,49.4398,28
8.5,ue_n042_0001,gNB_4G_2,-64,gNB_5G,-66,0.270336,0,-1,0,25.6233,27
8.5,car_north_peak_001,gNB_4G_1,-46,gNB_5G,-77,0.098304,0,-1,0,37.5476,28
8.5,car_north_peak_002_rider,gNB_4G_1,-45,gNB_4G_2,-76,0.311296,0,-1,0,62.3335,0
8.5,car_north_peak_003_rider,gNB_4G_1,-48,gNB_4G_2,-68,0.8192,0,-1,0,58.2566,28
8.5,ue_n042_0002,gNB_4G_2,-67,gNB_5G,-68,0.679936,0,-1,0,43.66,28
8.5,ue_ujeongwon_0001,gNB_4G_1,-62,gNB_5G,-70,0.393216,0,-1,0,49.7143,28
9.5,ue_n042_0001,gNB_4G_2,-62,gNB_5G,-67,0.278528,0,-1,0,32.2321,28
9.5,car_north_peak_001,gNB_4G_1,-46,gNB_5G,-70,0.098304,0,-1,0,63.1849,28
9.5,car_north_peak_002_rider,gNB_4G_1,-47,gNB_4G_2,-77,0.319488,0,-1,0,62.797,0
9.5,car_north_peak_003_rider,gNB_4G_1,-46,gNB_4G_2,-71,0.8192,0,-1,0,36.8457,28
9.5,ue_n042_0002,gNB_4G_2,-67,gNB_5G,-67,0.688128,0,-1,0,44.0249,28
9.5,ue_ujeongwon_0001,gNB_4G_1,-60,gNB_5G,-68,0.385024,0,-1,0,52.5215,28
10.5,ue_n042_0001,gNB_4G_2,-61,gNB_5G,-71,0.270336,0,-1,0,30.6696,28
10.5,car_north_peak_001,gNB_4G_1,-47,gNB_5G,-72,0.098304,0,-1,0,36.3045,28
10.5,car_north_peak_002_rider,gNB_4G_1,-50,gNB_5G,-77,0.311296,0,-1,0,56.3416,0
10.5,car_north_peak_003_rider,gNB_4G_1,-44,gNB_4G_2,-78,0.8192,0,-1,0,66.2546,28
10.5,ue_n042_0002,gNB_4G_2,-65,gNB_5G,-65,0.679936,0,-1,0,45.7069,28
10.5,ue_ujeongwon_0001,gNB_4G_1,-59,gNB_5G,-72,0.393216,0,-1,0,52.5829,28
11.5,ue_n042_0001,gNB_4G_2,-59,gNB_5G,-71,0.270336,0,-1,0,39.7001,28
11.5,car_north_peak_001,gNB_4G_1,-47,gNB_4G_2,-71,0.090112,0,-1,0,66.8531,28
11.5,car_north_peak_002_rider,gNB_4G_1,-47,gNB_5G,-77,0.319488,0,-1,0,32.7349,0
11.5,car_north_peak_003_rider,gNB_4G_1,-44,gNB_4G_2,-78,0.8192,0,-1,0,60.325,28
11.5,ue_n042_0002,gNB_4G_2,-64,gNB_5G,-66,0.679936,0,-1,0,31.6237,28
11.5,ue_ujeongwon_0001,gNB_4G_1,-58,gNB_5G,-82,0.393216,0,-1,0,52.8701,28
12.5,ue_n042_0001,gNB_4G_2,-56,gNB_5G,-73,0.278528,0,-1,0,35.8392,28
12.5,car_north_peak_001,gNB_4G_1,-44,gNB_4G_2,-63,0.098304,0,-1,0,65.9463,28
12.5,car_north_peak_002_rider,gNB_4G_1,-44,gNB_5G,-75,0.311296,0,-1,0,66.0876,0
12.5,car_north_peak_003_rider,gNB_4G_1,-45,gNB_4G_2,-77,0.8192,0,-1,0,37.5562,28
12.5,ue_n042_0002,gNB_4G_2,-63,gNB_5G,-67,0.688128,0,-1,0,48.8249,28
12.5,ue_ujeongwon_0001,gNB_4G_1,-57,gNB_5G,-95,0.385024,0,-1,0,54.9878,28
12.5,car_north_peak_004,gNB_4G_1,-44,gNB_4G_2,-79,0.073728,0,-1,0,63.0385,28
13.5,ue_n042_0001,gNB_4G_2,-55,gNB_5G,-71,0.270336,0,-1,0,55.3388,28
13.5,car_north_peak_001,gNB_4G_1,-44,gNB_4G_2,-66,0.098304,0,-1,0,71.2781,28
13.5,car_north_peak_002_rider,gNB_4G_1,-44,gNB_5G,-73,0.319488,0,-1,0,67.7579,0
13.5,car_north_peak_003_rider,gNB_4G_1,-49,gNB_5G,-75,0.8192,0,-1,0,61.998,28
13.5,ue_n042_0002,gNB_4G_2,-62,gNB_5G,-71,0.679936,0,-1,0,49.634,28
13.5,ue_ujeongwon_0001,gNB_4G_1,-58,gNB_5G,-82,0.393216,0,-1,0,49.76,28
13.5,car_north_peak_004,gNB_4G_1,-44,gNB_4G_2,-78,0.16384,0,-1,0,66.7919,28
14.5,ue_n042_0001,gNB_4G_2,-55,gNB_5G,-71,0.270336,0,-1,0,41.6402,28
14.5,car_north_peak_001,gNB_4G_1,-42,gNB_4G_2,-68,0.098304,0,-1,0,66.8562,28
14.5,car_north_peak_002_rider,gNB_4G_1,-44,gNB_4G_2,-68,0.311296,0,-1,0,67.7198,0
14.5,car_north_peak_003_rider,gNB_4G_1,-48,gNB_5G,-78,0.8192,0,-1,0,62.2986,28
14.5,ue_n042_0002,gNB_4G_2,-58,gNB_5G,-69,0.679936,0,-1,0,53.8803,28
14.5,ue_ujeongwon_0001,gNB_4G_1,-58,gNB_5G,-66,0.385024,0,-1,0,40.9435,28
14.5,car_north_peak_004,gNB_4G_1,-46,gNB_4G_2,-78,0.155648,0,-1,0,64.5962,28
15.5,ue_n042_0001,gNB_4G_2,-54,gNB_5G,-70,0.278528,0,-1,0,38.712,28
15.5,car_north_peak_001,gNB_4G_1,-43,gNB_4G_2,-67,0.098304,0,-1,0,70.347,28
15.5,car_north_peak_002_rider,gNB_4G_1,-43,gNB_4G_2,-64,0.319488,0,-1,0,67.3407,0
15.5,car_north_peak_003_rider,gNB_4G_1,-49,gNB_5G,-75,0.8192,0,-1,0,47.6258,28
15.5,ue_n042_0002,gNB_4G_2,-56,gNB_5G,-72,0.688128,0,-1,0,54.6108,28
15.5,ue_ujeongwon_0001,gNB_4G_1,-57,gNB_5G,-69,0.393216,0,-1,0,51.8972,28
15.5,car_north_peak_004,gNB_4G_1,-48,gNB_4G_2,-77,0.16384,0,-1,0,59.8086,28
15.5,car_north_peak_005,gNB_4G_1,-48,gNB_4G_2,-78,0.172032,0,-1,0,64.1281,28
16.5,ue_n042_0001,gNB_4G_2,-57,gNB_5G,-72,0.270336,0,-1,0,35.244,28
16.5,car_north_peak_001,gNB_4G_1,-43,gNB_4G_2,-67,0.090112,0,-1,0,66.4125,28
16.5,car_north_peak_002_rider,gNB_4G_1,-41,gNB_4G_2,-64,0.311296,0,-1,0,64.7204,0
16.5,car_north_peak_003_rider,gNB_4G_1,-52,gNB_5G,-76,0.8192,0,-1,0,58.3568,28
16.5,ue_n042_0002,gNB_4G_2,-55,gNB_5G,-74,0.679936,0,-1,0,38.9748,28
16.5,ue_ujeongwon_0001,gNB_4G_1,-56,gNB_5G,-72,0.393216,0,-1,0,35.3297,28
16.5,car_north_peak_004,gNB_4G_1,-48,gNB_4G_2,-77,0.16384,0,-1,0,61.8516,28
16.5,car_north_peak_005,gNB_4G_1,-48,gNB_4G_2,-78,0.4096,0,-1,0,30.5463,28
17.5,ue_n042_0001,gNB_4G_2,-56,gNB_5G,-70,0.270336,0,-1,0,35.9408,28
17.5,car_north_peak_001,gNB_4G_1,-38,gNB_5G,-76,0.098304,0,-1,0,72.6093,28
17.5,car_north_peak_002_rider,gNB_4G_1,-41,gNB_4G_2,-64,0.319488,0,-1,0,67.9154,0
17.5,car_north_peak_003_rider,gNB_4G_1,-52,gNB_5G,-76,0.8192,0,-1,0,60.9945,28
17.5,ue_n042_0002,gNB_4G_2,-55,gNB_5G,-74,0.679936,0,-1,0,50.4148,28
17.5,ue_ujeongwon_0001,gNB_4G_1,-55,gNB_5G,-74,0.385024,0,-1,0,55.6199,28
17.5,car_north_peak_004,gNB_4G_1,-47,gNB_4G_2,-77,0.155648,0,-1,0,62.2639,28
17.5,car_north_peak_005,gNB_4G_1,-47,gNB_4G_2,-79,0.4096,0,-1,0,61.4039,28
18.5,ue_n042_0001,gNB_4G_2,-57,gNB_5G,-68,0.278528,0,-1,0,39.8609,28
18.5,car_north_peak_001,gNB_4G_1,-38,gNB_5G,-77,0.098304,0,-1,0,70.4493,28
18.5,car_north_peak_002_rider,gNB_4G_1,-51,gNB_4G_2,-63,0.311296,0,-1,0,71.4278,0
18.5,car_north_peak_003_rider,gNB_4G_1,-50,gNB_5G,-75,0.8192,0,-1,0,66.0759,28
18.5,ue_n042_0002,gNB_4G_2,-59,gNB_5G,-65,0.688128,0,-1,0,52.2982,28
18.5,ue_ujeongwon_0001,gNB_4G_1,-56,gNB_5G,-80,0.393216,0,-1,0,53.6631,28
18.5,car_north_peak_004,gNB_4G_1,-47,gNB_5G,-76,0.16384,0,-1,0,63.1555,28
18.5,car_north_peak_005,gNB_4G_1,-47,gNB_4G_2,-79,0.4096,0,-1,0,63.7206,28
19.5,ue_n042_0001,gNB_4G_2,-58,gNB_5G,-72,0.270336,0,-1,0,45.3972,28
19.5,car_north_peak_001,gNB_4G_1,-41,gNB_5G,-79,0.098304,0,-1,0,76.8352,28
19.5,car_north_peak_002_rider,gNB_4G_1,-47,gNB_4G_2,-62,0.319488,0,-1,0,72.7984,0
19.5,car_north_peak_003_rider,gNB_4G_1,-45,gNB_4G_2,-64,0.8192,0,-1,0,65.9247,28
19.5,ue_n042_0002,gNB_4G_2,-60,gNB_5G,-68,0.679936,0,-1,0,50.3389,28
19.5,ue_ujeongwon_0001,gNB_4G_1,-56,gNB_5G,-70,0.393216,0,-1,0,56.6487,28
19.5,car_north_peak_004,gNB_4G_1,-46,gNB_5G,-71,0.155648,0,-1,0,66.654,28
19.5,car_north_peak_005,gNB_4G_1,-49,gNB_5G,-75,0.4096,0,-1,0,38.8437,28
20.5,ue_n042_0001,gNB_4G_2,-56,gNB_5G,-71,0.270336,0,-1,0,41.3191,28
20.5,car_north_peak_001,gNB_4G_1,-41,gNB_4G_2,-83,0.090112,0,-1,0,74.2455,28
20.5,car_north_peak_002_rider,gNB_4G_1,-43,gNB_4G_2,-77,0.311296,0,-1,0,63.6306,0
20.5,car_north_peak_003_rider,gNB_4G_1,-44,gNB_4G_2,-61,0.8192,0,-1,0,63.7989,28
20.5,ue_n042_0002,gNB_4G_2,-59,gNB_5G,-70,0.679936,0,-1,0,53.7785,28
20.5,ue_ujeongwon_0001,gNB_4G_1,-56,gNB_5G,-70,0.385024,0,-1,0,55.3125,28
20.5,car_north_peak_004,gNB_4G_1,-45,gNB_4G_2,-72,0.16384,0,-1,0,67.7229,28
20.5,car_north_peak_005,gNB_4G_1,-48,gNB_5G,-77,0.4096,0,-1,0,61.1446,28
21.5,ue_n042_0001,gNB_4G_2,-56,gNB_5G,-64,0.278528,0,-1,0,43.9266,28
21.5,car_north_peak_001,gNB_4G_1,-40,gNB_4G_2,-83,0.098304,0,-1,0,79.5628,28
21.5,car_north_peak_002_rider,gNB_4G_1,-39,gNB_5G,-78,0.311296,0,-1,0,52.3371,0
21.5,car_north_peak_003_rider,gNB_4G_1,-40,gNB_4G_2,-64,0.8192,0,-1,0,70.6194,28
21.5,ue_n042_0002,gNB_4G_2,-58,gNB_5G,-68,0.688128,0,-1,0,51.3401,28
21.5,ue_ujeongwon_0001,gNB_4G_1,-54,gNB_5G,-66,0.393216,0,-1,0,37.0437,28
21.5,car_north_peak_004,gNB_4G_1,-43,gNB_4G_2,-64,0.16384,0,-1,0,67.3388,28
21.5,car_north_peak_005,gNB_4G_1,-51,gNB_5G,-74,0.4096,0,-1,0,58.4049,28
21.5,ue_n043_0001,gNB_4G_2,-66,gNB_5G,-71,0.155648,1,0.0399284,0,50.2244,28
22.5,ue_n042_0001,gNB_4G_2,-55,gNB_5G,-68,0.270336,0,-1,0,57.6633,28
22.5,car_north_peak_001,gNB_4G_1,-41,gNB_4G_2,-82,0.098304,0,-1,0,76.2009,28
22.5,car_north_peak_002_rider,gNB_4G_1,-38,gNB_5G,-82,0.319488,0,-1,0,73.9313,0
22.5,car_north_peak_003_rider,gNB_4G_1,-43,gNB_4G_2,-62,0.8192,0,-1,0,71.9258,28
22.5,ue_n042_0002,gNB_4G_2,-60,gNB_5G,-72,0.679936,0,-1,0,57.8064,28
22.5,ue_ujeongwon_0001,gNB_4G_1,-56,gNB_5G,-83,0.385024,0,-1,0,58.6884,28
22.5,car_north_peak_004,gNB_4G_1,-41,gNB_4G_2,-64,0.155648,0,-1,0,64.7303,28
22.5,car_north_peak_005,gNB_4G_1,-54,gNB_4G_2,-71,0.4096,0,-1,0,25.6746,25
22.5,ue_n043_0001,gNB_4G_2,-64,gNB_5G,-70,0.360448,1,1.03993,0,50.4915,28
22.5,ue_n042_0003,gNB_4G_2,-69,gNB_5G,-70,0.16384,0,-1,0,22.9136,25
23.5,ue_n042_0001,gNB_4G_2,-55,gNB_5G,-68,0.270336,0,-1,0,40.1658,28
23.5,car_north_peak_001,gNB_4G_1,-38,gNB_5G,-69,0.098304,0,-1,0,77.8925,28
23.5,car_north_peak_002_rider,gNB_4G_1,-38,gNB_5G,-77,0.311296,0,-1,0,73.9456,0
23.5,car_north_peak_003_rider,gNB_4G_1,-44,gNB_4G_2,-67,0.8192,0,-1,0,72.8057,28
23.5,ue_n042_0002,gNB_4G_2,-54,gNB_5G,-69,0.679936,0,-1,0,52.9505,28
23.5,ue_ujeongwon_0001,gNB_4G_1,-55,gNB_4G_2,-89,0.393216,0,-1,0,58.8004,28
23.5,car_north_peak_004,gNB_4G_1,-40,gNB_4G_2,-66,0.16384,0,-1,0,70.3614,28
23.5,car_north_peak_005,gNB_4G_1,-47,gNB_4G_2,-65,0.4096,0,-1,0,62.1169,28
23.5,ue_n043_0001,gNB_4G_2,-60,gNB_4G_1,-68,0.352256,1,2.03993,0,50.4006,28
23.5,ue_n042_0003,gNB_4G_2,-68,gNB_5G,-70,0.344064,0,-1,0,42.7643,28
24.5,ue_n042_0001,gNB_4G_2,-55,gNB_5G,-71,0.278528,0,-1,0,34.3234,28
24.5,car_north_peak_001,gNB_4G_1,-36,gNB_5G,-66,0.090112,0,-1,0,75.1621,28
24.5,car_north_peak_002_rider,gNB_4G_1,-39,gNB_4G_2,-84,0.319488,0,-1,0,75.5221,0
24.5,car_north_peak_003_rider,gNB_4G_1,-43,gNB_5G,-78,0.8192,0,-1,0,38.2389,28
24.5,ue_n042_0002,gNB_4G_2,-56,gNB_5G,-64,0.688128,0,-1,0,55.7327,28
24.5,ue_ujeongwon_0001,gNB_4G_1,-53,gNB_4G_2,-89,0.393216,0,-1,0,59.3769,28
24.5,car_north_peak_004,gNB_4G_1,-42,gNB_4G_2,-63,0.16384,0,-1,0,71.5632,28
24.5,car_north_peak_005,gNB_4G_1,-40,gNB_4G_2,-67,0.4096,0,-1,0,65.8343,28
24.5,ue_n043_0001,gNB_4G_2,-60,gNB_4G_1,-69,0.360448,1,3.03993,0,55.9268,28
24.5,ue_n042_0003,gNB_4G_2,-68,gNB_5G,-67,0.344064,0,-1,0,45.8465,28
25.5,ue_n042_0001,gNB_4G_2,-58,gNB_5G,-74,0.270336,0,-1,0,36.9431,28
25.5,car_north_peak_001,gNB_4G_1,-36,gNB_5G,-66,0.098304,0,-1,0,78.1233,28
25.5,car_north_peak_002_rider,gNB_4G_1,-38,gNB_4G_2,-83,0.311296,0,-1,0,79.5665,0
25.5,car_north_peak_003_rider,gNB_4G_1,-39,gNB_5G,-78,0.8192,0,-1,0,72.3359,28
25.5,ue_n042_0002,gNB_4G_2,-54,gNB_5G,-68,0.679936,0,-1,0,51.9829,28
25.5,ue_ujeongwon_0001,gNB_4G_1,-52,gNB_4G_2,-89,0.385024,0,-1,0,37.6419,28
25.5,car_north_peak_004,gNB_4G_1,-42,gNB_4G_2,-63,0.155648,0,-1,0,70.6762,28
25.5,car_north_peak_005,gNB_4G_1,-40,gNB_4G_2,-68,0.4096,0,-1,0,25.1474,27
25.5,ue_n043_0001,gNB_4G_2,-56,gNB_4G_1,-64,0.352256,1,4.03993,0,50.203,28
25.5,ue_n042_0003,gNB_4G_2,-67,gNB_5G,-65,0.335872,0,-1,0,21.4381,22
25.5,ue_n001_0001,gNB_4G_1,-51,gNB_5G,-83,0.253952,0,-1,0,59.2514,28
26.5,ue_n042_0001,gNB_4G_2,-55,gNB_5G,-69,0.270336,0,-1,0,40.3438,28
26.5,car_north_peak_001,gNB_4G_1,-35,gNB_5G,-64,0.098304,0,-1,0,75.8689,28
26.5,car_north_peak_002_rider,gNB_4G_1,-40,gNB_4G_2,-82,0.319488,0,-1,0,76.2015,0
26.5,car_north_peak_003_rider,gNB_4G_1,-38,gNB_5G,-82,0.8192,0,-1,0,70.4383,28
26.5,ue_n042_0002,gNB_4G_2,-57,gNB_5G,-71,0.679936,0,-1,0,56.259,28
26.5,ue_ujeongwon_0001,gNB_4G_1,-49,gNB_4G_2,-89,0.393216,0,-1,0,35.8948,28
26.5,car_north_peak_004,gNB_4G_1,-41,gNB_4G_2,-72,0.16384,0,-1,0,66.4455,28
26.5,car_north_peak_005,gNB_4G_1,-45,gNB_4G_2,-63,0.4096,0,-1,0,68.887,28
26.5,ue_n043_0001,gNB_4G_2,-59,gNB_4G_1,-60,0.352256,1,5.03993,0,56.2933,28
26.5,ue_n042_0003,gNB_4G_2,-66,gNB_5G,-67,0.344064,0,-1,0,30.2845,27
26.5,ue_n001_0001,gNB_4G_1,-49,gNB_4G_2,-80,0.581632,0,-1,0,67.5891,28
27.5,ue_n042_0001,gNB_4G_2,-55,gNB_5G,-71,0.278528,0,-1,0,46.1412,28
27.5,car_north_peak_001,gNB_4G_1,-37,gNB_5G,-65,0.098304,0,-1,0,73.9124,28
27.5,car_north_peak_002_rider,gNB_4G_1,-38,gNB_5G,-69,0.311296,0,-1,0,77.8981,0
27.5,car_north_peak_003_rider,gNB_4G_1,-42,gNB_5G,-80,0.8192,0,-1,0,61.541,28
27.5,ue_n042_0002,gNB_4G_2,-55,gNB_5G,-72,0.688128,0,-1,0,53.7486,28
27.5,ue_ujeongwon_0001,gNB_4G_1,-52,gNB_4G_2,-88,0.385024,0,-1,0,33.3368,28
27.5,car_north_peak_004,gNB_4G_1,-38,gNB_5G,-77,0.155648,0,-1,0,69.6891,28
27.5,car_north_peak_005,gNB_4G_1,-41,gNB_4G_2,-61,0.4096,0,-1,0,67.6481,28
27.5,ue_n043_0001,gNB_4G_2,-55,gNB_4G_1,-58,0.344064,1,6.03993,0,57.4764,28
27.5,ue_n042_0003,gNB_4G_2,-65,gNB_5G,-66,0.335872,0,-1,0,26.6355,24
27.5,ue_n001_0001,gNB_4G_1,-45,gNB_5G,-76,0.589824,0,-1,0,61.5403,28
28.5,ue_n042_0001,gNB_4G_2,-53,gNB_5G,-71,0.270336,0,-1,0,57.9856,28
28.5,car_north_peak_001,gNB_4G_1,-38,gNB_5G,-67,0.090112,0,-1,0,74.0457,28
28.5,car_north_peak_002_rider,gNB_4G_1,-36,gNB_5G,-66,0.319488,0,-1,0,58.0989,0
28.5,car_north_peak_003_rider,gNB_4G_1,-40,gNB_4G_2,-83,0.8192,0,-1,0,78.0682,28
28.5,ue_n042_0002,gNB_4G_2,-57,gNB_5G,-72,0.679936,0,-1,0,38.771,28
28.5,ue_ujeongwon_0001,gNB_4G_1,-51,gNB_4G_2,-80,0.393216,0,-1,0,59.0121,26
28.5,car_north_peak_004,gNB_4G_1,-38,gNB_5G,-75,0.16384,0,-1,0,76.1717,28
28.5,car_north_peak_005,gNB_4G_1,-41,gNB_4G_2,-61,0.4096,0,-1,0,49.4516,28
28.5,ue_n043_0001,gNB_4G_2,-53,gNB_4G_1,-65,0.344064,1,7.03993,0,55.621,28
28.5,ue_n042_0003,gNB_4G_2,-66,gNB_5G,-69,0.344064,0,-1,0,45.7411,28
28.5,ue_n001_0001,gNB_4G_1,-44,gNB_5G,-75,0.581632,0,-1,0,64.62,28
29.5,ue_n042_0001,gNB_4G_2,-53,gNB_5G,-67,0.270336,0,-1,0,45.7785,28
29.5,car_north_peak_001,gNB_4G_1,-35,gNB_4G_2,-81,0.098304,0,-1,0,71.7076,28
29.5,car_north_peak_002_rider,gNB_4G_1,-38,gNB_5G,-67,0.311296,0,-1,0,75.9523,0
29.5,car_north_peak_003_rider,gNB_4G_1,-39,gNB_4G_2,-82,0.8192,0,-1,0,71.7476,28
29.5,ue_n042_0002,gNB_4G_2,-55,gNB_5G,-69,0.679936,0,-1,0,56.1389,28
29.5,ue_ujeongwon_0001,gNB_4G_1,-45,gNB_4G_2,-78,0.393216,0,-1,0,66.8636,28
29.5,car_north_peak_004,gNB_4G_1,-44,gNB_5G,-76,0.16384,0,-1,0,75.4661,28
29.5,car_north_peak_005,gNB_4G_1,-42,gNB_4G_2,-73,0.4096,0,-1,0,72.8048,28
29.5,ue_n043_0001,gNB_4G_2,-55,gNB_4G_1,-65,0.360448,1,8.03993,0,56.9197,28
29.5,ue_n042_0003,gNB_4G_2,-64,gNB_5G,-66,0.344064,0,-1,0,46.7404,28
29.5,ue_n001_0001,gNB_4G_1,-45,gNB_4G_2,-80,0.589824,0,-1,0,64.4549,28
30.5,ue_n042_0001,gNB_4G_2,-52,gNB_5G,-70,0.278528,0,-1,0,42.8367,28
30.5,car_north_peak_001,gNB_4G_1,-37,gNB_5G,-83,0.098304,0,-1,0,72.8959,28
30.5,car_north_peak_002_rider,gNB_4G_1,-35,gNB_5G,-71,0.319488,0,-1,0,77.081,0
30.5,car_north_peak_003_rider,gNB_4G_1,-36,gNB_4G_2,-83,0.8192,0,-1,0,55.0295,28
30.5,ue_n042_0002,gNB_4G_2,-55,gNB_5G,-71,0.688128,0,-1,0,58.7009,28
30.5,ue_ujeongwon_0001,gNB_4G_1,-47,gNB_4G_2,-76,0.385024,0,-1,0,65.3604,27
30.5,car_north_peak_004,gNB_4G_1,-39,gNB_4G_2,-83,0.155648,0,-1,0,74.7735,28
30.5,car_north_peak_005,gNB_4G_1,-40,gNB_5G,-74,0.4096,0,-1,0,72.786,28
30.5,ue_n043_0001,gNB_4G_2,-54,gNB_4G_1,-69,0.352256,1,9.03993,0,55.6199,28
30.5,ue_n042_0003,gNB_4G_2,-64,gNB_5G,-67,0.344064,0,-1,0,45.4797,28
30.5,ue_n001_0001,gNB_4G_1,-50,gNB_5G,-77,0.581632,0,-1,0,60.4304,28
31.5,ue_n042_0001,gNB_4G_2,-53,gNB_5G,-67,0.270336,0,-1,0,57.9266,28
31.5,car_north_peak_001,gNB_4G_1,-37,gNB_5G,-83,0.098304,0,-1,0,69.4735,28
31.5,car_north_peak_002_rider,gNB_4G_1,-39,gNB_5G,-69,0.311296,0,-1,0,76.0193,0
31.5,car_north_peak_003_rider,gNB_4G_1,-37,gNB_5G,-75,0.8192,0,-1,0,78.0003,28
31.5,ue_n042_0002,gNB_4G_2,-51,gNB_5G,-76,0.679936,0,-1,0,57.3784,28
31.5,ue_ujeongwon_0001,gNB_4G_1,-52,gNB_4G_2,-84,0.393216,0,-1,0,69.0095,28
31.5,car_north_peak_004,gNB_4G_1,-40,gNB_4G_2,-84,0.16384,0,-1,0,74.7225,28
31.5,car_north_peak_005,gNB_4G_1,-40,gNB_5G,-76,0.4096,0,-1,0,49.8131,28
31.5,ue_n043_0001,gNB_4G_2,-55,gNB_4G_1,-66,0.360448,1,10.0399,0,56.7068,28
31.5,ue_n042_0003,gNB_4G_2,-63,gNB_5G,-70,0.335872,0,-1,0,28.4429,28
31.5,ue_n001_0001,gNB_4G_1,-51,gNB_5G,-75,0.589824,0,-1,0,69.0082,28
32.5,ue_n042_0001,gNB_4G_2,-52,gNB_5G,-73,0.270336,0,-1,0,46.4352,28
32.5,car_north_peak_001,gNB_4G_1,-43,gNB_4G_2,-84,0.098304,0,-1,0,72.1795,28
32.5,car_north_peak_002_rider,gNB_4G_1,-36,gNB_5G,-64,0.319488,0,-1,0,76.1611,0
32.5,car_north_peak_003_rider,gNB_4G_1,-40,gNB_5G,-68,0.8192,0,-1,0,74.2634,28
32.5,ue_n042_0002,gNB_4G_2,-52,gNB_5G,-68,0.679936,0,-1,0,58.6017,28
32.5,ue_ujeongwon_0001,gNB_4G_1,-43,gNB_4G_2,-88,0.393216,0,-1,0,64.0957,28
32.5,car_north_peak_004,gNB_4G_1,-39,gNB_4G_2,-83,0.155648,0,-1,0,75.4057,28
32.5,car_north_peak_005,gNB_4G_1,-39,gNB_5G,-76,0.4096,0,-1,0,73.9401,28
32.5,ue_n043_0001,gNB_4G_2,-54,gNB_5G,-70,0.352256,1,11.0399,0,56.0286,28
32.5,ue_n042_0003,gNB_4G_2,-61,gNB_5G,-71,0.344064,0,-1,0,48.2583,28
32.5,ue_n001_0001,gNB_4G_1,-43,gNB_5G,-79,0.581632,0,-1,0,62.3548,28
32.5,ue_n001_0002,gNB_4G_1,-41,gNB_4G_2,-81,0.303104,0,-1,0,70.4522,28
32.5,ue_ujeongwon_0002,gNB_4G_1,-60,gNB_5G,-73,0.385024,0,-1,0,49.4254,28
33.5,ue_n042_0001,gNB_4G_2,-52,gNB_5G,-69,0.278528,0,-1,0,42.1938,28
33.5,car_north_peak_001,gNB_4G_1,-39,gNB_5G,-87,0.090112,0,-1,0,69.9574,28
33.5,car_north_peak_002_rider,gNB_4G_1,-38,gNB_4G_2,-85,0.311296,0,-1,0,73.7498,0
33.5,car_north_peak_003_rider,gNB_4G_1,-36,gNB_5G,-64,0.8192,0,-1,0,73.7129,28
33.5,ue_n042_0002,gNB_4G_2,-52,gNB_5G,-67,0.688128,0,-1,0,56.968,28
33.5,ue_ujeongwon_0001,gNB_4G_1,-46,gNB_4G_2,-85,0.385024,0,-1,0,67.9652,28
33.5,car_north_peak_004,gNB_4G_1,-38,gNB_4G_2,-83,0.16384,0,-1,0,76.7113,28
33.5,car_north_peak_005,gNB_4G_1,-39,gNB_4G_2,-84,0.4096,0,-1,0,74.2468,28
33.5,ue_n043_0001,gNB_4G_2,-55,gNB_5G,-69,0.360448,1,12.0399,0,57.0206,28
33.5,ue_n042_0003,gNB_4G_2,-57,gNB_5G,-73,0.344064,0,-1,0,54.6036,28
33.5,ue_n001_0001,gNB_4G_1,-44,gNB_5G,-75,0.581632,0,-1,0,38.8641,28
33.5,ue_n001_0002,gNB_4G_1,-42,gNB_4G_2,-80,0.630784,0,-1,0,62.9897,28
33.5,ue_ujeongwon_0002,gNB_4G_1,-62,gNB_5G,-72,0.8192,0,-1,0,45.0089,28
34.5,ue_n042_0001,gNB_4G_2,-54,gNB_5G,-65,0.270336,0,-1,0,49.0719,28
34.5,car_north_peak_001,gNB_4G_1,-41,gNB_5G,-90,0.098304,0,-1,0,66.3602,28
34.5,car_north_peak_002_rider,gNB_4G_1,-38,gNB_5G,-82,0.311296,0,-1,0,73.9222,0
34.5,car_north_peak_003_rider,gNB_4G_1,-35,gNB_5G,-65,0.8192,0,-1,0,78.123,28
34.5,ue_n042_0002,gNB_4G_2,-53,gNB_5G,-66,0.679936,0,-1,0,39.7755,28
34.5,ue_ujeongwon_0001,gNB_4G_1,-47,gNB_4G_2,-89,0.393216,0,-1,0,70.0935,28
34.5,car_north_peak_004,gNB_4G_1,-39,gNB_5G,-74,0.16384,0,-1,0,77.9007,28
34.5,car_north_peak_005,gNB_4G_1,-40,gNB_4G_2,-83,0.4096,0,-1,0,49.5327,28
34.5,ue_n043_0001,gNB_4G_2,-54,gNB_4G_1,-61,0.352256,1,13.0399,0,55.9039,28
34.5,ue_n042_0003,gNB_4G_2,-56,gNB_5G,-72,0.335872,0,-1,0,40.851,28
34.5,ue_n001_0001,gNB_4G_1,-47,gNB_4G_2,-80,0.589824,0,-1,0,45.0414,28
34.5,ue_n001_0002,gNB_4G_1,-48,gNB_4G_2,-79,0.630784,0,-1,0,64.6869,28
34.5,ue_ujeongwon_0002,gNB_4G_1,-60,gNB_5G,-67,0.8192,0,-1,0,52.5216,28
34.5,ue_ujeongwon_0003,gNB_4G_1,-56,gNB_4G_2,-76,0.16384,0,-1,0,32.2568,28
35.5,ue_n042_0001,gNB_4G_2,-54,gNB_5G,-67,0.270336,0,-1,0,33.1647,28
35.5,car_north_peak_001,gNB_4G_1,-43,gNB_4G_2,-71,0.098304,0,-1,0,64.6257,28
35.5,car_north_peak_002_rider,gNB_4G_1,-37,gNB_4G_2,-80,0.319488,0,-1,0,72.4673,0
35.5,car_north_peak_003_rider,gNB_4G_1,-35,gNB_5G,-64,0.8192,0,-1,0,75.9002,15
35.5,ue_n042_0002,gNB_4G_2,-52,gNB_5G,-73,0.679936,0,-1,0,60.168,28
35.5,ue_ujeongwon_0001,gNB_4G_1,-42,gNB_4G_2,-81,0.385024,0,-1,0,39.5108,28
35.5,car_north_peak_004,gNB_4G_1,-36,gNB_5G,-67,0.155648,0,-1,0,78.6806,28
35.5,car_north_peak_005,gNB_4G_1,-35,gNB_4G_2,-83,0.4096,0,-1,0,74.7034,28
35.5,ue_n043_0001,gNB_4G_2,-55,gNB_4G_1,-55,0.352256,1,14.0399,0,14.3571,28
35.5,ue_n042_0003,gNB_4G_2,-56,gNB_5G,-72,0.344064,0,-1,0,31.1025,28
35.5,ue_n001_0001,gNB_4G_1,-46,gNB_5G,-76,0.581632,0,-1,0,69.2835,28
35.5,ue_n001_0002,gNB_4G_1,-49,gNB_5G,-75,0.622592,0,-1,0,63.1222,28
35.5,ue_ujeongwon_0002,gNB_4G_1,-58,gNB_5G,-70,0.8192,0,-1,0,46.4144,28
35.5,ue_ujeongwon_0003,gNB_4G_1,-54,gNB_4G_2,-77,0.344064,0,-1,0,31.8394,28
35.5,ue_n001_0003,gNB_4G_1,-46,gNB_5G,-77,0.237568,0,-1,0,36.5246,28
36.5,ue_n042_0001,gNB_4G_2,-57,gNB_5G,-64,0.278528,0,-1,0,48.8045,28
36.5,car_north_peak_001,gNB_4G_1,-43,gNB_4G_2,-68,0.098304,0,-1,0,68.2584,28
36.5,car_north_peak_002_rider,gNB_4G_1,-38,gNB_4G_2,-83,0.311296,0,-1,0,69.8796,0
36.5,car_north_peak_003_rider,gNB_4G_1,-37,gNB_5G,-66,0.8192,0,-1,0,76.8398,28
36.5,ue_n042_0002,gNB_4G_2,-54,gNB_5G,-65,0.688128,0,-1,0,56.6403,28
36.5,ue_ujeongwon_0001,gNB_4G_1,-51,gNB_4G_2,-87,0.393216,0,-1,0,49.8716,28
36.5,car_north_peak_004,gNB_4G_1,-38,gNB_5G,-67,0.16384,0,-1,0,76.2233,28
36.5,car_north_peak_005,gNB_4G_1,-36,gNB_5G,-77,0.4096,0,-1,0,77.9819,28
36.5,ue_n043_0001,gNB_4G_2,-54,gNB_4G_1,-57,0.360448,1,15.0399,0,54.771,28
36.5,ue_n042_0003,gNB_4G_2,-54,gNB_5G,-70,0.344064,0,-1,0,33.2271,28
36.5,ue_n001_0001,gNB_4G_1,-44,gNB_4G_2,-80,0.589824,0,-1,0,67.1242,28
36.5,ue_n001_0002,gNB_4G_1,-49,gNB_5G,-76,0.630784,0,-1,0,65.5183,28
36.5,ue_ujeongwon_0002,gNB_4G_1,-58,gNB_5G,-79,0.8192,0,-1,0,52.8702,28
36.5,ue_ujeongwon_0003,gNB_4G_1,-55,gNB_5G,-70,0.335872,0,-1,0,27.1024,27
36.5,ue_n001_0003,gNB_4G_1,-47,gNB_4G_2,-76,0.540672,0,-1,0,63.9586,28
36.5,car_north_base_001_rider,gNB_4G_1,-46,gNB_4G_2,-68,0.385024,0,-1,0,60.5802,28
37.5,ue_n042_0001,gNB_4G_2,-54,gNB_5G,-70,0.270336,0,-1,0,45.8107,28
37.5,car_north_peak_001,gNB_4G_1,-41,gNB_4G_2,-66,0.090112,0,-1,0,67.4743,28
37.5,car_north_peak_002_rider,gNB_4G_1,-41,gNB_4G_2,-86,0.319488,0,-1,0,66.4828,0
37.5,car_north_peak_003_rider,gNB_4G_1,-39,gNB_5G,-64,0.8192,0,-1,0,74.6599,28
37.5,ue_n042_0002,gNB_4G_2,-57,gNB_5G,-65,0.679936,0,-1,0,45.7529,28
37.5,ue_ujeongwon_0001,gNB_4G_1,-53,gNB_4G_2,-85,0.393216,0,-1,0,49.9059,28
37.5,car_north_peak_004,gNB_4G_1,-41,gNB_5G,-65,0.155648,0,-1,0,77.3221,28
37.5,car_north_peak_005,gNB_4G_1,-40,gNB_5G,-69,0.4096,0,-1,0,69.5627,28
37.5,ue_n043_0001,gNB_4G_2,-56,gNB_4G_1,-65,0.360448,1,16.0399,0,56.6704,28
37.5,ue_n042_0003,gNB_4G_2,-57,gNB_5G,-72,0.335872,0,-1,0,41.196,28
37.5,ue_n001_0001,gNB_4G_1,-43,gNB_4G_2,-79,0.581632,0,-1,0,67.4574,28
37.5,ue_n001_0002,gNB_4G_1,-47,gNB_5G,-78,0.630784,0,-1,0,63.0221,28
37.5,ue_ujeongwon_0002,gNB_4G_1,-57,gNB_5G,-94,0.8192,0,-1,0,54.9869,28
37.5,ue_ujeongwon_0003,gNB_4G_1,-55,gNB_4G_2,-78,0.344064,0,-1,0,30.0126,28
37.5,ue_n001_0003,gNB_4G_1,-47,gNB_5G,-77,0.548864,0,-1,0,59.9492,28
37.5,car_north_base_001_rider,gNB_4G_1,-45,gNB_4G_2,-69,0.8192,0,-1,0,63.0369,28
38.5,ue_n042_0001,gNB_4G_2,-52,gNB_5G,-77,0.270336,0,-1,0,40.72,28
38.5,car_north_peak_001,gNB_4G_1,-42,gNB_5G,-67,0.098304,0,-1,0,57.2417,28
38.5,car_north_peak_002_rider,gNB_4G_1,-40,gNB_5G,-86,0.311296,0,-1,0,58.7427,0
38.5,car_north_peak_003_rider,gNB_4G_1,-36,gNB_4G_2,-80,0.8192,0,-1,0,73.8044,28
38.5,ue_n042_0002,gNB_4G_2,-54,gNB_5G,-67,0.679936,0,-1,0,54.681,28
38.5,ue_ujeongwon_0001,gNB_4G_1,-41,gNB_4G_2,-90,0.385024,0,-1,0,56.9837,28
38.5,car_north_peak_004,gNB_4G_1,-36,gNB_5G,-70,0.16384,0,-1,0,78.0631,28
38.5,car_north_peak_005,gNB_4G_1,-37,gNB_5G,-65,0.4096,0,-1,0,73.7742,28
38.5,ue_n043_0001,gNB_4G_2,-54,gNB_5G,-69,0.352256,1,17.0399,0,49.8487,28
38.5,ue_n042_0003,gNB_4G_2,-56,gNB_5G,-71,0.344064,0,-1,0,35.6212,28
38.5,ue_n001_0001,gNB_4G_1,-43,gNB_4G_2,-79,0.589824,0,-1,0,62.6802,28
38.5,ue_n001_0002,gNB_4G_1,-47,gNB_5G,-79,0.630784,0,-1,0,64.0254,28
38.5,ue_ujeongwon_0002,gNB_4G_1,-57,gNB_5G,-88,0.8192,0,-1,0,49.7548,28
38.5,ue_ujeongwon_0003,gNB_4G_1,-55,gNB_4G_2,-76,0.344064,0,-1,0,56.3092,28
38.5,ue_n001_0003,gNB_4G_1,-46,gNB_4G_2,-76,0.548864,0,-1,0,61.0187,28
38.5,car_north_base_001_rider,gNB_4G_1,-44,gNB_4G_2,-77,0.8192,0,-1,0,62.8423,28
38.5,car_north_base_002_rider,gNB_4G_1,-46,gNB_4G_2,-68,0.385024,0,-1,0,60.5802,28
39.5,ue_n042_0001,gNB_4G_2,-57,gNB_5G,-68,0.278528,0,-1,0,44.8588,28
39.5,car_north_peak_001,gNB_4G_1,-46,gNB_5G,-69,0.098304,0,-1,0,53.8825,28
39.5,car_north_peak_002_rider,gNB_4G_1,-41,gNB_5G,-89,0.319488,0,-1,0,69.3096,0
39.5,car_north_peak_003_rider,gNB_4G_1,-38,gNB_5G,-82,0.8192,0,-1,0,72.0598,28
39.5,ue_n042_0002,gNB_4G_2,-54,gNB_5G,-70,0.688128,0,-1,0,57.1255,28
39.5,ue_ujeongwon_0001,gNB_4G_1,-42,gNB_4G_2,-86,0.393216,0,-1,0,71.1732,28
39.5,car_north_peak_004,gNB_4G_1,-37,gNB_5G,-71,0.16384,0,-1,0,74.9405,28
39.5,car_north_peak_005,gNB_4G_1,-36,gNB_5G,-65,0.4096,0,-1,0,78.0845,28
39.5,ue_n043_0001,gNB_4G_2,-56,gNB_5G,-67,0.360448,1,18.0399,0,55.6965,28
39.5,ue_n042_0003,gNB_4G_2,-57,gNB_5G,-69,0.344064,0,-1,0,36.4265,28
39.5,ue_n001_0001,gNB_4G_1,-46,gNB_4G_2,-79,0.581632,0,-1,0,69.0886,28
39.5,ue_n001_0002,gNB_4G_1,-46,gNB_5G,-79,0.630784,0,-1,0,67.8675,28
39.5,ue_ujeongwon_0002,gNB_4G_1,-59,gNB_5G,-65,0.8192,0,-1,0,55.0226,28
39.5,ue_ujeongwon_0003,gNB_4G_1,-55,gNB_4G_2,-78,0.335872,0,-1,0,19.401,22
39.5,ue_n001_0003,gNB_4G_1,-50,gNB_5G,-75,0.540672,0,-1,0,63.1722,28
39.5,car_north_base_001_rider,gNB_4G_1,-45,gNB_4G_2,-78,0.8192,0,-1,0,64.6,28
39.5,car_north_base_002_rider,gNB_4G_1,-46,gNB_4G_2,-67,0.8192,0,-1,0,60.5802,28
40.5,ue_n042_0001,gNB_4G_2,-55,gNB_5G,-69,0.270336,0,-1,0,44.4676,28
40.5,car_north_peak_001,gNB_4G_1,-46,gNB_5G,-61,0.098304,0,-1,0,63.0324,28
40.5,car_north_peak_002_rider,gNB_4G_1,-40,gNB_4G_2,-73,0.311296,0,-1,0,63.8426,0
40.5,car_north_peak_003_rider,gNB_4G_1,-39,gNB_4G_2,-86,0.8192,0,-1,0,71.2353,28
40.5,ue_n042_0002,gNB_4G_2,-54,gNB_5G,-70,0.679936,0,-1,0,54.9089,28
40.5,ue_ujeongwon_0001,gNB_4G_1,-39,gNB_5G,-82,0.393216,0,-1,0,73.6885,28
40.5,car_north_peak_004,gNB_4G_1,-36,gNB_5G,-65,0.155648,0,-1,0,52.9966,28
40.5,car_north_peak_005,gNB_4G_1,-35,gNB_5G,-64,0.4096,0,-1,0,75.87,28
40.5,ue_n043_0001,gNB_4G_2,-55,gNB_5G,-68,0.352256,1,19.0399,0,32.2118,28
40.5,ue_n042_0003,gNB_4G_2,-58,gNB_5G,-72,0.335872,0,-1,0,46.1386,28
40.5,ue_n001_0001,gNB_4G_1,-44,gNB_4G_2,-81,0.581632,0,-1,0,69.178,28
40.5,ue_n001_0002,gNB_4G_1,-47,gNB_5G,-77,0.630784,0,-1,0,62.0014,28
40.5,ue_ujeongwon_0002,gNB_4G_1,-57,gNB_5G,-68,0.8192,0,-1,0,51.8944,28
40.5,ue_ujeongwon_0003,gNB_4G_1,-55,gNB_4G_2,-79,0.344064,0,-1,0,31.0836,28
40.5,ue_n001_0003,gNB_4G_1,-47,gNB_5G,-79,0.548864,0,-1,0,63.2506,28
40.5,car_north_base_001_rider,gNB_4G_1,-48,gNB_4G_2,-77,0.8192,0,-1,0,58.7495,28
40.5,car_north_base_002_rider,gNB_4G_1,-45,gNB_4G_2,-69,0.8192,0,-1,0,63.037,28
41.5,ue_n042_0001,gNB_4G_2,-57,gNB_5G,-74,0.270336,0,-1,0,39.8625,28
41.5,car_north_peak_001,gNB_4G_1,-46,gNB_5G,-62,0.090112,0,-1,0,66.7753,28
41.5,car_north_peak_002_rider,gNB_4G_1,-41,gNB_4G_2,-66,0.319488,0,-1,0,61.1821,0
41.5,car_north_peak_003_rider,gNB_4G_1,-40,gNB_4G_2,-83,0.8192,0,-1,0,72.7471,16
41.5,ue_n042_0002,gNB_4G_2,-56,gNB_5G,-68,0.679936,0,-1,0,51.4722,28
41.5,ue_ujeongwon_0001,gNB_4G_1,-37,gNB_5G,-75,0.385024,0,-1,0,73.7231,27
41.5,car_north_peak_004,gNB_4G_1,-35,gNB_4G_2,-81,0.16384,0,-1,0,73.8385,28
41.5,car_north_peak_005,gNB_4G_1,-37,gNB_5G,-66,0.4096,0,-1,0,76.8273,28
41.5,ue_n043_0001,gNB_4G_2,-56,gNB_5G,-67,0.352256,1,20.0399,0,9.68919,28
41.5,ue_n042_0003,gNB_4G_2,-56,gNB_5G,-71,0.344064,0,-1,0,33.7253,28
41.5,ue_n001_0001,gNB_4G_1,-47,gNB_5G,-79,0.589824,0,-1,0,66.645,28
41.5,ue_n001_0002,gNB_4G_1,-45,gNB_5G,-72,0.630784,0,-1,0,60.6597,28
41.5,ue_ujeongwon_0002,gNB_4G_1,-58,gNB_5G,-73,0.8192,0,-1,0,53.5471,28
41.5,ue_ujeongwon_0003,gNB_4G_1,-54,gNB_5G,-76,0.344064,0,-1,0,31.3474,28
41.5,ue_n001_0003,gNB_4G_1,-48,gNB_5G,-76,0.548864,0,-1,0,62.2021,28
41.5,car_north_base_001_rider,gNB_4G_1,-50,gNB_4G_2,-78,0.8192,0,-1,0,64.0913,28
41.5,car_north_base_002_rider,gNB_4G_1,-44,gNB_4G_2,-77,0.8192,0,-1,0,62.8419,28
42.5,ue_n042_0001,gNB_4G_2,-57,gNB_5G,-66,0.278528,0,-1,0,43.4974,28
42.5,car_north_peak_001,gNB_4G_1,-46,gNB_5G,-61,0.098304,0,-1,0,57.5738,28
42.5,car_north_peak_002_rider,gNB_4G_1,-44,gNB_4G_2,-67,0.311296,0,-1,0,66.3404,0
42.5,car_north_peak_003_rider,gNB_4G_1,-38,gNB_4G_2,-84,0.8192,0,-1,0,69.7743,28
42.5,ue_n042_0002,gNB_4G_2,-57,gNB_5G,-66,0.688128,0,-1,0,55.9801,28
42.5,ue_ujeongwon_0001,gNB_4G_1,-41,gNB_5G,-79,0.393216,0,-1,0,63.7022,28
42.5,car_north_peak_004,gNB_4G_1,-39,gNB_4G_2,-81,0.155648,0,-1,0,72.5865,28
42.5,car_north_peak_005,gNB_4G_1,-39,gNB_5G,-64,0.4096,0,-1,0,74.5952,28
42.5,ue_n043_0001,gNB_4G_2,-53,gNB_4G_1,-64,0.360448,1,21.0399,0,52.3074,28
42.5,ue_n042_0003,gNB_4G_2,-56,gNB_5G,-65,0.344064,0,-1,0,40.1489,28
42.5,ue_n001_0001,gNB_4G_1,-42,gNB_5G,-79,0.581632,0,-1,0,68.4692,28
42.5,ue_n001_0002,gNB_4G_1,-44,gNB_5G,-75,0.630784,0,-1,0,68.6654,28
42.5,ue_ujeongwon_0002,gNB_4G_1,-56,gNB_5G,-76,0.8192,0,-1,0,55.6195,28
42.5,ue_ujeongwon_0003,gNB_4G_1,-53,gNB_5G,-72,0.344064,0,-1,0,22.2028,27
42.5,ue_n001_0003,gNB_4G_1,-49,gNB_4G_2,-77,0.540672,0,-1,0,58.7707,28
42.5,car_north_base_001_rider,gNB_4G_1,-47,gNB_4G_2,-76,0.8192,0,-1,0,61.4069,28
42.5,car_north_base_002_rider,gNB_4G_1,-45,gNB_4G_2,-78,0.8192,0,-1,0,64.5997,28
42.5,ue_n043_0002,gNB_4G_2,-60,gNB_4G_1,-69,0.065536,1,0.0399284,0,50.2055,28
43.5,ue_n042_0001,gNB_4G_2,-56,gNB_5G,-70,0.270336,0,-1,0,42.9341,28
43.5,car_north_peak_001,gNB_4G_1,-48,gNB_5G,-57,0.098304,0,-1,0,57.5375,28
43.5,car_north_peak_002_rider,gNB_4G_1,-43,gNB_5G,-66,0.319488,0,-1,0,57.2416,0
43.5,car_north_peak_003_rider,gNB_4G_1,-41,gNB_5G,-86,0.8192,0,-1,0,66.8971,16
43.5,ue_n042_0002,gNB_4G_2,-56,gNB_5G,-68,0.679936,0,-1,0,33.5455,28
43.5,ue_ujeongwon_0001,gNB_4G_1,-36,gNB_5G,-73,0.385024,0,-1,0,56.3502,28
43.5,car_north_peak_004,gNB_4G_1,-39,gNB_4G_2,-83,0.16384,0,-1,0,72.7431,28
43.5,car_north_peak_005,gNB_4G_1,-36,gNB_4G_2,-85,0.4096,0,-1,0,73.7369,28
43.5,ue_n043_0001,gNB_4G_2,-58,gNB_4G_1,-61,0.319488,1,22.0399,0,23.9524,15
43.5,ue_n042_0003,gNB_4G_2,-55,gNB_5G,-68,0.335872,0,-1,0,43.8129,28
43.5,ue_n001_0001,gNB_4G_1,-42,gNB_4G_2,-66,0.581632,0,-1,0,20.7694,25
43.5,ue_n001_0002,gNB_4G_1,-42,gNB_5G,-69,0.630784,0,-1,0,35.2442,28
43.5,ue_ujeongwon_0002,gNB_4G_1,-56,gNB_5G,-79,0.8192,0,-1,0,53.6618,28
43.5,ue_ujeongwon_0003,gNB_4G_1,-53,gNB_4G_2,-78,0.335872,0,-1,0,57.6946,28
43.5,ue_n001_0003,gNB_4G_1,-50,gNB_4G_2,-76,0.548864,0,-1,0,66.9351,28
43.5,car_north_base_001_rider,gNB_4G_1,-49,gNB_5G,-75,0.8192,0,-1,0,62.1307,28
43.5,car_north_base_002_rider,gNB_4G_1,-47,gNB_4G_2,-77,0.8192,0,-1,0,59.8019,28
43.5,ue_n043_0002,gNB_4G_2,-60,gNB_4G_1,-69,0.139264,1,1.03993,0,54.0125,28
44.5,ue_n042_0001,gNB_4G_2,-54,gNB_5G,-70,0.270336,0,-1,0,36.9295,28
44.5,car_north_peak_001,gNB_4G_2,-45,gNB_4G_1,-48,0.090112,1,0.239928,0,13.5014,16
44.5,car_north_peak_002_rider,gNB_4G_1,-46,gNB_5G,-69,0.311296,0,-1,0,50.7203,0
44.5,car_north_peak_003_rider,gNB_4G_1,-42,gNB_5G,-89,0.8192,0,-1,0,69.3027,28
44.5,ue_n042_0002,gNB_4G_2,-55,gNB_5G,-75,0.679936,0,-1,0,42.4531,28
44.5,ue_ujeongwon_0001,gNB_4G_1,-39,gNB_5G,-70,0.393216,0,-1,0,46.853,28
44.5,car_north_peak_004,gNB_4G_1,-39,gNB_4G_2,-67,0.16384,0,-1,0,68.4869,28
44.5,car_north_peak_005,gNB_4G_1,-38,gNB_5G,-83,0.4096,0,-1,0,70.7586,28
44.5,ue_n043_0001,gNB_4G_2,-53,gNB_4G_1,-58,0.360448,1,23.0399,0,55.3498,28
44.5,ue_n042_0003,gNB_4G_2,-55,gNB_5G,-68,0.344064,0,-1,0,43.7628,28
44.5,ue_n001_0001,gNB_4G_1,-46,gNB_4G_2,-67,0.589824,0,-1,0,41.4411,28
44.5,ue_n001_0002,gNB_4G_1,-44,gNB_5G,-69,0.630784,0,-1,0,69.484,28
44.5,ue_ujeongwon_0002,gNB_4G_1,-56,gNB_5G,-74,0.8192,0,-1,0,56.6482,28
44.5,ue_ujeongwon_0003,gNB_4G_1,-53,gNB_4G_2,-81,0.344064,0,-1,0,33.9748,27
44.5,ue_n001_0003,gNB_4G_1,-47,gNB_4G_2,-77,0.548864,0,-1,0,65.4528,28
44.5,car_north_base_001_rider,gNB_4G_1,-50,gNB_5G,-77,0.8192,0,-1,0,65.1541,28
44.5,car_north_base_002_rider,gNB_4G_1,-48,gNB_4G_2,-76,0.8192,0,-1,0,64.0768,28
44.5,ue_n043_0002,gNB_4G_2,-57,gNB_4G_1,-67,0.147456,1,2.03993,0,50.2244,28
45.5,ue_n042_0001,gNB_4G_2,-54,gNB_5G,-70,0.278528,0,-1,0,42.9491,28
45.5,car_north_peak_001,gNB_4G_2,-47,gNB_4G_1,-49,0.090112,1,1.23993,0,63.0248,28
45.5,car_north_peak_002_rider,gNB_4G_1,-46,gNB_5G,-64,0.319488,0,-1,0,63.0569,0
45.5,car_north_peak_003_rider,gNB_4G_1,-41,gNB_4G_2,-71,0.8192,0,-1,0,66.9624,28
45.5,ue_n042_0002,gNB_4G_2,-57,gNB_5G,-66,0.688128,0,-1,0,41.1289,28
45.5,ue_ujeongwon_0001,gNB_4G_1,-41,gNB_5G,-75,0.393216,0,-1,0,74.383,27
45.5,car_north_peak_004,gNB_4G_1,-41,gNB_5G,-85,0.155648,0,-1,0,66.4302,12
45.5,car_north_peak_005,gNB_4G_1,-37,gNB_4G_2,-81,0.4096,0,-1,0,71.6824,28
45.5,ue_n043_0001,gNB_4G_2,-55,gNB_5G,-63,0.360448,1,24.0399,0,53.0433,23
45.5,ue_n042_0003,gNB_4G_2,-55,gNB_5G,-71,0.344064,0,-1,0,32.5464,28
45.5,ue_n001_0001,gNB_4G_1,-43,gNB_5G,-74,0.589824,0,-1,0,46.8537,28
45.5,ue_n001_0002,gNB_4G_1,-44,gNB_5G,-69,0.630784,0,-1,0,67.9262,28
45.5,ue_ujeongwon_0002,gNB_4G_1,-56,gNB_5G,-74,0.8192,0,-1,0,55.3123,28
45.5,ue_ujeongwon_0003,gNB_4G_1,-53,gNB_4G_2,-78,0.335872,0,-1,0,20.627,26
45.5,ue_n001_0003,gNB_4G_1,-48,gNB_4G_2,-75,0.540672,0,-1,0,35.9599,28
45.5,car_north_base_001_rider,gNB_4G_1,-45,gNB_4G_2,-68,0.8192,0,-1,0,25.0357,25
45.5,car_north_base_002_rider,gNB_4G_1,-47,gNB_4G_2,-76,0.8192,0,-1,0,33.0634,28
45.5,ue_n043_0002,gNB_4G_2,-60,gNB_5G,-70,0.139264,1,3.03993,0,7.93095,28
46.5,ue_n042_0001,gNB_4G_2,-57,gNB_5G,-69,0.270336,0,-1,0,43.4942,28
46.5,car_north_peak_001,gNB_4G_2,-45,gNB_5G,-58,0.098304,1,2.23993,0,66.9619,28
46.5,car_north_peak_002_rider,gNB_4G_1,-46,gNB_5G,-62,0.311296,0,-1,0,32.0975,0
46.5,car_north_peak_003_rider,gNB_4G_1,-43,gNB_4G_2,-70,0.8192,0,-1,0,67.1901,28
46.5,ue_n042_0002,gNB_4G_2,-54,gNB_5G,-64,0.679936,0,-1,0,59.0471,28
46.5,ue_ujeongwon_0001,gNB_4G_1,-39,gNB_5G,-81,0.385024,0,-1,0,69.4583,28
46.5,car_north_peak_004,gNB_4G_1,-40,gNB_5G,-85,0.16384,0,-1,0,70.5725,28
46.5,car_north_peak_005,gNB_4G_1,-37,gNB_4G_2,-80,0.4096,0,-1,0,65.1233,28
46.5,ue_n043_0001,gNB_4G_2,-54,gNB_5G,-64,0.352256,1,25.0399,0,58.318,28
46.5,ue_n042_0003,gNB_4G_2,-58,gNB_5G,-74,0.335872,0,-1,0,36.1354,28
46.5,ue_n001_0001,gNB_4G_1,-45,gNB_5G,-72,0.581632,0,-1,0,67.6384,28
46.5,ue_n001_0002,gNB_4G_1,-45,gNB_5G,-72,0.630784,0,-1,0,60.5888,28
46.5,ue_ujeongwon_0002,gNB_4G_1,-54,gNB_5G,-66,0.8192,0,-1,0,58.8609,28
46.5,ue_ujeongwon_0003,gNB_4G_1,-54,gNB_4G_2,-75,0.344064,0,-1,0,56.4035,28
46.5,ue_n001_0003,gNB_4G_1,-47,gNB_4G_2,-75,0.548864,0,-1,0,59.036,28
46.5,car_north_base_001_rider,gNB_4G_1,-44,gNB_4G_2,-63,0.8192,0,-1,0,68.3005,28
46.5,car_north_base_002_rider,gNB_4G_1,-46,gNB_4G_2,-77,0.8192,0,-1,0,59.6249,28
46.5,ue_n043_0002,gNB_4G_2,-56,gNB_4G_1,-58,0.114688,1,4.03993,0,51.5114,28
47.5,ue_n042_0001,gNB_4G_2,-54,gNB_5G,-77,0.270336,0,-1,0,36.0935,28
47.5,car_north_peak_001,gNB_4G_2,-45,gNB_4G_1,-58,0.098304,1,3.23993,0,65.8138,28
47.5,car_north_peak_002_rider,gNB_4G_1,-47,gNB_5G,-66,0.311296,0,-1,0,61.2873,0
47.5,car_north_peak_003_rider,gNB_4G_1,-43,gNB_4G_2,-69,0.8192,0,-1,0,65.4844,13
47.5,ue_n042_0002,gNB_4G_2,-54,gNB_5G,-65,0.679936,0,-1,0,37.2123,28
47.5,ue_ujeongwon_0001,gNB_4G_1,-36,gNB_5G,-79,0.393216,0,-1,0,52.4072,28
47.5,car_north_peak_004,gNB_4G_1,-41,gNB_5G,-89,0.16384,0,-1,0,69.3198,28
47.5,car_north_peak_005,gNB_4G_1,-55,gNB_4G_2,-85,0.4096,0,-1,0,63.9555,28
47.5,ue_n043_0001,gNB_4G_2,-54,gNB_5G,-63,0.352256,1,26.0399,0,11.7348,28
47.5,ue_n042_0003,gNB_4G_2,-56,gNB_5G,-70,0.344064,0,-1,0,37.6649,28
47.5,ue_n001_0001,gNB_4G_1,-53,gNB_5G,-78,0.581632,0,-1,0,67.2957,28
47.5,ue_n001_0002,gNB_4G_1,-49,gNB_5G,-70,0.630784,0,-1,0,35.5395,28
47.5,ue_ujeongwon_0002,gNB_4G_1,-52,gNB_5G,-71,0.8192,0,-1,0,59.1823,28
47.5,ue_ujeongwon_0003,gNB_4G_1,-54,gNB_4G_2,-75,0.344064,0,-1,0,33.0311,28
47.5,ue_n001_0003,gNB_4G_1,-45,gNB_4G_2,-71,0.548864,0,-1,0,63.4615,28
47.5,car_north_base_001_rider,gNB_4G_1,-44,gNB_4G_2,-65,0.8192,0,-1,0,71.2807,28
47.5,car_north_base_002_rider,gNB_4G_1,-42,gNB_5G,-73,0.8192,0,-1,0,65.3969,28
47.5,ue_n043_0002,gNB_4G_2,-58,gNB_4G_1,-60,0.155648,1,5.03993,0,52.8759,28
48.5,ue_n042_0001,gNB_4G_2,-56,gNB_5G,-65,0.278528,0,-1,0,44.0185,28
48.5,car_north_peak_001,gNB_4G_2,-43,gNB_4G_1,-52,0.098304,1,4.23993,0,19.579,28
48.5,car_north_peak_002_rider,gNB_4G_1,-48,gNB_5G,-62,0.319488,0,-1,0,58.8284,0
48.5,car_north_peak_003_rider,gNB_4G_1,-43,gNB_4G_2,-67,0.8192,0,-1,0,66.328,28
48.5,ue_n042_0002,gNB_4G_2,-54,gNB_5G,-70,0.688128,0,-1,0,54.6704,28
48.5,ue_ujeongwon_0001,gNB_4G_1,-57,gNB_5G,-74,0.393216,0,-1,0,52.197,28
48.5,car_north_peak_004,gNB_4G_1,-40,gNB_4G_2,-74,0.155648,0,-1,0,64.6159,16
48.5,car_north_peak_005,gNB_4G_1,-43,gNB_5G,-87,0.4096,0,-1,0,64.1317,28
48.5,ue_n043_0001,gNB_4G_2,-58,gNB_5G,-63,0.360448,1,27.0399,0,34.3996,28
48.5,ue_n042_0003,gNB_4G_2,-55,gNB_5G,-71,0.344064,0,-1,0,43.2445,28
48.5,ue_n001_0001,gNB_4G_1,-42,gNB_4G_2,-80,0.589824,0,-1,0,71.6103,28
48.5,ue_n001_0002,gNB_4G_1,-48,gNB_5G,-68,0.622592,0,-1,0,43.8141,28
48.5,ue_ujeongwon_0002,gNB_4G_1,-53,gNB_4G_2,-89,0.8192,0,-1,0,59.4578,28
48.5,ue_ujeongwon_0003,gNB_4G_1,-51,gNB_4G_2,-74,0.335872,0,-1,0,17.661,22
48.5,ue_n001_0003,gNB_4G_1,-45,gNB_4G_2,-71,0.540672,0,-1,0,63.5227,28
48.5,car_north_base_001_rider,gNB_4G_1,-47,gNB_4G_2,-63,0.8192,0,-1,0,67.1922,28
48.5,car_north_base_002_rider,gNB_4G_1,-43,gNB_4G_2,-69,0.8192,0,-1,0,66.6923,28
48.5,ue_n043_0002,gNB_4G_2,-58,gNB_4G_1,-58,0.139264,1,6.03993,0,18.3378,28
48.5,ue_n001_0004,gNB_4G_1,-41,gNB_4G_2,-81,0.303104,0,-1,0,69.34,28
49.5,ue_n042_0001,gNB_4G_2,-54,gNB_5G,-68,0.270336,0,-1,0,40.708,28
49.5,car_north_peak_001,gNB_4G_2,-43,gNB_4G_1,-52,0.098304,1,5.23993,0,62.1765,28
49.5,car_north_peak_002_rider,gNB_4G_1,-49,gNB_5G,-58,0.311296,0,-1,0,56.5188,0
49.5,car_north_peak_003_rider,gNB_4G_1,-44,gNB_5G,-65,0.8192,0,-1,0,57.2433,28
49.5,ue_n042_0002,gNB_4G_2,-58,gNB_5G,-69,0.679936,0,-1,0,52.1758,28
49.5,ue_ujeongwon_0001,gNB_4G_1,-59,gNB_5G,-77,0.385024,0,-1,0,69.7459,28
49.5,car_north_peak_004,gNB_4G_1,-43,gNB_4G_2,-68,0.16384,0,-1,0,68.2761,28
49.5,car_north_peak_005,gNB_4G_1,-44,gNB_5G,-90,0.4096,0,-1,0,64.4259,28
49.5,ue_n043_0001,gNB_4G_2,-53,gNB_5G,-61,0.352256,1,28.0399,0,54.5177,28
49.5,ue_n042_0003,gNB_4G_2,-53,gNB_5G,-71,0.335872,0,-1,0,42.8396,28
49.5,ue_n001_0001,gNB_4G_1,-47,gNB_5G,-76,0.581632,0,-1,0,34.7172,28
49.5,ue_n001_0002,gNB_4G_1,-47,gNB_5G,-68,0.630784,0,-1,0,59.1825,28
49.5,ue_ujeongwon_0002,gNB_4G_1,-52,gNB_4G_2,-87,0.8192,0,-1,0,59.3858,28
49.5,ue_ujeongwon_0003,gNB_4G_1,-53,gNB_4G_2,-73,0.344064,0,-1,0,62.8762,28
49.5,ue_n001_0003,gNB_4G_1,-46,gNB_4G_2,-69,0.548864,0,-1,0,65.977,28
49.5,car_north_base_001_rider,gNB_4G_1,-47,gNB_4G_2,-63,0.8192,0,-1,0,70.1565,28
49.5,car_north_base_002_rider,gNB_4G_1,-41,gNB_4G_2,-62,0.8192,0,-1,0,63.1955,28
49.5,ue_n043_0002,gNB_4G_2,-56,gNB_4G_1,-64,0.147456,1,7.03993,0,53.3154,28
49.5,ue_n001_0004,gNB_4G_1,-41,gNB_4G_2,-80,0.630784,0,-1,0,39.6349,28
49.5,ue_n043_0003,gNB_4G_2,-66,gNB_5G,-71,0.196608,1,0.0399284,0,44.2273,28
50.5,ue_n042_0001,gNB_4G_2,-55,gNB_5G,-60,0.270336,0,-1,0,41.3001,28
50.5,car_north_peak_001,gNB_4G_2,-42,gNB_4G_1,-50,0.090112,1,6.23993,0,19.3866,28
50.5,car_north_peak_002_rider,gNB_4G_1,-49,gNB_4G_2,-53,0.319488,0,-1,0,57.9773,0
50.5,car_north_peak_003_rider,gNB_4G_1,-46,gNB_5G,-69,0.8192,0,-1,0,50.7406,28
50.5,ue_n042_0002,gNB_4G_2,-57,gNB_5G,-65,0.679936,0,-1,0,37.9424,28
50.5,ue_ujeongwon_0001,gNB_4G_1,-40,gNB_4G_2,-77,0.393216,0,-1,0,73.4219,28
50.5,car_north_peak_004,gNB_4G_1,-41,gNB_4G_2,-66,0.155648,0,-1,0,60.538,28
50.5,car_north_peak_005,gNB_4G_1,-41,gNB_4G_2,-70,0.4096,0,-1,0,71.4492,28
50.5,ue_n043_0001,gNB_4G_2,-52,gNB_5G,-59,0.360448,1,29.0399,0,36.5117,28
50.5,ue_n042_0003,gNB_4G_2,-53,gNB_5G,-68,0.344064,0,-1,0,45.4502,28
50.5,ue_n001_0001,gNB_4G_1,-44,gNB_4G_2,-67,0.589824,0,-1,0,28.122,15
50.5,ue_n001_0002,gNB_4G_1,-48,gNB_5G,-71,0.630784,0,-1,0,36.6755,28
50.5,ue_ujeongwon_0002,gNB_4G_1,-52,gNB_4G_2,-92,0.8192,0,-1,0,60.079,28
50.5,ue_ujeongwon_0003,gNB_4G_1,-49,gNB_4G_2,-74,0.344064,0,-1,0,49.0076,28
50.5,ue_n001_0003,gNB_4G_1,-46,gNB_4G_2,-72,0.548864,0,-1,0,65.2478,28
50.5,car_north_base_001_rider,gNB_4G_1,-40,gNB_4G_2,-65,0.8192,0,-1,0,73.6734,28
50.5,car_north_base_002_rider,gNB_4G_1,-42,gNB_4G_2,-62,0.8192,0,-1,0,65.4838,28
50.5,ue_n043_0002,gNB_4G_2,-57,gNB_4G_1,-64,0.139264,1,8.03993,0,52.2474,28
50.5,ue_n001_0004,gNB_4G_1,-43,gNB_4G_2,-79,0.630784,0,-1,0,59.6398,28
50.5,ue_n043_0003,gNB_4G_2,-64,gNB_5G,-70,0.45056,1,1.03993,0,12.9218,20
51.5,ue_n042_0001,gNB_4G_2,-54,gNB_5G,-66,0.278528,0,-1,0,45.1256,28
51.5,car_north_peak_001,gNB_4G_2,-43,gNB_4G_1,-49,0.098304,1,7.23993,0,16.5355,28
51.5,car_north_peak_002_rider,gNB_4G_2,-44,gNB_4G_1,-50,0.311296,1,0.639928,0,67.8598,28
51.5,car_north_peak_003_rider,gNB_4G_1,-46,gNB_5G,-63,0.8192,0,-1,0,63.1802,28
51.5,ue_n042_0002,gNB_4G_2,-57,gNB_5G,-65,0.688128,0,-1,0,55.4531,28
51.5,ue_ujeongwon_0001,gNB_4G_1,-40,gNB_4G_2,-68,0.385024,0,-1,0,70.4673,28
51.5,car_north_peak_004,gNB_4G_1,-51,gNB_5G,-67,0.16384,0,-1,0,55.7004,28
51.5,car_north_peak_005,gNB_4G_1,-42,gNB_4G_2,-66,0.4096,0,-1,0,62.1115,28
51.5,ue_n043_0001,gNB_4G_2,-54,gNB_5G,-60,0.352256,1,30.0399,0,56.612,28
51.5,ue_n042_0003,gNB_4G_2,-52,gNB_5G,-70,0.344064,0,-1,0,49.5484,28
51.5,ue_n001_0001,gNB_4G_1,-55,gNB_4G_2,-67,0.581632,0,-1,0,64.8695,28
51.5,ue_n001_0002,gNB_4G_1,-47,gNB_5G,-71,0.630784,0,-1,0,63.3457,28
51.5,ue_ujeongwon_0002,gNB_4G_1,-51,gNB_5G,-86,0.8192,0,-1,0,57.6017,28
51.5,ue_ujeongwon_0003,gNB_4G_1,-50,gNB_5G,-83,0.344064,0,-1,0,44.6985,28
51.5,ue_n001_0003,gNB_4G_1,-47,gNB_4G_2,-69,0.540672,0,-1,0,66.9254,28
51.5,car_north_base_001_rider,gNB_4G_1,-41,gNB_5G,-75,0.8192,0,-1,0,76.2901,28
51.5,car_north_base_002_rider,gNB_4G_1,-42,gNB_4G_2,-62,0.8192,0,-1,0,70.6113,28
51.5,ue_n043_0002,gNB_4G_2,-58,gNB_4G_1,-64,0.139264,1,9.03993,0,50.0755,28
51.5,ue_n001_0004,gNB_4G_1,-45,gNB_4G_2,-80,0.622592,0,-1,0,44.0063,28
51.5,ue_n043_0003,gNB_4G_2,-60,gNB_4G_1,-68,0.458752,1,2.03993,0,50.4006,28
52.5,ue_n042_0001,gNB_4G_2,-51,gNB_5G,-68,0.270336,0,-1,0,42.8627,28
52.5,car_north_peak_001,gNB_4G_2,-44,gNB_4G_1,-52,0.098304,1,8.23993,0,12.3809,28
52.5,car_north_peak_002_rider,gNB_4G_2,-43,gNB_5G,-61,0.319488,1,1.63993,0,69.1984,28
52.5,car_north_peak_003_rider,gNB_4G_1,-46,gNB_5G,-66,0.8192,0,-1,0,58.7885,28
52.5,ue_n042_0002,gNB_4G_2,-55,gNB_5G,-68,0.679936,0,-1,0,56.417,28
52.5,ue_ujeongwon_0001,gNB_4G_1,-38,gNB_5G,-82,0.393216,0,-1,0,71.2283,28
52.5,car_north_peak_004,gNB_4G_1,-43,gNB_5G,-64,0.16384,0,-1,0,63.3836,28
52.5,car_north_peak_005,gNB_4G_1,-42,gNB_4G_2,-79,0.4096,0,-1,0,64.0571,28
52.5,ue_n043_0001,gNB_4G_2,-54,gNB_5G,-57,0.360448,1,31.0399,0,57.7698,28
52.5,ue_n042_0003,gNB_4G_2,-51,gNB_5G,-67,0.335872,0,-1,0,40.6381,28
52.5,ue_n001_0001,gNB_4G_1,-44,gNB_4G_2,-67,0.589824,0,-1,0,68.8173,28
52.5,ue_n001_0002,gNB_4G_1,-46,gNB_5G,-71,0.630784,0,-1,0,58.0827,28
52.5,ue_ujeongwon_0002,gNB_4G_1,-53,gNB_4G_2,-89,0.8192,0,-1,0,61.5241,28
52.5,ue_ujeongwon_0003,gNB_4G_1,-51,gNB_4G_2,-89,0.335872,0,-1,0,62.7722,28
52.5,ue_n001_0003,gNB_4G_1,-45,gNB_4G_2,-68,0.548864,0,-1,0,63.1447,28
52.5,car_north_base_001_rider,gNB_4G_1,-43,gNB_5G,-78,0.8192,0,-1,0,76.1861,28
52.5,car_north_base_002_rider,gNB_4G_1,-44,gNB_4G_2,-62,0.8192,0,-1,0,71.9242,28
52.5,ue_n043_0002,gNB_4G_2,-60,gNB_4G_1,-65,0.139264,1,10.0399,0,22.6426,28
52.5,ue_n001_0004,gNB_4G_1,-46,gNB_5G,-79,0.630784,0,-1,0,59.0885,28
52.5,ue_n043_0003,gNB_4G_2,-60,gNB_4G_1,-69,0.458752,1,3.03993,0,55.9268,28
53.5,ue_n042_0001,gNB_4G_2,-52,gNB_5G,-67,0.270336,0,-1,0,44.9201,28
53.5,car_north_peak_001,gNB_4G_2,-47,gNB_4G_1,-51,0.098304,1,9.23993,0,18.5382,28
53.5,car_north_peak_002_rider,gNB_4G_2,-42,gNB_4G_1,-49,0.311296,1,2.63993,0,65.8849,28
53.5,car_north_peak_003_rider,gNB_4G_1,-47,gNB_5G,-60,0.8192,0,-1,0,59.298,28
53.5,ue_n042_0002,gNB_4G_2,-57,gNB_5G,-65,0.679936,0,-1,0,56.9012,28
53.5,ue_ujeongwon_0001,gNB_4G_1,-35,gNB_4G_2,-77,0.393216,0,-1,0,72.6753,28
53.5,car_north_peak_004,gNB_4G_1,-45,gNB_5G,-65,0.155648,0,-1,0,63.3055,28
53.5,car_north_peak_005,gNB_4G_1,-43,gNB_5G,-63,0.4096,0,-1,0,64.4732,19
53.5,ue_n043_0001,gNB_4G_2,-53,gNB_5G,-56,0.352256,1,32.0399,0,11.8741,28
53.5,ue_n042_0003,gNB_4G_2,-52,gNB_5G,-73,0.344064,0,-1,0,44.7245,28
53.5,ue_n001_0001,gNB_4G_1,-48,gNB_4G_2,-68,0.581632,0,-1,0,60.6241,28
53.5,ue_n001_0002,gNB_4G_1,-49,gNB_5G,-71,0.630784,0,-1,0,65.0653,28
53.5,ue_ujeongwon_0002,gNB_4G_1,-50,gNB_4G_2,-81,0.8192,0,-1,0,58.0437,28
53.5,ue_ujeongwon_0003,gNB_4G_1,-48,gNB_4G_2,-90,0.344064,0,-1,0,45.059,28
53.5,ue_n001_0003,gNB_4G_1,-45,gNB_4G_2,-70,0.540672,0,-1,0,16.3173,19
53.5,car_north_base_001_rider,gNB_4G_1,-45,gNB_5G,-80,0.8192,0,-1,0,53.4538,28
53.5,car_north_base_002_rider,gNB_4G_1,-44,gNB_4G_2,-65,0.8192,0,-1,0,56.0983,28
53.5,ue_n043_0002,gNB_4G_2,-58,gNB_5G,-74,0.147456,1,11.0399,0,55.1422,28
53.5,ue_n001_0004,gNB_4G_1,-43,gNB_5G,-80,0.630784,0,-1,0,41.0998,28
53.5,ue_n043_0003,gNB_4G_2,-56,gNB_4G_1,-63,0.45056,1,4.03993,0,55.634,28
54.5,ue_n042_0001,gNB_4G_2,-52,gNB_5G,-65,0.278528,0,-1,0,47.0428,28
54.5,car_north_peak_001,gNB_4G_2,-46,gNB_4G_1,-49,0.090112,1,10.2399,0,10.4406,28
54.5,car_north_peak_002_rider,gNB_4G_2,-45,gNB_4G_1,-51,0.319488,1,3.63993,0,69.8769,28
54.5,car_north_peak_003_rider,gNB_4G_1,-48,gNB_5G,-67,0.8192,0,-1,0,56.1613,28
54.5,ue_n042_0002,gNB_4G_2,-54,gNB_5G,-66,0.688128,0,-1,0,55.9599,28
54.5,ue_ujeongwon_0001,gNB_4G_1,-37,gNB_4G_2,-69,0.385024,0,-1,0,74.5533,28
54.5,car_north_peak_004,gNB_4G_1,-45,gNB_5G,-61,0.16384,0,-1,0,64.9024,28
54.5,car_north_peak_005,gNB_4G_1,-42,gNB_5G,-60,0.4096,0,-1,0,64.2802,28
54.5,ue_n043_0001,gNB_4G_2,-53,gNB_5G,-56,0.360448,1,33.0399,0,54.2293,28
54.5,ue_n042_0003,gNB_4G_2,-52,gNB_5G,-69,0.344064,0,-1,0,38.3575,28
54.5,ue_n001_0001,gNB_4G_1,-42,gNB_4G_2,-62,0.581632,0,-1,0,40.1628,28
54.5,ue_n001_0002,gNB_4G_1,-45,gNB_5G,-69,0.630784,0,-1,0,65.4042,28
54.5,ue_ujeongwon_0002,gNB_4G_1,-45,gNB_4G_2,-78,0.8192,0,-1,0,66.852,28
54.5,ue_ujeongwon_0003,gNB_4G_1,-47,gNB_4G_2,-89,0.344064,0,-1,0,53.626,28
54.5,ue_n001_0003,gNB_4G_1,-50,gNB_4G_2,-66,0.548864,0,-1,0,62.474,28
54.5,car_north_base_001_rider,gNB_4G_1,-39,gNB_4G_2,-83,0.8192,0,-1,0,76.2008,28
54.5,car_north_base_002_rider,gNB_4G_1,-43,gNB_4G_2,-78,0.8192,0,-1,0,63.7834,28
54.5,ue_n043_0002,gNB_4G_2,-56,gNB_5G,-75,0.139264,1,12.0399,0,49.7243,21
54.5,ue_n001_0004,gNB_4G_1,-44,gNB_4G_2,-80,0.630784,0,-1,0,64.0014,28
54.5,ue_n043_0003,gNB_4G_2,-55,gNB_4G_1,-60,0.458752,1,5.03993,0,56.134,19
55.5,ue_n042_0001,gNB_4G_2,-51,gNB_5G,-70,0.270336,0,-1,0,48.933,28
55.5,car_north_peak_001,gNB_4G_2,-43,gNB_4G_1,-53,0.098304,1,11.2399,0,64.1403,22
55.5,car_north_peak_002_rider,gNB_4G_2,-41,gNB_4G_1,-51,0.311296,1,4.63993,0,63.6636,28
55.5,car_north_peak_003_rider,gNB_4G_1,-49,gNB_4G_2,-53,0.786432,0,-1,0,-7.36943,0
55.5,ue_n042_0002,gNB_4G_2,-51,gNB_5G,-68,0.679936,0,-1,0,42.8582,28
55.5,ue_ujeongwon_0001,gNB_4G_1,-38,gNB_4G_2,-73,0.393216,0,-1,0,70.6935,28
55.5,car_north_peak_004,gNB_4G_1,-45,gNB_5G,-63,0.155648,0,-1,0,60.5966,27
55.5,car_north_peak_005,gNB_4G_1,-44,gNB_5G,-63,0.4096,0,-1,0,19.5783,22
55.5,ue_n043_0001,gNB_4G_2,-55,gNB_5G,-54,0.352256,1,34.0399,0,59.2443,28
55.5,ue_n042_0003,gNB_4G_2,-57,gNB_5G,-65,0.335872,0,-1,0,49.0727,28
55.5,ue_n001_0001,gNB_4G_1,-43,gNB_4G_2,-63,0.589824,0,-1,0,70.529,28
55.5,ue_n001_0002,gNB_4G_1,-43,gNB_5G,-69,0.630784,0,-1,0,64.028,26
55.5,ue_ujeongwon_0002,gNB_4G_1,-47,gNB_4G_2,-76,0.8192,0,-1,0,68.6947,28
55.5,ue_ujeongwon_0003,gNB_4G_1,-44,gNB_4G_2,-88,0.335872,0,-1,0,46.7847,28
55.5,ue_n001_0003,gNB_4G_1,-44,gNB_4G_2,-76,0.548864,0,-1,0,59.7856,28
55.5,car_north_base_001_rider,gNB_4G_1,-37,gNB_4G_2,-83,0.8192,0,-1,0,72.7729,28
55.5,car_north_base_002_rider,gNB_4G_1,-39,gNB_5G,-78,0.8192,0,-1,0,72.7918,28
55.5,ue_n043_0002,gNB_4G_2,-60,gNB_5G,-74,0.139264,1,13.0399,0,33.0352,28
55.5,ue_n001_0004,gNB_4G_1,-46,gNB_5G,-79,0.630784,0,-1,0,67.8567,28
55.5,ue_n043_0003,gNB_4G_2,-55,gNB_4G_1,-58,0.45056,1,6.03993,0,57.4764,28
55.5,car_north_base_003,gNB_4G_1,-44,gNB_4G_2,-79,0.253952,0,-1,0,63.0398,28
56.5,ue_n042_0001,gNB_4G_2,-49,gNB_5G,-67,0.270336,0,-1,0,47.7814,28
56.5,car_north_peak_001,gNB_4G_2,-46,gNB_4G_1,-50,0.098304,1,12.2399,0,68.4073,22
56.5,car_north_peak_002_rider,gNB_4G_2,-42,gNB_4G_1,-50,0.319488,1,5.63993,0,64.7288,28
56.5,car_north_peak_003_rider,gNB_4G_2,-45,gNB_4G_1,-49,0.827392,1,0.439928,0,65.0803,28
56.5,ue_n042_0002,gNB_4G_2,-52,gNB_5G,-67,0.679936,0,-1,0,58.5444,28
56.5,ue_ujeongwon_0001,gNB_4G_1,-39,gNB_4G_2,-70,0.385024,0,-1,0,46.2623,28
56.5,car_north_peak_004,gNB_4G_1,-45,gNB_5G,-63,0.16384,0,-1,0,58.3879,28
56.5,car_north_peak_005,gNB_4G_1,-46,gNB_5G,-60,0.4096,0,-1,0,62.5645,28
56.5,ue_n043_0001,gNB_4G_2,-52,gNB_5G,-50,0.360448,1,35.0399,0,58.1034,28
56.5,ue_n042_0003,gNB_4G_2,-54,gNB_5G,-66,0.344064,0,-1,0,54.6834,28
56.5,ue_n001_0001,gNB_4G_1,-43,gNB_5G,-65,0.581632,0,-1,0,69.9465,28
56.5,ue_n001_0002,gNB_4G_1,-44,gNB_5G,-70,0.630784,0,-1,0,59.5417,27
56.5,ue_ujeongwon_0002,gNB_4G_1,-44,gNB_4G_2,-78,0.8192,0,-1,0,51.5524,28
56.5,ue_ujeongwon_0003,gNB_4G_1,-45,gNB_4G_2,-90,0.344064,0,-1,0,50.7304,28
56.5,ue_n001_0003,gNB_4G_1,-47,gNB_4G_2,-69,0.548864,0,-1,0,64.9217,28
56.5,car_north_base_001_rider,gNB_4G_1,-37,gNB_4G_2,-83,0.8192,0,-1,0,50.648,28
56.5,car_north_base_002_rider,gNB_4G_1,-40,gNB_5G,-78,0.8192,0,-1,0,53.9223,28
56.5,ue_n043_0002,gNB_4G_2,-57,gNB_5G,-75,0.139264,1,14.0399,0,55.1599,20
56.5,ue_n001_0004,gNB_4G_1,-46,gNB_5G,-77,0.630784,0,-1,0,40.6406,28
56.5,ue_n043_0003,gNB_4G_2,-54,gNB_4G_1,-64,0.458752,1,7.03993,0,55.621,28
56.5,car_north_base_003,gNB_4G_1,-44,gNB_4G_2,-77,0.581632,0,-1,0,66.7938,28
56.5,ue_n042_0004,gNB_4G_2,-69,gNB_5G,-70,0.385024,0,-1,0,42.0356,28
57.5,ue_n042_0001,gNB_4G_2,-49,gNB_5G,-67,0.278528,0,-1,0,50.0035,28
57.5,car_north_peak_001,gNB_4G_2,-43,gNB_4G_1,-49,0.098304,1,13.2399,0,23.9438,28
57.5,car_north_peak_002_rider,gNB_4G_2,-46,gNB_4G_1,-49,0.311296,1,6.63993,0,67.03,28
57.5,car_north_peak_003_rider,gNB_4G_2,-46,gNB_4G_1,-49,0.8192,1,1.43993,0,63.0248,28
57.5,ue_n042_0002,gNB_4G_2,-52,gNB_5G,-65,0.688128,0,-1,0,60.0307,28
57.5,ue_ujeongwon_0001,gNB_4G_1,-40,gNB_5G,-75,0.393216,0,-1,0,49.7079,28
57.5,car_north_peak_004,gNB_4G_1,-50,gNB_5G,-57,0.16384,0,-1,0,55.5677,28
57.5,car_north_peak_005,gNB_4G_1,-46,gNB_5G,-62,0.4096,0,-1,0,66.8852,27
57.5,ue_n043_0001,gNB_5G,-45,gNB_4G_2,-53,0.352256,2,0.639928,0,65.9532,28
57.5,ue_n042_0003,gNB_4G_2,-54,gNB_5G,-70,0.344064,0,-1,0,57.1326,28
57.5,ue_n001_0001,gNB_4G_1,-44,gNB_4G_2,-63,0.589824,0,-1,0,70.9608,25
57.5,ue_n001_0002,gNB_4G_1,-42,gNB_5G,-75,0.630784,0,-1,0,60.1443,28
57.5,ue_ujeongwon_0002,gNB_4G_1,-42,gNB_4G_2,-85,0.8192,0,-1,0,45.374,28
57.5,ue_ujeongwon_0003,gNB_4G_1,-43,gNB_4G_2,-89,0.344064,0,-1,0,48.9725,14
57.5,ue_n001_0003,gNB_4G_1,-45,gNB_4G_2,-66,0.540672,0,-1,0,28.3062,27
57.5,car_north_base_001_rider,gNB_4G_1,-36,gNB_5G,-82,0.8192,0,-1,0,55.8158,28
57.5,car_north_base_002_rider,gNB_4G_1,-39,gNB_5G,-76,0.8192,0,-1,0,52.9811,28
57.5,ue_n043_0002,gNB_4G_2,-56,gNB_4G_1,-71,0.147456,1,15.0399,0,56.4274,28
57.5,ue_n001_0004,gNB_4G_1,-44,gNB_5G,-75,0.630784,0,-1,0,39.4529,28
57.5,ue_n043_0003,gNB_4G_2,-55,gNB_4G_1,-65,0.45056,1,8.03993,0,23.3245,20
57.5,car_north_base_003,gNB_4G_1,-46,gNB_4G_2,-79,0.589824,0,-1,0,63.0254,28
57.5,ue_n042_0004,gNB_4G_2,-68,gNB_5G,-70,0.8192,0,-1,0,26.8966,28
58.5,ue_n042_0001,gNB_4G_2,-50,gNB_5G,-61,0.270336,0,-1,0,51.2876,28
58.5,car_north_peak_001,gNB_4G_2,-44,gNB_4G_1,-51,0.090112,1,14.2399,0,22.7398,28
58.5,car_north_peak_002_rider,gNB_4G_2,-44,gNB_4G_1,-49,0.319488,1,7.63993,0,65.8407,28
58.5,car_north_peak_003_rider,gNB_4G_2,-46,gNB_4G_1,-51,0.8192,1,2.43993,0,44.2384,28
58.5,ue_n042_0002,gNB_4G_2,-50,gNB_5G,-70,0.679936,0,-1,0,46.6153,28
58.5,ue_ujeongwon_0001,gNB_4G_1,-40,gNB_5G,-78,0.393216,0,-1,0,45.0048,28
58.5,car_north_peak_004,gNB_4G_2,-45,gNB_4G_1,-50,0.147456,1,0.439928,0,15.8712,28
58.5,car_north_peak_005,gNB_4G_1,-48,gNB_5G,-66,0.4096,0,-1,0,66.1383,28
58.5,ue_n043_0001,gNB_5G,-45,gNB_4G_2,-55,0.360448,2,1.63993,0,65.3621,28
58.5,ue_n042_0003,gNB_4G_2,-54,gNB_5G,-70,0.335872,0,-1,0,42.7693,28
58.5,ue_n001_0001,gNB_4G_1,-42,gNB_5G,-64,0.581632,0,-1,0,68.9508,21
58.5,ue_n001_0002,gNB_4G_1,-49,gNB_5G,-76,0.630784,0,-1,0,63.6979,28
58.5,ue_ujeongwon_0002,gNB_4G_1,-46,gNB_4G_2,-89,0.8192,0,-1,0,67.979,28
58.5,ue_ujeongwon_0003,gNB_4G_1,-45,gNB_4G_2,-89,0.335872,0,-1,0,50.4711,28
58.5,ue_n001_0003,gNB_4G_1,-44,gNB_4G_2,-66,0.548864,0,-1,0,61.1594,28
58.5,car_north_base_001_rider,gNB_4G_1,-40,gNB_5G,-70,0.8192,0,-1,0,51.4071,28
58.5,car_north_base_002_rider,gNB_4G_1,-39,gNB_4G_2,-84,0.8192,0,-1,0,74.2443,28
58.5,ue_n043_0002,gNB_4G_2,-54,gNB_5G,-76,0.139264,1,16.0399,0,37.9154,0
58.5,ue_n001_0004,gNB_4G_1,-44,gNB_5G,-76,0.630784,0,-1,0,51.1573,28
58.5,ue_n043_0003,gNB_4G_2,-54,gNB_4G_1,-69,0.458752,1,9.03993,0,17.7044,28
58.5,car_north_base_003,gNB_4G_1,-49,gNB_4G_2,-80,0.581632,0,-1,0,31.6792,28
58.5,ue_n042_0004,gNB_4G_2,-67,gNB_5G,-68,0.8192,0,-1,0,22.6767,28
59.5,ue_n042_0001,gNB_4G_2,-46,gNB_5G,-62,0.270336,0,-1,0,66.373,28
59.5,car_north_peak_001,gNB_4G_2,-39,gNB_4G_1,-49,0.098304,1,15.2399,0,63.7374,28
59.5,car_north_peak_002_rider,gNB_4G_2,-45,gNB_4G_1,-45,0.311296,1,8.63993,0,63.9578,28
59.5,car_north_peak_003_rider,gNB_4G_2,-42,gNB_5G,-62,0.8192,1,3.43993,0,18.1942,24
59.5,ue_n042_0002,gNB_4G_2,-49,gNB_5G,-67,0.679936,0,-1,0,59.3372,28
59.5,ue_ujeongwon_0001,gNB_4G_1,-41,gNB_5G,-76,0.385024,0,-1,0,72.9936,28
59.5,car_north_peak_004,gNB_4G_2,-48,gNB_4G_1,-49,0.155648,1,1.43993,0,59.4257,28
59.5,car_north_peak_005,gNB_4G_1,-49,gNB_5G,-61,0.4096,0,-1,0,52.6098,28
59.5,ue_n043_0001,gNB_5G,-47,gNB_4G_2,-53,0.352256,2,2.63993,0,66.3824,28
59.5,ue_n042_0003,gNB_4G_2,-52,gNB_5G,-77,0.344064,0,-1,0,32.584,28
59.5,ue_n001_0001,gNB_4G_1,-45,gNB_4G_2,-62,0.589824,0,-1,0,69.9,28
59.5,ue_n001_0002,gNB_4G_1,-48,gNB_5G,-75,0.630784,0,-1,0,68.159,28
59.5,ue_ujeongwon_0002,gNB_4G_1,-47,gNB_4G_2,-90,0.8192,0,-1,0,65.3447,28
59.5,ue_ujeongwon_0003,gNB_4G_1,-43,gNB_4G_2,-90,0.344064,0,-1,0,54.0999,28
59.5,ue_n001_0003,gNB_4G_1,-44,gNB_4G_2,-68,0.548864,0,-1,0,62.3993,28
59.5,car_north_base_001_rider,gNB_4G_1,-37,gNB_5G,-69,0.8192,0,-1,0,54.9523,28
59.5,car_north_base_002_rider,gNB_4G_1,-40,gNB_4G_2,-83,0.8192,0,-1,0,53.8284,28
59.5,ue_n043_0002,gNB_4G_2,-55,gNB_4G_1,-75,0.139264,1,17.0399,0,52.2596,28
59.5,ue_n001_0004,gNB_4G_1,-42,gNB_5G,-69,0.630784,0,-1,0,63.1342,28
59.5,ue_n043_0003,gNB_4G_2,-55,gNB_4G_1,-66,0.458752,1,10.0399,0,29.3174,28
59.5,car_north_base_003,gNB_4G_1,-49,gNB_4G_2,-79,0.589824,0,-1,0,36.273,28
59.5,ue_n042_0004,gNB_4G_2,-66,gNB_5G,-64,0.8192,0,-1,0,26.4482,28
60.5,ue_n042_0001,gNB_4G_2,-44,gNB_5G,-63,0.278528,0,-1,0,53.9692,28
60.5,car_north_peak_001,gNB_4G_2,-45,gNB_4G_1,-51,0.098304,1,16.2399,0,43.0286,28
60.5,car_north_peak_002_rider,gNB_4G_2,-47,gNB_4G_1,-49,0.311296,1,9.63993,0,59.2594,28
60.5,car_north_peak_003_rider,gNB_4G_2,-42,gNB_4G_1,-49,0.8192,1,4.43993,0,15.7813,28
60.5,ue_n042_0002,gNB_4G_2,-49,gNB_5G,-67,0.688128,0,-1,0,50.6807,28
60.5,ue_ujeongwon_0001,gNB_4G_1,-42,gNB_5G,-79,0.393216,0,-1,0,73.0575,28
60.5,car_north_peak_004,gNB_4G_2,-45,gNB_4G_1,-52,0.155648,1,2.43993,0,41.8885,28
60.5,car_north_peak_005,gNB_4G_1,-52,gNB_5G,-62,0.36864,0,-1,0,61.5095,28
60.5,ue_n043_0001,gNB_5G,-50,gNB_4G_2,-50,0.360448,2,3.63993,0,65.1529,28
60.5,ue_n042_0003,gNB_4G_2,-57,gNB_5G,-67,0.344064,0,-1,0,43.4456,28
60.5,ue_n001_0001,gNB_4G_1,-39,gNB_5G,-71,0.581632,0,-1,0,57.7018,28
60.5,ue_n001_0002,gNB_4G_1,-42,gNB_5G,-76,0.630784,0,-1,0,56.989,28
60.5,ue_ujeongwon_0002,gNB_4G_1,-42,gNB_4G_2,-81,0.8192,0,-1,0,53.6368,24
60.5,ue_ujeongwon_0003,gNB_4G_1,-34,gNB_4G_2,-90,0.344064,0,-1,0,55.6828,14
60.5,ue_n001_0003,gNB_4G_1,-45,gNB_4G_2,-62,0.540672,0,-1,0,55.6273,28
60.5,car_north_base_001_rider,gNB_4G_1,-38,gNB_5G,-71,0.8192,0,-1,0,53.3922,28
60.5,car_north_base_002_rider,gNB_4G_1,-41,gNB_4G_2,-82,0.8192,0,-1,0,76.204,28
60.5,ue_n043_0002,gNB_4G_2,-58,gNB_4G_1,-56,0.139264,1,18.0399,0,49.4974,28
60.5,ue_n001_0004,gNB_4G_1,-44,gNB_5G,-67,0.630784,0,-1,0,69.4831,28
60.5,ue_n043_0003,gNB_4G_2,-54,gNB_5G,-70,0.45056,1,11.0399,0,56.0286,28
60.5,car_north_base_003,gNB_4G_1,-47,gNB_4G_2,-78,0.581632,0,-1,0,61.1464,28
60.5,ue_n042_0004,gNB_4G_2,-67,gNB_5G,-67,0.8192,0,-1,0,20.2981,28
61.5,ue_n042_0001,gNB_4G_2,-43,gNB_5G,-62,0.270336,0,-1,0,71.2222,28
61.5,car_north_peak_001,gNB_4G_2,-45,gNB_5G,-55,0.098304,1,17.2399,0,67.5718,28
61.5,car_north_peak_002_rider,gNB_4G_2,-46,gNB_4G_1,-50,0.319488,1,10.6399,0,67.9187,28
61.5,car_north_peak_003_rider,gNB_4G_2,-43,gNB_4G_1,-51,0.8192,1,5.43993,0,21.0349,23
61.5,ue_n042_0002,gNB_4G_2,-50,gNB_5G,-61,0.679936,0,-1,0,65.6443,28
61.5,ue_ujeongwon_0001,gNB_4G_1,-40,gNB_5G,-79,0.393216,0,-1,0,70.7456,28
61.5,car_north_peak_004,gNB_4G_2,-45,gNB_5G,-61,0.16384,1,3.43993,0,61.8821,24
61.5,car_north_peak_005,gNB_4G_2,-46,gNB_4G_1,-49,0.36864,1,0.0399284,0,65.8509,28
61.5,ue_n043_0001,gNB_5G,-48,gNB_4G_2,-51,0.352256,2,4.63993,0,62.092,28
61.5,ue_n042_0003,gNB_4G_2,-55,gNB_5G,-68,0.335872,0,-1,0,57.2322,28
61.5,ue_n001_0001,gNB_4G_1,-40,gNB_5G,-67,0.581632,0,-1,0,72.8534,28
61.5,ue_n001_0002,gNB_4G_1,-43,gNB_5G,-79,0.622592,0,-1,0,64.7118,28
61.5,ue_ujeongwon_0002,gNB_4G_1,-51,gNB_4G_2,-87,0.8192,0,-1,0,66.5059,28
61.5,ue_ujeongwon_0003,gNB_4G_1,-39,gNB_4G_2,-89,0.335872,0,-1,0,53.969,28
61.5,ue_n001_0003,gNB_4G_1,-46,gNB_4G_2,-63,0.548864,0,-1,0,23.5789,28
61.5,car_north_base_001_rider,gNB_4G_1,-38,gNB_5G,-66,0.8192,0,-1,0,45.5724,28
61.5,car_north_base_002_rider,gNB_4G_1,-38,gNB_5G,-73,0.8192,0,-1,0,54.5463,28
61.5,ue_n043_0002,gNB_4G_1,-58,gNB_4G_2,-60,0.131072,2,0.439928,0,49.2262,28
61.5,ue_n001_0004,gNB_4G_1,-44,gNB_5G,-67,0.630784,0,-1,0,66.1571,28
61.5,ue_n043_0003,gNB_4G_2,-55,gNB_5G,-69,0.458752,1,12.0399,0,53.2481,28
61.5,car_north_base_003,gNB_4G_1,-50,gNB_5G,-73,0.589824,0,-1,0,58.8179,28
61.5,ue_n042_0004,gNB_4G_2,-66,gNB_5G,-66,0.8192,0,-1,0,28.4228,25
62.5,ue_n042_0001,gNB_4G_2,-44,gNB_5G,-62,0.270336,0,-1,0,56.139,28
62.5,car_north_peak_001,gNB_4G_2,-43,gNB_5G,-53,0.090112,1,18.2399,0,68.8324,28
62.5,car_north_peak_002_rider,gNB_4G_2,-43,gNB_4G_1,-52,0.311296,1,11.6399,0,68.3301,28
62.5,car_north_peak_003_rider,gNB_4G_2,-42,gNB_4G_1,-51,0.8192,1,6.43993,0,19.3019,23
62.5,ue_n042_0002,gNB_4G_2,-46,gNB_5G,-62,0.679936,0,-1,0,71.0136,28
62.5,ue_ujeongwon_0001,gNB_4G_1,-39,gNB_5G,-74,0.385024,0,-1,0,49.8685,28
62.5,car_north_peak_004,gNB_4G_2,-47,gNB_4G_1,-51,0.16384,1,4.43993,0,68.7186,28
62.5,car_north_peak_005,gNB_4G_2,-45,gNB_4G_1,-49,0.4096,1,1.03993,0,21.3742,10
62.5,ue_n043_0001,gNB_5G,-49,gNB_4G_2,-50,0.360448,2,5.63993,0,67.3549,28
62.5,ue_n042_0003,gNB_4G_2,-57,gNB_5G,-73,0.344064,0,-1,0,35.748,28
62.5,ue_n001_0001,gNB_4G_1,-42,gNB_5G,-68,0.589824,0,-1,0,68.1736,28
62.5,ue_n001_0002,gNB_4G_1,-44,gNB_5G,-79,0.630784,0,-1,0,65.6302,28
62.5,ue_ujeongwon_0002,gNB_4G_1,-53,gNB_4G_2,-85,0.8192,0,-1,0,64.1301,26
62.5,ue_ujeongwon_0003,gNB_4G_1,-40,gNB_4G_2,-92,0.344064,0,-1,0,45.8787,19
62.5,ue_n001_0003,gNB_4G_1,-46,gNB_4G_2,-64,0.548864,0,-1,0,62.2346,28
62.5,car_north_base_001_rider,gNB_4G_1,-37,gNB_5G,-70,0.8192,0,-1,0,53.5104,28
62.5,car_north_base_002_rider,gNB_4G_1,-40,gNB_5G,-66,0.8192,0,-1,0,78.6805,28
62.5,ue_n043_0002,gNB_4G_1,-62,gNB_4G_2,-57,0.114688,2,1.43993,0,27.277,28
62.5,ue_n001_0004,gNB_4G_1,-47,gNB_5G,-72,0.630784,0,-1,0,60.574,28
62.5,ue_n043_0003,gNB_4G_2,-57,gNB_4G_1,-58,0.442368,1,13.0399,0,49.8841,28
62.5,car_north_base_003,gNB_4G_1,-47,gNB_4G_2,-73,0.581632,0,-1,0,66.1111,28
62.5,ue_n042_0004,gNB_4G_2,-66,gNB_5G,-70,0.8192,0,-1,0,28.5856,28
63.5,ue_n042_0001,gNB_4G_2,-41,gNB_5G,-60,0.278528,0,-1,0,53.7673,28
63.5,car_north_peak_001,gNB_4G_2,-42,gNB_5G,-58,0.098304,1,19.2399,0,67.8575,28
63.5,car_north_peak_002_rider,gNB_4G_2,-42,gNB_4G_1,-53,0.319488,1,12.6399,0,69.101,28
63.5,car_north_peak_003_rider,gNB_4G_2,-43,gNB_4G_1,-51,0.811008,1,7.43993,0,7.72693,28
63.5,ue_n042_0002,gNB_4G_2,-44,gNB_5G,-63,0.688128,0,-1,0,69.4974,28
63.5,ue_ujeongwon_0001,gNB_4G_1,-39,gNB_5G,-74,0.393216,0,-1,0,35.6156,28
63.5,car_north_peak_004,gNB_4G_2,-42,gNB_4G_1,-51,0.155648,1,5.43993,0,68.2981,22
63.5,car_north_peak_005,gNB_4G_2,-42,gNB_4G_1,-49,0.4096,1,2.03993,0,46.0696,28
63.5,ue_n043_0001,gNB_5G,-47,gNB_4G_2,-53,0.352256,2,6.63993,0,66.264,28
63.5,ue_n042_0003,gNB_4G_2,-57,gNB_5G,-66,0.344064,0,-1,0,34.4866,28
63.5,ue_n001_0001,gNB_4G_1,-42,gNB_5G,-71,0.581632,0,-1,0,69.1442,28
63.5,ue_n001_0002,gNB_4G_1,-47,gNB_5G,-79,0.630784,0,-1,0,65.5904,28
63.5,ue_ujeongwon_0002,gNB_4G_1,-41,gNB_4G_2,-90,0.8192,0,-1,0,68.7893,28
63.5,ue_ujeongwon_0003,gNB_4G_1,-41,gNB_4G_2,-93,0.344064,0,-1,0,54.1029,28
63.5,ue_n001_0003,gNB_4G_1,-45,gNB_4G_2,-62,0.540672,0,-1,0,21.3761,22
63.5,car_north_base_001_rider,gNB_4G_1,-36,gNB_5G,-65,0.8192,0,-1,0,68.3078,28
63.5,car_north_base_002_rider,gNB_4G_1,-39,gNB_5G,-67,0.8192,0,-1,0,55.9689,28
63.5,ue_n043_0002,gNB_4G_2,-57,gNB_5G,-76,0.12288,3,0.839928,1,56.8137,28
63.5,ue_n001_0004,gNB_4G_1,-50,gNB_5G,-70,0.630784,0,-1,0,37.7579,28
63.5,ue_n043_0003,gNB_4G_2,-55,gNB_4G_1,-61,0.458752,1,14.0399,0,56.9854,28
63.5,car_north_base_003,gNB_4G_1,-42,gNB_4G_2,-64,0.581632,0,-1,0,61.3235,28
63.5,ue_n042_0004,gNB_4G_2,-65,gNB_5G,-66,0.8192,0,-1,0,33.7419,28
63.5,car_north_base_004,gNB_4G_1,-48,gNB_4G_2,-78,0.065536,0,-1,0,36.924,28
64.5,ue_n042_0001,gNB_4G_2,-43,gNB_5G,-63,0.270336,0,-1,0,69.7895,28
64.5,car_north_peak_001,gNB_4G_2,-43,gNB_4G_1,-55,0.098304,1,20.2399,0,64.4597,28
64.5,car_north_peak_002_rider,gNB_4G_2,-42,gNB_4G_1,-55,0.311296,1,13.6399,0,69.269,28
64.5,car_north_peak_003_rider,gNB_4G_2,-44,gNB_4G_1,-53,0.827392,1,8.43993,0,67.0145,28
64.5,ue_n042_0002,gNB_4G_2,-43,gNB_5G,-62,0.679936,0,-1,0,56.517,28
64.5,ue_ujeongwon_0001,gNB_4G_1,-38,gNB_5G,-75,0.385024,0,-1,0,70.919,28
64.5,car_north_peak_004,gNB_4G_2,-42,gNB_4G_1,-52,0.16384,1,6.43993,0,68.197,28
64.5,car_north_peak_005,gNB_4G_2,-43,gNB_5G,-57,0.4096,1,3.03993,0,68.8775,28
64.5,ue_n043_0001,gNB_5G,-47,gNB_4G_2,-50,0.360448,2,7.63993,0,67.4817,28
64.5,ue_n042_0003,gNB_4G_2,-54,gNB_5G,-64,0.335872,0,-1,0,59.0482,28
64.5,ue_n001_0001,gNB_4G_1,-39,gNB_5G,-70,0.589824,0,-1,0,67.0296,28
64.5,ue_n001_0002,gNB_4G_1,-42,gNB_5G,-77,0.630784,0,-1,0,61.9895,28
64.5,ue_ujeongwon_0002,gNB_4G_1,-35,gNB_4G_2,-86,0.8192,0,-1,0,74.088,28
64.5,ue_ujeongwon_0003,gNB_4G_1,-41,gNB_4G_2,-92,0.335872,0,-1,0,61.2696,28
64.5,ue_n001_0003,gNB_4G_1,-44,gNB_4G_2,-63,0.548864,0,-1,0,56.4382,15
64.5,car_north_base_001_rider,gNB_4G_1,-42,gNB_4G_2,-84,0.8192,0,-1,0,49.102,28
64.5,car_north_base_002_rider,gNB_4G_1,-42,gNB_5G,-64,0.8192,0,-1,0,77.6897,28
64.5,ue_n043_0002,gNB_4G_2,-54,gNB_5G,-76,0.139264,3,1.83993,1,55.8784,28
64.5,ue_n001_0004,gNB_4G_1,-48,gNB_5G,-68,0.622592,0,-1,0,64.9219,28
64.5,ue_n043_0003,gNB_4G_2,-54,gNB_4G_1,-59,0.45056,1,15.0399,0,55.4958,19
64.5,car_north_base_003,gNB_4G_1,-43,gNB_4G_2,-65,0.589824,0,-1,0,24.4576,28
64.5,ue_n042_0004,gNB_4G_2,-65,gNB_5G,-67,0.8192,0,-1,0,43.6571,28
64.5,car_north_base_004,gNB_4G_1,-47,gNB_4G_2,-78,0.131072,0,-1,0,62.8497,28
65.5,ue_n042_0001,gNB_4G_2,-41,gNB_5G,-65,0.270336,0,-1,0,47.2086,28
65.5,car_north_peak_001,gNB_4G_2,-46,gNB_5G,-53,0.098304,1,21.2399,0,66.1773,28
65.5,car_north_peak_002_rider,gNB_4G_2,-41,gNB_4G_1,-55,0.319488,1,14.6399,0,69.6259,28
65.5,car_north_peak_003_rider,gNB_4G_2,-43,gNB_4G_1,-51,0.8192,1,9.43993,0,67.3985,28
65.5,ue_n042_0002,gNB_4G_2,-44,gNB_5G,-62,0.679936,0,-1,0,48.6291,28
65.5,ue_ujeongwon_0001,gNB_4G_1,-40,gNB_4G_2,-71,0.393216,0,-1,0,71.8945,28
65.5,car_north_peak_004,gNB_4G_2,-43,gNB_4G_1,-50,0.155648,1,7.43993,0,66.872,28
65.5,car_north_peak_005,gNB_4G_2,-42,gNB_4G_1,-54,0.4096,1,4.03993,0,17.4969,14
65.5,ue_n043_0001,gNB_5G,-47,gNB_4G_2,-49,0.352256,2,8.63993,0,62.1172,28
65.5,ue_n042_0003,gNB_4G_2,-54,gNB_5G,-65,0.344064,0,-1,0,39.2436,28
65.5,ue_n001_0001,gNB_4G_1,-41,gNB_5G,-70,0.581632,0,-1,0,41.7773,28
65.5,ue_n001_0002,gNB_4G_1,-51,gNB_5G,-84,0.630784,0,-1,0,49.8867,28
65.5,ue_ujeongwon_0002,gNB_4G_1,-39,gNB_5G,-82,0.8192,0,-1,0,46.9196,28
65.5,ue_ujeongwon_0003,gNB_4G_1,-37,gNB_4G_2,-92,0.344064,0,-1,0,39.0441,9
65.5,ue_n001_0003,gNB_4G_1,-47,gNB_4G_2,-62,0.548864,0,-1,0,66.8603,26
65.5,car_north_base_001_rider,gNB_4G_1,-40,gNB_4G_2,-83,0.8192,0,-1,0,50.7124,28
65.5,car_north_base_002_rider,gNB_4G_1,-36,gNB_5G,-65,0.8192,0,-1,0,52.2579,28
65.5,ue_n043_0002,gNB_4G_2,-55,gNB_5G,-75,0.147456,3,2.83993,1,35.6913,28
65.5,ue_n001_0004,gNB_4G_1,-47,gNB_5G,-68,0.630784,0,-1,0,34.502,28
65.5,ue_n043_0003,gNB_4G_2,-55,gNB_4G_1,-65,0.458752,1,16.0399,0,53.8595,19
65.5,car_north_base_003,gNB_4G_1,-46,gNB_4G_2,-63,0.581632,0,-1,0,68.9137,28
65.5,ue_n042_0004,gNB_4G_2,-63,gNB_5G,-75,0.8192,0,-1,0,30.7654,28
65.5,car_north_base_004,gNB_4G_1,-45,gNB_4G_2,-78,0.131072,0,-1,0,42.7217,28
65.5,car_north_base_005,gNB_4G_1,-45,gNB_4G_2,-79,0.098304,0,-1,0,64.3562,28
66.5,ue_n042_0001,gNB_4G_2,-39,gNB_5G,-69,0.278528,0,-1,0,61.013,28
66.5,car_north_peak_001,gNB_4G_2,-43,gNB_5G,-56,0.098304,1,22.2399,0,69.977,28
66.5,car_north_peak_002_rider,gNB_4G_2,-41,gNB_5G,-56,0.311296,1,15.6399,0,67.9689,28
66.5,car_north_peak_003_rider,gNB_4G_2,-44,gNB_4G_1,-52,0.8192,1,10.4399,0,9.17319,28
66.5,ue_n042_0002,gNB_4G_2,-41,gNB_5G,-60,0.688128,0,-1,0,66.2559,28
66.5,ue_ujeongwon_0001,gNB_4G_1,-42,gNB_4G_2,-66,0.393216,0,-1,0,70.2157,28
66.5,car_north_peak_004,gNB_4G_2,-43,gNB_4G_1,-51,0.16384,1,8.43993,0,14.9589,15
66.5,car_north_peak_005,gNB_4G_2,-42,gNB_4G_1,-50,0.4096,1,5.03993,0,12.7236,28
66.5,ue_n043_0001,gNB_5G,-45,gNB_4G_2,-53,0.360448,2,9.63993,0,66.7546,28
66.5,ue_n042_0003,gNB_4G_2,-54,gNB_5G,-70,0.344064,0,-1,0,41.7722,28
66.5,ue_n001_0001,gNB_4G_1,-36,gNB_5G,-70,0.589824,0,-1,0,52.7382,28
66.5,ue_n001_0002,gNB_4G_1,-50,gNB_5G,-93,0.630784,0,-1,0,62.7205,28
66.5,ue_ujeongwon_0002,gNB_4G_1,-53,gNB_4G_2,-79,0.8192,0,-1,0,41.9727,28
66.5,ue_ujeongwon_0003,gNB_4G_1,-40,gNB_4G_2,-90,0.344064,0,-1,0,46.7264,28
66.5,ue_n001_0003,gNB_4G_1,-44,gNB_4G_2,-63,0.540672,0,-1,0,12.4356,15
66.5,car_north_base_001_rider,gNB_4G_1,-40,gNB_4G_2,-83,0.8192,0,-1,0,48.0133,28
66.5,car_north_base_002_rider,gNB_4G_1,-36,gNB_5G,-68,0.8192,0,-1,0,71.969,28
66.5,ue_n043_0002,gNB_4G_2,-52,gNB_5G,-75,0.139264,3,3.83993,1,56.0278,28
66.5,ue_n001_0004,gNB_4G_1,-48,gNB_5G,-71,0.630784,0,-1,0,62.5906,28
66.5,ue_n043_0003,gNB_4G_2,-57,gNB_5G,-68,0.45056,1,17.0399,0,27.4259,28
66.5,car_north_base_003,gNB_4G_1,-45,gNB_4G_2,-65,0.589824,0,-1,0,70.3678,28
66.5,ue_n042_0004,gNB_4G_2,-61,gNB_5G,-72,0.8192,0,-1,0,34.8116,28
66.5,car_north_base_004,gNB_4G_1,-47,gNB_4G_2,-76,0.139264,0,-1,0,58.7737,28
66.5,car_north_base_005,gNB_4G_1,-47,gNB_4G_2,-77,0.229376,0,-1,0,36.9315,28
67.5,ue_n042_0001,gNB_4G_2,-43,gNB_5G,-72,0.270336,0,-1,0,68.3456,28
67.5,car_north_peak_001,gNB_4G_2,-41,gNB_5G,-58,0.090112,1,23.2399,0,68.2864,28
67.5,car_north_peak_002_rider,gNB_4G_2,-42,gNB_5G,-56,0.319488,1,16.6399,0,69.3811,28
67.5,car_north_peak_003_rider,gNB_4G_2,-43,gNB_4G_1,-53,0.8192,1,11.4399,0,62.5746,28
67.5,ue_n042_0002,gNB_4G_2,-43,gNB_5G,-63,0.679936,0,-1,0,72.3925,28
67.5,ue_ujeongwon_0001,gNB_4G_1,-42,gNB_4G_2,-65,0.385024,0,-1,0,65.2597,25
67.5,car_north_peak_004,gNB_4G_2,-44,gNB_4G_1,-50,0.16384,1,9.43993,0,65.5522,23
67.5,car_north_peak_005,gNB_4G_2,-42,gNB_4G_1,-51,0.4096,1,6.03993,0,66.1315,28
67.5,ue_n043_0001,gNB_5G,-45,gNB_4G_2,-51,0.352256,2,10.6399,0,66.0197,28
67.5,ue_n042_0003,gNB_4G_2,-59,gNB_5G,-69,0.335872,0,-1,0,55.3336,28
67.5,ue_n001_0001,gNB_4G_1,-36,gNB_5G,-70,0.581632,0,-1,0,76.0182,28
67.5,ue_n001_0002,gNB_4G_1,-47,gNB_5G,-76,0.630784,0,-1,0,66.8315,28
67.5,ue_ujeongwon_0002,gNB_4G_1,-41,gNB_4G_2,-80,0.8192,0,-1,0,72.8467,28
67.5,ue_ujeongwon_0003,gNB_4G_1,-42,gNB_4G_2,-90,0.335872,0,-1,0,57.5598,26
67.5,ue_n001_0003,gNB_4G_1,-44,gNB_4G_2,-62,0.548864,0,-1,0,23.9224,23
67.5,car_north_base_001_rider,gNB_4G_1,-38,gNB_4G_2,-84,0.8192,0,-1,0,63.8919,28
67.5,car_north_base_002_rider,gNB_4G_1,-41,gNB_5G,-65,0.8192,0,-1,0,76.3231,28
67.5,ue_n043_0002,gNB_4G_2,-54,gNB_4G_1,-64,0.139264,3,4.83993,1,55.3918,28
67.5,ue_n001_0004,gNB_4G_1,-52,gNB_5G,-71,0.630784,0,-1,0,66.8252,28
67.5,ue_n043_0003,gNB_4G_2,-57,gNB_5G,-67,0.458752,1,18.0399,0,55.6965,28
67.5,car_north_base_003,gNB_4G_1,-39,gNB_5G,-75,0.581632,0,-1,0,49.172,28
67.5,ue_n042_0004,gNB_4G_2,-57,gNB_5G,-71,0.8192,0,-1,0,36.4793,28
67.5,car_north_base_004,gNB_4G_1,-50,gNB_4G_2,-76,0.131072,0,-1,0,64.0868,28
67.5,car_north_base_005,gNB_4G_1,-47,gNB_4G_2,-78,0.229376,0,-1,0,58.6666,28
68.5,ue_n042_0001,gNB_4G_2,-43,gNB_5G,-66,0.270336,0,-1,0,53.2139,28
68.5,car_north_peak_001,gNB_4G_2,-42,gNB_5G,-54,0.098304,1,24.2399,0,13.7146,19
68.5,car_north_peak_002_rider,gNB_4G_2,-43,gNB_5G,-58,0.311296,1,17.6399,0,41.3925,28
68.5,car_north_peak_003_rider,gNB_4G_2,-44,gNB_4G_1,-53,0.811008,1,12.4399,0,8.88621,13
68.5,ue_n042_0002,gNB_4G_2,-48,gNB_5G,-66,0.679936,0,-1,0,40.9551,28
68.5,ue_ujeongwon_0001,gNB_4G_1,-41,gNB_4G_2,-63,0.393216,0,-1,0,70.8185,28
68.5,car_north_peak_004,gNB_4G_2,-46,gNB_4G_1,-51,0.155648,1,10.4399,0,63.323,28
68.5,car_north_peak_005,gNB_4G_2,-44,gNB_4G_1,-50,0.4096,1,7.03993,0,12.6277,28
68.5,ue_n043_0001,gNB_5G,-47,gNB_4G_2,-49,0.360448,2,11.6399,0,64.887,28
68.5,ue_n042_0003,gNB_4G_2,-57,gNB_5G,-76,0.344064,0,-1,0,36.6479,28
68.5,ue_n001_0001,gNB_4G_1,-43,gNB_5G,-64,0.581632,0,-1,0,73.6847,28
68.5,ue_n001_0002,gNB_4G_1,-43,gNB_5G,-77,0.630784,0,-1,0,65.9177,28
68.5,ue_ujeongwon_0002,gNB_4G_1,-37,gNB_5G,-73,0.8192,0,-1,0,56.381,27
68.5,ue_ujeongwon_0003,gNB_4G_1,-45,gNB_4G_2,-89,0.344064,0,-1,0,60.1632,28
68.5,ue_n001_0003,gNB_4G_1,-43,gNB_4G_2,-62,0.548864,0,-1,0,57.933,28
68.5,car_north_base_001_rider,gNB_4G_1,-42,gNB_5G,-87,0.8192,0,-1,0,60.1062,7
68.5,car_north_base_002_rider,gNB_4G_1,-45,gNB_5G,-76,0.8192,0,-1,0,52.403,28
68.5,ue_n043_0002,gNB_4G_2,-55,gNB_4G_1,-57,0.139264,3,5.83993,1,55.1738,28
68.5,ue_n001_0004,gNB_4G_1,-47,gNB_5G,-71,0.630784,0,-1,0,33.9199,28
68.5,ue_n043_0003,gNB_4G_2,-55,gNB_5G,-68,0.458752,1,19.0399,0,53.6861,28
68.5,car_north_base_003,gNB_4G_1,-39,gNB_5G,-75,0.589824,0,-1,0,51.4733,28
68.5,ue_n042_0004,gNB_4G_2,-55,gNB_5G,-73,0.8192,0,-1,0,45.5135,28
68.5,car_north_base_004,gNB_4G_1,-47,gNB_4G_2,-77,0.139264,0,-1,0,60.4917,28
68.5,car_north_base_005,gNB_4G_1,-47,gNB_4G_2,-79,0.229376,0,-1,0,61.389,28
69.5,ue_n042_0001,gNB_4G_2,-38,gNB_5G,-64,0.278528,0,-1,0,49.4747,28
69.5,car_north_peak_001,gNB_4G_2,-44,gNB_5G,-57,0.098304,1,25.2399,0,35.469,28
69.5,car_north_peak_002_rider,gNB_4G_2,-43,gNB_5G,-59,0.319488,1,18.6399,0,69.3115,28
69.5,car_north_peak_003_rider,gNB_4G_2,-44,gNB_4G_1,-53,0.827392,1,13.4399,0,67.7597,18
69.5,ue_n042_0002,gNB_4G_2,-40,gNB_5G,-70,0.688128,0,-1,0,43.8938,28
69.5,ue_ujeongwon_0001,gNB_4G_1,-43,gNB_4G_2,-76,0.385024,0,-1,0,21.8834,28
69.5,car_north_peak_004,gNB_4G_2,-47,gNB_4G_1,-50,0.155648,1,11.4399,0,64.0424,28
69.5,car_north_peak_005,gNB_4G_2,-46,gNB_4G_1,-49,0.4096,1,8.03993,0,17.3976,28
69.5,ue_n043_0001,gNB_5G,-46,gNB_4G_2,-51,0.352256,2,12.6399,0,66.0651,28
69.5,ue_n042_0003,gNB_4G_2,-57,gNB_5G,-65,0.344064,0,-1,0,36.6037,24
69.5,ue_n001_0001,gNB_4G_1,-38,gNB_5G,-68,0.589824,0,-1,0,71.0483,28
69.5,ue_n001_0002,gNB_4G_1,-47,gNB_5G,-78,0.630784,0,-1,0,54.2207,28
69.5,ue_ujeongwon_0002,gNB_4G_1,-39,gNB_5G,-70,0.8192,0,-1,0,74.0478,28
69.5,ue_ujeongwon_0003,gNB_4G_1,-38,gNB_4G_2,-89,0.344064,0,-1,0,53.1692,28
69.5,ue_n001_0003,gNB_4G_1,-42,gNB_4G_2,-62,0.540672,0,-1,0,70.8389,28
69.5,car_north_base_001_rider,gNB_4G_1,-41,gNB_5G,-90,0.8192,0,-1,0,40.3866,27
69.5,car_north_base_002_rider,gNB_4G_1,-40,gNB_4G_2,-87,0.8192,0,-1,0,53.1722,28
69.5,ue_n043_0002,gNB_4G_2,-56,gNB_4G_1,-57,0.139264,3,6.83993,1,24.2524,27
69.5,ue_n001_0004,gNB_4G_1,-44,gNB_5G,-71,0.630784,0,-1,0,69.4583,28
69.5,ue_n043_0003,gNB_4G_2,-57,gNB_4G_1,-58,0.442368,1,20.0399,0,58.3796,28
69.5,car_north_base_003,gNB_4G_1,-37,gNB_5G,-77,0.581632,0,-1,0,50.2142,28
69.5,ue_n042_0004,gNB_4G_2,-55,gNB_5G,-73,0.8192,0,-1,0,39.3232,28
69.5,car_north_base_004,gNB_4G_1,-47,gNB_4G_2,-77,0.131072,0,-1,0,58.431,28
69.5,car_north_base_005,gNB_4G_1,-46,gNB_4G_2,-79,0.221184,0,-1,0,62.0015,28
70.5,ue_n042_0001,gNB_4G_2,-44,gNB_5G,-65,0.270336,0,-1,0,70.0481,28
70.5,car_north_peak_001,gNB_4G_2,-46,gNB_5G,-54,0.098304,1,26.2399,0,66.8739,28
70.5,car_north_peak_002_rider,gNB_4G_2,-43,gNB_5G,-59,0.311296,1,19.6399,0,67.1732,28
70.5,car_north_peak_003_rider,gNB_4G_2,-44,gNB_4G_1,-53,0.8192,1,14.4399,0,30.8265,25
70.5,ue_n042_0002,gNB_4G_2,-38,gNB_5G,-72,0.679936,0,-1,0,68.3435,28
70.5,ue_ujeongwon_0001,gNB_4G_1,-42,gNB_4G_2,-67,0.393216,0,-1,0,72.6257,28
70.5,car_north_peak_004,gNB_4G_2,-44,gNB_4G_1,-50,0.155648,1,12.4399,0,68.7858,25
70.5,car_north_peak_005,gNB_4G_2,-44,gNB_4G_1,-49,0.4096,1,9.03993,0,65.8407,28
70.5,ue_n043_0001,gNB_5G,-44,gNB_4G_2,-52,0.360448,2,13.6399,0,67.4218,28
70.5,ue_n042_0003,gNB_4G_2,-54,gNB_5G,-68,0.335872,0,-1,0,55.5386,28
70.5,ue_n001_0001,gNB_4G_1,-38,gNB_5G,-67,0.581632,0,-1,0,70.6151,28
70.5,ue_n001_0002,gNB_4G_1,-49,gNB_5G,-86,0.630784,0,-1,0,65.4391,28
70.5,ue_ujeongwon_0002,gNB_4G_1,-41,gNB_5G,-74,0.8192,0,-1,0,74.3877,28
70.5,ue_ujeongwon_0003,gNB_4G_1,-39,gNB_4G_2,-90,0.335872,0,-1,0,49.6113,28
70.5,ue_n001_0003,gNB_4G_1,-46,gNB_4G_2,-62,0.548864,0,-1,0,25.7432,28
70.5,car_north_base_001_rider,gNB_4G_1,-41,gNB_4G_2,-71,0.8192,0,-1,0,66.3692,28
70.5,car_north_base_002_rider,gNB_4G_1,-40,gNB_4G_2,-82,0.8192,0,-1,0,70.7121,28
70.5,ue_n043_0002,gNB_4G_2,-56,gNB_5G,-72,0.147456,3,7.83993,1,46.057,28
70.5,ue_n001_0004,gNB_4G_1,-47,gNB_5G,-72,0.630784,0,-1,0,64.6335,28
70.5,ue_n043_0003,gNB_4G_2,-53,gNB_4G_1,-63,0.458752,1,21.0399,0,54.6474,28
70.5,car_north_base_003,gNB_4G_1,-38,gNB_5G,-81,0.581632,0,-1,0,76.5064,28
70.5,ue_n042_0004,gNB_4G_2,-54,gNB_5G,-70,0.8192,0,-1,0,36.2957,28
70.5,car_north_base_004,gNB_4G_1,-46,gNB_5G,-71,0.131072,0,-1,0,66.6533,28
70.5,car_north_base_005,gNB_4G_1,-48,gNB_5G,-75,0.229376,0,-1,0,62.2991,28
71.5,ue_n042_0001,gNB_4G_2,-42,gNB_5G,-61,0.270336,0,-1,0,59.3395,28
71.5,car_north_peak_001,gNB_4G_2,-44,gNB_5G,-50,0.090112,1,27.2399,0,66.408,28
71.5,car_north_peak_002_rider,gNB_4G_2,-44,gNB_5G,-53,0.319488,1,20.6399,0,66.1726,28
71.5,car_north_peak_003_rider,gNB_4G_2,-44,gNB_4G_1,-51,0.8192,1,15.4399,0,18.3679,27
71.5,ue_n042_0002,gNB_4G_2,-42,gNB_5G,-67,0.679936,0,-1,0,66.9756,28
71.5,ue_ujeongwon_0001,gNB_4G_1,-44,gNB_4G_2,-77,0.393216,0,-1,0,67.7,28
71.5,car_north_peak_004,gNB_4G_2,-44,gNB_4G_1,-50,0.16384,1,13.4399,0,62.3794,28
71.5,car_north_peak_005,gNB_4G_2,-45,gNB_4G_1,-46,0.4096,1,10.0399,0,19.5107,28
71.5,ue_n043_0001,gNB_5G,-46,gNB_4G_2,-52,0.352256,2,14.6399,0,67.7242,28
71.5,ue_n042_0003,gNB_4G_2,-54,gNB_5G,-60,0.344064,0,-1,0,40.5636,28
71.5,ue_n001_0001,gNB_4G_1,-41,gNB_5G,-67,0.589824,0,-1,0,73.6775,28
71.5,ue_n001_0002,gNB_4G_1,-45,gNB_5G,-81,0.630784,0,-1,0,66.8291,15
71.5,ue_ujeongwon_0002,gNB_4G_1,-39,gNB_5G,-81,0.8192,0,-1,0,72.1465,28
71.5,ue_ujeongwon_0003,gNB_4G_1,-38,gNB_4G_2,-88,0.344064,0,-1,0,52.9343,24
71.5,ue_n001_0003,gNB_4G_1,-42,gNB_4G_2,-60,0.548864,0,-1,0,66.7935,28
71.5,car_north_base_001_rider,gNB_4G_1,-41,gNB_4G_2,-69,0.8192,0,-1,0,62.6678,28
71.5,car_north_base_002_rider,gNB_4G_1,-38,gNB_4G_2,-83,0.8192,0,-1,0,63.9366,28
71.5,ue_n043_0002,gNB_4G_2,-64,gNB_5G,-72,0.139264,3,8.83993,1,33.8834,28
71.5,ue_n001_0004,gNB_4G_1,-47,gNB_5G,-69,0.630784,0,-1,0,65.9145,28
71.5,ue_n043_0003,gNB_4G_2,-56,gNB_4G_1,-59,0.45056,1,22.0399,0,58.0142,28
71.5,car_north_base_003,gNB_4G_1,-39,gNB_5G,-77,0.589824,0,-1,0,76.8999,28
71.5,ue_n042_0004,gNB_4G_2,-56,gNB_5G,-71,0.8192,0,-1,0,40.3733,28
71.5,car_north_base_004,gNB_4G_1,-45,gNB_5G,-74,0.139264,0,-1,0,67.725,28
71.5,car_north_base_005,gNB_4G_1,-48,gNB_5G,-79,0.229376,0,-1,0,38.2204,28
72.5,ue_n042_0001,gNB_4G_2,-51,gNB_5G,-63,0.278528,0,-1,0,64.5431,28
72.5,car_north_peak_001,gNB_4G_2,-44,gNB_5G,-54,0.098304,1,28.2399,0,66.5522,28
72.5,car_north_peak_002_rider,gNB_4G_2,-44,gNB_5G,-53,0.311296,1,21.6399,0,69.2884,28
72.5,car_north_peak_003_rider,gNB_4G_2,-43,gNB_4G_1,-51,0.8192,1,16.4399,0,21.8631,25
72.5,ue_n042_0002,gNB_4G_2,-43,gNB_5G,-64,0.688128,0,-1,0,66.2386,28
72.5,ue_ujeongwon_0001,gNB_4G_1,-42,gNB_4G_2,-67,0.385024,0,-1,0,67.7725,28
72.5,car_north_peak_004,gNB_4G_2,-45,gNB_4G_1,-50,0.16384,1,14.4399,0,66.5693,28
72.5,car_north_peak_005,gNB_4G_2,-46,gNB_4G_1,-49,0.4096,1,11.0399,0,18.9097,28
72.5,ue_n043_0001,gNB_5G,-46,gNB_4G_2,-51,0.352256,2,15.6399,0,68.5426,28
72.5,ue_n042_0003,gNB_4G_2,-55,gNB_5G,-66,0.344064,0,-1,0,55.9604,28
72.5,ue_n001_0001,gNB_4G_1,-38,gNB_5G,-69,0.581632,0,-1,0,66.4488,18
72.5,ue_n001_0002,gNB_4G_1,-43,gNB_4G_2,-102,0.630784,0,-1,0,36.3431,28
72.5,ue_ujeongwon_0002,gNB_4G_1,-40,gNB_5G,-79,0.8192,0,-1,0,57.0939,28
72.5,ue_ujeongwon_0003,gNB_4G_1,-37,gNB_4G_2,-88,0.344064,0,-1,0,30.7463,28
72.5,ue_n001_0003,gNB_4G_1,-44,gNB_4G_2,-64,0.540672,0,-1,0,20.7832,28
72.5,car_north_base_001_rider,gNB_4G_1,-42,gNB_4G_2,-66,0.8192,0,-1,0,32.4045,28
72.5,car_north_base_002_rider,gNB_4G_1,-39,gNB_5G,-87,0.8192,0,-1,0,62.8942,28
72.5,ue_n043_0002,gNB_4G_2,-53,gNB_5G,-73,0.139264,3,9.83993,1,26.6004,28
72.5,ue_n001_0004,gNB_4G_1,-46,gNB_5G,-69,0.630784,0,-1,0,69.2543,28
72.5,ue_n043_0003,gNB_4G_2,-53,gNB_4G_1,-58,0.458752,1,23.0399,0,17.808,17
72.5,car_north_base_003,gNB_4G_1,-42,gNB_4G_2,-82,0.581632,0,-1,0,52.1492,28
72.5,ue_n042_0004,gNB_4G_2,-56,gNB_5G,-72,0.8192,0,-1,0,40.6379,28
72.5,car_north_base_004,gNB_4G_1,-43,gNB_4G_2,-64,0.131072,0,-1,0,67.3391,28
72.5,car_north_base_005,gNB_4G_1,-50,gNB_5G,-73,0.229376,0,-1,0,58.401,28
73.5,ue_n042_0001,gNB_4G_2,-42,gNB_5G,-67,0.270336,0,-1,0,50.3673,28
73.5,car_north_peak_001,gNB_4G_2,-44,gNB_5G,-52,0.098304,1,29.2399,0,26.6564,28
73.5,car_north_peak_002_rider,gNB_4G_2,-43,gNB_5G,-51,0.311296,1,22.6399,0,66.4614,28
73.5,car_north_peak_003_rider,gNB_4G_2,-40,gNB_4G_1,-50,0.8192,1,17.4399,0,25.914,28
73.5,ue_n042_0002,gNB_4G_2,-45,gNB_5G,-65,0.679936,0,-1,0,50.0268,28
73.5,ue_ujeongwon_0001,gNB_4G_1,-42,gNB_4G_2,-62,0.393216,0,-1,0,65.0616,28
73.5,car_north_peak_004,gNB_4G_2,-44,gNB_4G_1,-52,0.155648,1,15.4399,0,66.9988,28
73.5,car_north_peak_005,gNB_4G_2,-43,gNB_4G_1,-53,0.4096,1,12.0399,0,68.3092,28
73.5,ue_n043_0001,gNB_5G,-51,gNB_4G_2,-49,0.360448,2,16.6399,0,65.0964,28
73.5,ue_n042_0003,gNB_4G_2,-51,gNB_5G,-68,0.335872,0,-1,0,43.415,28
73.5,ue_n001_0001,gNB_4G_1,-37,gNB_5G,-72,0.589824,0,-1,0,73.0606,28
73.5,ue_n001_0002,gNB_4G_1,-48,gNB_4G_2,-78,0.630784,0,-1,0,55.2715,28
73.5,ue_ujeongwon_0002,gNB_4G_1,-41,gNB_5G,-75,0.8192,0,-1,0,70.7248,28
73.5,ue_ujeongwon_0003,gNB_4G_1,-77,gNB_4G_2,-88,0.196608,0,-1,0,30.7558,28
73.5,ue_n001_0003,gNB_4G_1,-42,gNB_4G_2,-60,0.548864,0,-1,0,58.2657,28
73.5,car_north_base_001_rider,gNB_4G_1,-48,gNB_5G,-68,0.8192,0,-1,0,52.1372,28
73.5,car_north_base_002_rider,gNB_4G_1,-41,gNB_5G,-90,0.8192,0,-1,0,28.5538,28
73.5,ue_n043_0002,gNB_4G_2,-53,gNB_5G,-71,0.139264,3,10.8399,1,6.73736,8
73.5,ue_n001_0004,gNB_4G_1,-45,gNB_5G,-70,0.630784,0,-1,0,67.8398,28
73.5,ue_n043_0003,gNB_4G_2,-55,gNB_5G,-64,0.45056,1,24.0399,0,58.3591,22
73.5,car_north_base_003,gNB_4G_1,-38,gNB_4G_2,-83,0.589824,0,-1,0,56.5619,28
73.5,ue_n042_0004,gNB_4G_2,-56,gNB_5G,-68,0.8192,0,-1,0,39.2113,28
73.5,car_north_base_004,gNB_4G_1,-41,gNB_4G_2,-64,0.131072,0,-1,0,25.4348,23
73.5,car_north_base_005,gNB_4G_1,-54,gNB_4G_2,-73,0.229376,0,-1,0,63.025,28
74.5,ue_n042_0001,gNB_4G_2,-41,gNB_5G,-64,0.270336,0,-1,0,66.8098,28
74.5,car_north_peak_001,gNB_4G_2,-47,gNB_5G,-70,0.098304,1,30.2399,0,66.1059,28
74.5,car_north_peak_002_rider,gNB_4G_2,-43,gNB_5G,-57,0.319488,1,23.6399,0,67.0602,28
74.5,car_north_peak_003_rider,gNB_4G_2,-41,gNB_5G,-53,0.8192,1,18.4399,0,45.2657,28
74.5,ue_n042_0002,gNB_4G_2,-42,gNB_5G,-61,0.679936,0,-1,0,51.5672,28
74.5,ue_ujeongwon_0001,gNB_4G_1,-42,gNB_4G_2,-66,0.393216,0,-1,0,63.8744,28
74.5,car_north_peak_004,gNB_4G_2,-43,gNB_4G_1,-52,0.16384,1,16.4399,0,65.2291,28
74.5,car_north_peak_005,gNB_4G_2,-42,gNB_4G_1,-50,0.4096,1,13.0399,0,67.7597,20
74.5,ue_n043_0001,gNB_5G,-48,gNB_4G_2,-52,0.352256,2,17.6399,0,65.0513,28
74.5,ue_n042_0003,gNB_4G_2,-52,gNB_5G,-68,0.344064,0,-1,0,46.0844,28
74.5,ue_n001_0001,gNB_4G_1,-40,gNB_5G,-67,0.581632,0,-1,0,74.0719,28
74.5,ue_n001_0002,gNB_4G_1,-48,gNB_4G_2,-74,0.622592,0,-1,0,60.7513,28
74.5,ue_ujeongwon_0002,gNB_4G_1,-53,gNB_5G,-79,0.8192,0,-1,0,51.9591,28
74.5,ue_ujeongwon_0003,gNB_4G_1,-78,gNB_4G_2,-88,0.139264,0,-1,0,11.1382,28
74.5,ue_n001_0003,gNB_4G_1,-43,gNB_4G_2,-62,0.548864,0,-1,0,63.2969,28
74.5,car_north_base_001_rider,gNB_4G_1,-43,gNB_5G,-64,0.8192,0,-1,0,62.7125,28
74.5,car_north_base_002_rider,gNB_4G_1,-41,gNB_4G_2,-70,0.8192,0,-1,0,32.3411,26
74.5,ue_n043_0002,gNB_4G_2,-55,gNB_4G_1,-57,0.147456,3,11.8399,1,14.9218,14
74.5,ue_n001_0004,gNB_4G_1,-50,gNB_5G,-75,0.630784,0,-1,0,61.7423,28
74.5,ue_n043_0003,gNB_4G_2,-53,gNB_5G,-64,0.458752,1,25.0399,0,22.1397,22
74.5,car_north_base_003,gNB_4G_1,-39,gNB_5G,-78,0.581632,0,-1,0,55.7722,28
74.5,ue_n042_0004,gNB_4G_2,-58,gNB_5G,-70,0.8192,0,-1,0,44.6566,28
74.5,car_north_base_004,gNB_4G_1,-43,gNB_4G_2,-66,0.139264,0,-1,0,64.027,28
74.5,car_north_base_005,gNB_4G_1,-55,gNB_4G_2,-65,0.221184,0,-1,0,67.4356,28
75.5,ue_n042_0001,gNB_4G_2,-44,gNB_5G,-62,0.278528,0,-1,0,50.2507,28
75.5,car_north_peak_001,gNB_4G_2,-45,gNB_5G,-54,0.090112,1,31.2399,0,41.0674,28
75.5,car_north_peak_002_rider,gNB_4G_2,-44,gNB_5G,-55,0.311296,1,24.6399,0,30.3784,28
75.5,car_north_peak_003_rider,gNB_4G_2,-43,gNB_5G,-54,0.8192,1,19.4399,0,45.8979,28
75.5,ue_n042_0002,gNB_4G_2,-38,gNB_5G,-63,0.688128,0,-1,0,69.1831,28
75.5,ue_ujeongwon_0001,gNB_4G_1,-50,gNB_4G_2,-64,0.385024,0,-1,0,69.8145,28
75.5,car_north_peak_004,gNB_4G_2,-45,gNB_4G_1,-50,0.16384,1,17.4399,0,64.4907,28
75.5,car_north_peak_005,gNB_4G_2,-43,gNB_4G_1,-52,0.4096,1,14.0399,0,20.2591,16
75.5,ue_n043_0001,gNB_5G,-48,gNB_4G_2,-51,0.360448,2,18.6399,0,66.0373,28
75.5,ue_n042_0003,gNB_4G_2,-52,gNB_5G,-64,0.344064,0,-1,0,49.172,28
75.5,ue_n001_0001,gNB_4G_1,-38,gNB_5G,-66,0.581632,0,-1,0,55.2295,22
75.5,ue_n001_0002,gNB_4G_1,-45,gNB_4G_2,-76,0.630784,0,-1,0,53.1023,28
75.5,ue_ujeongwon_0002,gNB_4G_1,-40,gNB_4G_2,-77,0.8192,0,-1,0,68.6594,28
75.5,ue_ujeongwon_0003,gNB_4G_1,-94,gNB_4G_2,-88,0.139264,0,-1,0,46.6234,28
75.5,ue_n001_0003,gNB_4G_1,-45,gNB_4G_2,-61,0.540672,0,-1,0,67.8901,28
75.5,car_north_base_001_rider,gNB_4G_1,-45,gNB_5G,-65,0.8192,0,-1,0,32.7705,28
75.5,car_north_base_002_rider,gNB_4G_1,-41,gNB_4G_2,-69,0.8192,0,-1,0,22.8246,26
75.5,ue_n043_0002,gNB_4G_2,-53,gNB_5G,-63,0.139264,3,12.8399,1,57.4149,25
75.5,ue_n001_0004,gNB_4G_1,-46,gNB_4G_2,-80,0.630784,0,-1,0,42.2956,28
75.5,ue_n043_0003,gNB_4G_2,-53,gNB_5G,-63,0.45056,1,26.0399,0,23.6294,28
75.5,car_north_base_003,gNB_4G_1,-40,gNB_5G,-67,0.589824,0,-1,0,52.5944,28
75.5,ue_n042_0004,gNB_4G_2,-58,gNB_5G,-71,0.8192,0,-1,0,43.044,28
75.5,car_north_base_004,gNB_4G_1,-44,gNB_4G_2,-64,0.131072,0,-1,0,39.3474,27
75.5,car_north_base_005,gNB_4G_1,-49,gNB_4G_2,-66,0.229376,0,-1,0,63.3718,28
75.5,ue_n043_0004,gNB_4G_2,-55,gNB_5G,-71,0.32768,1,0.0399284,0,53.9344,28
76.5,ue_n042_0001,gNB_4G_2,-44,gNB_5G,-70,0.270336,0,-1,0,57.205,28
76.5,car_north_peak_001,gNB_4G_2,-47,gNB_5G,-51,0.098304,1,32.2399,0,36.7383,28
76.5,car_north_peak_002_rider,gNB_4G_2,-43,gNB_5G,-53,0.319488,1,25.6399,0,36.7613,28
76.5,car_north_peak_003_rider,gNB_4G_2,-43,gNB_5G,-57,0.8192,1,20.4399,0,41.7189,28
76.5,ue_n042_0002,gNB_4G_2,-41,gNB_5G,-67,0.679936,0,-1,0,50.8409,28
76.5,ue_ujeongwon_0001,gNB_4G_1,-43,gNB_4G_2,-62,0.393216,0,-1,0,68.1347,28
76.5,car_north_peak_004,gNB_4G_2,-41,gNB_4G_1,-54,0.155648,1,18.4399,0,43.9451,28
76.5,car_north_peak_005,gNB_4G_2,-42,gNB_4G_1,-51,0.4096,1,15.0399,0,30.4197,28
76.5,ue_n043_0001,gNB_5G,-50,gNB_4G_2,-49,0.352256,2,19.6399,0,67.6643,28
76.5,ue_n042_0003,gNB_4G_2,-51,gNB_5G,-69,0.335872,0,-1,0,48.629,28
76.5,ue_n001_0001,gNB_4G_1,-38,gNB_5G,-69,0.589824,0,-1,0,68.159,28
76.5,ue_n001_0002,gNB_4G_1,-44,gNB_4G_2,-77,0.630784,0,-1,0,56.8179,28
76.5,ue_ujeongwon_0002,gNB_4G_1,-40,gNB_4G_2,-68,0.8192,0,-1,0,75.7278,28
76.5,ue_ujeongwon_0003,gNB_4G_1,-64,gNB_4G_2,-88,0.278528,0,-1,0,-8.77254,0
76.5,ue_n001_0003,gNB_4G_1,-42,gNB_4G_2,-63,0.548864,0,-1,0,66.434,28
76.5,car_north_base_001_rider,gNB_4G_1,-49,gNB_5G,-64,0.8192,0,-1,0,56.3835,28
76.5,car_north_base_002_rider,gNB_4G_1,-42,gNB_4G_2,-66,0.8192,0,-1,0,61.2375,28
76.5,ue_n043_0002,gNB_4G_2,-53,gNB_4G_1,-56,0.139264,3,13.8399,1,17.0639,28
76.5,ue_n001_0004,gNB_4G_1,-42,gNB_4G_2,-76,0.630784,0,-1,0,42.2839,28
76.5,ue_n043_0003,gNB_4G_2,-53,gNB_5G,-63,0.458752,1,27.0399,0,38.7507,28
76.5,car_north_base_003,gNB_4G_1,-41,gNB_5G,-65,0.581632,0,-1,0,77.058,19
76.5,ue_n042_0004,gNB_4G_2,-56,gNB_5G,-66,0.8192,0,-1,0,41.7978,28
76.5,car_north_base_004,gNB_4G_1,-44,gNB_4G_2,-64,0.139264,0,-1,0,50.4429,28
76.5,car_north_base_005,gNB_4G_1,-42,gNB_4G_2,-67,0.229376,0,-1,0,67.5587,28
76.5,ue_n043_0004,gNB_4G_2,-56,gNB_5G,-71,0.745472,1,1.03993,0,19.9242,28
76.5,car_north_base_006_rider,gNB_4G_1,-44,gNB_4G_2,-79,0.057344,0,-1,0,63.0414,28
77.5,ue_n042_0001,gNB_4G_2,-39,gNB_5G,-64,0.270336,0,-1,0,50.6284,28
77.5,car_north_peak_001,gNB_4G_2,-47,gNB_5G,-54,0.098304,1,33.2399,0,23.0463,24
77.5,car_north_peak_002_rider,gNB_4G_2,-45,gNB_5G,-54,0.311296,1,26.6399,0,33.8835,28
77.5,car_north_peak_003_rider,gNB_4G_2,-44,gNB_5G,-58,0.8192,1,21.4399,0,32.7062,28
77.5,ue_n042_0002,gNB_4G_2,-41,gNB_5G,-64,0.679936,0,-1,0,70.9433,28
77.5,ue_ujeongwon_0001,gNB_4G_1,-40,gNB_4G_2,-65,0.385024,0,-1,0,61.5157,21
77.5,car_north_peak_004,gNB_4G_2,-43,gNB_5G,-61,0.16384,1,19.4399,0,46.9885,25
77.5,car_north_peak_005,gNB_4G_2,-43,gNB_5G,-56,0.4096,1,16.0399,0,27.0781,28
77.5,ue_n043_0001,gNB_5G,-46,gNB_4G_2,-49,0.360448,2,20.6399,0,64.1184,28
77.5,ue_n042_0003,gNB_4G_2,-50,gNB_5G,-68,0.344064,0,-1,0,47.3706,28
77.5,ue_n001_0001,gNB_4G_1,-40,gNB_5G,-69,0.581632,0,-1,0,77.7545,28
77.5,ue_n001_0002,gNB_4G_1,-47,gNB_5G,-72,0.630784,0,-1,0,63.9121,28
77.5,ue_ujeongwon_0002,gNB_4G_1,-40,gNB_5G,-82,0.8192,0,-1,0,51.3532,28
77.5,ue_ujeongwon_0003,gNB_4G_1,-106,gNB_4G_2,-88,0.303104,0,-1,0,61.9358,28
77.5,ue_n001_0003,gNB_4G_1,-43,gNB_4G_2,-64,0.548864,0,-1,0,58.9743,28
77.5,car_north_base_001_rider,gNB_4G_1,-47,gNB_5G,-62,0.8192,0,-1,0,52.423,28
77.5,car_north_base_002_rider,gNB_4G_1,-42,gNB_5G,-66,0.8192,0,-1,0,66.5672,28
77.5,ue_n043_0002,gNB_4G_2,-54,gNB_4G_1,-62,0.147456,3,14.8399,1,57.6574,28
77.5,ue_n001_0004,gNB_4G_1,-43,gNB_5G,-81,0.622592,0,-1,0,56.8318,28
77.5,ue_n043_0003,gNB_4G_2,-53,gNB_5G,-61,0.458752,1,28.0399,0,59.2497,28
77.5,car_north_base_003,gNB_4G_1,-40,gNB_5G,-67,0.581632,0,-1,0,73.933,28
77.5,ue_n042_0004,gNB_4G_2,-54,gNB_5G,-67,0.8192,0,-1,0,40.9631,28
77.5,car_north_base_004,gNB_4G_1,-42,gNB_4G_2,-71,0.131072,0,-1,0,66.4532,28
77.5,car_north_base_005,gNB_4G_1,-45,gNB_4G_2,-63,0.229376,0,-1,0,68.8768,28
77.5,ue_n043_0004,gNB_4G_2,-57,gNB_4G_1,-69,0.73728,1,2.03993,0,50.4006,28
77.5,car_north_base_006_rider,gNB_4G_1,-44,gNB_4G_2,-77,0.131072,0,-1,0,66.798,28
78.5,ue_n042_0001,gNB_4G_2,-44,gNB_5G,-63,0.278528,0,-1,0,74.3128,28
78.5,car_north_peak_001,gNB_4G_2,-46,gNB_5G,-54,0.098304,1,34.2399,0,63.6926,28
78.5,car_north_peak_002_rider,gNB_4G_2,-44,gNB_5G,-50,0.319488,1,27.6399,0,24.9534,28
78.5,car_north_peak_003_rider,gNB_4G_2,-44,gNB_5G,-54,0.8192,1,22.4399,0,67.1022,28
78.5,ue_n042_0002,gNB_4G_2,-44,gNB_5G,-65,0.688128,0,-1,0,48.8115,28
78.5,ue_ujeongwon_0001,gNB_4G_1,-52,gNB_4G_2,-62,0.393216,0,-1,0,27.5926,28
78.5,car_north_peak_004,gNB_4G_2,-46,gNB_5G,-55,0.155648,1,20.4399,0,66.9819,28
78.5,car_north_peak_005,gNB_4G_2,-45,gNB_5G,-56,0.4096,1,17.0399,0,20.4527,28
78.5,ue_n043_0001,gNB_5G,-46,gNB_4G_2,-49,0.352256,2,21.6399,0,66.6918,28
78.5,ue_n042_0003,gNB_4G_2,-50,gNB_5G,-68,0.344064,0,-1,0,50.5078,28
78.5,ue_n001_0001,gNB_4G_1,-40,gNB_5G,-68,0.589824,0,-1,0,70.1269,28
78.5,ue_n001_0002,gNB_4G_1,-49,gNB_5G,-71,0.630784,0,-1,0,62.4134,27
78.5,ue_ujeongwon_0002,gNB_4G_1,-41,gNB_5G,-75,0.8192,0,-1,0,38.6329,28
78.5,ue_ujeongwon_0003,gNB_4G_1,-57,gNB_4G_2,-88,0.196608,0,-1,0,61.9306,28
78.5,ue_n001_0003,gNB_4G_1,-51,gNB_4G_2,-67,0.540672,0,-1,0,71.8067,28
78.5,car_north_base_001_rider,gNB_4G_1,-47,gNB_4G_2,-66,0.8192,0,-1,0,37.0593,28
78.5,car_north_base_002_rider,gNB_4G_1,-41,gNB_5G,-65,0.8192,0,-1,0,28.7303,28
78.5,ue_n043_0002,gNB_4G_2,-53,gNB_5G,-61,0.139264,3,15.8399,1,54.5638,26
78.5,ue_n001_0004,gNB_4G_1,-44,gNB_5G,-79,0.630784,0,-1,0,62.769,28
78.5,ue_n043_0003,gNB_4G_2,-51,gNB_5G,-59,0.45056,1,29.0399,0,46.4106,28
78.5,car_north_base_003,gNB_4G_1,-39,gNB_5G,-67,0.589824,0,-1,0,74.044,28
78.5,ue_n042_0004,gNB_4G_2,-54,gNB_5G,-68,0.8192,0,-1,0,38.448,28
78.5,car_north_base_004,gNB_4G_1,-38,gNB_5G,-77,0.139264,0,-1,0,73.4083,28
78.5,car_north_base_005,gNB_4G_1,-45,gNB_4G_2,-63,0.221184,0,-1,0,29.4893,28
78.5,ue_n043_0004,gNB_4G_2,-60,gNB_4G_1,-69,0.745472,1,3.03993,0,56.3682,28
78.5,car_north_base_006_rider,gNB_4G_1,-45,gNB_4G_2,-78,0.131072,0,-1,0,35.2991,28
78.5,ue_n043_0005,gNB_4G_2,-66,gNB_5G,-71,0.229376,1,0.0399284,0,50.2244,28
79.5,ue_n042_0001,gNB_4G_2,-45,gNB_5G,-63,0.270336,0,-1,0,69.6724,28
79.5,car_north_peak_001,gNB_4G_2,-47,gNB_5G,-54,0.090112,1,35.2399,0,17.0079,22
79.5,car_north_peak_002_rider,gNB_4G_2,-44,gNB_5G,-52,0.311296,1,28.6399,0,68.8415,28
79.5,car_north_peak_003_rider,gNB_4G_2,-44,gNB_5G,-52,0.8192,1,23.4399,0,64.9558,28
79.5,ue_n042_0002,gNB_4G_2,-44,gNB_5G,-70,0.679936,0,-1,0,67.1605,28
79.5,ue_ujeongwon_0001,gNB_4G_1,-43,gNB_4G_2,-67,0.393216,0,-1,0,37.442,28
79.5,car_north_peak_004,gNB_4G_2,-44,gNB_5G,-57,0.16384,1,21.4399,0,46.8008,28
79.5,car_north_peak_005,gNB_4G_2,-46,gNB_5G,-59,0.4096,1,18.0399,0,66.0698,28
79.5,ue_n043_0001,gNB_5G,-47,gNB_4G_2,-50,0.360448,2,22.6399,0,64.174,28
79.5,ue_n042_0003,gNB_4G_2,-50,gNB_5G,-61,0.335872,0,-1,0,65.6467,28
79.5,ue_n001_0001,gNB_4G_1,-39,gNB_5G,-70,0.581632,0,-1,0,48.2763,19
79.5,ue_n001_0002,gNB_4G_1,-49,gNB_5G,-69,0.630784,0,-1,0,61.0499,28
79.5,ue_ujeongwon_0002,gNB_4G_1,-40,gNB_4G_2,-70,0.8192,0,-1,0,35.8765,28
79.5,ue_ujeongwon_0003,gNB_4G_1,-44,gNB_4G_2,-87,0.139264,0,-1,0,58.7619,28
79.5,ue_n001_0003,gNB_4G_1,-39,gNB_4G_2,-65,0.548864,0,-1,0,43.5615,28
79.5,car_north_base_001_rider,gNB_4G_1,-49,gNB_5G,-59,0.663552,0,-1,0,61.5151,28
79.5,car_north_base_002_rider,gNB_4G_1,-45,gNB_5G,-65,0.8192,0,-1,0,63.304,28
79.5,ue_n043_0002,gNB_4G_2,-56,gNB_5G,-65,0.139264,3,16.8399,1,58.3318,28
79.5,ue_n001_0004,gNB_4G_1,-47,gNB_5G,-79,0.630784,0,-1,0,66.8362,28
79.5,ue_n043_0003,gNB_4G_2,-51,gNB_5G,-58,0.45056,1,30.0399,0,20.8326,16
79.5,car_north_base_003,gNB_4G_1,-36,gNB_5G,-81,0.581632,0,-1,0,71.6499,28
79.5,ue_n042_0004,gNB_4G_2,-55,gNB_5G,-70,0.8192,0,-1,0,35.6249,28
79.5,car_north_base_004,gNB_4G_1,-38,gNB_5G,-76,0.131072,0,-1,0,61.3005,28
79.5,car_north_base_005,gNB_4G_1,-45,gNB_4G_2,-62,0.229376,0,-1,0,73.5842,28
79.5,ue_n043_0004,gNB_4G_2,-56,gNB_4G_1,-68,0.745472,1,4.03993,0,53.945,28
79.5,car_north_base_006_rider,gNB_4G_1,-46,gNB_4G_2,-76,0.12288,0,-1,0,38.3064,28
79.5,ue_n043_0005,gNB_4G_2,-64,gNB_5G,-70,0.483328,1,1.03993,0,50.4006,28
80.5,ue_n042_0001,gNB_4G_2,-40,gNB_5G,-62,0.270336,0,-1,0,61.8479,28
80.5,car_north_peak_001,gNB_4G_2,-46,gNB_5G,-54,0.098304,1,36.2399,0,24.2022,26
80.5,car_north_peak_002_rider,gNB_4G_2,-42,gNB_5G,-52,0.319488,1,29.6399,0,66.2298,27
80.5,car_north_peak_003_rider,gNB_4G_2,-45,gNB_5G,-55,0.8192,1,24.4399,0,29.4374,26
80.5,ue_n042_0002,gNB_4G_2,-39,gNB_5G,-64,0.679936,0,-1,0,67.8864,28
80.5,ue_ujeongwon_0001,gNB_4G_1,-44,gNB_5G,-75,0.385024,0,-1,0,66.276,28
80.5,car_north_peak_004,gNB_4G_2,-42,gNB_5G,-60,0.16384,1,22.4399,0,66.748,28
80.5,car_north_peak_005,gNB_4G_2,-45,gNB_5G,-54,0.4096,1,19.0399,0,42.7082,4
80.5,ue_n043_0001,gNB_5G,-50,gNB_4G_2,-49,0.352256,2,23.6399,0,64.2563,28
80.5,ue_n042_0003,gNB_4G_2,-46,gNB_5G,-61,0.344064,0,-1,0,52.1347,28
80.5,ue_n001_0001,gNB_4G_1,-39,gNB_5G,-70,0.589824,0,-1,0,74.3096,28
80.5,ue_n001_0002,gNB_4G_1,-48,gNB_5G,-68,0.630784,0,-1,0,42.9942,28
80.5,ue_ujeongwon_0002,gNB_4G_1,-39,gNB_4G_2,-73,0.8192,0,-1,0,52.3929,28
80.5,ue_ujeongwon_0003,gNB_4G_1,-38,gNB_4G_2,-86,0.344064,0,-1,0,51.4168,28
80.5,ue_n001_0003,gNB_4G_1,-39,gNB_5G,-76,0.548864,0,-1,0,67.1322,28
80.5,car_north_base_001_rider,gNB_4G_1,-50,gNB_4G_2,-47,0.802816,0,-1,0,62.7104,28
80.5,car_north_base_002_rider,gNB_4G_1,-45,gNB_5G,-61,0.8192,0,-1,0,64.9017,28
80.5,ue_n043_0002,gNB_4G_2,-52,gNB_5G,-64,0.139264,3,17.8399,1,31.5915,28
80.5,ue_n001_0004,gNB_4G_1,-49,gNB_5G,-85,0.630784,0,-1,0,65.5956,28
80.5,ue_n043_0003,gNB_4G_2,-54,gNB_5G,-57,0.417792,1,31.0399,0,57.501,28
80.5,car_north_base_003,gNB_4G_1,-37,gNB_4G_2,-83,0.589824,0,-1,0,71.2406,28
80.5,ue_n042_0004,gNB_4G_2,-58,gNB_5G,-73,0.8192,0,-1,0,39.7744,28
80.5,car_north_base_004,gNB_4G_1,-43,gNB_5G,-74,0.131072,0,-1,0,53.4155,28
80.5,car_north_base_005,gNB_4G_1,-44,gNB_4G_2,-72,0.229376,0,-1,0,63.8254,28
80.5,ue_n043_0004,gNB_4G_2,-56,gNB_4G_1,-62,0.729088,1,5.03993,0,56.134,10
80.5,car_north_base_006_rider,gNB_4G_1,-49,gNB_5G,-77,0.131072,0,-1,0,56.3372,28
80.5,ue_n043_0005,gNB_4G_2,-60,gNB_5G,-70,0.475136,1,2.03993,0,53.9403,28
81.5,ue_n042_0001,gNB_4G_2,-51,gNB_5G,-61,0.278528,0,-1,0,60.3025,28
81.5,car_north_peak_001,gNB_4G_2,-50,gNB_5G,-55,0.098304,1,37.2399,0,62.7545,28
81.5,car_north_peak_002_rider,gNB_4G_2,-44,gNB_5G,-53,0.311296,1,30.6399,0,24.1196,28
81.5,car_north_peak_003_rider,gNB_4G_2,-43,gNB_5G,-57,0.8192,1,25.4399,0,65.87,28
81.5,ue_n042_0002,gNB_4G_2,-44,gNB_5G,-63,0.688128,0,-1,0,72.6133,28
81.5,ue_ujeongwon_0001,gNB_4G_1,-44,gNB_4G_2,-64,0.393216,0,-1,0,68.4576,28
81.5,car_north_peak_004,gNB_4G_2,-44,gNB_5G,-56,0.155648,1,23.4399,0,66.6778,28
81.5,car_north_peak_005,gNB_4G_2,-41,gNB_5G,-60,0.4096,1,20.0399,0,71.4764,28
81.5,ue_n043_0001,gNB_5G,-47,gNB_4G_2,-50,0.360448,2,24.6399,0,67.501,28
81.5,ue_n042_0003,gNB_4G_2,-44,gNB_5G,-63,0.344064,0,-1,0,70.6543,28
81.5,ue_n001_0001,gNB_4G_1,-39,gNB_5G,-70,0.581632,0,-1,0,55.4893,28
81.5,ue_n001_0002,gNB_4G_1,-47,gNB_5G,-68,0.630784,0,-1,0,31.8352,28
81.5,ue_ujeongwon_0002,gNB_4G_1,-40,gNB_5G,-75,0.8192,0,-1,0,49.3776,28
81.5,ue_ujeongwon_0003,gNB_4G_1,-40,gNB_4G_2,-79,0.344064,0,-1,0,36.3191,28
81.5,ue_n001_0003,gNB_4G_1,-44,gNB_5G,-80,0.540672,0,-1,0,48.7168,28
81.5,car_north_base_001_rider,gNB_4G_2,-45,gNB_4G_1,-48,0.802816,1,0.839928,0,69.0164,28
81.5,car_north_base_002_rider,gNB_4G_1,-45,gNB_5G,-63,0.8192,0,-1,0,31.818,28
81.5,ue_n043_0002,gNB_4G_2,-52,gNB_5G,-63,0.131072,3,18.8399,1,11.4531,28
81.5,ue_n001_0004,gNB_4G_1,-46,gNB_5G,-87,0.630784,0,-1,0,68.5922,28
81.5,ue_n043_0003,gNB_4G_2,-53,gNB_5G,-56,0.393216,1,32.0399,0,56.4147,28
81.5,car_north_base_003,gNB_4G_1,-40,gNB_4G_2,-83,0.581632,0,-1,0,69.9632,7
81.5,ue_n042_0004,gNB_4G_2,-58,gNB_5G,-73,0.8192,0,-1,0,55.4607,28
81.5,car_north_base_004,gNB_4G_1,-40,gNB_4G_2,-83,0.139264,0,-1,0,72.2921,28
81.5,car_north_base_005,gNB_4G_1,-40,gNB_5G,-73,0.229376,0,-1,0,72.3711,28
81.5,ue_n043_0004,gNB_4G_2,-55,gNB_4G_1,-58,0.73728,1,6.03993,0,3.60905,28
81.5,car_north_base_006_rider,gNB_4G_1,-51,gNB_5G,-78,0.12288,0,-1,0,33.182,28
81.5,ue_n043_0005,gNB_4G_2,-56,gNB_4G_1,-68,0.475136,1,3.03993,0,54.0464,28
82.5,ue_n042_0001,gNB_4G_2,-41,gNB_5G,-62,0.270336,0,-1,0,65.5352,28
82.5,car_north_peak_001,gNB_4G_2,-48,gNB_5G,-52,0.098304,1,38.2399,0,14.8445,19
82.5,car_north_peak_002_rider,gNB_4G_2,-45,gNB_5G,-54,0.319488,1,31.6399,0,66.1379,28
82.5,car_north_peak_003_rider,gNB_4G_2,-45,gNB_5G,-56,0.8192,1,26.4399,0,14.8918,19
82.5,ue_n042_0002,gNB_4G_2,-45,gNB_5G,-63,0.679936,0,-1,0,52.2239,28
82.5,ue_ujeongwon_0001,gNB_4G_1,-42,gNB_4G_2,-62,0.385024,0,-1,0,23.4428,25
82.5,car_north_peak_004,gNB_4G_2,-44,gNB_5G,-53,0.16384,1,24.4399,0,65.4354,28
82.5,car_north_peak_005,gNB_4G_2,-39,gNB_5G,-51,0.4096,1,21.0399,0,69.3115,28
82.5,ue_n043_0001,gNB_5G,-47,gNB_4G_2,-50,0.352256,2,25.6399,0,66.5761,28
82.5,ue_n042_0003,gNB_4G_2,-44,gNB_5G,-62,0.335872,0,-1,0,71.2224,28
82.5,ue_n001_0001,gNB_4G_1,-37,gNB_5G,-70,0.581632,0,-1,0,57.7362,28
82.5,ue_n001_0002,gNB_4G_1,-47,gNB_5G,-69,0.630784,0,-1,0,37.7381,28
82.5,ue_ujeongwon_0002,gNB_4G_1,-42,gNB_5G,-76,0.8192,0,-1,0,49.263,28
82.5,ue_ujeongwon_0003,gNB_4G_1,-39,gNB_4G_2,-70,0.335872,0,-1,0,48.2955,28
82.5,ue_n001_0003,gNB_4G_1,-41,gNB_4G_2,-83,0.548864,0,-1,0,54.237,28
82.5,car_north_base_001_rider,gNB_4G_2,-42,gNB_4G_1,-51,0.827392,1,1.83993,0,46.4164,28
82.5,car_north_base_002_rider,gNB_4G_1,-45,gNB_5G,-63,0.8192,0,-1,0,44.6362,28
82.5,ue_n043_0002,gNB_4G_2,-55,gNB_4G_1,-59,0.139264,3,19.8399,1,54.8701,28
82.5,ue_n001_0004,gNB_4G_1,-49,gNB_5G,-94,0.630784,0,-1,0,61.2619,28
82.5,ue_n043_0003,gNB_4G_2,-55,gNB_5G,-55,0.49152,1,33.0399,0,54.2293,28
82.5,car_north_base_003,gNB_4G_1,-41,gNB_4G_2,-84,0.589824,0,-1,0,66.4793,28
82.5,ue_n042_0004,gNB_4G_2,-55,gNB_5G,-71,0.8192,0,-1,0,40.916,28
82.5,car_north_base_004,gNB_4G_1,-40,gNB_4G_2,-84,0.131072,0,-1,0,44.187,15
82.5,car_north_base_005,gNB_4G_1,-38,gNB_5G,-79,0.229376,0,-1,0,70.4134,28
82.5,ue_n043_0004,gNB_4G_2,-55,gNB_4G_1,-56,0.753664,1,7.03993,0,55.7051,28
82.5,car_north_base_006_rider,gNB_4G_1,-49,gNB_5G,-75,0.131072,0,-1,0,39.1894,28
82.5,ue_n043_0005,gNB_4G_2,-56,gNB_4G_1,-62,0.483328,1,4.03993,0,56.2933,28
83.5,ue_n042_0001,gNB_4G_2,-42,gNB_5G,-64,0.270336,0,-1,0,69.6722,28
83.5,car_north_peak_001,gNB_4G_2,-46,gNB_5G,-56,0.098304,1,39.2399,0,13.3473,11
83.5,car_north_peak_002_rider,gNB_4G_2,-45,gNB_5G,-64,0.311296,1,32.6399,0,35.1673,28
83.5,car_north_peak_003_rider,gNB_4G_2,-41,gNB_5G,-57,0.8192,1,27.4399,0,32.9087,28
83.5,ue_n042_0002,gNB_4G_2,-40,gNB_5G,-62,0.679936,0,-1,0,42.7101,28
83.5,ue_ujeongwon_0001,gNB_4G_1,-45,gNB_4G_2,-63,0.393216,0,-1,0,25.1985,28
83.5,car_north_peak_004,gNB_4G_2,-45,gNB_5G,-53,0.155648,1,25.4399,0,18.9297,28
83.5,car_north_peak_005,gNB_4G_2,-41,gNB_5G,-60,0.4096,1,22.0399,0,28.5306,28
83.5,ue_n043_0001,gNB_5G,-49,gNB_4G_2,-49,0.360448,2,26.6399,0,66.2829,28
83.5,ue_n042_0003,gNB_4G_2,-44,gNB_5G,-62,0.344064,0,-1,0,54.2536,28
83.5,ue_n001_0001,gNB_4G_1,-37,gNB_5G,-69,0.589824,0,-1,0,56.1641,28
83.5,ue_n001_0002,gNB_4G_1,-48,gNB_5G,-72,0.630784,0,-1,0,64.3224,28
83.5,ue_ujeongwon_0002,gNB_4G_1,-42,gNB_5G,-72,0.8192,0,-1,0,54.3374,28
83.5,ue_ujeongwon_0003,gNB_4G_1,-39,gNB_4G_2,-84,0.344064,0,-1,0,50.5483,28
83.5,ue_n001_0003,gNB_4G_1,-38,gNB_5G,-79,0.548864,0,-1,0,55.9882,28
83.5,car_north_base_001_rider,gNB_4G_2,-47,gNB_5G,-57,0.8192,1,2.83993,0,20.367,28
83.5,car_north_base_002_rider,gNB_4G_1,-49,gNB_5G,-61,0.712704,0,-1,0,54.508,28
83.5,ue_n043_0002,gNB_4G_2,-55,gNB_4G_1,-57,0.139264,3,20.8399,1,57.9518,28
83.5,ue_n001_0004,gNB_4G_1,-55,gNB_5G,-82,0.630784,0,-1,0,61.9041,28
83.5,ue_n043_0003,gNB_4G_2,-56,gNB_5G,-54,0.45056,1,34.0399,0,56.5142,28
83.5,car_north_base_003,gNB_4G_1,-40,gNB_5G,-86,0.581632,0,-1,0,64.2907,22
83.5,ue_n042_0004,gNB_4G_2,-53,gNB_5G,-71,0.8192,0,-1,0,42.086,28
83.5,car_north_base_004,gNB_4G_1,-38,gNB_4G_2,-83,0.139264,0,-1,0,65.4812,28
83.5,car_north_base_005,gNB_4G_1,-42,gNB_5G,-81,0.221184,0,-1,0,76.8367,28
83.5,ue_n043_0004,gNB_4G_2,-55,gNB_4G_1,-55,0.73728,1,8.03993,0,18.4243,12
83.5,car_north_base_006_rider,gNB_4G_1,-46,gNB_5G,-74,0.131072,0,-1,0,32.1557,28
83.5,ue_n043_0005,gNB_4G_2,-55,gNB_4G_1,-58,0.483328,1,5.03993,0,51.8897,28
83.5,ue_ujeongwon_0004,gNB_4G_1,-61,gNB_5G,-78,0.057344,0,-1,0,52.3939,28
84.5,ue_n042_0001,gNB_4G_2,-39,gNB_5G,-58,0.278528,0,-1,0,63.9016,28
84.5,car_north_peak_001,gNB_4G_2,-49,gNB_5G,-55,0.090112,1,40.2399,0,64.3428,28
84.5,car_north_peak_002_rider,gNB_4G_2,-47,gNB_5G,-58,0.311296,1,33.6399,0,66.4665,28
84.5,car_north_peak_003_rider,gNB_4G_2,-42,gNB_5G,-54,0.8192,1,28.4399,0,66.4171,28
84.5,ue_n042_0002,gNB_4G_2,-51,gNB_5G,-61,0.688128,0,-1,0,56.0525,28
84.5,ue_ujeongwon_0001,gNB_4G_1,-46,gNB_4G_2,-66,0.393216,0,-1,0,26.5463,28
84.5,car_north_peak_004,gNB_4G_2,-45,gNB_5G,-52,0.16384,1,26.4399,0,66.8656,28
84.5,car_north_peak_005,gNB_4G_2,-43,gNB_5G,-55,0.4096,1,23.0399,0,66.1726,28
84.5,ue_n043_0001,gNB_5G,-51,gNB_4G_2,-51,0.352256,2,27.6399,0,64.9426,28
84.5,ue_n042_0003,gNB_4G_2,-41,gNB_5G,-61,0.344064,0,-1,0,66.2555,28
84.5,ue_n001_0001,gNB_4G_1,-38,gNB_5G,-69,0.581632,0,-1,0,74.3466,28
84.5,ue_n001_0002,gNB_4G_1,-53,gNB_5G,-69,0.630784,0,-1,0,30.0423,28
84.5,ue_ujeongwon_0002,gNB_4G_1,-39,gNB_5G,-82,0.8192,0,-1,0,47.699,28
84.5,ue_ujeongwon_0003,gNB_4G_1,-39,gNB_4G_2,-78,0.344064,0,-1,0,33.3672,28
84.5,ue_n001_0003,gNB_4G_1,-40,gNB_5G,-78,0.540672,0,-1,0,62.3943,28
84.5,car_north_base_001_rider,gNB_4G_2,-43,gNB_4G_1,-51,0.8192,1,3.83993,0,65.4935,28
84.5,car_north_base_002_rider,gNB_4G_2,-44,gNB_4G_1,-49,0.65536,1,0.439928,0,62.2097,28
84.5,ue_n043_0002,gNB_4G_2,-53,gNB_4G_1,-58,0.139264,3,21.8399,1,56.6805,28
84.5,ue_n001_0004,gNB_4G_1,-44,gNB_5G,-78,0.630784,0,-1,0,56.438,28
84.5,ue_n043_0003,gNB_4G_2,-53,gNB_5G,-51,0.45056,1,35.0399,0,58.1034,28
84.5,car_north_base_003,gNB_4G_1,-41,gNB_4G_2,-69,0.581632,0,-1,0,66.9681,28
84.5,ue_n042_0004,gNB_4G_2,-53,gNB_5G,-68,0.8192,0,-1,0,59.6421,28
84.5,car_north_base_004,gNB_4G_1,-40,gNB_4G_2,-82,0.131072,0,-1,0,50.2719,28
84.5,car_north_base_005,gNB_4G_1,-40,gNB_4G_2,-83,0.229376,0,-1,0,54.6719,28
84.5,ue_n043_0004,gNB_4G_2,-54,gNB_4G_1,-65,0.753664,1,9.03993,0,56.7667,28
84.5,car_north_base_006_rider,gNB_4G_1,-51,gNB_4G_2,-74,0.12288,0,-1,0,63.1017,28
84.5,ue_n043_0005,gNB_4G_2,-54,gNB_4G_1,-59,0.483328,1,6.03993,0,55.7051,28
84.5,ue_ujeongwon_0004,gNB_4G_1,-57,gNB_5G,-78,0.114688,0,-1,0,34.309,28
85.5,ue_n042_0001,gNB_4G_2,-38,gNB_5G,-65,0.270336,0,-1,0,67.6158,28
85.5,car_north_peak_001,gNB_4G_2,-46,gNB_4G_1,-55,0.098304,1,41.2399,0,64.757,28
85.5,car_north_peak_002_rider,gNB_4G_2,-45,gNB_5G,-54,0.319488,1,34.6399,0,48.6671,28
85.5,car_north_peak_003_rider,gNB_4G_2,-44,gNB_5G,-56,0.8192,1,29.4399,0,65.7169,28
85.5,ue_n042_0002,gNB_4G_2,-41,gNB_5G,-62,0.679936,0,-1,0,46.4639,28
85.5,ue_ujeongwon_0001,gNB_4G_1,-43,gNB_4G_2,-64,0.385024,0,-1,0,59.2036,28
85.5,car_north_peak_004,gNB_4G_2,-44,gNB_5G,-57,0.16384,1,27.4399,0,67.0602,28
85.5,car_north_peak_005,gNB_4G_2,-45,gNB_5G,-50,0.4096,1,24.0399,0,69.9973,28
85.5,ue_n043_0001,gNB_5G,-50,gNB_4G_2,-50,0.360448,2,28.6399,0,65.0557,28
85.5,ue_n042_0003,gNB_4G_2,-43,gNB_5G,-62,0.335872,0,-1,0,69.7894,28
85.5,ue_n001_0001,gNB_4G_1,-38,gNB_5G,-68,0.589824,0,-1,0,52.7048,26
85.5,ue_n001_0002,gNB_4G_1,-50,gNB_5G,-68,0.630784,0,-1,0,26.3914,28
85.5,ue_ujeongwon_0002,gNB_4G_1,-39,gNB_5G,-78,0.8192,0,-1,0,48.6,28
85.5,ue_ujeongwon_0003,gNB_4G_1,-36,gNB_4G_2,-66,0.335872,0,-1,0,32.8795,28
85.5,ue_n001_0003,gNB_4G_1,-44,gNB_5G,-79,0.548864,0,-1,0,43.2641,28
85.5,car_north_base_001_rider,gNB_4G_2,-44,gNB_4G_1,-57,0.8192,1,4.83993,0,66.8625,28
85.5,car_north_base_002_rider,gNB_4G_2,-45,gNB_4G_1,-49,0.811008,1,1.43993,0,11.859,12
85.5,ue_n043_0002,gNB_4G_2,-54,gNB_4G_1,-59,0.139264,3,22.8399,1,58.6968,28
85.5,ue_n001_0004,gNB_4G_1,-40,gNB_5G,-78,0.630784,0,-1,0,63.8469,28
85.5,ue_n043_0003,gNB_5G,-46,gNB_4G_2,-53,0.45056,2,0.839928,0,65.9602,28
85.5,car_north_base_003,gNB_4G_1,-43,gNB_4G_2,-70,0.589824,0,-1,0,62.4944,15
85.5,ue_n042_0004,gNB_4G_2,-52,gNB_5G,-70,0.8192,0,-1,0,58.4839,28
85.5,car_north_base_004,gNB_4G_1,-38,gNB_5G,-74,0.131072,0,-1,0,71.3303,13
85.5,car_north_base_005,gNB_4G_1,-39,gNB_4G_2,-82,0.229376,0,-1,0,70.598,12
85.5,ue_n043_0004,gNB_4G_2,-54,gNB_4G_1,-65,0.73728,1,10.0399,0,10.0953,27
85.5,car_north_base_006_rider,gNB_4G_1,-44,gNB_4G_2,-65,0.131072,0,-1,0,27.9256,23
85.5,ue_n043_0005,gNB_4G_2,-55,gNB_4G_1,-56,0.475136,1,7.03993,0,56.8413,28
85.5,ue_ujeongwon_0004,gNB_4G_1,-55,gNB_5G,-73,0.12288,0,-1,0,29.1175,28
86.5,ue_n042_0001,gNB_4G_2,-43,gNB_5G,-62,0.270336,0,-1,0,70.9032,28
86.5,car_north_peak_001,gNB_4G_2,-46,gNB_4G_1,-55,0.098304,1,42.2399,0,61.5321,28
86.5,car_north_peak_002_rider,gNB_4G_2,-44,gNB_5G,-59,0.311296,1,35.6399,0,43.9303,28
86.5,car_north_peak_003_rider,gNB_4G_2,-45,gNB_5G,-53,0.8192,1,30.4399,0,65.3917,28
86.5,ue_n042_0002,gNB_4G_2,-42,gNB_5G,-64,0.679936,0,-1,0,52.058,28
86.5,ue_ujeongwon_0001,gNB_4G_1,-50,gNB_4G_2,-74,0.393216,0,-1,0,59.6827,28
86.5,car_north_peak_004,gNB_4G_2,-44,gNB_5G,-54,0.155648,1,28.4399,0,65.6952,28
86.5,car_north_peak_005,gNB_4G_2,-41,gNB_5G,-51,0.4096,1,25.0399,0,69.977,28
86.5,ue_n043_0001,gNB_5G,-49,gNB_4G_2,-49,0.352256,2,29.6399,0,64.6255,28
86.5,ue_n042_0003,gNB_4G_2,-41,gNB_5G,-65,0.344064,0,-1,0,63.0728,28
86.5,ue_n001_0001,gNB_4G_1,-38,gNB_5G,-71,0.581632,0,-1,0,57.1909,28
86.5,ue_n001_0002,gNB_4G_1,-48,gNB_5G,-67,0.630784,0,-1,0,60.7289,28
86.5,ue_ujeongwon_0002,gNB_4G_1,-41,gNB_5G,-81,0.8192,0,-1,0,45.2275,28
86.5,ue_ujeongwon_0003,gNB_4G_1,-39,gNB_4G_2,-67,0.344064,0,-1,0,49.3886,28
86.5,ue_n001_0003,gNB_4G_1,-42,gNB_5G,-75,0.548864,0,-1,0,52.4278,28
86.5,car_north_base_001_rider,gNB_4G_2,-44,gNB_4G_1,-51,0.8192,1,5.83993,0,68.1463,28
86.5,car_north_base_002_rider,gNB_4G_2,-45,gNB_4G_1,-51,0.827392,1,2.43993,0,43.3841,28
86.5,ue_n043_0002,gNB_4G_2,-52,gNB_4G_1,-63,0.147456,3,23.8399,1,34.0941,19
86.5,ue_n001_0004,gNB_4G_1,-46,gNB_5G,-92,0.630784,0,-1,0,64.2941,28
86.5,ue_n043_0003,gNB_5G,-45,gNB_4G_2,-55,0.458752,2,1.83993,0,65.2437,28
86.5,car_north_base_003,gNB_4G_1,-42,gNB_4G_2,-78,0.581632,0,-1,0,24.7234,28
86.5,ue_n042_0004,gNB_4G_2,-52,gNB_5G,-67,0.8192,0,-1,0,58.8615,28
86.5,car_north_base_004,gNB_4G_1,-40,gNB_5G,-66,0.139264,0,-1,0,63.5681,13
86.5,car_north_base_005,gNB_4G_1,-37,gNB_4G_2,-83,0.229376,0,-1,0,74.816,28
86.5,ue_n043_0004,gNB_4G_2,-55,gNB_4G_1,-66,0.753664,1,11.0399,0,32.6938,15
86.5,car_north_base_006_rider,gNB_4G_1,-49,gNB_4G_2,-66,0.131072,0,-1,0,22.8108,28
86.5,ue_n043_0005,gNB_4G_2,-54,gNB_4G_1,-69,0.483328,1,8.03993,0,13.0001,16
86.5,ue_ujeongwon_0004,gNB_4G_1,-55,gNB_5G,-78,0.114688,0,-1,0,28.6946,28
87.5,ue_n042_0001,gNB_4G_2,-41,gNB_5G,-62,0.278528,0,-1,0,70.3826,28
87.5,car_north_peak_001,gNB_4G_2,-48,gNB_5G,-54,0.098304,1,43.2399,0,63.5324,28
87.5,car_north_peak_002_rider,gNB_4G_2,-46,gNB_5G,-53,0.319488,1,36.6399,0,63.1676,28
87.5,car_north_peak_003_rider,gNB_4G_2,-45,gNB_5G,-52,0.8192,1,31.4399,0,66.408,28
87.5,ue_n042_0002,gNB_4G_2,-39,gNB_5G,-58,0.688128,0,-1,0,52.9769,28
87.5,ue_ujeongwon_0001,gNB_4G_1,-47,gNB_4G_2,-72,0.393216,0,-1,0,57.2319,28
87.5,car_north_peak_004,gNB_4G_2,-45,gNB_5G,-54,0.16384,1,29.4399,0,65.0831,28
87.5,car_north_peak_005,gNB_4G_2,-41,gNB_5G,-58,0.4096,1,26.0399,0,68.2864,28
87.5,ue_n043_0001,gNB_5G,-47,gNB_4G_2,-49,0.360448,2,30.6399,0,65.2046,28
87.5,ue_n042_0003,gNB_4G_2,-39,gNB_5G,-69,0.335872,0,-1,0,65.7151,28
87.5,ue_n001_0001,gNB_4G_1,-37,gNB_5G,-70,0.589824,0,-1,0,51.0273,28
87.5,ue_n001_0002,gNB_4G_1,-47,gNB_5G,-71,0.622592,0,-1,0,29.0857,28
87.5,ue_ujeongwon_0002,gNB_4G_1,-41,gNB_5G,-79,0.8192,0,-1,0,46.5656,28
87.5,ue_ujeongwon_0003,gNB_4G_1,-38,gNB_4G_2,-83,0.344064,0,-1,0,53.485,28
87.5,ue_n001_0003,gNB_4G_1,-42,gNB_5G,-80,0.540672,0,-1,0,66.8849,28
87.5,car_north_base_001_rider,gNB_4G_2,-43,gNB_4G_1,-49,0.8192,1,6.83993,0,69.2012,28
87.5,car_north_base_002_rider,gNB_4G_2,-43,gNB_5G,-61,0.745472,1,3.43993,0,67.1403,28
87.5,ue_n043_0002,gNB_4G_2,-54,gNB_5G,-64,0.139264,3,24.8399,1,59.2379,28
87.5,ue_n001_0004,gNB_4G_1,-43,gNB_5G,-79,0.630784,0,-1,0,68.2353,28
87.5,ue_n043_0003,gNB_5G,-50,gNB_4G_2,-52,0.45056,2,2.83993,0,66.4064,28
87.5,car_north_base_003,gNB_4G_1,-51,gNB_4G_2,-70,0.589824,0,-1,0,63.0495,28
87.5,ue_n042_0004,gNB_4G_2,-52,gNB_5G,-73,0.8192,0,-1,0,58.7376,28
87.5,car_north_base_004,gNB_4G_1,-40,gNB_5G,-67,0.131072,0,-1,0,49.7494,28
87.5,car_north_base_005,gNB_4G_1,-36,gNB_5G,-81,0.221184,0,-1,0,72.0917,28
87.5,ue_n043_0004,gNB_4G_2,-55,gNB_5G,-69,0.73728,1,12.0399,0,51.7348,28
87.5,car_north_base_006_rider,gNB_4G_1,-57,gNB_4G_2,-67,0.12288,0,-1,0,67.7384,28
87.5,ue_n043_0005,gNB_4G_2,-54,gNB_4G_1,-66,0.483328,1,9.03993,0,55.6199,28
87.5,ue_ujeongwon_0004,gNB_4G_1,-55,gNB_4G_2,-78,0.12288,0,-1,0,30.7949,27
87.5,ue_ujeongwon_0005,gNB_4G_1,-61,gNB_5G,-78,0.139264,0,-1,0,20.1497,26
88.5,ue_n042_0001,gNB_4G_2,-40,gNB_5G,-60,0.270336,0,-1,0,67.6031,28
88.5,car_north_peak_001,gNB_4G_2,-45,gNB_5G,-53,0.090112,1,44.2399,0,18.1181,25
88.5,car_north_peak_002_rider,gNB_4G_2,-47,gNB_5G,-53,0.311296,1,37.6399,0,15.7166,28
88.5,car_north_peak_003_rider,gNB_4G_2,-44,gNB_5G,-54,0.8192,1,32.4399,0,64.1995,28
88.5,ue_n042_0002,gNB_4G_2,-39,gNB_5G,-65,0.679936,0,-1,0,69.8792,28
88.5,ue_ujeongwon_0001,gNB_4G_1,-52,gNB_4G_2,-68,0.385024,0,-1,0,28.17,28
88.5,car_north_peak_004,gNB_4G_2,-46,gNB_5G,-54,0.155648,1,30.4399,0,67.9826,28
88.5,car_north_peak_005,gNB_4G_2,-43,gNB_5G,-53,0.4096,1,27.0399,0,67.3504,28
88.5,ue_n043_0001,gNB_5G,-46,gNB_4G_2,-50,0.352256,2,31.6399,0,64.0639,28
88.5,ue_n042_0003,gNB_4G_2,-43,gNB_5G,-72,0.344064,0,-1,0,68.3421,28
88.5,ue_n001_0001,gNB_4G_1,-42,gNB_5G,-68,0.581632,0,-1,0,51.4157,28
88.5,ue_n001_0002,gNB_4G_1,-47,gNB_5G,-71,0.630784,0,-1,0,58.0481,28
88.5,ue_ujeongwon_0002,gNB_4G_1,-41,gNB_5G,-79,0.8192,0,-1,0,38.1618,28
88.5,ue_ujeongwon_0003,gNB_4G_1,-39,gNB_4G_2,-83,0.335872,0,-1,0,50.0795,28
88.5,ue_n001_0003,gNB_4G_1,-39,gNB_5G,-76,0.548864,0,-1,0,44.4677,28
88.5,car_north_base_001_rider,gNB_4G_2,-42,gNB_4G_1,-53,0.8192,1,7.83993,0,62.3059,28
88.5,car_north_base_002_rider,gNB_4G_2,-43,gNB_4G_1,-48,0.876544,1,4.43993,0,13.0733,18
88.5,ue_n043_0002,gNB_4G_2,-51,gNB_5G,-65,0.139264,3,25.8399,1,59.3255,28
88.5,ue_n001_0004,gNB_4G_1,-45,gNB_4G_2,-103,0.630784,0,-1,0,37.4279,28
88.5,ue_n043_0003,gNB_5G,-51,gNB_4G_2,-50,0.458752,2,3.83993,0,68.2649,28
88.5,car_north_base_003,gNB_4G_1,-42,gNB_5G,-64,0.581632,0,-1,0,50.7472,28
88.5,ue_n042_0004,gNB_4G_2,-52,gNB_5G,-69,0.8192,0,-1,0,40.2858,28
88.5,car_north_base_004,gNB_4G_1,-36,gNB_5G,-68,0.131072,0,-1,0,71.236,28
88.5,car_north_base_005,gNB_4G_1,-40,gNB_5G,-70,0.229376,0,-1,0,73.0447,28
88.5,ue_n043_0004,gNB_4G_2,-56,gNB_4G_1,-62,0.688128,1,13.0399,0,53.2481,28
88.5,car_north_base_006_rider,gNB_4G_1,-46,gNB_4G_2,-67,0.131072,0,-1,0,65.0913,28
88.5,ue_n043_0005,gNB_4G_2,-55,gNB_4G_1,-66,0.483328,1,10.0399,0,56.0286,28
88.5,ue_ujeongwon_0004,gNB_4G_1,-55,gNB_4G_2,-78,0.114688,0,-1,0,27.9841,27
88.5,ue_ujeongwon_0005,gNB_4G_1,-57,gNB_5G,-78,0.32768,0,-1,0,34.2888,27
89.5,ue_n042_0001,gNB_4G_2,-40,gNB_5G,-60,0.270336,0,-1,0,54.9662,28
89.5,car_north_peak_001,gNB_4G_2,-45,gNB_4G_1,-53,0.098304,1,45.2399,0,63.2458,28
89.5,car_north_peak_002_rider,gNB_4G_2,-45,gNB_5G,-59,0.319488,1,38.6399,0,65.3945,28
89.5,car_north_peak_003_rider,gNB_4G_2,-42,gNB_5G,-51,0.8192,1,33.4399,0,67.1844,28
89.5,ue_n042_0002,gNB_4G_2,-41,gNB_5G,-60,0.679936,0,-1,0,57.7471,28
89.5,ue_ujeongwon_0001,gNB_4G_1,-52,gNB_4G_2,-73,0.393216,0,-1,0,31.8308,28
89.5,car_north_peak_004,gNB_4G_2,-43,gNB_5G,-51,0.16384,1,31.4399,0,66.0322,28
89.5,car_north_peak_005,gNB_4G_2,-43,gNB_5G,-55,0.4096,1,28.0399,0,66.4171,28
89.5,ue_n043_0001,gNB_5G,-48,gNB_4G_2,-48,0.360448,2,32.6399,0,65.0963,28
89.5,ue_n042_0003,gNB_4G_2,-43,gNB_5G,-67,0.344064,0,-1,0,50.2469,28
89.5,ue_n001_0001,gNB_4G_1,-37,gNB_5G,-69,0.581632,0,-1,0,76.3786,28
89.5,ue_n001_0002,gNB_4G_1,-44,gNB_5G,-65,0.630784,0,-1,0,63.231,28
89.5,ue_ujeongwon_0002,gNB_4G_1,-38,gNB_5G,-77,0.8192,0,-1,0,27.2688,28
89.5,ue_ujeongwon_0003,gNB_4G_1,-39,gNB_4G_2,-73,0.344064,0,-1,0,30.563,28
89.5,ue_n001_0003,gNB_4G_1,-41,gNB_5G,-75,0.548864,0,-1,0,48.8387,28
89.5,car_north_base_001_rider,gNB_4G_2,-48,gNB_4G_1,-50,0.811008,1,8.83993,0,69.3009,28
89.5,car_north_base_002_rider,gNB_4G_2,-42,gNB_4G_1,-49,0.811008,1,5.43993,0,15.5556,13
89.5,ue_n043_0002,gNB_4G_2,-52,gNB_5G,-66,0.139264,3,26.8399,1,32.9743,28
89.5,ue_n001_0004,gNB_4G_1,-43,gNB_4G_2,-78,0.630784,0,-1,0,62.7417,28
89.5,ue_n043_0003,gNB_5G,-52,gNB_4G_2,-52,0.45056,2,4.83993,0,63.6718,28
89.5,car_north_base_003,gNB_4G_1,-45,gNB_5G,-63,0.589824,0,-1,0,63.039,28
89.5,ue_n042_0004,gNB_4G_2,-54,gNB_5G,-66,0.8192,0,-1,0,59.0324,28
89.5,car_north_base_004,gNB_4G_1,-35,gNB_5G,-70,0.139264,0,-1,0,65.4679,28
89.5,car_north_base_005,gNB_4G_1,-37,gNB_5G,-65,0.229376,0,-1,0,53.7718,13
89.5,ue_n043_0004,gNB_4G_2,-57,gNB_4G_1,-61,0.794624,1,14.0399,0,54.4188,28
89.5,car_north_base_006_rider,gNB_4G_1,-46,gNB_4G_2,-67,0.12288,0,-1,0,50.6675,28
89.5,ue_n043_0005,gNB_4G_2,-55,gNB_5G,-69,0.483328,1,11.0399,0,54.745,28
89.5,ue_ujeongwon_0004,gNB_4G_1,-56,gNB_4G_2,-81,0.12288,0,-1,0,52.9105,28
89.5,ue_ujeongwon_0005,gNB_4G_1,-55,gNB_5G,-73,0.32768,0,-1,0,29.1469,28
90.5,ue_n042_0001,gNB_4G_2,-37,gNB_5G,-64,0.278528,0,-1,0,59.7987,28
90.5,car_north_peak_001,gNB_4G_2,-48,gNB_4G_1,-52,0.098304,1,46.2399,0,0.480268,5
90.5,car_north_peak_002_rider,gNB_4G_2,-45,gNB_5G,-55,0.311296,1,39.6399,0,17.1435,28
90.5,car_north_peak_003_rider,gNB_4G_2,-43,gNB_5G,-54,0.8192,1,34.4399,0,64.7828,28
90.5,ue_n042_0002,gNB_4G_2,-41,gNB_5G,-62,0.688128,0,-1,0,56.1496,28
90.5,ue_ujeongwon_0001,gNB_4G_1,-50,gNB_4G_2,-69,0.393216,0,-1,0,30.2232,28
90.5,car_north_peak_004,gNB_4G_2,-44,gNB_5G,-49,0.16384,1,32.4399,0,64.9223,28
90.5,car_north_peak_005,gNB_4G_2,-44,gNB_5G,-58,0.4096,1,29.0399,0,67.5189,28
90.5,ue_n043_0001,gNB_5G,-48,gNB_4G_2,-48,0.352256,2,33.6399,0,66.1539,28
90.5,ue_n042_0003,gNB_4G_2,-43,gNB_5G,-64,0.344064,0,-1,0,64.5082,28
90.5,ue_n001_0001,gNB_4G_1,-38,gNB_5G,-71,0.589824,0,-1,0,73.1418,28
90.5,ue_n001_0002,gNB_4G_1,-45,gNB_5G,-70,0.630784,0,-1,0,62.1631,21
90.5,ue_ujeongwon_0002,gNB_4G_1,-40,gNB_4G_2,-71,0.8192,0,-1,0,28.5757,28
90.5,ue_ujeongwon_0003,gNB_4G_1,-40,gNB_4G_2,-69,0.344064,0,-1,0,28.8575,28
90.5,ue_n001_0003,gNB_4G_1,-40,gNB_5G,-76,0.540672,0,-1,0,66.0846,28
90.5,car_north_base_001_rider,gNB_4G_2,-42,gNB_4G_1,-52,0.8192,1,9.83993,0,10.4058,16
90.5,car_north_base_002_rider,gNB_4G_2,-43,gNB_4G_1,-49,0.827392,1,6.43993,0,66.1315,28
90.5,ue_n043_0002,gNB_4G_2,-53,gNB_4G_1,-62,0.147456,3,27.8399,1,57.3776,28
90.5,ue_n001_0004,gNB_4G_1,-45,gNB_4G_2,-74,0.622592,0,-1,0,43.5953,28
90.5,ue_n043_0003,gNB_5G,-53,gNB_4G_2,-51,0.458752,2,5.83993,0,67.3565,28
90.5,car_north_base_003,gNB_4G_1,-46,gNB_5G,-63,0.581632,0,-1,0,37.0313,28
90.5,ue_n042_0004,gNB_4G_2,-54,gNB_5G,-66,0.8192,0,-1,0,50.8299,28
90.5,car_north_base_004,gNB_4G_1,-37,gNB_5G,-71,0.131072,0,-1,0,52.8869,28
90.5,car_north_base_005,gNB_4G_1,-36,gNB_5G,-65,0.229376,0,-1,0,48.3285,12
90.5,ue_n043_0004,gNB_4G_2,-56,gNB_4G_1,-57,0.745472,1,15.0399,0,54.771,28
90.5,car_north_base_006_rider,gNB_4G_1,-41,gNB_4G_2,-74,0.131072,0,-1,0,66.4418,28
90.5,ue_n043_0005,gNB_4G_2,-56,gNB_4G_1,-62,0.466944,1,12.0399,0,53.2481,28
90.5,ue_ujeongwon_0004,gNB_4G_1,-54,gNB_5G,-77,0.114688,0,-1,0,57.2252,28
90.5,ue_ujeongwon_0005,gNB_4G_1,-55,gNB_5G,-78,0.32768,0,-1,0,24.0751,27
90.5,ue_n001_0005,gNB_4G_1,-45,gNB_5G,-72,0.278528,0,-1,0,33.7486,28
91.5,ue_n042_0001,gNB_4G_2,-39,gNB_5G,-61,0.270336,0,-1,0,67.9216,28
91.5,car_north_peak_001,gNB_4G_2,-48,gNB_4G_1,-52,0.098304,1,47.2399,0,57.8684,28
91.5,car_north_peak_002_rider,gNB_4G_2,-46,gNB_5G,-56,0.311296,1,40.6399,0,0.14809,5
91.5,car_north_peak_003_rider,gNB_4G_2,-46,gNB_5G,-51,0.8192,1,35.4399,0,65.938,28
91.5,ue_n042_0002,gNB_4G_2,-40,gNB_5G,-60,0.679936,0,-1,0,67.6024,28
91.5,ue_ujeongwon_0001,gNB_4G_1,-45,gNB_4G_2,-73,0.385024,0,-1,0,66.2689,28
91.5,car_north_peak_004,gNB_4G_2,-46,gNB_5G,-48,0.155648,1,33.4399,0,65.6037,28
91.5,car_north_peak_005,gNB_4G_2,-44,gNB_5G,-57,0.4096,1,30.0399,0,65.3917,28
91.5,ue_n043_0001,gNB_4G_2,-47,gNB_5G,-52,0.360448,3,0.439928,0,63.8983,28
91.5,ue_n042_0003,gNB_4G_2,-45,gNB_5G,-65,0.335872,0,-1,0,70.0481,28
91.5,ue_n001_0001,gNB_4G_1,-39,gNB_5G,-66,0.581632,0,-1,0,75.0483,28
91.5,ue_n001_0002,gNB_4G_1,-45,gNB_5G,-69,0.630784,0,-1,0,65.1703,28
91.5,ue_ujeongwon_0002,gNB_4G_1,-41,gNB_4G_2,-65,0.8192,0,-1,0,37.4462,28
91.5,ue_ujeongwon_0003,gNB_4G_1,-39,gNB_4G_2,-68,0.335872,0,-1,0,32.0794,28
91.5,ue_n001_0003,gNB_4G_1,-40,gNB_5G,-76,0.548864,0,-1,0,45.3027,28
91.5,car_north_base_001_rider,gNB_4G_2,-43,gNB_4G_1,-53,0.8192,1,10.8399,0,14.755,20
91.5,car_north_base_002_rider,gNB_4G_2,-44,gNB_4G_1,-53,0.8192,1,7.43993,0,68.3582,28
91.5,ue_n043_0002,gNB_4G_2,-53,gNB_4G_1,-57,0.139264,3,28.8399,1,57.1318,28
91.5,ue_n001_0004,gNB_4G_1,-44,gNB_4G_2,-77,0.630784,0,-1,0,25.7044,25
91.5,ue_n043_0003,gNB_5G,-48,gNB_4G_2,-52,0.45056,2,6.83993,0,64.982,28
91.5,car_north_base_003,gNB_4G_1,-46,gNB_5G,-61,0.581632,0,-1,0,59.79,28
91.5,ue_n042_0004,gNB_4G_2,-57,gNB_5G,-64,0.8192,0,-1,0,48.647,28
91.5,car_north_base_004,gNB_4G_1,-36,gNB_5G,-66,0.139264,0,-1,0,68.753,28
91.5,car_north_base_005,gNB_4G_1,-35,gNB_5G,-64,0.229376,0,-1,0,67.2101,28
91.5,ue_n043_0004,gNB_4G_2,-56,gNB_4G_1,-67,0.745472,1,16.0399,0,55.4958,28
91.5,car_north_base_006_rider,gNB_4G_1,-38,gNB_5G,-78,0.131072,0,-1,0,73.3996,28
91.5,ue_n043_0005,gNB_4G_2,-57,gNB_4G_1,-57,0.466944,1,13.0399,0,55.9039,28
91.5,ue_ujeongwon_0004,gNB_4G_1,-53,gNB_5G,-75,0.12288,0,-1,0,57.5507,28
91.5,ue_ujeongwon_0005,gNB_4G_1,-55,gNB_4G_2,-76,0.32768,0,-1,0,30.7878,27
91.5,ue_n001_0005,gNB_4G_1,-47,gNB_5G,-72,0.581632,0,-1,0,63.9584,28
91.5,ue_ujeongwon_0006,gNB_4G_1,-56,gNB_4G_2,-76,0.237568,0,-1,0,27.5508,27
92.5,ue_n042_0001,gNB_4G_2,-43,gNB_5G,-67,0.270336,0,-1,0,53.5,28
92.5,car_north_peak_001,gNB_4G_2,-48,gNB_5G,-53,0.090112,1,48.2399,0,63.655,28
92.5,car_north_peak_002_rider,gNB_4G_2,-51,gNB_4G_1,-54,0.319488,1,41.6399,0,18.1686,28
92.5,car_north_peak_003_rider,gNB_4G_2,-45,gNB_5G,-57,0.8192,1,36.4399,0,62.9066,28
92.5,ue_n042_0002,gNB_4G_2,-40,gNB_5G,-60,0.679936,0,-1,0,52.404,28
92.5,ue_ujeongwon_0001,gNB_4G_1,-46,gNB_4G_2,-72,0.393216,0,-1,0,34.7281,24
92.5,car_north_peak_004,gNB_4G_2,-45,gNB_5G,-52,0.16384,1,34.4399,0,28.2889,28
92.5,car_north_peak_005,gNB_4G_2,-45,gNB_5G,-52,0.4096,1,31.0399,0,67.8234,28
92.5,ue_n043_0001,gNB_4G_2,-47,gNB_5G,-48,0.352256,3,1.43993,0,62.1415,28
92.5,ue_n042_0003,gNB_4G_2,-42,gNB_5G,-61,0.344064,0,-1,0,57.0498,23
92.5,ue_n001_0001,gNB_4G_1,-38,gNB_5G,-66,0.589824,0,-1,0,76.7004,28
92.5,ue_n001_0002,gNB_4G_1,-48,gNB_4G_2,-73,0.630784,0,-1,0,58.5957,28
92.5,ue_ujeongwon_0002,gNB_4G_1,-41,gNB_4G_2,-64,0.8192,0,-1,0,27.6272,28
92.5,ue_ujeongwon_0003,gNB_4G_1,-39,gNB_4G_2,-68,0.344064,0,-1,0,48.4556,28
92.5,ue_n001_0003,gNB_4G_1,-39,gNB_5G,-80,0.548864,0,-1,0,65.1012,28
92.5,car_north_base_001_rider,gNB_4G_2,-42,gNB_4G_1,-50,0.8192,1,11.8399,0,19.9267,21
92.5,car_north_base_002_rider,gNB_4G_2,-42,gNB_4G_1,-51,0.8192,1,8.43993,0,26.7138,27
92.5,ue_n043_0002,gNB_4G_2,-53,gNB_4G_1,-56,0.139264,3,29.8399,1,57.9882,28
92.5,ue_n001_0004,gNB_4G_1,-43,gNB_4G_2,-77,0.630784,0,-1,0,64.8763,28
92.5,ue_n043_0003,gNB_5G,-47,gNB_4G_2,-51,0.458752,2,7.83993,0,65.5411,28
92.5,car_north_base_003,gNB_4G_1,-50,gNB_5G,-61,0.565248,0,-1,0,53.5586,28
92.5,ue_n042_0004,gNB_4G_2,-54,gNB_5G,-69,0.8192,0,-1,0,56.651,28
92.5,car_north_base_004,gNB_4G_1,-35,gNB_4G_2,-81,0.131072,0,-1,0,72.3182,26
92.5,car_north_base_005,gNB_4G_1,-37,gNB_5G,-65,0.221184,0,-1,0,53.7158,26
92.5,ue_n043_0004,gNB_4G_2,-55,gNB_4G_1,-66,0.745472,1,17.0399,0,54.5475,28
92.5,car_north_base_006_rider,gNB_4G_1,-38,gNB_5G,-76,0.12288,0,-1,0,67.2392,28
92.5,ue_n043_0005,gNB_4G_2,-55,gNB_4G_1,-55,0.483328,1,14.0399,0,54.771,28
92.5,ue_ujeongwon_0004,gNB_4G_1,-52,gNB_5G,-77,0.114688,0,-1,0,59.2252,28
92.5,ue_ujeongwon_0005,gNB_4G_1,-55,gNB_4G_2,-78,0.32768,0,-1,0,53.3479,28
92.5,ue_n001_0005,gNB_4G_1,-48,gNB_5G,-76,0.589824,0,-1,0,59.9353,28
92.5,ue_ujeongwon_0006,gNB_4G_1,-54,gNB_4G_2,-76,0.540672,0,-1,0,48.3735,28
93.5,ue_n042_0001,gNB_4G_2,-41,gNB_5G,-65,0.278528,0,-1,0,66.7768,28
93.5,car_north_peak_001,gNB_4G_2,-48,gNB_5G,-54,0.098304,1,49.2399,0,64.9491,28
93.5,car_north_peak_002_rider,gNB_4G_2,-45,gNB_5G,-54,0.319488,1,42.6399,0,63.0887,28
93.5,car_north_peak_003_rider,gNB_4G_2,-48,gNB_5G,-57,0.8192,1,37.4399,0,68.1402,28
93.5,ue_n042_0002,gNB_4G_2,-37,gNB_5G,-64,0.688128,0,-1,0,68.7107,28
93.5,ue_ujeongwon_0001,gNB_4G_1,-49,gNB_4G_2,-69,0.385024,0,-1,0,58.9072,28
93.5,car_north_peak_004,gNB_4G_2,-47,gNB_5G,-53,0.155648,1,35.4399,0,65.7651,28
93.5,car_north_peak_005,gNB_4G_2,-43,gNB_5G,-54,0.4096,1,32.0399,0,66.5522,28
93.5,ue_n043_0001,gNB_4G_2,-48,gNB_5G,-49,0.360448,3,2.43993,0,62.9152,28
93.5,ue_n042_0003,gNB_4G_2,-51,gNB_5G,-63,0.344064,0,-1,0,69.1829,28
93.5,ue_n001_0001,gNB_4G_1,-38,gNB_5G,-70,0.581632,0,-1,0,74.8559,28
93.5,ue_n001_0002,gNB_4G_1,-46,gNB_5G,-69,0.630784,0,-1,0,31.4031,28
93.5,ue_ujeongwon_0002,gNB_4G_1,-42,gNB_4G_2,-63,0.8192,0,-1,0,46.9752,28
93.5,ue_ujeongwon_0003,gNB_4G_1,-38,gNB_4G_2,-77,0.344064,0,-1,0,45.5897,28
93.5,ue_n001_0003,gNB_4G_1,-39,gNB_5G,-78,0.540672,0,-1,0,51.8396,28
93.5,car_north_base_001_rider,gNB_4G_2,-43,gNB_4G_1,-50,0.811008,1,12.8399,0,66.9988,28
93.5,car_north_base_002_rider,gNB_4G_2,-45,gNB_4G_1,-52,0.761856,1,9.43993,0,8.46313,8
93.5,ue_n043_0002,gNB_4G_2,-53,gNB_4G_1,-56,0.139264,3,30.8399,1,55.6457,28
93.5,ue_n001_0004,gNB_4G_1,-45,gNB_5G,-73,0.630784,0,-1,0,34.4855,28
93.5,ue_n043_0003,gNB_5G,-49,gNB_4G_2,-49,0.458752,2,8.83993,0,62.0938,28
93.5,car_north_base_003,gNB_4G_2,-44,gNB_4G_1,-50,0.466944,1,0.439928,0,64.3019,28
93.5,ue_n042_0004,gNB_4G_2,-52,gNB_5G,-77,0.8192,0,-1,0,51.4191,28
93.5,car_north_base_004,gNB_4G_1,-39,gNB_4G_2,-81,0.131072,0,-1,0,69.509,28
93.5,car_north_base_005,gNB_4G_1,-39,gNB_5G,-65,0.229376,0,-1,0,65.0274,28
93.5,ue_n043_0004,gNB_4G_2,-56,gNB_5G,-67,0.745472,1,18.0399,0,55.6965,28
93.5,car_north_base_006_rider,gNB_4G_1,-38,gNB_5G,-74,0.131072,0,-1,0,27.3311,28
93.5,ue_n043_0005,gNB_4G_2,-56,gNB_4G_1,-65,0.483328,1,15.0399,0,55.4958,28
93.5,ue_ujeongwon_0004,gNB_4G_1,-53,gNB_4G_2,-79,0.12288,0,-1,0,59.061,28
93.5,ue_ujeongwon_0005,gNB_4G_1,-56,gNB_4G_2,-81,0.32768,0,-1,0,57.6781,28
93.5,ue_n001_0005,gNB_4G_1,-44,gNB_4G_2,-77,0.581632,0,-1,0,37.4218,28
93.5,ue_ujeongwon_0006,gNB_4G_1,-55,gNB_5G,-70,0.548864,0,-1,0,29.8933,28
93.5,ue_n042_0005,gNB_4G_2,-65,gNB_5G,-65,0.352256,0,-1,0,45.6337,25
94.5,ue_n042_0001,gNB_4G_2,-38,gNB_5G,-58,0.270336,0,-1,0,70.1792,28
94.5,car_north_peak_001,gNB_4G_2,-46,gNB_5G,-63,0.098304,1,50.2399,0,56.5939,28
94.5,car_north_peak_002_rider,gNB_4G_2,-48,gNB_5G,-55,0.311296,1,43.6399,0,15.8593,28
94.5,car_north_peak_003_rider,gNB_4G_2,-43,gNB_5G,-51,0.8192,1,38.4399,0,60.5156,28
94.5,ue_n042_0002,gNB_4G_2,-39,gNB_5G,-61,0.679936,0,-1,0,70.4779,28
94.5,ue_ujeongwon_0001,gNB_4G_1,-46,gNB_4G_2,-73,0.393216,0,-1,0,59.0924,28
94.5,car_north_peak_004,gNB_4G_2,-45,gNB_5G,-51,0.16384,1,36.4399,0,66.2174,28
94.5,car_north_peak_005,gNB_4G_2,-44,gNB_5G,-52,0.4096,1,33.0399,0,64.5951,28
94.5,ue_n043_0001,gNB_4G_2,-46,gNB_5G,-49,0.352256,3,3.43993,0,58.3003,28
94.5,ue_n042_0003,gNB_4G_2,-42,gNB_5G,-67,0.335872,0,-1,0,69.8155,28
94.5,ue_n001_0001,gNB_4G_1,-38,gNB_5G,-64,0.589824,0,-1,0,74.1563,28
94.5,ue_n001_0002,gNB_4G_1,-51,gNB_5G,-71,0.630784,0,-1,0,59.9771,28
94.5,ue_ujeongwon_0002,gNB_4G_1,-44,gNB_4G_2,-76,0.8192,0,-1,0,31.5027,28
94.5,ue_ujeongwon_0003,gNB_4G_1,-42,gNB_4G_2,-85,0.335872,0,-1,0,50.8379,28
94.5,ue_n001_0003,gNB_4G_1,-39,gNB_5G,-82,0.548864,0,-1,0,45.2525,28
94.5,car_north_base_001_rider,gNB_4G_2,-44,gNB_4G_1,-51,0.827392,1,13.8399,0,8.1809,12
94.5,car_north_base_002_rider,gNB_4G_2,-43,gNB_4G_1,-52,0.827392,1,10.4399,0,70.045,28
94.5,ue_n043_0002,gNB_4G_2,-51,gNB_4G_1,-59,0.147456,3,31.8399,1,56.7596,28
94.5,ue_n001_0004,gNB_4G_1,-45,gNB_5G,-71,0.630784,0,-1,0,65.542,28
94.5,ue_n043_0003,gNB_5G,-45,gNB_4G_2,-53,0.45056,2,9.83993,0,65.706,28
94.5,car_north_base_003,gNB_4G_2,-45,gNB_4G_1,-55,0.589824,1,1.43993,0,36.3567,28
94.5,ue_n042_0004,gNB_4G_2,-57,gNB_5G,-68,0.8192,0,-1,0,55.6608,28
94.5,car_north_base_004,gNB_4G_1,-39,gNB_4G_2,-83,0.139264,0,-1,0,69.3663,28
94.5,car_north_base_005,gNB_4G_1,-36,gNB_4G_2,-85,0.229376,0,-1,0,64.6877,15
94.5,ue_n043_0004,gNB_4G_2,-55,gNB_5G,-68,0.745472,1,19.0399,0,56.3882,28
94.5,car_north_base_006_rider,gNB_4G_1,-42,gNB_4G_2,-75,0.131072,0,-1,0,65.706,28
94.5,ue_n043_0005,gNB_4G_2,-55,gNB_4G_1,-67,0.483328,1,16.0399,0,53.8595,28
94.5,ue_ujeongwon_0004,gNB_4G_1,-54,gNB_4G_2,-78,0.114688,0,-1,0,23.5855,26
94.5,ue_ujeongwon_0005,gNB_4G_1,-54,gNB_5G,-77,0.32768,0,-1,0,52.4613,28
94.5,ue_n001_0005,gNB_4G_1,-44,gNB_4G_2,-77,0.589824,0,-1,0,36.4892,28
94.5,ue_ujeongwon_0006,gNB_4G_1,-55,gNB_5G,-78,0.548864,0,-1,0,52.5894,28
94.5,ue_n042_0005,gNB_4G_2,-65,gNB_5G,-65,0.8192,0,-1,0,23.7025,26
95.5,ue_n042_0001,gNB_4G_2,-42,gNB_5G,-56,0.270336,0,-1,0,72.6578,28
95.5,car_north_peak_001,gNB_4G_2,-50,gNB_5G,-56,0.098304,1,51.2399,0,63.3472,28
95.5,car_north_peak_002_rider,gNB_4G_2,-49,gNB_5G,-54,0.303104,1,44.6399,0,6.9367,28
95.5,car_north_peak_003_rider,gNB_4G_2,-50,gNB_5G,-57,0.8192,1,39.4399,0,63.6926,28
95.5,ue_n042_0002,gNB_4G_2,-43,gNB_5G,-60,0.679936,0,-1,0,60.4822,28
95.5,ue_ujeongwon_0001,gNB_4G_1,-49,gNB_4G_2,-71,0.385024,0,-1,0,11.1248,16
95.5,car_north_peak_004,gNB_4G_2,-45,gNB_5G,-52,0.16384,1,37.4399,0,62.3262,28
95.5,car_north_peak_005,gNB_4G_2,-46,gNB_5G,-53,0.4096,1,34.0399,0,65.4319,28
95.5,ue_n043_0001,gNB_4G_2,-47,gNB_5G,-49,0.352256,3,4.43993,0,64.8626,28
95.5,ue_n042_0003,gNB_4G_2,-41,gNB_5G,-64,0.344064,0,-1,0,68.3676,28
95.5,ue_n001_0001,gNB_4G_1,-37,gNB_5G,-61,0.581632,0,-1,0,52.2996,28
95.5,ue_n001_0002,gNB_4G_1,-48,gNB_5G,-68,0.630784,0,-1,0,65.7793,28
95.5,ue_ujeongwon_0002,gNB_4G_1,-41,gNB_4G_2,-67,0.8192,0,-1,0,30.6605,28
95.5,ue_ujeongwon_0003,gNB_4G_1,-38,gNB_4G_2,-84,0.344064,0,-1,0,52.8685,28
95.5,ue_n001_0003,gNB_4G_1,-42,gNB_5G,-82,0.548864,0,-1,0,65.9924,28
95.5,car_north_base_001_rider,gNB_4G_2,-45,gNB_4G_1,-54,0.8192,1,14.8399,0,70.5111,28
95.5,car_north_base_002_rider,gNB_4G_2,-42,gNB_4G_1,-51,0.811008,1,11.4399,0,68.6029,28
95.5,ue_n043_0002,gNB_4G_2,-52,gNB_5G,-64,0.139264,3,32.8399,1,54.4557,28
95.5,ue_n001_0004,gNB_4G_1,-49,gNB_5G,-69,0.630784,0,-1,0,64.5417,28
95.5,ue_n043_0003,gNB_5G,-46,gNB_4G_2,-52,0.458752,2,10.8399,0,66.0207,28
95.5,car_north_base_003,gNB_4G_2,-44,gNB_5G,-61,0.581632,1,2.43993,0,69.1984,28
95.5,ue_n042_0004,gNB_4G_2,-55,gNB_5G,-68,0.8192,0,-1,0,57.2519,28
95.5,car_north_base_004,gNB_4G_1,-39,gNB_4G_2,-68,0.131072,0,-1,0,66.6736,28
95.5,car_north_base_005,gNB_4G_1,-38,gNB_4G_2,-83,0.229376,0,-1,0,70.7305,15
95.5,ue_n043_0004,gNB_4G_2,-54,gNB_5G,-67,0.745472,1,20.0399,0,58.3796,28
95.5,car_north_base_006_rider,gNB_4G_1,-43,gNB_5G,-79,0.12288,0,-1,0,64.7178,28
95.5,ue_n043_0005,gNB_4G_2,-57,gNB_5G,-68,0.483328,1,17.0399,0,55.6965,28
95.5,ue_ujeongwon_0004,gNB_4G_1,-51,gNB_4G_2,-75,0.12288,0,-1,0,61.421,28
95.5,ue_ujeongwon_0005,gNB_4G_1,-53,gNB_5G,-75,0.32768,0,-1,0,57.5583,28
95.5,ue_n001_0005,gNB_4G_1,-47,gNB_4G_2,-78,0.581632,0,-1,0,32.3352,28
95.5,ue_ujeongwon_0006,gNB_4G_1,-55,gNB_4G_2,-76,0.540672,0,-1,0,51.5599,28
95.5,ue_n042_0005,gNB_4G_2,-64,gNB_5G,-71,0.8192,0,-1,0,46.8501,28
95.5,ue_n043_0006,gNB_4G_2,-60,gNB_4G_1,-69,0.253952,1,0.0399284,0,20.2337,24
96.5,ue_n042_0001,gNB_4G_2,-43,gNB_5G,-59,0.278528,0,-1,0,67.2656,28
96.5,car_north_peak_001,gNB_4G_2,-49,gNB_5G,-55,0.090112,1,52.2399,0,54.9311,28
96.5,car_north_peak_002_rider,gNB_4G_2,-51,gNB_4G_1,-52,0.319488,1,45.6399,0,63.9253,28
96.5,car_north_peak_003_rider,gNB_4G_2,-47,gNB_5G,-54,0.8192,1,40.4399,0,63.5522,28
96.5,ue_n042_0002,gNB_4G_2,-43,gNB_5G,-60,0.688128,0,-1,0,53.9983,28
96.5,ue_ujeongwon_0001,gNB_4G_1,-50,gNB_4G_2,-65,0.393216,0,-1,0,26.1593,28
96.5,car_north_peak_004,gNB_4G_2,-48,gNB_5G,-57,0.155648,1,38.4399,0,64.8411,28
96.5,car_north_peak_005,gNB_4G_2,-45,gNB_5G,-52,0.4096,1,35.0399,0,66.1379,28
96.5,ue_n043_0001,gNB_4G_2,-46,gNB_5G,-53,0.360448,3,5.43993,0,63.3296,28
96.5,ue_n042_0003,gNB_4G_2,-44,gNB_5G,-62,0.344064,0,-1,0,62.2973,28
96.5,ue_n001_0001,gNB_4G_1,-39,gNB_5G,-66,0.581632,0,-1,0,54.7161,28
96.5,ue_n001_0002,gNB_4G_1,-51,gNB_5G,-64,0.630784,0,-1,0,65.1579,28
96.5,ue_ujeongwon_0002,gNB_4G_1,-45,gNB_4G_2,-64,0.811008,0,-1,0,27.7787,28
96.5,ue_ujeongwon_0003,gNB_4G_1,-40,gNB_4G_2,-84,0.344064,0,-1,0,59.248,28
96.5,ue_n001_0003,gNB_4G_1,-39,gNB_5G,-80,0.540672,0,-1,0,72.5007,28
96.5,car_north_base_001_rider,gNB_4G_2,-40,gNB_4G_1,-52,0.8192,1,15.8399,0,68.731,28
96.5,car_north_base_002_rider,gNB_4G_2,-45,gNB_4G_1,-51,0.827392,1,12.4399,0,64.1403,28
96.5,ue_n043_0002,gNB_4G_2,-55,gNB_4G_1,-65,0.139264,3,33.8399,1,55.6022,28
96.5,ue_n001_0004,gNB_4G_1,-49,gNB_5G,-66,0.630784,0,-1,0,43.1418,28
96.5,ue_n043_0003,gNB_5G,-47,gNB_4G_2,-49,0.45056,2,11.8399,0,66.0396,28
96.5,car_north_base_003,gNB_4G_2,-42,gNB_4G_1,-49,0.581632,1,3.43993,0,18.7264,23
96.5,ue_n042_0004,gNB_4G_2,-57,gNB_5G,-73,0.8192,0,-1,0,54.6628,27
96.5,car_north_base_004,gNB_4G_1,-41,gNB_5G,-87,0.139264,0,-1,0,65.1533,28
96.5,car_north_base_005,gNB_4G_1,-37,gNB_5G,-82,0.221184,0,-1,0,71.355,13
96.5,ue_n043_0004,gNB_4G_2,-52,gNB_4G_1,-64,0.745472,1,21.0399,0,56.6787,28
96.5,car_north_base_006_rider,gNB_4G_1,-42,gNB_4G_2,-79,0.131072,0,-1,0,52.3541,28
96.5,ue_n043_0005,gNB_4G_2,-55,gNB_5G,-68,0.475136,1,18.0399,0,56.3882,28
96.5,ue_ujeongwon_0004,gNB_4G_1,-51,gNB_4G_2,-75,0.114688,0,-1,0,55.1551,28
96.5,ue_ujeongwon_0005,gNB_4G_1,-54,gNB_5G,-77,0.32768,0,-1,0,57.6861,28
96.5,ue_n001_0005,gNB_4G_1,-48,gNB_5G,-76,0.589824,0,-1,0,35.9359,28
96.5,ue_ujeongwon_0006,gNB_4G_1,-55,gNB_4G_2,-78,0.548864,0,-1,0,53.3454,28
96.5,ue_n042_0005,gNB_4G_2,-64,gNB_5G,-70,0.8192,0,-1,0,40.5952,28
96.5,ue_n043_0006,gNB_4G_2,-60,gNB_4G_1,-69,0.581632,1,1.03993,0,49.3163,15
96.5,ue_ujeongwon_0007,gNB_4G_1,-60,gNB_5G,-73,0.385024,0,-1,0,41.7525,28
97.5,ue_n042_0001,gNB_4G_2,-44,gNB_5G,-61,0.270336,0,-1,0,69.2791,28
97.5,car_north_peak_001,gNB_4G_2,-51,gNB_5G,-55,0.098304,1,53.2399,0,30.262,28
97.5,car_north_peak_002_rider,gNB_4G_2,-47,gNB_5G,-51,0.319488,1,46.6399,0,60.6129,28
97.5,car_north_peak_003_rider,gNB_4G_2,-47,gNB_5G,-54,0.8192,1,41.4399,0,44.4808,28
97.5,ue_n042_0002,gNB_4G_2,-42,gNB_5G,-58,0.679936,0,-1,0,69.5503,28
97.5,ue_ujeongwon_0001,gNB_4G_1,-49,gNB_4G_2,-67,0.393216,0,-1,0,66.8226,28
97.5,car_north_peak_004,gNB_4G_2,-46,gNB_5G,-51,0.16384,1,39.4399,0,64.7592,28
97.5,car_north_peak_005,gNB_4G_2,-46,gNB_5G,-74,0.4096,1,36.0399,0,64.1057,28
97.5,ue_n043_0001,gNB_4G_2,-46,gNB_5G,-48,0.352256,3,6.43993,0,38.1322,28
97.5,ue_n042_0003,gNB_4G_2,-44,gNB_5G,-69,0.335872,0,-1,0,69.3734,27
97.5,ue_n001_0001,gNB_4G_1,-35,gNB_5G,-69,0.589824,0,-1,0,54.7586,28
97.5,ue_n001_0002,gNB_4G_1,-53,gNB_5G,-66,0.630784,0,-1,0,65.2952,28
97.5,ue_ujeongwon_0002,gNB_4G_1,-42,gNB_4G_2,-64,0.827392,0,-1,0,23.6645,28
97.5,ue_ujeongwon_0003,gNB_4G_1,-42,gNB_5G,-92,0.335872,0,-1,0,58.6071,28
97.5,ue_n001_0003,gNB_4G_1,-39,gNB_5G,-77,0.548864,0,-1,0,51.9888,28
97.5,car_north_base_001_rider,gNB_4G_2,-42,gNB_5G,-53,0.8192,1,16.8399,0,43.7148,28
97.5,car_north_base_002_rider,gNB_4G_2,-45,gNB_4G_1,-51,0.811008,1,13.4399,0,9.89999,15
97.5,ue_n043_0002,gNB_4G_2,-56,gNB_5G,-68,0.139264,3,34.8399,1,54.7391,28
97.5,ue_n001_0004,gNB_4G_1,-50,gNB_5G,-66,0.630784,0,-1,0,34.6576,28
97.5,ue_n043_0003,gNB_4G_2,-48,gNB_5G,-54,0.458752,3,0.439928,0,33.6413,28
97.5,car_north_base_003,gNB_4G_2,-44,gNB_4G_1,-51,0.581632,1,4.43993,0,67.9306,28
97.5,ue_n042_0004,gNB_4G_2,-58,gNB_5G,-66,0.8192,0,-1,0,40.9562,28
97.5,car_north_base_004,gNB_4G_1,-40,gNB_5G,-85,0.131072,0,-1,0,64.26,28
97.5,car_north_base_005,gNB_4G_1,-37,gNB_4G_2,-80,0.229376,0,-1,0,60.8476,16
97.5,ue_n043_0004,gNB_4G_2,-54,gNB_4G_1,-61,0.69632,1,22.0399,0,52.8865,28
97.5,car_north_base_006_rider,gNB_4G_1,-37,gNB_4G_2,-84,0.12288,0,-1,0,48.1424,18
97.5,ue_n043_0005,gNB_4G_2,-54,gNB_5G,-67,0.466944,1,19.0399,0,51.4812,28
97.5,ue_ujeongwon_0004,gNB_4G_1,-52,gNB_4G_2,-73,0.12288,0,-1,0,27.9171,28
97.5,ue_ujeongwon_0005,gNB_4G_1,-53,gNB_4G_2,-81,0.32768,0,-1,0,32.4351,28
97.5,ue_n001_0005,gNB_4G_1,-48,gNB_4G_2,-77,0.581632,0,-1,0,27.6216,28
97.5,ue_ujeongwon_0006,gNB_4G_1,-56,gNB_4G_2,-81,0.548864,0,-1,0,31.66,28
97.5,ue_n042_0005,gNB_4G_2,-67,gNB_5G,-64,0.8192,0,-1,0,32.884,25
97.5,ue_n043_0006,gNB_4G_2,-60,gNB_4G_1,-69,0.589824,1,2.03993,0,50.2244,23
97.5,ue_ujeongwon_0007,gNB_4G_1,-62,gNB_5G,-73,0.8192,0,-1,0,44.7364,28
98.5,ue_n042_0001,gNB_4G_2,-43,gNB_5G,-63,0.270336,0,-1,0,68.3151,28
98.5,car_north_peak_001,gNB_5G,-53,gNB_4G_2,-76,0.098304,2,0.839928,0,55.275,28
98.5,car_north_peak_002_rider,gNB_4G_2,-50,gNB_5G,-54,0.311296,1,47.6399,0,62.8801,28
98.5,car_north_peak_003_rider,gNB_4G_2,-44,gNB_5G,-62,0.8192,1,42.4399,0,65.8588,28
98.5,ue_n042_0002,gNB_4G_2,-46,gNB_5G,-59,0.679936,0,-1,0,52.7027,28
98.5,ue_ujeongwon_0001,gNB_4G_1,-47,gNB_4G_2,-72,0.385024,0,-1,0,35.5623,28
98.5,car_north_peak_004,gNB_4G_2,-46,gNB_5G,-48,0.16384,1,40.4399,0,64.9616,28
98.5,car_north_peak_005,gNB_4G_2,-46,gNB_5G,-54,0.4096,1,37.0399,0,65.5478,28
98.5,ue_n043_0001,gNB_4G_2,-46,gNB_5G,-46,0.360448,3,7.43993,0,62.807,28
98.5,ue_n042_0003,gNB_4G_2,-39,gNB_5G,-64,0.344064,0,-1,0,67.8868,28
98.5,ue_n001_0001,gNB_4G_1,-35,gNB_5G,-69,0.581632,0,-1,0,50.5985,28
98.5,ue_n001_0002,gNB_4G_1,-53,gNB_5G,-68,0.630784,0,-1,0,57.1334,28
98.5,ue_ujeongwon_0002,gNB_4G_1,-41,gNB_4G_2,-67,0.8192,0,-1,0,25.5455,28
98.5,ue_ujeongwon_0003,gNB_4G_1,-39,gNB_5G,-93,0.344064,0,-1,0,58.1701,28
98.5,ue_n001_0003,gNB_4G_1,-38,gNB_5G,-80,0.548864,0,-1,0,71.7479,28
98.5,car_north_base_001_rider,gNB_4G_2,-42,gNB_5G,-52,0.8192,1,17.8399,0,66.2896,28
98.5,car_north_base_002_rider,gNB_4G_2,-44,gNB_4G_1,-50,0.827392,1,14.4399,0,19.8124,28
98.5,ue_n043_0002,gNB_4G_2,-56,gNB_5G,-65,0.139264,3,35.8399,1,51.3218,28
98.5,ue_n001_0004,gNB_4G_1,-47,gNB_5G,-69,0.630784,0,-1,0,33.5161,28
98.5,ue_n043_0003,gNB_5G,-46,gNB_4G_2,-52,0.45056,4,0.439928,1,67.4242,28
98.5,car_north_base_003,gNB_4G_2,-43,gNB_4G_1,-49,0.557056,1,5.43993,0,61.5512,28
98.5,ue_n042_0004,gNB_4G_2,-56,gNB_5G,-70,0.8192,0,-1,0,56.9767,28
98.5,car_north_base_004,gNB_4G_1,-41,gNB_5G,-89,0.131072,0,-1,0,30.7584,28
98.5,car_north_base_005,gNB_4G_1,-38,gNB_4G_2,-85,0.229376,0,-1,0,59.5743,26
98.5,ue_n043_0004,gNB_4G_2,-56,gNB_4G_1,-59,0.786432,1,23.0399,0,55.3498,28
98.5,car_north_base_006_rider,gNB_4G_1,-44,gNB_4G_2,-87,0.131072,0,-1,0,43.2806,8
98.5,ue_n043_0005,gNB_4G_2,-57,gNB_4G_1,-58,0.483328,1,20.0399,0,56.6787,28
98.5,ue_ujeongwon_0004,gNB_4G_1,-49,gNB_4G_2,-74,0.114688,0,-1,0,60.1541,28
98.5,ue_ujeongwon_0005,gNB_4G_1,-53,gNB_4G_2,-78,0.32768,0,-1,0,53.4555,28
98.5,ue_n001_0005,gNB_4G_1,-51,gNB_4G_2,-76,0.581632,0,-1,0,45.1848,28
98.5,ue_ujeongwon_0006,gNB_4G_1,-54,gNB_5G,-77,0.540672,0,-1,0,30.3656,27
98.5,ue_n042_0005,gNB_4G_2,-65,gNB_5G,-66,0.8192,0,-1,0,46.6955,28
98.5,ue_n043_0006,gNB_4G_2,-60,gNB_5G,-70,0.565248,1,3.03993,0,47.0909,4
98.5,ue_ujeongwon_0007,gNB_4G_1,-61,gNB_5G,-67,0.8192,0,-1,0,49.2628,28
98.5,ue_ujeongwon_0008,gNB_4G_1,-59,gNB_5G,-82,0.172032,0,-1,0,51.4309,28
99.5,ue_n042_0001,gNB_4G_2,-43,gNB_5G,-63,0.278528,0,-1,0,70.7417,28
99.5,car_north_peak_001,gNB_5G,-55,gNB_4G_1,-56,0.098304,2,1.83993,0,57.8012,28
99.5,car_north_peak_002_rider,gNB_4G_2,-48,gNB_5G,-53,0.311296,1,48.6399,0,65.3861,26
99.5,car_north_peak_003_rider,gNB_4G_2,-45,gNB_5G,-50,0.8192,1,43.4399,0,63.2325,19
99.5,ue_n042_0002,gNB_4G_2,-43,gNB_5G,-64,0.688128,0,-1,0,70.9015,28
99.5,ue_ujeongwon_0001,gNB_4G_1,-47,gNB_5G,-78,0.393216,0,-1,0,31.84,28
99.5,car_north_peak_004,gNB_4G_2,-46,gNB_5G,-50,0.155648,1,41.4399,0,59.1483,28
99.5,car_north_peak_005,gNB_4G_2,-45,gNB_5G,-54,0.4096,1,38.0399,0,65.4378,28
99.5,ue_n043_0001,gNB_4G_2,-48,gNB_5G,-48,0.352256,3,8.43993,0,62.8834,28
99.5,ue_n042_0003,gNB_4G_2,-44,gNB_5G,-63,0.335872,0,-1,0,74.3189,28
99.5,ue_n001_0001,gNB_4G_1,-37,gNB_5G,-64,0.589824,0,-1,0,50.4677,28
99.5,ue_n001_0002,gNB_4G_1,-47,gNB_5G,-68,0.622592,0,-1,0,31.9866,28
99.5,ue_ujeongwon_0002,gNB_4G_1,-40,gNB_4G_2,-65,0.8192,0,-1,0,20.9433,25
99.5,ue_ujeongwon_0003,gNB_4G_1,-40,gNB_5G,-94,0.344064,0,-1,0,57.6394,28
99.5,ue_n001_0003,gNB_4G_1,-36,gNB_4G_2,-83,0.540672,0,-1,0,68.8186,28
99.5,car_north_base_001_rider,gNB_4G_2,-44,gNB_5G,-58,0.8192,1,18.8399,0,67.2662,28
99.5,car_north_base_002_rider,gNB_4G_2,-42,gNB_4G_1,-53,0.811008,1,15.4399,0,18.82,28
99.5,ue_n043_0002,gNB_4G_2,-57,gNB_4G_1,-61,0.131072,3,36.8399,1,49.4595,28
99.5,ue_n001_0004,gNB_4G_1,-50,gNB_5G,-72,0.630784,0,-1,0,35.5409,28
99.5,ue_n043_0003,gNB_5G,-47,gNB_4G_2,-51,0.458752,4,1.43993,1,68.5649,28
99.5,car_north_base_003,gNB_4G_2,-48,gNB_4G_1,-50,0.548864,1,6.43993,0,63.7932,28
99.5,ue_n042_0004,gNB_4G_2,-55,gNB_5G,-70,0.8192,0,-1,0,57.7448,28
99.5,car_north_base_004,gNB_4G_1,-40,gNB_4G_2,-74,0.139264,0,-1,0,26.0979,28
99.5,car_north_base_005,gNB_4G_1,-39,gNB_5G,-87,0.229376,0,-1,0,60.069,25
99.5,ue_n043_0004,gNB_4G_2,-55,gNB_5G,-64,0.73728,1,24.0399,0,57.0211,28
99.5,car_north_base_006_rider,gNB_4G_1,-52,gNB_4G_2,-87,0.131072,0,-1,0,39.8768,13
99.5,ue_n043_0005,gNB_4G_2,-54,gNB_4G_1,-61,0.475136,1,21.0399,0,8.44606,13
99.5,ue_ujeongwon_0004,gNB_4G_1,-50,gNB_5G,-84,0.12288,0,-1,0,43.6183,27
99.5,ue_ujeongwon_0005,gNB_4G_1,-58,gNB_4G_2,-77,0.32768,0,-1,0,41.5122,12
99.5,ue_n001_0005,gNB_4G_1,-47,gNB_4G_2,-77,0.589824,0,-1,0,37.8145,28
99.5,ue_ujeongwon_0006,gNB_4G_1,-53,gNB_5G,-75,0.548864,0,-1,0,35.7395,28
99.5,ue_n042_0005,gNB_4G_2,-64,gNB_5G,-66,0.811008,0,-1,0,26.9097,28
99.5,ue_n043_0006,gNB_4G_2,-59,gNB_4G_1,-63,0.516096,1,4.03993,0,7.62223,28
99.5,ue_ujeongwon_0007,gNB_4G_1,-58,gNB_5G,-70,0.8192,0,-1,0,49.3952,28
99.5,ue_ujeongwon_0008,gNB_4G_1,-60,gNB_5G,-82,0.360448,0,-1,0,47.3035,28
100.5,ue_n042_0001,gNB_4G_2,-43,gNB_5G,-60,0.270336,0,-1,0,53.7081,28
100.5,car_north_peak_001,gNB_5G,-54,gNB_4G_1,-65,0.098304,2,2.83993,0,54.1786,28
100.5,car_north_peak_002_rider,gNB_4G_2,-45,gNB_5G,-57,0.319488,1,49.6399,0,65.3658,28
100.5,car_north_peak_003_rider,gNB_4G_2,-47,gNB_5G,-54,0.8192,1,44.4399,0,64.8854,28
100.5,ue_n042_0002,gNB_4G_2,-42,gNB_5G,-61,0.679936,0,-1,0,70.1625,28
100.5,ue_ujeongwon_0001,gNB_4G_1,-48,gNB_5G,-75,0.393216,0,-1,0,38.7784,28
100.5,car_north_peak_004,gNB_4G_2,-47,gNB_5G,-53,0.16384,1,42.4399,0,61.9754,28
100.5,car_north_peak_005,gNB_4G_2,-45,gNB_5G,-54,0.4096,1,39.0399,0,16.9408,18
100.5,ue_n043_0001,gNB_4G_2,-47,gNB_5G,-49,0.360448,3,9.43993,0,65.1089,28
100.5,ue_n042_0003,gNB_4G_2,-45,gNB_5G,-63,0.344064,0,-1,0,69.6739,28
100.5,ue_n001_0001,gNB_4G_1,-36,gNB_5G,-70,0.581632,0,-1,0,49.9597,28
100.5,ue_n001_0002,gNB_4G_1,-46,gNB_5G,-71,0.630784,0,-1,0,65.8487,28
100.5,ue_ujeongwon_0002,gNB_4G_1,-50,gNB_4G_2,-63,0.8192,0,-1,0,28.0851,28
100.5,ue_ujeongwon_0003,gNB_4G_1,-48,gNB_5G,-93,0.335872,0,-1,0,59.8298,28
100.5,ue_n001_0003,gNB_4G_1,-42,gNB_4G_2,-83,0.548864,0,-1,0,51.8445,28
100.5,car_north_base_001_rider,gNB_4G_2,-44,gNB_5G,-52,0.811008,1,19.8399,0,11.4692,16
100.5,car_north_base_002_rider,gNB_4G_2,-42,gNB_4G_1,-55,0.827392,1,16.4399,0,18.4968,27
100.5,ue_n043_0002,gNB_4G_1,-57,gNB_4G_2,-61,0.090112,4,0.439928,0,5.42978,9
100.5,ue_n001_0004,gNB_4G_1,-47,gNB_5G,-69,0.630784,0,-1,0,64.3397,28
100.5,ue_n043_0003,gNB_5G,-42,gNB_4G_2,-48,0.45056,4,2.43993,1,68.5489,28
100.5,car_north_base_003,gNB_4G_2,-45,gNB_4G_1,-52,0.540672,1,7.43993,0,57.5347,28
100.5,ue_n042_0004,gNB_4G_2,-55,gNB_5G,-70,0.8192,0,-1,0,54.7224,28
100.5,car_north_base_004,gNB_4G_1,-43,gNB_4G_2,-68,0.131072,0,-1,0,29.5826,16
100.5,car_north_base_005,gNB_4G_1,-41,gNB_5G,-90,0.229376,0,-1,0,59.7218,28
100.5,ue_n043_0004,gNB_4G_2,-54,gNB_5G,-64,0.745472,1,25.0399,0,57.2924,28
100.5,car_north_base_006_rider,gNB_4G_1,-53,gNB_4G_2,-89,0.12288,0,-1,0,60.7142,28
100.5,ue_n043_0005,gNB_4G_2,-56,gNB_4G_1,-59,0.49152,1,22.0399,0,55.3498,28
100.5,ue_ujeongwon_0004,gNB_4G_1,-51,gNB_5G,-81,0.114688,0,-1,0,47.9011,28
100.5,ue_ujeongwon_0005,gNB_4G_1,-58,gNB_4G_2,-77,0.32768,0,-1,0,27.1338,14
100.5,ue_n001_0005,gNB_4G_1,-48,gNB_4G_2,-75,0.581632,0,-1,0,35.2921,27
100.5,ue_ujeongwon_0006,gNB_4G_1,-54,gNB_5G,-77,0.548864,0,-1,0,52.9339,28
100.5,ue_n042_0005,gNB_4G_2,-67,gNB_5G,-68,0.827392,0,-1,0,48.8583,28
100.5,ue_n043_0006,gNB_4G_2,-57,gNB_4G_1,-61,0.466944,1,5.03993,0,47.2352,28
100.5,ue_ujeongwon_0007,gNB_4G_1,-58,gNB_5G,-78,0.8192,0,-1,0,47.8756,28
100.5,ue_ujeongwon_0008,gNB_4G_1,-61,gNB_5G,-67,0.352256,0,-1,0,52.5213,28
100.5,ue_n043_0007,gNB_4G_2,-60,gNB_4G_1,-69,0.180224,1,0.0399284,0,50.2055,28
100.5,ue_ujeongwon_0009,gNB_4G_1,-56,gNB_4G_2,-76,0.278528,0,-1,0,30.4953,28
101.5,ue_n042_0001,gNB_4G_2,-42,gNB_5G,-64,0.270336,0,-1,0,71.9599,28
101.5,car_north_peak_001,gNB_4G_2,-48,gNB_5G,-56,0.090112,3,0.239928,1,51.3006,28
101.5,car_north_peak_002_rider,gNB_4G_2,-45,gNB_5G,-56,0.311296,1,50.6399,0,63.8091,28
101.5,car_north_peak_003_rider,gNB_4G_2,-46,gNB_5G,-50,0.8192,1,45.4399,0,64.6875,19
101.5,ue_n042_0002,gNB_4G_2,-44,gNB_5G,-65,0.679936,0,-1,0,69.9714,28
101.5,ue_ujeongwon_0001,gNB_4G_1,-49,gNB_5G,-77,0.385024,0,-1,0,63.6686,28
101.5,car_north_peak_004,gNB_4G_2,-47,gNB_5G,-61,0.155648,1,43.4399,0,63.0669,28
101.5,car_north_peak_005,gNB_4G_2,-46,gNB_5G,-50,0.4096,1,40.0399,0,64.8718,28
101.5,ue_n043_0001,gNB_4G_2,-47,gNB_5G,-48,0.352256,3,10.4399,0,63.403,28
101.5,ue_n042_0003,gNB_4G_2,-40,gNB_5G,-62,0.344064,0,-1,0,61.8602,28
101.5,ue_n001_0001,gNB_4G_1,-40,gNB_5G,-67,0.589824,0,-1,0,51.4772,28
101.5,ue_n001_0002,gNB_4G_1,-47,gNB_5G,-70,0.630784,0,-1,0,65.2247,23
101.5,ue_ujeongwon_0002,gNB_4G_1,-41,gNB_4G_2,-63,0.8192,0,-1,0,24.6164,28
101.5,ue_ujeongwon_0003,gNB_4G_1,-40,gNB_5G,-91,0.344064,0,-1,0,59.969,28
101.5,ue_n001_0003,gNB_4G_1,-38,gNB_4G_2,-84,0.548864,0,-1,0,37.7924,28
101.5,car_north_base_001_rider,gNB_4G_2,-44,gNB_5G,-52,0.8192,1,20.8399,0,12.4736,15
101.5,car_north_base_002_rider,gNB_4G_2,-41,gNB_4G_1,-53,0.8192,1,17.4399,0,37.4828,28
101.5,ue_n043_0002,gNB_4G_1,-57,gNB_4G_2,-59,0.139264,4,1.43993,0,18.9135,16
101.5,ue_n001_0004,gNB_4G_1,-45,gNB_4G_2,-74,0.630784,0,-1,0,27.8003,28
101.5,ue_n043_0003,gNB_5G,-50,gNB_4G_2,-49,0.458752,4,3.43993,1,65.9064,28
101.5,car_north_base_003,gNB_4G_2,-48,gNB_4G_1,-50,0.589824,1,8.43993,0,64.9429,28
101.5,ue_n042_0004,gNB_4G_2,-58,gNB_5G,-69,0.8192,0,-1,0,56.5068,28
101.5,car_north_base_004,gNB_4G_1,-41,gNB_4G_2,-66,0.139264,0,-1,0,27.6326,15
101.5,car_north_base_005,gNB_4G_1,-41,gNB_4G_2,-70,0.221184,0,-1,0,31.0713,28
101.5,ue_n043_0004,gNB_4G_2,-53,gNB_5G,-64,0.745472,1,26.0399,0,57.6112,28
101.5,car_north_base_006_rider,gNB_4G_1,-53,gNB_4G_2,-83,0.131072,0,-1,0,60.8441,28
101.5,ue_n043_0005,gNB_4G_2,-55,gNB_5G,-64,0.483328,1,23.0399,0,57.0211,28
101.5,ue_ujeongwon_0004,gNB_4G_1,-48,gNB_4G_2,-90,0.12288,0,-1,0,64.1039,28
101.5,ue_ujeongwon_0005,gNB_4G_1,-54,gNB_4G_2,-78,0.32768,0,-1,0,58.2122,28
101.5,ue_n001_0005,gNB_4G_1,-47,gNB_4G_2,-75,0.589824,0,-1,0,28.6139,28
101.5,ue_ujeongwon_0006,gNB_4G_1,-53,gNB_4G_2,-81,0.540672,0,-1,0,52.7553,28
101.5,ue_n042_0005,gNB_4G_2,-60,gNB_5G,-63,0.8192,0,-1,0,33.8295,28
101.5,ue_n043_0006,gNB_4G_2,-60,gNB_4G_1,-60,0.57344,1,6.03993,0,52.8596,28
101.5,ue_ujeongwon_0007,gNB_4G_1,-57,gNB_5G,-93,0.8192,0,-1,0,45.8498,28
101.5,ue_ujeongwon_0008,gNB_4G_1,-58,gNB_5G,-70,0.360448,0,-1,0,49.1467,28
101.5,ue_n043_0007,gNB_4G_2,-60,gNB_4G_1,-69,0.417792,1,1.03993,0,51.3563,16
101.5,ue_ujeongwon_0009,gNB_4G_1,-54,gNB_4G_2,-76,0.581632,0,-1,0,57.2085,28
102.5,ue_n042_0001,gNB_4G_2,-41,gNB_5G,-56,0.278528,0,-1,0,68.3874,28
102.5,car_north_peak_001,gNB_4G_2,-47,gNB_5G,-53,0.098304,3,1.23993,1,62.9429,28
102.5,car_north_peak_002_rider,gNB_4G_2,-47,gNB_5G,-54,0.319488,1,51.6399,0,63.3158,28
102.5,car_north_peak_003_rider,gNB_4G_2,-47,gNB_5G,-59,0.8192,1,46.4399,0,58.675,28
102.5,ue_n042_0002,gNB_4G_2,-44,gNB_5G,-65,0.688128,0,-1,0,56.9525,28
102.5,ue_ujeongwon_0001,gNB_4G_1,-47,gNB_4G_2,-77,0.393216,0,-1,0,63.8591,28
102.5,car_north_peak_004,gNB_4G_2,-47,gNB_5G,-55,0.16384,1,44.4399,0,65.0175,28
102.5,car_north_peak_005,gNB_4G_2,-46,gNB_4G_1,-57,0.4096,1,41.0399,0,62.4278,28
102.5,ue_n043_0001,gNB_4G_2,-46,gNB_5G,-53,0.360448,3,11.4399,0,65.1064,28
102.5,ue_n042_0003,gNB_4G_2,-51,gNB_5G,-61,0.344064,0,-1,0,56.9413,28
102.5,ue_n001_0001,gNB_4G_1,-38,gNB_5G,-65,0.581632,0,-1,0,49.1789,28
102.5,ue_n001_0002,gNB_4G_1,-48,gNB_4G_2,-64,0.630784,0,-1,0,63.0272,20
102.5,ue_ujeongwon_0002,gNB_4G_1,-43,gNB_4G_2,-61,0.8192,0,-1,0,27.5833,28
102.5,ue_ujeongwon_0003,gNB_4G_1,-42,gNB_5G,-91,0.335872,0,-1,0,68.8628,28
102.5,ue_n001_0003,gNB_4G_1,-44,gNB_4G_2,-83,0.540672,0,-1,0,61.0023,28
102.5,car_north_base_001_rider,gNB_4G_2,-44,gNB_5G,-50,0.827392,1,21.8399,0,69.9973,28
102.5,car_north_base_002_rider,gNB_4G_2,-42,gNB_5G,-54,0.8192,1,18.4399,0,69.3811,28
102.5,ue_n043_0002,gNB_4G_1,-60,gNB_4G_2,-66,0.12288,4,2.43993,0,2.64157,5
102.5,ue_n001_0004,gNB_4G_1,-47,gNB_5G,-67,0.630784,0,-1,0,64.8373,28
102.5,ue_n043_0003,gNB_5G,-45,gNB_4G_2,-51,0.458752,4,4.43993,1,65.7979,28
102.5,car_north_base_003,gNB_4G_2,-46,gNB_4G_1,-50,0.589824,1,9.43993,0,64.0301,28
102.5,ue_n042_0004,gNB_4G_2,-53,gNB_5G,-76,0.8192,0,-1,0,54.1223,28
102.5,car_north_base_004,gNB_4G_1,-51,gNB_4G_2,-68,0.131072,0,-1,0,49.6428,28
102.5,car_north_base_005,gNB_4G_1,-46,gNB_4G_2,-66,0.229376,0,-1,0,60.3144,28
102.5,ue_n043_0004,gNB_4G_2,-53,gNB_5G,-63,0.745472,1,27.0399,0,54.8808,28
102.5,car_north_base_006_rider,gNB_4G_1,-49,gNB_4G_2,-77,0.131072,0,-1,0,33.5698,22
102.5,ue_n043_0005,gNB_4G_2,-54,gNB_5G,-64,0.475136,1,24.0399,0,57.2924,28
102.5,ue_ujeongwon_0004,gNB_4G_1,-47,gNB_4G_2,-89,0.114688,0,-1,0,66.5904,28
102.5,ue_ujeongwon_0005,gNB_4G_1,-53,gNB_4G_2,-78,0.32768,0,-1,0,43.6193,28
102.5,ue_n001_0005,gNB_4G_1,-47,gNB_4G_2,-69,0.581632,0,-1,0,17.1948,22
102.5,ue_ujeongwon_0006,gNB_4G_1,-53,gNB_4G_2,-78,0.548864,0,-1,0,24.7092,28
102.5,ue_n042_0005,gNB_4G_2,-55,gNB_5G,-71,0.8192,0,-1,0,55.2584,28
102.5,ue_n043_0006,gNB_4G_2,-56,gNB_4G_1,-61,0.581632,1,7.03993,0,15.4949,19
102.5,ue_ujeongwon_0007,gNB_4G_1,-57,gNB_5G,-98,0.8192,0,-1,0,38.957,28
102.5,ue_ujeongwon_0008,gNB_4G_1,-58,gNB_5G,-78,0.352256,0,-1,0,50.3434,28
102.5,ue_n043_0007,gNB_4G_2,-60,gNB_4G_1,-69,0.4096,1,2.03993,0,16.5582,28
102.5,ue_ujeongwon_0009,gNB_4G_1,-55,gNB_5G,-70,0.589824,0,-1,0,55.8032,28
103.5,ue_n042_0001,gNB_4G_2,-43,gNB_5G,-61,0.270336,0,-1,0,67.7279,28
103.5,car_north_peak_001,gNB_4G_2,-47,gNB_5G,-74,0.098304,3,2.23993,1,63.9313,28
103.5,car_north_peak_002_rider,gNB_4G_2,-47,gNB_5G,-55,0.311296,1,52.6399,0,64.9401,28
103.5,car_north_peak_003_rider,gNB_4G_2,-50,gNB_5G,-56,0.8192,1,47.4399,0,64.757,28
103.5,ue_n042_0002,gNB_4G_2,-43,gNB_5G,-65,0.679936,0,-1,0,69.4409,28
103.5,ue_ujeongwon_0001,gNB_4G_1,-45,gNB_4G_2,-78,0.393216,0,-1,0,62.267,28
103.5,car_north_peak_004,gNB_4G_2,-46,gNB_5G,-56,0.16384,1,45.4399,0,61.5174,28
103.5,car_north_peak_005,gNB_4G_2,-47,gNB_5G,-54,0.4096,1,42.0399,0,63.1023,28
103.5,ue_n043_0001,gNB_4G_2,-45,gNB_5G,-50,0.352256,3,12.4399,0,65.6808,28
103.5,ue_n042_0003,gNB_4G_2,-41,gNB_5G,-62,0.335872,0,-1,0,65.5382,28
103.5,ue_n001_0001,gNB_4G_1,-36,gNB_5G,-66,0.581632,0,-1,0,45.6832,28
103.5,ue_n001_0002,gNB_4G_1,-51,gNB_4G_2,-63,0.630784,0,-1,0,63.4643,28
103.5,ue_ujeongwon_0002,gNB_4G_1,-42,gNB_4G_2,-66,0.8192,0,-1,0,20.6394,25
103.5,ue_ujeongwon_0003,gNB_4G_1,-43,gNB_4G_2,-92,0.344064,0,-1,0,36.6874,28
103.5,ue_n001_0003,gNB_4G_1,-49,gNB_4G_2,-83,0.548864,0,-1,0,47.1943,28
103.5,car_north_base_001_rider,gNB_4G_2,-41,gNB_5G,-52,0.8192,1,22.8399,0,66.9859,28
103.5,car_north_base_002_rider,gNB_4G_2,-41,gNB_5G,-54,0.8192,1,19.4399,0,66.2896,28
103.5,ue_n043_0002,gNB_4G_2,-59,gNB_5G,-65,0.139264,5,0.439928,1,14.9701,28
103.5,ue_n001_0004,gNB_4G_1,-51,gNB_4G_2,-73,0.622592,0,-1,0,64.2721,28
103.5,ue_n043_0003,gNB_5G,-46,gNB_4G_2,-52,0.45056,4,5.43993,1,64.3137,28
103.5,car_north_base_003,gNB_4G_2,-43,gNB_4G_1,-50,0.581632,1,10.4399,0,24.2811,28
103.5,ue_n042_0004,gNB_4G_2,-53,gNB_5G,-65,0.8192,0,-1,0,56.4976,28
103.5,car_north_base_004,gNB_4G_1,-43,gNB_5G,-64,0.131072,0,-1,0,28.1807,28
103.5,car_north_base_005,gNB_4G_1,-43,gNB_4G_2,-79,0.229376,0,-1,0,64.2609,28
103.5,ue_n043_0004,gNB_4G_2,-55,gNB_5G,-61,0.745472,1,28.0399,0,59.2497,28
103.5,car_north_base_006_rider,gNB_4G_1,-51,gNB_4G_2,-78,0.12288,0,-1,0,41.2146,28
103.5,ue_n043_0005,gNB_4G_2,-53,gNB_5G,-64,0.483328,1,25.0399,0,57.6112,28
103.5,ue_ujeongwon_0004,gNB_4G_1,-44,gNB_4G_2,-89,0.12288,0,-1,0,65.4,28
103.5,ue_ujeongwon_0005,gNB_4G_1,-52,gNB_5G,-80,0.32768,0,-1,0,62.175,15
103.5,ue_n001_0005,gNB_4G_1,-47,gNB_4G_2,-69,0.589824,0,-1,0,34.5824,28
103.5,ue_ujeongwon_0006,gNB_4G_1,-58,gNB_4G_2,-77,0.548864,0,-1,0,43.4684,28
103.5,ue_n042_0005,gNB_4G_2,-56,gNB_5G,-68,0.8192,0,-1,0,56.1185,28
103.5,ue_n043_0006,gNB_4G_2,-55,gNB_4G_1,-67,0.581632,1,8.03993,0,52.2474,28
103.5,ue_ujeongwon_0007,gNB_4G_1,-59,gNB_5G,-67,0.8192,0,-1,0,41.9021,28
103.5,ue_ujeongwon_0008,gNB_4G_1,-57,gNB_5G,-93,0.352256,0,-1,0,54.9885,19
103.5,ue_n043_0007,gNB_4G_2,-60,gNB_5G,-70,0.319488,1,3.03993,0,49.5063,6
103.5,ue_ujeongwon_0009,gNB_4G_1,-55,gNB_5G,-78,0.581632,0,-1,0,57.3569,28
104.5,ue_n042_0001,gNB_4G_2,-43,gNB_5G,-62,0.270336,0,-1,0,46.1855,28
104.5,car_north_peak_001,gNB_4G_2,-48,gNB_4G_1,-75,0.098304,3,3.23993,1,61.6133,28
104.5,car_north_peak_002_rider,gNB_4G_2,-46,gNB_5G,-51,0.319488,1,53.6399,0,63.6535,25
104.5,car_north_peak_003_rider,gNB_4G_2,-47,gNB_4G_1,-54,0.811008,1,48.4399,0,12.208,28
104.5,ue_n042_0002,gNB_4G_2,-41,gNB_5G,-62,0.679936,0,-1,0,64.3253,28
104.5,ue_ujeongwon_0001,gNB_4G_1,-45,gNB_4G_2,-78,0.385024,0,-1,0,39.9622,28
104.5,car_north_peak_004,gNB_4G_2,-49,gNB_5G,-51,0.155648,1,46.4399,0,63.6247,28
104.5,car_north_peak_005,gNB_4G_2,-48,gNB_5G,-53,0.4096,1,43.0399,0,23.2725,23
104.5,ue_n043_0001,gNB_4G_2,-45,gNB_5G,-50,0.360448,3,13.4399,0,32.7866,27
104.5,ue_n042_0003,gNB_4G_2,-42,gNB_5G,-64,0.344064,0,-1,0,65.0491,28
104.5,ue_n001_0001,gNB_4G_1,-44,gNB_5G,-65,0.589824,0,-1,0,64.3075,28
104.5,ue_n001_0002,gNB_4G_1,-47,gNB_4G_2,-61,0.630784,0,-1,0,20.1299,24
104.5,ue_ujeongwon_0002,gNB_4G_1,-42,gNB_4G_2,-60,0.8192,0,-1,0,37.4901,28
104.5,ue_ujeongwon_0003,gNB_4G_1,-42,gNB_4G_2,-73,0.344064,0,-1,0,40.9609,28
104.5,ue_n001_0003,gNB_4G_1,-62,gNB_4G_2,-83,0.548864,0,-1,0,39.3938,28
104.5,car_north_base_001_rider,gNB_4G_2,-44,gNB_5G,-49,0.8192,1,23.8399,0,62.5159,28
104.5,car_north_base_002_rider,gNB_4G_2,-44,gNB_5G,-58,0.8192,1,20.4399,0,34.0869,28
104.5,ue_n043_0002,gNB_4G_2,-56,gNB_4G_1,-63,0.139264,5,1.43993,1,54.3752,28
104.5,ue_n001_0004,gNB_4G_1,-51,gNB_4G_2,-73,0.630784,0,-1,0,63.5043,28
104.5,ue_n043_0003,gNB_5G,-46,gNB_4G_2,-50,0.458752,4,6.43993,1,67.6651,28
104.5,car_north_base_003,gNB_4G_2,-43,gNB_4G_1,-51,0.581632,1,11.4399,0,38.8963,27
104.5,ue_n042_0004,gNB_4G_2,-54,gNB_5G,-68,0.8192,0,-1,0,55.5464,28
104.5,car_north_base_004,gNB_4G_1,-45,gNB_5G,-65,0.139264,0,-1,0,38.0226,28
104.5,car_north_base_005,gNB_4G_1,-43,gNB_5G,-65,0.229376,0,-1,0,29.2618,28
104.5,ue_n043_0004,gNB_4G_2,-52,gNB_5G,-59,0.745472,1,29.0399,0,56.1838,28
104.5,car_north_base_006_rider,gNB_4G_1,-50,gNB_4G_2,-77,0.131072,0,-1,0,35.8024,28
104.5,ue_n043_0005,gNB_4G_2,-53,gNB_5G,-63,0.483328,1,26.0399,0,53.1581,28
104.5,ue_ujeongwon_0004,gNB_4G_1,-45,gNB_4G_2,-90,0.114688,0,-1,0,67.8148,28
104.5,ue_ujeongwon_0005,gNB_4G_1,-50,gNB_5G,-84,0.32768,0,-1,0,61.4824,28
104.5,ue_n001_0005,gNB_4G_1,-46,gNB_4G_2,-71,0.581632,0,-1,0,26.6969,28
104.5,ue_ujeongwon_0006,gNB_4G_1,-58,gNB_4G_2,-77,0.540672,0,-1,0,55.414,28
104.5,ue_n042_0005,gNB_4G_2,-57,gNB_5G,-70,0.8192,0,-1,0,34.3795,28
104.5,ue_n043_0006,gNB_4G_2,-58,gNB_4G_1,-67,0.581632,1,9.03993,0,14.1063,16
104.5,ue_ujeongwon_0007,gNB_4G_1,-57,gNB_5G,-68,0.8192,0,-1,0,36.7427,28
104.5,ue_ujeongwon_0008,gNB_4G_1,-57,gNB_5G,-98,0.360448,0,-1,0,37.3186,27
104.5,ue_n043_0007,gNB_4G_2,-61,gNB_4G_1,-64,0.352256,1,4.03993,0,2.30889,7
104.5,ue_ujeongwon_0009,gNB_4G_1,-55,gNB_4G_2,-76,0.589824,0,-1,0,56.3093,28
105.5,ue_n042_0001,gNB_4G_2,-59,gNB_5G,-71,0.278528,0,-1,0,43.7327,28
105.5,car_north_peak_001,gNB_4G_2,-65,gNB_5G,-58,0.090112,3,4.23993,1,17.3476,28
105.5,car_north_peak_002_rider,gNB_4G_2,-47,gNB_5G,-51,0.311296,1,54.6399,0,60.2627,28
105.5,car_north_peak_003_rider,gNB_4G_2,-49,gNB_5G,-52,0.802816,1,49.4399,0,60.4434,28
105.5,ue_n042_0002,gNB_4G_2,-45,gNB_5G,-58,0.688128,0,-1,0,65.7557,28
105.5,ue_ujeongwon_0001,gNB_4G_1,-45,gNB_4G_2,-78,0.393216,0,-1,0,32.299,28
105.5,car_north_peak_004,gNB_4G_2,-47,gNB_4G_1,-54,0.16384,1,47.4399,0,61.1152,28
105.5,car_north_peak_005,gNB_4G_2,-45,gNB_5G,-56,0.4096,1,44.0399,0,64.7875,28
105.5,ue_n043_0001,gNB_4G_2,-46,gNB_5G,-49,0.352256,3,14.4399,0,66.1637,28
105.5,ue_n042_0003,gNB_4G_2,-39,gNB_5G,-58,0.344064,0,-1,0,68.2364,28
105.5,ue_n001_0001,gNB_4G_1,-41,gNB_5G,-64,0.581632,0,-1,0,49.0247,28
105.5,ue_n001_0002,gNB_4G_1,-45,gNB_4G_2,-60,0.630784,0,-1,0,61.7443,28
105.5,ue_ujeongwon_0002,gNB_4G_1,-43,gNB_5G,-74,0.8192,0,-1,0,19.678,28
105.5,ue_ujeongwon_0003,gNB_4G_1,-45,gNB_4G_2,-77,0.344064,0,-1,0,33.3901,28
105.5,ue_n001_0003,gNB_4G_1,-68,gNB_4G_2,-83,0.540672,0,-1,0,60.0657,28
105.5,car_north_base_001_rider,gNB_4G_2,-47,gNB_5G,-57,0.811008,1,24.8399,0,66.9516,28
105.5,car_north_base_002_rider,gNB_4G_2,-44,gNB_5G,-55,0.8192,1,21.4399,0,43.082,28
105.5,ue_n043_0002,gNB_4G_2,-56,gNB_4G_1,-71,0.139264,5,2.43993,1,55.2733,28
105.5,ue_n001_0004,gNB_4G_1,-52,gNB_5G,-71,0.630784,0,-1,0,33.4884,28
105.5,ue_n043_0003,gNB_5G,-46,gNB_4G_2,-48,0.45056,4,7.43993,1,63.7385,28
105.5,car_north_base_003,gNB_4G_2,-43,gNB_5G,-54,0.581632,1,12.4399,0,66.1617,28
105.5,ue_n042_0004,gNB_4G_2,-54,gNB_5G,-60,0.8192,0,-1,0,56.9072,22
105.5,car_north_base_004,gNB_4G_1,-45,gNB_5G,-61,0.131072,0,-1,0,26.7843,28
105.5,car_north_base_005,gNB_4G_1,-42,gNB_5G,-60,0.221184,0,-1,0,38.9144,28
105.5,ue_n043_0004,gNB_4G_2,-54,gNB_5G,-60,0.745472,1,30.0399,0,58.1883,28
105.5,car_north_base_006_rider,gNB_4G_1,-48,gNB_4G_2,-79,0.12288,0,-1,0,29.6238,28
105.5,ue_n043_0005,gNB_4G_2,-55,gNB_5G,-61,0.483328,1,27.0399,0,36.7419,28
105.5,ue_ujeongwon_0004,gNB_4G_1,-43,gNB_4G_2,-89,0.12288,0,-1,0,65.5602,28
105.5,ue_ujeongwon_0005,gNB_4G_1,-49,gNB_5G,-88,0.32768,0,-1,0,63.1428,16
105.5,ue_n001_0005,gNB_4G_1,-45,gNB_4G_2,-73,0.581632,0,-1,0,26.9064,25
105.5,ue_ujeongwon_0006,gNB_4G_1,-54,gNB_4G_2,-78,0.548864,0,-1,0,53.6733,7
105.5,ue_n042_0005,gNB_4G_2,-57,gNB_5G,-69,0.8192,0,-1,0,39.9796,28
105.5,ue_n043_0006,gNB_4G_2,-57,gNB_4G_1,-68,0.589824,1,10.0399,0,22.7757,23
105.5,ue_ujeongwon_0007,gNB_4G_1,-56,gNB_5G,-71,0.8192,0,-1,0,31.7164,28
105.5,ue_ujeongwon_0008,gNB_4G_1,-59,gNB_5G,-67,0.352256,0,-1,0,48.9341,28
105.5,ue_n043_0007,gNB_4G_2,-57,gNB_4G_1,-62,0.294912,1,5.03993,0,-1.10249,28
105.5,ue_ujeongwon_0009,gNB_4G_1,-55,gNB_4G_2,-78,0.581632,0,-1,0,53.3467,28
106.5,ue_n042_0001,gNB_4G_2,-64,gNB_5G,-97,0.270336,0,-1,0,46.0806,28
106.5,car_north_peak_001,gNB_4G_1,-66,gNB_4G_2,-82,0.098304,5,0.0399284,0,35.914,28
106.5,car_north_peak_002_rider,gNB_4G_2,-51,gNB_5G,-53,0.311296,1,55.6399,0,31.5269,28
106.5,car_north_peak_003_rider,gNB_4G_2,-50,gNB_5G,-53,0.794624,1,50.4399,0,17.152,28
106.5,ue_n042_0002,gNB_4G_2,-47,gNB_5G,-58,0.679936,0,-1,0,63.7058,28
106.5,ue_ujeongwon_0001,gNB_4G_1,-49,gNB_5G,-76,0.385024,0,-1,0,53.457,25
106.5,car_north_peak_004,gNB_4G_2,-49,gNB_4G_1,-56,0.155648,1,48.4399,0,62.4514,28
106.5,car_north_peak_005,gNB_4G_2,-46,gNB_5G,-54,0.4096,1,45.0399,0,64.7186,20
106.5,ue_n043_0001,gNB_4G_2,-46,gNB_5G,-51,0.360448,3,15.4399,0,64.8447,28
106.5,ue_n042_0003,gNB_4G_2,-38,gNB_5G,-64,0.335872,0,-1,0,49.7778,28
106.5,ue_n001_0001,gNB_4G_1,-40,gNB_5G,-67,0.589824,0,-1,0,54.8336,28
106.5,ue_n001_0002,gNB_4G_1,-45,gNB_4G_2,-61,0.630784,0,-1,0,65.9706,28
106.5,ue_ujeongwon_0002,gNB_4G_1,-45,gNB_4G_2,-62,0.8192,0,-1,0,34.5905,26
106.5,ue_ujeongwon_0003,gNB_4G_1,-43,gNB_4G_2,-71,0.335872,0,-1,0,33.0902,28
106.5,ue_n001_0003,gNB_4G_1,-43,gNB_4G_2,-83,0.548864,0,-1,0,45.372,28
106.5,car_north_base_001_rider,gNB_4G_2,-45,gNB_5G,-57,0.827392,1,25.8399,0,36.8879,28
106.5,car_north_base_002_rider,gNB_4G_2,-44,gNB_5G,-53,0.802816,1,22.4399,0,11.7542,28
106.5,ue_n043_0002,gNB_4G_2,-56,gNB_5G,-67,0.114688,5,3.43993,1,51.9449,4
106.5,ue_n001_0004,gNB_4G_1,-50,gNB_5G,-70,0.630784,0,-1,0,63.5586,28
106.5,ue_n043_0003,gNB_5G,-45,gNB_4G_2,-50,0.458752,4,8.43993,1,65.8733,28
106.5,car_north_base_003,gNB_4G_2,-43,gNB_5G,-54,0.581632,1,13.4399,0,15.0325,28
106.5,ue_n042_0004,gNB_4G_2,-55,gNB_5G,-66,0.8192,0,-1,0,51.7617,26
106.5,car_north_base_004,gNB_4G_1,-45,gNB_5G,-63,0.139264,0,-1,0,25.532,28
106.5,car_north_base_005,gNB_4G_1,-44,gNB_5G,-63,0.229376,0,-1,0,54.1795,15
106.5,ue_n043_0004,gNB_4G_2,-53,gNB_5G,-61,0.671744,1,31.0399,0,57.7698,28
106.5,car_north_base_006_rider,gNB_4G_1,-52,gNB_4G_2,-78,0.131072,0,-1,0,62.0849,20
106.5,ue_n043_0005,gNB_4G_2,-52,gNB_5G,-59,0.483328,1,28.0399,0,56.1838,28
106.5,ue_ujeongwon_0004,gNB_4G_1,-45,gNB_4G_2,-89,0.114688,0,-1,0,55.7446,28
106.5,ue_ujeongwon_0005,gNB_4G_1,-48,gNB_4G_2,-90,0.32768,0,-1,0,61.1509,28
106.5,ue_n001_0005,gNB_4G_1,-47,gNB_4G_2,-69,0.589824,0,-1,0,47.9094,28
106.5,ue_ujeongwon_0006,gNB_4G_1,-52,gNB_4G_2,-78,0.548864,0,-1,0,58.2721,28
106.5,ue_n042_0005,gNB_4G_2,-57,gNB_5G,-69,0.8192,0,-1,0,40.024,28
106.5,ue_n043_0006,gNB_4G_2,-57,gNB_4G_1,-73,0.581632,1,11.0399,0,20.3681,24
106.5,ue_ujeongwon_0007,gNB_4G_1,-56,gNB_5G,-76,0.8192,0,-1,0,40.4059,28
106.5,ue_ujeongwon_0008,gNB_4G_1,-57,gNB_5G,-65,0.360448,0,-1,0,56.3409,28
106.5,ue_n043_0007,gNB_4G_1,-58,gNB_4G_2,-55,0.2048,2,0.239928,0,46.5521,28
106.5,ue_ujeongwon_0009,gNB_4G_1,-56,gNB_4G_2,-81,0.589824,0,-1,0,31.0986,28
107.5,ue_n042_0001,gNB_4G_2,-71,gNB_5G,-98,0.270336,0,-1,0,45.688,28
107.5,car_north_peak_001,gNB_4G_1,-62,gNB_4G_2,-84,0.098304,5,1.03993,0,43.3154,28
107.5,car_north_peak_002_rider,gNB_5G,-53,gNB_4G_1,-56,0.270336,2,0.839928,0,56.5182,28
107.5,car_north_peak_003_rider,gNB_4G_2,-46,gNB_4G_1,-52,0.811008,1,51.4399,0,29.5173,28
107.5,ue_n042_0002,gNB_4G_2,-45,gNB_5G,-67,0.679936,0,-1,0,46.1898,28
107.5,ue_ujeongwon_0001,gNB_4G_1,-51,gNB_4G_2,-78,0.393216,0,-1,0,60.8513,28
107.5,car_north_peak_004,gNB_4G_2,-48,gNB_5G,-52,0.16384,1,49.4399,0,64.1514,28
107.5,car_north_peak_005,gNB_4G_2,-46,gNB_5G,-51,0.4096,1,46.0399,0,13.5656,14
107.5,ue_n043_0001,gNB_4G_2,-45,gNB_5G,-51,0.352256,3,16.4399,0,26.388,28
107.5,ue_n042_0003,gNB_4G_2,-41,gNB_5G,-60,0.344064,0,-1,0,66.7992,28
107.5,ue_n001_0001,gNB_4G_1,-39,gNB_5G,-66,0.581632,0,-1,0,36.0919,28
107.5,ue_n001_0002,gNB_4G_1,-45,gNB_4G_2,-61,0.630784,0,-1,0,60.6009,28
107.5,ue_ujeongwon_0002,gNB_4G_1,-42,gNB_4G_2,-62,0.8192,0,-1,0,23.5218,28
107.5,ue_ujeongwon_0003,gNB_4G_1,-41,gNB_4G_2,-71,0.344064,0,-1,0,31.0218,28
107.5,ue_n001_0003,gNB_4G_1,-39,gNB_4G_2,-83,0.548864,0,-1,0,66.3591,28
107.5,car_north_base_001_rider,gNB_4G_2,-45,gNB_5G,-54,0.8192,1,26.8399,0,65.4605,28
107.5,car_north_base_002_rider,gNB_4G_2,-44,gNB_5G,-52,0.835584,1,23.4399,0,37.3925,28
107.5,ue_n043_0002,gNB_4G_2,-58,gNB_4G_1,-59,0.139264,5,4.43993,1,52.2712,28
107.5,ue_n001_0004,gNB_4G_1,-46,gNB_5G,-71,0.630784,0,-1,0,34.3547,28
107.5,ue_n043_0003,gNB_5G,-52,gNB_4G_2,-49,0.45056,4,9.43993,1,64.2123,26
107.5,car_north_base_003,gNB_4G_2,-41,gNB_5G,-53,0.589824,1,14.4399,0,66.9719,28
107.5,ue_n042_0004,gNB_4G_2,-51,gNB_5G,-68,0.8192,0,-1,0,56.1342,28
107.5,car_north_base_004,gNB_4G_1,-44,gNB_5G,-63,0.131072,0,-1,0,56.049,26
107.5,car_north_base_005,gNB_4G_1,-46,gNB_5G,-60,0.229376,0,-1,0,24.8302,28
107.5,ue_n043_0004,gNB_4G_2,-53,gNB_5G,-57,0.811008,1,32.0399,0,5.80286,11
107.5,car_north_base_006_rider,gNB_4G_1,-50,gNB_4G_2,-77,0.131072,0,-1,0,44.2788,28
107.5,ue_n043_0005,gNB_4G_2,-54,gNB_5G,-60,0.483328,1,29.0399,0,28.5059,28
107.5,ue_ujeongwon_0004,gNB_4G_1,-43,gNB_4G_2,-90,0.12288,0,-1,0,59.048,28
107.5,ue_ujeongwon_0005,gNB_4G_1,-48,gNB_4G_2,-89,0.32768,0,-1,0,66.6838,24
107.5,ue_n001_0005,gNB_4G_1,-46,gNB_4G_2,-68,0.581632,0,-1,0,26.5503,27
107.5,ue_ujeongwon_0006,gNB_4G_1,-52,gNB_5G,-80,0.540672,0,-1,0,57.5495,28
107.5,ue_n042_0005,gNB_4G_2,-56,gNB_5G,-69,0.8192,0,-1,0,35.0346,28
107.5,ue_n043_0006,gNB_4G_2,-56,gNB_5G,-74,0.589824,1,12.0399,0,33.9105,28
107.5,ue_ujeongwon_0007,gNB_4G_1,-57,gNB_5G,-69,0.8192,0,-1,0,45.0258,28
107.5,ue_ujeongwon_0008,gNB_4G_1,-56,gNB_5G,-84,0.352256,0,-1,0,52.8119,28
107.5,ue_n043_0007,gNB_4G_2,-52,gNB_4G_1,-60,0.360448,3,0.439928,1,54.9815,28
107.5,ue_ujeongwon_0009,gNB_4G_1,-54,gNB_5G,-77,0.581632,0,-1,0,30.3636,27
108.5,ue_n042_0001,gNB_4G_2,-73,gNB_5G,-99,0.278528,0,-1,0,40.5164,28
108.5,car_north_peak_001,gNB_4G_1,-59,gNB_5G,-72,0.098304,5,2.03993,0,30.1027,28
108.5,car_north_peak_002_rider,gNB_5G,-54,gNB_4G_1,-56,0.319488,2,1.83993,0,57.5382,28
108.5,car_north_peak_003_rider,gNB_4G_2,-48,gNB_5G,-51,0.827392,1,52.4399,0,59.7894,28
108.5,ue_n042_0002,gNB_4G_2,-60,gNB_5G,-68,0.688128,0,-1,0,43.7312,28
108.5,ue_ujeongwon_0001,gNB_4G_1,-49,gNB_4G_2,-77,0.393216,0,-1,0,62.3505,28
108.5,car_north_peak_004,gNB_4G_2,-47,gNB_5G,-52,0.16384,1,50.4399,0,63.9155,28
108.5,car_north_peak_005,gNB_4G_2,-47,gNB_5G,-55,0.4096,1,47.0399,0,63.0887,28
108.5,ue_n043_0001,gNB_4G_2,-45,gNB_5G,-52,0.352256,3,17.4399,0,27.2166,27
108.5,ue_n042_0003,gNB_4G_2,-41,gNB_5G,-62,0.344064,0,-1,0,70.3848,28
108.5,ue_n001_0001,gNB_4G_1,-39,gNB_4G_2,-66,0.589824,0,-1,0,30.9162,28
108.5,ue_n001_0002,gNB_4G_1,-53,gNB_4G_2,-61,0.622592,0,-1,0,21.2391,22
108.5,ue_ujeongwon_0002,gNB_4G_1,-45,gNB_4G_2,-63,0.8192,0,-1,0,16.3228,28
108.5,ue_ujeongwon_0003,gNB_4G_1,-40,gNB_4G_2,-69,0.344064,0,-1,0,37.5412,28
108.5,ue_n001_0003,gNB_4G_1,-38,gNB_4G_2,-84,0.540672,0,-1,0,72.4471,28
108.5,car_north_base_001_rider,gNB_4G_2,-45,gNB_5G,-50,0.8192,1,27.8399,0,66.408,28
108.5,car_north_base_002_rider,gNB_4G_2,-42,gNB_5G,-51,0.8192,1,24.4399,0,69.977,20
108.5,ue_n043_0002,gNB_4G_2,-59,gNB_4G_1,-59,0.098304,5,5.43993,1,5.95106,3
108.5,ue_n001_0004,gNB_4G_1,-47,gNB_4G_2,-73,0.630784,0,-1,0,63.4762,28
108.5,ue_n043_0003,gNB_5G,-47,gNB_4G_2,-50,0.458752,4,10.4399,1,64.2564,28
108.5,car_north_base_003,gNB_4G_2,-41,gNB_5G,-67,0.589824,1,15.4399,0,49.6001,28
108.5,ue_n042_0004,gNB_4G_2,-52,gNB_5G,-69,0.8192,0,-1,0,58.5466,28
108.5,car_north_base_004,gNB_4G_1,-48,gNB_5G,-58,0.12288,0,-1,0,57.4845,28
108.5,car_north_base_005,gNB_4G_1,-46,gNB_5G,-66,0.229376,0,-1,0,55.6736,28
108.5,ue_n043_0004,gNB_4G_2,-53,gNB_5G,-56,0.729088,1,33.0399,0,56.4147,28
108.5,car_north_base_006_rider,gNB_4G_1,-51,gNB_5G,-90,0.12288,0,-1,0,30.2416,28
108.5,ue_n043_0005,gNB_4G_2,-53,gNB_5G,-61,0.475136,1,30.0399,0,57.501,28
108.5,ue_ujeongwon_0004,gNB_4G_1,-35,gNB_4G_2,-90,0.114688,0,-1,0,47.1642,28
108.5,ue_ujeongwon_0005,gNB_4G_1,-44,gNB_4G_2,-89,0.32768,0,-1,0,65.3872,25
108.5,ue_n001_0005,gNB_4G_1,-45,gNB_4G_2,-70,0.589824,0,-1,0,53.0042,28
108.5,ue_ujeongwon_0006,gNB_4G_1,-50,gNB_5G,-84,0.548864,0,-1,0,46.693,28
108.5,ue_n042_0005,gNB_4G_2,-58,gNB_5G,-70,0.8192,0,-1,0,27.7306,28
108.5,ue_n043_0006,gNB_4G_2,-57,gNB_5G,-74,0.581632,1,13.0399,0,23.7784,24
108.5,ue_ujeongwon_0007,gNB_4G_1,-53,gNB_5G,-71,0.8192,0,-1,0,30.5112,28
108.5,ue_ujeongwon_0008,gNB_4G_1,-55,gNB_5G,-73,0.360448,0,-1,0,53.9151,28
108.5,ue_n043_0007,gNB_4G_2,-56,gNB_4G_1,-65,0.4096,3,1.43993,1,8.67804,13
108.5,ue_ujeongwon_0009,gNB_4G_1,-53,gNB_5G,-75,0.581632,0,-1,0,57.5581,13
109.5,ue_n042_0001,gNB_4G_2,-68,gNB_5G,-96,0.270336,0,-1,0,39.1278,28
109.5,car_north_peak_001,gNB_5G,-74,gNB_4G_1,-78,0.090112,6,0.639928,1,34.9777,28
109.5,car_north_peak_002_rider,gNB_4G_2,-47,gNB_5G,-53,0.311296,3,0.639928,1,61.1097,28
109.5,car_north_peak_003_rider,gNB_4G_2,-52,gNB_4G_1,-55,0.811008,1,53.4399,0,57.74,13
109.5,ue_n042_0002,gNB_4G_2,-65,gNB_5G,-97,0.679936,0,-1,0,45.6534,28
109.5,ue_ujeongwon_0001,gNB_4G_1,-47,gNB_5G,-72,0.385024,0,-1,0,45.9425,28
109.5,car_north_peak_004,gNB_4G_2,-47,gNB_4G_1,-53,0.155648,1,51.4399,0,13.63,28
109.5,car_north_peak_005,gNB_4G_2,-47,gNB_4G_1,-55,0.4096,1,48.0399,0,61.5321,28
109.5,ue_n043_0001,gNB_4G_2,-46,gNB_5G,-51,0.360448,3,18.4399,0,60.6586,28
109.5,ue_n042_0003,gNB_4G_2,-40,gNB_5G,-60,0.335872,0,-1,0,67.6027,28
109.5,ue_n001_0001,gNB_4G_1,-40,gNB_4G_2,-66,0.581632,0,-1,0,36.4375,28
109.5,ue_n001_0002,gNB_4G_1,-51,gNB_4G_2,-60,0.638976,0,-1,0,65.1281,28
109.5,ue_ujeongwon_0002,gNB_4G_1,-48,gNB_4G_2,-60,0.8192,0,-1,0,22.2031,28
109.5,ue_ujeongwon_0003,gNB_4G_1,-40,gNB_4G_2,-68,0.335872,0,-1,0,27.8099,28
109.5,ue_n001_0003,gNB_4G_1,-41,gNB_5G,-74,0.548864,0,-1,0,45.64,28
109.5,car_north_base_001_rider,gNB_4G_2,-44,gNB_5G,-55,0.8192,1,28.8399,0,23.4889,24
109.5,car_north_base_002_rider,gNB_4G_2,-41,gNB_5G,-54,0.8192,1,25.4399,0,34.3539,28
109.5,ue_n043_0002,gNB_4G_1,-58,gNB_4G_2,-62,0.106496,6,0.439928,1,32.9915,28
109.5,ue_n001_0004,gNB_4G_1,-47,gNB_5G,-67,0.630784,0,-1,0,32.0106,28
109.5,ue_n043_0003,gNB_5G,-46,gNB_4G_2,-50,0.45056,4,11.4399,1,66.4865,28
109.5,car_north_base_003,gNB_4G_2,-42,gNB_5G,-52,0.581632,1,16.4399,0,66.7314,25
109.5,ue_n042_0004,gNB_4G_2,-52,gNB_5G,-64,0.8192,0,-1,0,60.0143,28
109.5,car_north_base_004,gNB_4G_2,-45,gNB_4G_1,-50,0.114688,1,0.439928,0,51.6718,28
109.5,car_north_base_005,gNB_4G_1,-47,gNB_5G,-60,0.229376,0,-1,0,54.9609,28
109.5,ue_n043_0004,gNB_4G_2,-54,gNB_5G,-55,0.720896,1,34.0399,0,14.6921,19
109.5,car_north_base_006_rider,gNB_4G_1,-53,gNB_4G_2,-74,0.131072,0,-1,0,22.4132,28
109.5,ue_n043_0005,gNB_4G_2,-53,gNB_5G,-57,0.483328,1,31.0399,0,58.9603,28
109.5,ue_ujeongwon_0004,gNB_4G_1,-45,gNB_4G_2,-90,0.12288,0,-1,0,56.6611,28
109.5,ue_ujeongwon_0005,gNB_4G_1,-45,gNB_4G_2,-90,0.32768,0,-1,0,58.9947,28
109.5,ue_n001_0005,gNB_4G_1,-45,gNB_4G_2,-67,0.581632,0,-1,0,61.5997,28
109.5,ue_ujeongwon_0006,gNB_4G_1,-50,gNB_5G,-87,0.548864,0,-1,0,58.2753,28
109.5,ue_n042_0005,gNB_4G_2,-60,gNB_5G,-69,0.8192,0,-1,0,36.852,27
109.5,ue_n043_0006,gNB_4G_2,-56,gNB_5G,-75,0.581632,1,14.0399,0,31.5975,22
109.5,ue_ujeongwon_0007,gNB_4G_1,-53,gNB_5G,-71,0.8192,0,-1,0,40.538,28
109.5,ue_ujeongwon_0008,gNB_4G_1,-56,gNB_5G,-75,0.352256,0,-1,0,39.0887,28
109.5,ue_n043_0007,gNB_4G_2,-58,gNB_4G_1,-67,0.4096,3,2.43993,1,53.4263,17
109.5,ue_ujeongwon_0009,gNB_4G_1,-52,gNB_5G,-77,0.581632,0,-1,0,24.0043,26
110.5,ue_n042_0001,gNB_4G_2,-72,gNB_5G,-92,0.270336,0,-1,0,39.8887,28
110.5,car_north_peak_001,gNB_5G,-76,gNB_4G_2,-92,0.098304,6,1.63993,1,34.7383,28
110.5,car_north_peak_002_rider,gNB_4G_2,-49,gNB_5G,-54,0.319488,3,1.63993,1,50.6303,28
110.5,car_north_peak_003_rider,gNB_4G_2,-50,gNB_5G,-54,0.827392,1,54.4399,0,62.6395,28
110.5,ue_n042_0002,gNB_4G_2,-67,gNB_5G,-97,0.679936,0,-1,0,42.0236,28
110.5,ue_ujeongwon_0001,gNB_4G_1,-44,gNB_5G,-77,0.393216,0,-1,0,38.549,28
110.5,car_north_peak_004,gNB_4G_2,-47,gNB_4G_1,-55,0.16384,1,52.4399,0,63.307,28
110.5,car_north_peak_005,gNB_4G_2,-49,gNB_5G,-55,0.4096,1,49.0399,0,64.4327,28
110.5,ue_n043_0001,gNB_4G_2,-47,gNB_5G,-49,0.360448,3,19.4399,0,61.0021,28
110.5,ue_n042_0003,gNB_4G_2,-40,gNB_5G,-60,0.344064,0,-1,0,53.9622,28
110.5,ue_n001_0001,gNB_4G_1,-42,gNB_5G,-65,0.581632,0,-1,0,55.3965,28
110.5,ue_n001_0002,gNB_4G_1,-46,gNB_4G_2,-62,0.630784,0,-1,0,63.4053,28
110.5,ue_ujeongwon_0002,gNB_4G_1,-43,gNB_4G_2,-64,0.8192,0,-1,0,32.294,28
110.5,ue_ujeongwon_0003,gNB_4G_1,-43,gNB_4G_2,-69,0.344064,0,-1,0,25.6059,28
110.5,ue_n001_0003,gNB_4G_1,-39,gNB_5G,-63,0.548864,0,-1,0,68.3416,28
110.5,car_north_base_001_rider,gNB_4G_2,-45,gNB_5G,-52,0.8192,1,29.8399,0,66.2298,28
110.5,car_north_base_002_rider,gNB_4G_2,-47,gNB_5G,-58,0.8192,1,26.4399,0,15.0732,28
110.5,ue_n043_0002,gNB_4G_2,-63,gNB_5G,-67,0.131072,7,0.639928,1,19.3869,20
110.5,ue_n001_0004,gNB_4G_1,-50,gNB_5G,-69,0.630784,0,-1,0,31.1614,28
110.5,ue_n043_0003,gNB_5G,-51,gNB_4G_2,-49,0.458752,4,12.4399,1,66.5809,28
110.5,car_north_base_003,gNB_4G_2,-40,gNB_5G,-58,0.589824,1,17.4399,0,65.4987,25
110.5,ue_n042_0004,gNB_4G_2,-52,gNB_5G,-69,0.8192,0,-1,0,62.0088,28
110.5,car_north_base_004,gNB_4G_1,-49,gNB_5G,-56,0.131072,2,0.639928,1,56.2178,28
110.5,car_north_base_005,gNB_4G_1,-48,gNB_4G_2,-66,0.221184,0,-1,0,56.9196,20
110.5,ue_n043_0004,gNB_4G_2,-53,gNB_5G,-53,0.729088,1,35.0399,0,4.92602,8
110.5,car_north_base_006_rider,gNB_4G_1,-52,gNB_4G_2,-71,0.131072,0,-1,0,36.6535,28
110.5,ue_n043_0005,gNB_4G_2,-52,gNB_5G,-56,0.483328,1,32.0399,0,56.4147,28
110.5,ue_ujeongwon_0004,gNB_4G_1,-43,gNB_4G_2,-91,0.114688,0,-1,0,57.8255,28
110.5,ue_ujeongwon_0005,gNB_4G_1,-47,gNB_4G_2,-89,0.32768,0,-1,0,51.6411,28
110.5,ue_n001_0005,gNB_4G_1,-47,gNB_4G_2,-70,0.589824,0,-1,0,20.9384,25
110.5,ue_ujeongwon_0006,gNB_4G_1,-48,gNB_4G_2,-90,0.540672,0,-1,0,61.4449,28
110.5,ue_n042_0005,gNB_4G_2,-59,gNB_5G,-69,0.8192,0,-1,0,37.8509,28
110.5,ue_n043_0006,gNB_4G_2,-55,gNB_4G_1,-71,0.589824,1,15.0399,0,51.6008,28
110.5,ue_ujeongwon_0007,gNB_4G_1,-52,gNB_5G,-83,0.8192,0,-1,0,40.3463,28
110.5,ue_ujeongwon_0008,gNB_4G_1,-56,gNB_5G,-84,0.360448,0,-1,0,56.6572,28
110.5,ue_n043_0007,gNB_4G_2,-57,gNB_5G,-70,0.4096,3,3.43993,1,27.1137,28
110.5,ue_ujeongwon_0009,gNB_4G_1,-53,gNB_4G_2,-79,0.589824,0,-1,0,54.3615,28
111.5,ue_n042_0001,gNB_4G_2,-73,gNB_5G,-95,0.278528,0,-1,0,41.4257,28
111.5,car_north_peak_001,gNB_4G_2,-89,gNB_4G_1,-98,0.065536,6,2.63993,1,3.36452,28
111.5,car_north_peak_002_rider,gNB_4G_2,-49,gNB_5G,-87,0.311296,3,2.63993,1,62.1397,28
111.5,car_north_peak_003_rider,gNB_4G_2,-47,gNB_5G,-54,0.8192,1,55.4399,0,65.3298,28
111.5,ue_n042_0002,gNB_4G_2,-67,gNB_5G,-97,0.688128,0,-1,0,42.0652,28
111.5,ue_ujeongwon_0001,gNB_4G_1,-54,gNB_4G_2,-78,0.393216,0,-1,0,41.9763,28
111.5,car_north_peak_004,gNB_4G_2,-48,gNB_4G_1,-54,0.155648,1,53.4399,0,61.4149,28
111.5,car_north_peak_005,gNB_4G_2,-47,gNB_5G,-54,0.4096,1,50.0399,0,64.4841,28
111.5,ue_n043_0001,gNB_4G_2,-44,gNB_5G,-50,0.352256,3,20.4399,0,23.1741,28
111.5,ue_n042_0003,gNB_4G_2,-37,gNB_5G,-64,0.344064,0,-1,0,67.0608,28
111.5,ue_n001_0001,gNB_4G_1,-38,gNB_5G,-66,0.589824,0,-1,0,51.5621,28
111.5,ue_n001_0002,gNB_4G_1,-46,gNB_4G_2,-67,0.630784,0,-1,0,25.0865,27
111.5,ue_ujeongwon_0002,gNB_4G_1,-46,gNB_4G_2,-71,0.8192,0,-1,0,28.03,28
111.5,ue_ujeongwon_0003,gNB_4G_1,-43,gNB_4G_2,-67,0.344064,0,-1,0,33.8019,28
111.5,ue_n001_0003,gNB_4G_1,-36,gNB_5G,-63,0.540672,0,-1,0,66.9311,28
111.5,car_north_base_001_rider,gNB_4G_2,-45,gNB_5G,-52,0.811008,1,30.8399,0,66.9815,28
111.5,car_north_base_002_rider,gNB_4G_2,-44,gNB_5G,-57,0.8192,1,27.4399,0,67.5852,28
111.5,ue_n043_0002,gNB_4G_2,-63,gNB_5G,-68,0.147456,7,1.63993,1,56.9056,28
111.5,ue_n001_0004,gNB_4G_1,-48,gNB_5G,-68,0.630784,0,-1,0,66.5067,28
111.5,ue_n043_0003,gNB_5G,-51,gNB_4G_2,-49,0.458752,4,13.4399,1,65.316,28
111.5,car_north_base_003,gNB_4G_2,-43,gNB_5G,-52,0.581632,1,18.4399,0,24.8828,28
111.5,ue_n042_0004,gNB_4G_2,-50,gNB_5G,-67,0.8192,0,-1,0,60.337,28
111.5,car_north_base_004,gNB_4G_2,-44,gNB_4G_1,-51,0.139264,3,0.439928,1,64.8548,28
111.5,car_north_base_005,gNB_4G_1,-49,gNB_5G,-59,0.221184,0,-1,0,49.8909,28
111.5,ue_n043_0004,gNB_4G_2,-55,gNB_5G,-52,0.745472,1,36.0399,0,55.6434,28
111.5,car_north_base_006_rider,gNB_4G_1,-48,gNB_4G_2,-72,0.12288,0,-1,0,58.8618,26
111.5,ue_n043_0005,gNB_4G_2,-54,gNB_5G,-55,0.475136,1,33.0399,0,14.0678,15
111.5,ue_ujeongwon_0004,gNB_4G_1,-43,gNB_4G_2,-92,0.114688,0,-1,0,73.7678,28
111.5,ue_ujeongwon_0005,gNB_4G_1,-46,gNB_4G_2,-89,0.32768,0,-1,0,68.2803,19
111.5,ue_n001_0005,gNB_4G_1,-48,gNB_4G_2,-69,0.581632,0,-1,0,27.4379,24
111.5,ue_ujeongwon_0006,gNB_4G_1,-45,gNB_4G_2,-87,0.548864,0,-1,0,49.3186,28
111.5,ue_n042_0005,gNB_4G_2,-54,gNB_5G,-69,0.8192,0,-1,0,50.777,28
111.5,ue_n043_0006,gNB_4G_2,-55,gNB_4G_1,-69,0.589824,1,16.0399,0,38.0932,28
111.5,ue_ujeongwon_0007,gNB_4G_1,-52,gNB_4G_2,-90,0.8192,0,-1,0,42.0713,28
111.5,ue_ujeongwon_0008,gNB_4G_1,-56,gNB_5G,-84,0.352256,0,-1,0,40.7458,28
111.5,ue_n043_0007,gNB_4G_2,-55,gNB_5G,-73,0.4096,3,4.43993,1,33.398,23
111.5,ue_ujeongwon_0009,gNB_4G_1,-53,gNB_4G_2,-77,0.589824,0,-1,0,58.2198,28
112.5,ue_n042_0001,gNB_4G_2,-71,gNB_5G,-97,0.270336,0,-1,0,38.6045,28
112.5,car_north_peak_001,gNB_4G_2,-94,gNB_5G,-107,0.024576,6,3.63993,1,16.5956,24
112.5,car_north_peak_002_rider,gNB_4G_2,-49,gNB_5G,-81,0.311296,3,3.63993,1,61.9556,28
112.5,car_north_peak_003_rider,gNB_4G_2,-47,gNB_5G,-54,0.8192,1,56.4399,0,58.1261,28
112.5,ue_n042_0002,gNB_4G_2,-68,gNB_5G,-97,0.679936,0,-1,0,41.7522,28
112.5,ue_ujeongwon_0001,gNB_4G_1,-40,gNB_4G_2,-79,0.385024,0,-1,0,64.5828,28
112.5,car_north_peak_004,gNB_4G_2,-48,gNB_5G,-53,0.16384,1,54.4399,0,10.4592,28
112.5,car_north_peak_005,gNB_4G_2,-46,gNB_4G_1,-52,0.4096,1,51.0399,0,3.33183,9
112.5,ue_n043_0001,gNB_4G_2,-46,gNB_5G,-50,0.360448,3,21.4399,0,65.8056,28
112.5,ue_n042_0003,gNB_4G_2,-38,gNB_5G,-61,0.335872,0,-1,0,67.9277,28
112.5,ue_n001_0001,gNB_4G_1,-39,gNB_5G,-72,0.581632,0,-1,0,55.6904,28
112.5,ue_n001_0002,gNB_4G_1,-49,gNB_4G_2,-66,0.630784,0,-1,0,66.8671,28
112.5,ue_ujeongwon_0002,gNB_4G_1,-45,gNB_4G_2,-70,0.8192,0,-1,0,29.239,28
112.5,ue_ujeongwon_0003,gNB_4G_1,-43,gNB_4G_2,-67,0.335872,0,-1,0,36.3294,28
112.5,ue_n001_0003,gNB_4G_1,-39,gNB_4G_2,-82,0.548864,0,-1,0,49.1958,28
112.5,car_north_base_001_rider,gNB_4G_2,-44,gNB_5G,-56,0.827392,1,31.8399,0,66.1379,28
112.5,car_north_base_002_rider,gNB_4G_2,-43,gNB_5G,-53,0.8192,1,28.4399,0,67.9826,28
112.5,ue_n043_0002,gNB_4G_2,-54,gNB_5G,-65,0.139264,7,2.63993,1,57.1591,28
112.5,ue_n001_0004,gNB_4G_1,-46,gNB_5G,-67,0.630784,0,-1,0,31.5673,28
112.5,ue_n043_0003,gNB_5G,-51,gNB_4G_2,-49,0.45056,4,14.4399,1,64.9444,28
112.5,car_north_base_003,gNB_4G_2,-46,gNB_5G,-53,0.581632,1,19.4399,0,29.0196,28
112.5,ue_n042_0004,gNB_4G_2,-50,gNB_5G,-67,0.8192,0,-1,0,49.8052,28
112.5,car_north_base_004,gNB_4G_2,-44,gNB_5G,-61,0.131072,3,1.43993,1,62.9777,28
112.5,car_north_base_005,gNB_4G_2,-44,gNB_4G_1,-50,0.196608,1,0.439928,0,65.0803,28
112.5,ue_n043_0004,gNB_5G,-46,gNB_4G_2,-55,0.745472,2,0.639928,0,66.3178,28
112.5,car_north_base_006_rider,gNB_4G_1,-46,gNB_4G_2,-89,0.131072,0,-1,0,57.2591,26
112.5,ue_n043_0005,gNB_4G_2,-51,gNB_5G,-53,0.483328,1,34.0399,0,16.5807,19
112.5,ue_ujeongwon_0004,gNB_4G_1,-37,gNB_4G_2,-92,0.12288,0,-1,0,58.1997,28
112.5,ue_ujeongwon_0005,gNB_4G_1,-43,gNB_4G_2,-90,0.32768,0,-1,0,72.1927,28
112.5,ue_n001_0005,gNB_4G_1,-45,gNB_4G_2,-66,0.581632,0,-1,0,28.3045,27
112.5,ue_ujeongwon_0006,gNB_4G_1,-45,gNB_4G_2,-89,0.548864,0,-1,0,65.3865,28
112.5,ue_n042_0005,gNB_4G_2,-56,gNB_5G,-72,0.8192,0,-1,0,34.6863,28
112.5,ue_n043_0006,gNB_4G_2,-56,gNB_5G,-75,0.565248,1,17.0399,0,50.4988,28
112.5,ue_ujeongwon_0007,gNB_4G_1,-53,gNB_4G_2,-91,0.8192,0,-1,0,39.3436,28
112.5,ue_ujeongwon_0008,gNB_4G_1,-54,gNB_5G,-65,0.360448,0,-1,0,38.3273,28
112.5,ue_n043_0007,gNB_4G_2,-57,gNB_5G,-74,0.4096,3,5.43993,1,53.7314,28
112.5,ue_ujeongwon_0009,gNB_4G_1,-58,gNB_4G_2,-77,0.581632,0,-1,0,38.8145,28
113.5,ue_n042_0001,gNB_4G_2,-69,gNB_5G,-99,0.270336,0,-1,0,34.9502,28
113.5,car_north_peak_001,gNB_4G_2,-95,gNB_4G_1,-101,0.090112,6,4.63993,1,15.3896,22
113.5,car_north_peak_002_rider,gNB_4G_2,-49,gNB_4G_1,-58,0.319488,3,4.63993,1,63.0934,28
113.5,car_north_peak_003_rider,gNB_4G_2,-48,gNB_5G,-56,0.8192,1,57.4399,0,61.7712,28
113.5,ue_n042_0002,gNB_4G_2,-70,gNB_5G,-95,0.679936,0,-1,0,65.8149,28
113.5,ue_ujeongwon_0001,gNB_4G_1,-40,gNB_4G_2,-80,0.393216,0,-1,0,44.2078,28
113.5,car_north_peak_004,gNB_4G_2,-48,gNB_5G,-56,0.16384,1,55.4399,0,62.5211,28
113.5,car_north_peak_005,gNB_4G_2,-47,gNB_4G_1,-51,0.4096,1,52.0399,0,63.0328,28
113.5,ue_n043_0001,gNB_4G_2,-45,gNB_5G,-50,0.352256,3,22.4399,0,67.0456,26
113.5,ue_n042_0003,gNB_4G_2,-43,gNB_5G,-67,0.344064,0,-1,0,70.8807,28
113.5,ue_n001_0001,gNB_4G_1,-41,gNB_5G,-68,0.589824,0,-1,0,62.3387,28
113.5,ue_n001_0002,gNB_4G_1,-48,gNB_4G_2,-66,0.622592,0,-1,0,26.6981,28
113.5,ue_ujeongwon_0002,gNB_4G_1,-51,gNB_4G_2,-73,0.8192,0,-1,0,26.1556,28
113.5,ue_ujeongwon_0003,gNB_4G_1,-43,gNB_4G_2,-69,0.344064,0,-1,0,45.3153,28
113.5,ue_n001_0003,gNB_4G_1,-35,gNB_4G_2,-82,0.548864,0,-1,0,47.8088,28
113.5,car_north_base_001_rider,gNB_4G_2,-44,gNB_5G,-56,0.8192,1,32.8399,0,38.1245,28
113.5,car_north_base_002_rider,gNB_4G_2,-43,gNB_5G,-51,0.8192,1,29.4399,0,16.7796,18
113.5,ue_n043_0002,gNB_4G_2,-54,gNB_5G,-67,0.139264,7,3.63993,1,51.3046,28
113.5,ue_n001_0004,gNB_4G_1,-44,gNB_5G,-66,0.630784,0,-1,0,31.7138,28
113.5,ue_n043_0003,gNB_5G,-46,gNB_4G_2,-50,0.458752,4,15.4399,1,63.3049,28
113.5,car_north_base_003,gNB_4G_2,-44,gNB_5G,-53,0.589824,1,20.4399,0,69.977,26
113.5,ue_n042_0004,gNB_4G_2,-50,gNB_5G,-61,0.8192,0,-1,0,65.6518,28
113.5,car_north_base_004,gNB_4G_2,-47,gNB_5G,-57,0.131072,3,2.43993,1,68.7186,28
113.5,car_north_base_005,gNB_4G_2,-46,gNB_4G_1,-49,0.229376,1,1.43993,0,63.0248,28
113.5,ue_n043_0004,gNB_5G,-44,gNB_4G_2,-53,0.745472,2,1.63993,0,66.8095,28
113.5,car_north_base_006_rider,gNB_4G_1,-39,gNB_4G_2,-89,0.12288,0,-1,0,35.7565,28
113.5,ue_n043_0005,gNB_4G_2,-53,gNB_5G,-52,0.49152,1,35.0399,0,55.6434,28
113.5,ue_ujeongwon_0004,gNB_4G_1,-38,gNB_4G_2,-90,0.114688,0,-1,0,53.8179,28
113.5,ue_ujeongwon_0005,gNB_4G_1,-34,gNB_4G_2,-90,0.32768,0,-1,0,67.7064,2
113.5,ue_n001_0005,gNB_4G_1,-44,gNB_4G_2,-66,0.589824,0,-1,0,27.1792,26
113.5,ue_ujeongwon_0006,gNB_4G_1,-45,gNB_4G_2,-90,0.540672,0,-1,0,67.8053,28
113.5,ue_n042_0005,gNB_4G_2,-60,gNB_5G,-70,0.8192,0,-1,0,32.6761,28
113.5,ue_n043_0006,gNB_4G_2,-58,gNB_4G_1,-56,0.516096,1,18.0399,0,49.9123,28
113.5,ue_ujeongwon_0007,gNB_4G_1,-51,gNB_4G_2,-90,0.8192,0,-1,0,44.2796,28
113.5,ue_ujeongwon_0008,gNB_4G_1,-55,gNB_5G,-67,0.352256,0,-1,0,39.8591,28
113.5,ue_n043_0007,gNB_4G_2,-57,gNB_5G,-74,0.4096,3,6.43993,1,53.9177,27
113.5,ue_ujeongwon_0009,gNB_4G_1,-58,gNB_4G_2,-77,0.589824,0,-1,0,27.0992,27
114.5,ue_n042_0001,gNB_4G_2,-73,gNB_5G,-96,0.278528,0,-1,0,60.8624,28
114.5,car_north_peak_001,gNB_4G_2,-96,gNB_4G_1,-100,0.049152,6,5.63993,1,5.86591,12
114.5,car_north_peak_002_rider,gNB_4G_2,-48,gNB_5G,-64,0.311296,3,5.63993,1,52.3754,28
114.5,car_north_peak_003_rider,gNB_4G_2,-49,gNB_5G,-55,0.8192,1,58.4399,0,57.4507,28
114.5,ue_n042_0002,gNB_4G_2,-46,gNB_5G,-81,0.688128,0,-1,0,64.0406,28
114.5,ue_ujeongwon_0001,gNB_4G_1,-46,gNB_4G_2,-79,0.385024,0,-1,0,64.6925,28
114.5,car_north_peak_004,gNB_4G_2,-48,gNB_5G,-56,0.155648,1,56.4399,0,53.8171,28
114.5,car_north_peak_005,gNB_4G_2,-48,gNB_4G_1,-56,0.4096,1,53.0399,0,61.6376,28
114.5,ue_n043_0001,gNB_4G_2,-44,gNB_5G,-52,0.360448,3,23.4399,0,32.7442,28
114.5,ue_n042_0003,gNB_4G_2,-42,gNB_5G,-65,0.344064,0,-1,0,71.3034,28
114.5,ue_n001_0001,gNB_4G_1,-41,gNB_5G,-65,0.581632,0,-1,0,56.3223,28
114.5,ue_n001_0002,gNB_4G_1,-54,gNB_5G,-61,0.630784,0,-1,0,52.2688,28
114.5,ue_ujeongwon_0002,gNB_4G_1,-42,gNB_4G_2,-71,0.8192,0,-1,0,63.2845,28
114.5,ue_ujeongwon_0003,gNB_4G_1,-43,gNB_4G_2,-84,0.344064,0,-1,0,31.5653,28
114.5,ue_n001_0003,gNB_4G_1,-37,gNB_4G_2,-84,0.540672,0,-1,0,71.1192,28
114.5,car_north_base_001_rider,gNB_4G_2,-46,gNB_5G,-74,0.8192,1,33.8399,0,49.083,28
114.5,car_north_base_002_rider,gNB_4G_2,-44,gNB_5G,-49,0.8192,1,30.4399,0,15.3396,20
114.5,ue_n043_0002,gNB_4G_2,-55,gNB_5G,-65,0.139264,7,4.63993,1,56.2106,28
114.5,ue_n001_0004,gNB_4G_1,-47,gNB_4G_2,-71,0.630784,0,-1,0,58.3014,28
114.5,ue_n043_0003,gNB_5G,-49,gNB_4G_2,-48,0.45056,4,16.4399,1,64.6247,28
114.5,car_north_base_003,gNB_4G_2,-41,gNB_5G,-58,0.581632,1,21.4399,0,57.7503,28
114.5,ue_n042_0004,gNB_4G_2,-47,gNB_5G,-61,0.8192,0,-1,0,53.5209,28
114.5,car_north_base_004,gNB_4G_2,-42,gNB_4G_1,-51,0.139264,3,3.43993,1,68.4053,28
114.5,car_north_base_005,gNB_4G_2,-47,gNB_4G_1,-50,0.221184,1,2.43993,0,43.8234,28
114.5,ue_n043_0004,gNB_5G,-44,gNB_4G_2,-52,0.745472,2,2.63993,0,67.2268,28
114.5,car_north_base_006_rider,gNB_4G_1,-43,gNB_4G_2,-89,0.131072,0,-1,0,67.0916,28
114.5,ue_n043_0005,gNB_5G,-46,gNB_4G_2,-55,0.466944,2,0.639928,0,65.3614,28
114.5,ue_ujeongwon_0004,gNB_4G_1,-40,gNB_4G_2,-90,0.12288,0,-1,0,52.1708,28
114.5,ue_ujeongwon_0005,gNB_4G_1,-39,gNB_4G_2,-89,0.32768,0,-1,0,70.6738,6
114.5,ue_n001_0005,gNB_4G_1,-44,gNB_4G_2,-67,0.581632,0,-1,0,27.5986,26
114.5,ue_ujeongwon_0006,gNB_4G_1,-43,gNB_4G_2,-89,0.548864,0,-1,0,50.3852,28
114.5,ue_n042_0005,gNB_4G_2,-59,gNB_5G,-69,0.8192,0,-1,0,29.865,28
114.5,ue_n043_0006,gNB_4G_2,-56,gNB_4G_1,-57,0.540672,1,19.0399,0,53.1924,28
114.5,ue_ujeongwon_0007,gNB_4G_1,-51,gNB_4G_2,-91,0.8192,0,-1,0,42.9339,28
114.5,ue_ujeongwon_0008,gNB_4G_1,-55,gNB_4G_2,-89,0.360448,0,-1,0,43.4818,28
114.5,ue_n043_0007,gNB_4G_2,-57,gNB_5G,-75,0.4096,3,7.43993,1,14.7663,26
114.5,ue_ujeongwon_0009,gNB_4G_1,-54,gNB_4G_2,-78,0.581632,0,-1,0,25.0808,27
115.5,ue_n042_0001,gNB_4G_2,-47,gNB_5G,-72,0.270336,0,-1,0,37.6828,28
115.5,ue_n001_0006,gNB_4G_1,-75,gNB_4G_2,-88,0.335872,0,-1,0,41.1485,28
115.5,car_north_peak_002_rider,gNB_4G_2,-48,gNB_5G,-61,0.319488,3,6.63993,1,52.1684,28
115.5,car_north_peak_003_rider,gNB_4G_2,-47,gNB_5G,-54,0.8192,1,59.4399,0,63.6535,28
115.5,ue_n042_0002,gNB_4G_2,-45,gNB_5G,-62,0.679936,0,-1,0,61.7305,28
115.5,ue_ujeongwon_0001,gNB_4G_1,-49,gNB_5G,-79,0.393216,0,-1,0,58.3692,28
115.5,car_north_peak_004,gNB_4G_2,-47,gNB_5G,-55,0.16384,1,57.4399,0,62.8967,28
115.5,car_north_peak_005,gNB_4G_2,-49,gNB_5G,-54,0.4096,1,54.0399,0,66.1101,28
115.5,ue_n043_0001,gNB_4G_2,-46,gNB_5G,-52,0.352256,3,24.4399,0,43.6179,28
115.5,ue_n042_0003,gNB_4G_2,-42,gNB_5G,-58,0.335872,0,-1,0,53.7196,28
115.5,ue_n001_0001,gNB_4G_1,-41,gNB_5G,-73,0.589824,0,-1,0,38.951,28
115.5,ue_n001_0002,gNB_4G_1,-48,gNB_5G,-65,0.630784,0,-1,0,66.0964,28
115.5,ue_ujeongwon_0002,gNB_4G_1,-49,gNB_4G_2,-69,0.8192,0,-1,0,29.7105,28
115.5,ue_ujeongwon_0003,gNB_4G_1,-43,gNB_4G_2,-70,0.335872,0,-1,0,26.6385,28
115.5,ue_n001_0003,gNB_4G_1,-36,gNB_5G,-71,0.548864,0,-1,0,52.0782,28
115.5,car_north_base_001_rider,gNB_4G_2,-46,gNB_5G,-51,0.8192,1,34.8399,0,64.7592,28
115.5,car_north_base_002_rider,gNB_4G_2,-46,gNB_5G,-49,0.8192,1,31.4399,0,17.4891,21
115.5,ue_n043_0002,gNB_4G_2,-55,gNB_5G,-66,0.147456,7,5.63993,1,47.5834,28
115.5,ue_n001_0004,gNB_4G_1,-46,gNB_4G_2,-68,0.630784,0,-1,0,62.0034,28
115.5,ue_n043_0003,gNB_5G,-46,gNB_4G_2,-48,0.458752,4,17.4399,1,65.2044,28
115.5,car_north_base_003,gNB_4G_2,-46,gNB_5G,-58,0.589824,1,22.4399,0,63.8525,28
115.5,ue_n042_0004,gNB_4G_2,-44,gNB_5G,-63,0.8192,0,-1,0,66.0447,28
115.5,car_north_base_004,gNB_4G_2,-42,gNB_4G_1,-52,0.131072,3,4.43993,1,12.5918,13
115.5,car_north_base_005,gNB_4G_2,-44,gNB_5G,-56,0.229376,1,3.43993,0,67.1403,28
115.5,ue_n043_0004,gNB_5G,-46,gNB_4G_2,-51,0.745472,2,3.63993,0,68.0196,28
115.5,car_north_base_006_rider,gNB_4G_1,-40,gNB_4G_2,-90,0.131072,0,-1,0,58.1663,28
115.5,ue_n043_0005,gNB_5G,-47,gNB_4G_2,-53,0.483328,2,1.63993,0,65.2443,28
115.5,ue_ujeongwon_0004,gNB_4G_1,-42,gNB_4G_2,-90,0.114688,0,-1,0,58.412,28
115.5,ue_ujeongwon_0005,gNB_4G_1,-40,gNB_4G_2,-92,0.32768,0,-1,0,70.4785,28
115.5,ue_n001_0005,gNB_4G_1,-45,gNB_4G_2,-65,0.581632,0,-1,0,18.3087,22
115.5,ue_ujeongwon_0006,gNB_4G_1,-45,gNB_4G_2,-89,0.548864,0,-1,0,63.966,28
115.5,ue_n042_0005,gNB_4G_2,-57,gNB_5G,-68,0.8192,0,-1,0,51.8562,28
115.5,ue_n043_0006,gNB_4G_2,-56,gNB_4G_1,-62,0.57344,1,20.0399,0,18.02,23
115.5,ue_ujeongwon_0007,gNB_4G_1,-49,gNB_4G_2,-89,0.8192,0,-1,0,40.5424,28
115.5,ue_ujeongwon_0008,gNB_4G_1,-53,gNB_4G_2,-88,0.352256,0,-1,0,41.6111,28
115.5,ue_n043_0007,gNB_4G_2,-55,gNB_4G_1,-71,0.4096,3,8.43993,1,18.7254,22
115.5,ue_ujeongwon_0009,gNB_4G_1,-53,gNB_4G_2,-78,0.581632,0,-1,0,43.6167,23
116.5,ue_n042_0001,gNB_4G_2,-67,gNB_5G,-80,0.270336,0,-1,0,41.4089,28
116.5,ue_n001_0006,gNB_4G_1,-47,gNB_4G_2,-75,0.679936,0,-1,0,38.376,28
116.5,car_north_peak_002_rider,gNB_4G_2,-49,gNB_5G,-61,0.311296,3,7.63993,1,34.3333,28
116.5,car_north_peak_003_rider,gNB_4G_2,-47,gNB_5G,-50,0.8192,1,60.4399,0,59.6364,28
116.5,ue_n042_0002,gNB_4G_2,-40,gNB_5G,-63,0.679936,0,-1,0,64.0154,28
116.5,ue_ujeongwon_0001,gNB_4G_1,-50,gNB_5G,-76,0.393216,0,-1,0,65.5127,28
116.5,car_north_peak_004,gNB_4G_2,-47,gNB_5G,-56,0.155648,1,58.4399,0,53.9625,28
116.5,car_north_peak_005,gNB_4G_2,-45,gNB_5G,-53,0.4096,1,55.0399,0,63.655,28
116.5,ue_n043_0001,gNB_4G_2,-44,gNB_5G,-50,0.360448,3,25.4399,0,67.0535,28
116.5,ue_n042_0003,gNB_4G_2,-45,gNB_5G,-56,0.344064,0,-1,0,61.0507,28
116.5,ue_n001_0001,gNB_4G_1,-40,gNB_5G,-73,0.581632,0,-1,0,44.3583,28
116.5,ue_n001_0002,gNB_4G_1,-57,gNB_5G,-64,0.630784,0,-1,0,66.4602,28
116.5,ue_ujeongwon_0002,gNB_4G_1,-46,gNB_4G_2,-68,0.8192,0,-1,0,25.7249,28
116.5,ue_ujeongwon_0003,gNB_4G_1,-45,gNB_4G_2,-74,0.344064,0,-1,0,34.3651,28
116.5,ue_n001_0003,gNB_4G_1,-35,gNB_5G,-66,0.548864,0,-1,0,68.1074,28
116.5,car_north_base_001_rider,gNB_4G_2,-46,gNB_5G,-53,0.8192,1,35.8399,0,64.9616,28
116.5,car_north_base_002_rider,gNB_4G_2,-45,gNB_5G,-53,0.811008,1,32.4399,0,10.7034,16
116.5,ue_n043_0002,gNB_4G_2,-63,gNB_5G,-68,0.139264,7,6.63993,1,47.8656,28
116.5,ue_n001_0004,gNB_4G_1,-47,gNB_4G_2,-69,0.622592,0,-1,0,67.897,28
116.5,ue_n043_0003,gNB_5G,-46,gNB_4G_2,-50,0.45056,4,18.4399,1,64.068,28
116.5,car_north_base_003,gNB_4G_2,-45,gNB_5G,-55,0.581632,1,23.4399,0,21.5362,19
116.5,ue_n042_0004,gNB_4G_2,-44,gNB_5G,-62,0.8192,0,-1,0,71.2233,28
116.5,car_north_base_004,gNB_4G_2,-43,gNB_4G_1,-49,0.12288,3,5.43993,1,58.541,28
116.5,car_north_base_005,gNB_4G_2,-43,gNB_4G_1,-48,0.229376,1,4.43993,0,16.6576,28
116.5,ue_n043_0004,gNB_5G,-45,gNB_4G_2,-52,0.745472,2,4.63993,0,63.6792,28
116.5,car_north_base_006_rider,gNB_4G_1,-41,gNB_4G_2,-76,0.12288,0,-1,0,39.1318,24
116.5,ue_n043_0005,gNB_5G,-51,gNB_4G_2,-52,0.483328,2,2.63993,0,65.1298,28
116.5,ue_ujeongwon_0004,gNB_4G_1,-41,gNB_4G_2,-93,0.12288,0,-1,0,67.9356,28
116.5,ue_ujeongwon_0005,gNB_4G_1,-41,gNB_4G_2,-93,0.32768,0,-1,0,70.2455,28
116.5,ue_n001_0005,gNB_4G_1,-46,gNB_4G_2,-64,0.589824,0,-1,0,65.377,28
116.5,ue_ujeongwon_0006,gNB_4G_1,-43,gNB_4G_2,-90,0.540672,0,-1,0,72.1919,28
116.5,ue_n042_0005,gNB_4G_2,-58,gNB_5G,-66,0.8192,0,-1,0,56.3117,28
116.5,ue_n043_0006,gNB_4G_2,-62,gNB_5G,-75,0.589824,1,21.0399,0,54.4002,28
116.5,ue_ujeongwon_0007,gNB_4G_1,-52,gNB_4G_2,-89,0.8192,0,-1,0,36.0743,27
116.5,ue_ujeongwon_0008,gNB_4G_1,-52,gNB_4G_2,-88,0.360448,0,-1,0,60.0786,28
116.5,ue_n043_0007,gNB_4G_2,-55,gNB_5G,-75,0.4096,3,9.43993,1,54.895,28
116.5,ue_ujeongwon_0009,gNB_4G_1,-52,gNB_5G,-80,0.589824,0,-1,0,62.175,28
117.5,ue_n042_0001,gNB_4G_2,-69,gNB_4G_1,-94,0.278528,0,-1,0,41.5627,28
117.5,ue_n001_0006,gNB_4G_1,-48,gNB_5G,-75,0.688128,0,-1,0,31.7127,26
117.5,car_north_peak_002_rider,gNB_4G_2,-55,gNB_5G,-73,0.319488,3,8.63993,1,20.2468,27
117.5,car_north_peak_003_rider,gNB_4G_2,-50,gNB_5G,-52,0.671744,1,61.4399,0,24.8553,28
117.5,ue_n042_0002,gNB_4G_2,-42,gNB_5G,-63,0.688128,0,-1,0,58.1424,28
117.5,ue_ujeongwon_0001,gNB_4G_1,-47,gNB_5G,-77,0.385024,0,-1,0,36.701,28
117.5,car_north_peak_004,gNB_4G_2,-50,gNB_5G,-58,0.16384,1,59.4399,0,65.5184,28
117.5,car_north_peak_005,gNB_4G_2,-47,gNB_5G,-59,0.4096,1,56.0399,0,64.9491,28
117.5,ue_n043_0001,gNB_4G_2,-44,gNB_5G,-50,0.352256,3,26.4399,0,27.6637,28
117.5,ue_n042_0003,gNB_4G_2,-45,gNB_5G,-64,0.335872,0,-1,0,69.4359,28
117.5,ue_n001_0001,gNB_4G_1,-35,gNB_4G_2,-69,0.581632,0,-1,0,52.4814,28
117.5,ue_n001_0002,gNB_4G_1,-57,gNB_4G_2,-65,0.630784,0,-1,0,24.7711,22
117.5,ue_ujeongwon_0002,gNB_4G_1,-44,gNB_4G_2,-69,0.8192,0,-1,0,32.6988,28
117.5,ue_ujeongwon_0003,gNB_4G_1,-43,gNB_4G_2,-68,0.344064,0,-1,0,32.1184,28
117.5,ue_n001_0003,gNB_4G_1,-38,gNB_5G,-79,0.540672,0,-1,0,47.7842,28
117.5,car_north_base_001_rider,gNB_4G_2,-46,gNB_5G,-49,0.8192,1,36.8399,0,63.1676,28
117.5,car_north_base_002_rider,gNB_4G_2,-46,gNB_4G_1,-53,0.827392,1,33.4399,0,64.6151,28
117.5,ue_n043_0002,gNB_4G_2,-63,gNB_5G,-66,0.139264,7,7.63993,1,32.6385,28
117.5,ue_n001_0004,gNB_4G_1,-47,gNB_5G,-70,0.630784,0,-1,0,59.8785,28
117.5,ue_n043_0003,gNB_5G,-47,gNB_4G_2,-48,0.458752,4,19.4399,1,66.7146,28
117.5,car_north_base_003,gNB_4G_2,-43,gNB_5G,-51,0.589824,1,24.4399,0,25.5304,28
117.5,ue_n042_0004,gNB_4G_2,-44,gNB_5G,-62,0.8192,0,-1,0,67.7776,28
117.5,car_north_base_004,gNB_4G_2,-48,gNB_4G_1,-50,0.139264,3,6.43993,1,67.2114,28
117.5,car_north_base_005,gNB_4G_2,-42,gNB_4G_1,-50,0.221184,1,5.43993,0,13.5786,27
117.5,ue_n043_0004,gNB_5G,-51,gNB_4G_2,-51,0.745472,2,5.63993,0,66.2307,28
117.5,car_north_base_006_rider,gNB_4G_1,-40,gNB_4G_2,-76,0.131072,0,-1,0,50.4295,26
117.5,ue_n043_0005,gNB_5G,-48,gNB_4G_2,-51,0.483328,2,3.63993,0,68.028,28
117.5,ue_ujeongwon_0004,gNB_4G_1,-45,gNB_4G_2,-89,0.114688,0,-1,0,52.344,28
117.5,ue_ujeongwon_0005,gNB_4G_1,-41,gNB_4G_2,-92,0.32768,0,-1,0,73.3421,28
117.5,ue_n001_0005,gNB_4G_1,-46,gNB_4G_2,-64,0.589824,0,-1,0,24.981,24
117.5,ue_ujeongwon_0006,gNB_4G_1,-34,gNB_4G_2,-90,0.548864,0,-1,0,58.8044,28
117.5,ue_n042_0005,gNB_4G_2,-54,gNB_5G,-64,0.8192,0,-1,0,55.6634,28
117.5,ue_n043_0006,gNB_4G_2,-57,gNB_5G,-75,0.581632,1,22.0399,0,32.4626,27
117.5,ue_ujeongwon_0007,gNB_4G_1,-51,gNB_4G_2,-81,0.8192,0,-1,0,31.0216,28
117.5,ue_ujeongwon_0008,gNB_4G_1,-51,gNB_4G_2,-88,0.352256,0,-1,0,40.3415,28
117.5,ue_n043_0007,gNB_4G_2,-57,gNB_4G_1,-62,0.319488,3,10.4399,1,52.2596,28
117.5,ue_ujeongwon_0009,gNB_4G_1,-50,gNB_5G,-84,0.581632,0,-1,0,59.1715,28
118.5,ue_n042_0001,gNB_4G_2,-67,gNB_4G_1,-94,0.270336,0,-1,0,40.2305,28
118.5,ue_n001_0006,gNB_4G_1,-44,gNB_5G,-74,0.679936,0,-1,0,37.4207,28
118.5,car_north_peak_002_rider,gNB_4G_2,-51,gNB_4G_1,-55,0.311296,3,9.63993,1,61.9771,28
118.5,car_north_peak_003_rider,gNB_5G,-53,gNB_4G_2,-82,0.8192,2,0.839928,0,55.275,14
118.5,ue_n042_0002,gNB_4G_2,-43,gNB_5G,-61,0.679936,0,-1,0,54.0663,28
118.5,ue_ujeongwon_0001,gNB_4G_1,-47,gNB_5G,-78,0.393216,0,-1,0,64.0315,28
118.5,car_north_peak_004,gNB_4G_2,-48,gNB_5G,-56,0.16384,1,60.4399,0,59.3238,28
118.5,car_north_peak_005,gNB_4G_2,-46,gNB_5G,-58,0.4096,1,57.0399,0,64.532,28
118.5,ue_n043_0001,gNB_4G_2,-44,gNB_5G,-49,0.352256,3,27.4399,0,66.7082,28
118.5,ue_n042_0003,gNB_4G_2,-41,gNB_5G,-67,0.344064,0,-1,0,66.2658,28
118.5,ue_n001_0001,gNB_4G_1,-39,gNB_5G,-74,0.589824,0,-1,0,38.9817,28
118.5,ue_n001_0002,gNB_4G_1,-44,gNB_4G_2,-64,0.630784,0,-1,0,65.5103,28
118.5,ue_ujeongwon_0002,gNB_4G_1,-44,gNB_4G_2,-69,0.8192,0,-1,0,30.1373,28
118.5,ue_ujeongwon_0003,gNB_4G_1,-46,gNB_4G_2,-70,0.335872,0,-1,0,28.4674,27
118.5,ue_n001_0003,gNB_4G_1,-39,gNB_5G,-79,0.548864,0,-1,0,46.378,28
118.5,car_north_base_001_rider,gNB_4G_2,-47,gNB_5G,-51,0.811008,1,37.8399,0,8.48258,28
118.5,car_north_base_002_rider,gNB_4G_2,-46,gNB_5G,-56,0.8192,1,34.4399,0,65.3619,28
118.5,ue_n043_0002,gNB_4G_2,-63,gNB_5G,-67,0.139264,7,8.63993,1,43.7843,28
118.5,ue_n001_0004,gNB_4G_1,-46,gNB_4G_2,-65,0.630784,0,-1,0,63.1539,28
118.5,ue_n043_0003,gNB_5G,-49,gNB_4G_2,-48,0.45056,4,20.4399,1,66.1567,28
118.5,car_north_base_003,gNB_4G_2,-44,gNB_5G,-53,0.581632,1,25.4399,0,64.3958,28
118.5,ue_n042_0004,gNB_4G_2,-41,gNB_5G,-61,0.8192,0,-1,0,61.7511,28
118.5,car_north_base_004,gNB_4G_2,-42,gNB_4G_1,-51,0.131072,3,7.43993,1,65.5522,28
118.5,car_north_base_005,gNB_4G_2,-42,gNB_4G_1,-50,0.237568,1,6.43993,0,64.6703,28
118.5,ue_n043_0004,gNB_5G,-48,gNB_4G_2,-50,0.745472,2,6.63993,0,66.1184,28
118.5,car_north_base_006_rider,gNB_4G_1,-41,gNB_4G_2,-76,0.131072,0,-1,0,43.4396,28
118.5,ue_n043_0005,gNB_5G,-45,gNB_4G_2,-52,0.483328,2,4.63993,0,67.3525,28
118.5,ue_ujeongwon_0004,gNB_4G_1,-41,gNB_4G_2,-90,0.12288,0,-1,0,52.8695,28
118.5,ue_ujeongwon_0005,gNB_4G_1,-37,gNB_4G_2,-92,0.32768,0,-1,0,64.7134,28
118.5,ue_n001_0005,gNB_4G_1,-45,gNB_4G_2,-64,0.581632,0,-1,0,61.4092,28
118.5,ue_ujeongwon_0006,gNB_4G_1,-39,gNB_4G_2,-89,0.548864,0,-1,0,70.6766,28
118.5,ue_n042_0005,gNB_4G_2,-55,gNB_5G,-65,0.8192,0,-1,0,54.722,28
118.5,ue_n043_0006,gNB_4G_2,-55,gNB_5G,-75,0.589824,1,23.0399,0,34.3059,27
118.5,ue_ujeongwon_0007,gNB_4G_1,-45,gNB_4G_2,-75,0.8192,0,-1,0,49.1522,28
118.5,ue_ujeongwon_0008,gNB_4G_1,-53,gNB_5G,-85,0.360448,0,-1,0,61.518,28
118.5,ue_n043_0007,gNB_4G_2,-57,gNB_4G_1,-56,0.229376,3,11.4399,1,14.967,13
118.5,ue_ujeongwon_0009,gNB_4G_1,-47,gNB_5G,-87,0.589824,0,-1,0,61.8827,6
119.5,ue_n042_0001,gNB_4G_2,-68,gNB_4G_1,-94,0.270336,0,-1,0,46.0522,28
119.5,ue_n001_0006,gNB_4G_1,-44,gNB_5G,-77,0.679936,0,-1,0,42.6384,28
119.5,car_north_peak_002_rider,gNB_4G_2,-48,gNB_4G_1,-54,0.319488,3,10.6399,1,26.7288,28
119.5,car_north_peak_003_rider,gNB_5G,-55,gNB_4G_1,-56,0.8192,2,1.83993,0,57.8012,23
119.5,ue_n042_0002,gNB_4G_2,-39,gNB_5G,-61,0.679936,0,-1,0,69.6957,28
119.5,ue_ujeongwon_0001,gNB_4G_1,-46,gNB_5G,-79,0.385024,0,-1,0,67.8688,28
119.5,car_north_peak_004,gNB_4G_2,-50,gNB_5G,-53,0.155648,1,61.4399,0,26.5899,28
119.5,car_north_peak_005,gNB_4G_2,-46,gNB_5G,-60,0.4096,1,58.0399,0,61.3781,28
119.5,ue_n043_0001,gNB_4G_2,-44,gNB_5G,-51,0.360448,3,28.4399,0,66.692,26
119.5,ue_n042_0003,gNB_4G_2,-41,gNB_5G,-63,0.344064,0,-1,0,68.3228,28
119.5,ue_n001_0001,gNB_4G_1,-37,gNB_5G,-77,0.581632,0,-1,0,64.7325,28
119.5,ue_n001_0002,gNB_4G_1,-44,gNB_5G,-65,0.630784,0,-1,0,28.8783,25
119.5,ue_ujeongwon_0002,gNB_4G_1,-50,gNB_4G_2,-72,0.8192,0,-1,0,27.8856,28
119.5,ue_ujeongwon_0003,gNB_4G_1,-46,gNB_4G_2,-72,0.344064,0,-1,0,26.1378,28
119.5,ue_n001_0003,gNB_4G_1,-37,gNB_5G,-78,0.548864,0,-1,0,70.3203,28
119.5,car_north_base_001_rider,gNB_4G_2,-49,gNB_5G,-56,0.827392,1,38.8399,0,18.7709,12
119.5,car_north_base_002_rider,gNB_4G_2,-45,gNB_5G,-52,0.8192,1,35.4399,0,63.9744,28
119.5,ue_n043_0002,gNB_4G_2,-67,gNB_5G,-64,0.147456,7,9.63993,1,45.7125,28
119.5,ue_n001_0004,gNB_4G_1,-46,gNB_4G_2,-64,0.630784,0,-1,0,20.4849,22
119.5,ue_n043_0003,gNB_4G_2,-47,gNB_5G,-52,0.458752,5,0.439928,0,64.1275,28
119.5,car_north_base_003,gNB_4G_2,-46,gNB_5G,-56,0.581632,1,26.4399,0,13.4155,18
119.5,ue_n042_0004,gNB_4G_2,-43,gNB_5G,-61,0.8192,0,-1,0,64.2892,28
119.5,car_north_base_004,gNB_4G_2,-45,gNB_4G_1,-51,0.139264,3,8.43993,1,63.323,28
119.5,car_north_base_005,gNB_4G_2,-45,gNB_4G_1,-50,0.221184,1,7.43993,0,64.7288,28
119.5,ue_n043_0004,gNB_5G,-42,gNB_4G_2,-51,0.745472,2,7.63993,0,63.5142,28
119.5,car_north_base_006_rider,gNB_4G_1,-39,gNB_4G_2,-82,0.12288,0,-1,0,72.1881,18
119.5,ue_n043_0005,gNB_5G,-46,gNB_4G_2,-53,0.475136,2,5.63993,0,66.237,28
119.5,ue_ujeongwon_0004,gNB_4G_1,-38,gNB_4G_2,-88,0.114688,0,-1,0,53.11,28
119.5,ue_ujeongwon_0005,gNB_4G_1,-40,gNB_4G_2,-90,0.32768,0,-1,0,65.5039,28
119.5,ue_n001_0005,gNB_4G_1,-44,gNB_4G_2,-63,0.581632,0,-1,0,21.975,21
119.5,ue_ujeongwon_0006,gNB_4G_1,-40,gNB_4G_2,-92,0.540672,0,-1,0,70.4834,28
119.5,ue_n042_0005,gNB_4G_2,-56,gNB_5G,-69,0.8192,0,-1,0,43.8484,28
119.5,ue_n043_0006,gNB_4G_2,-56,gNB_5G,-75,0.581632,1,24.0399,0,50.0082,28
119.5,ue_ujeongwon_0007,gNB_4G_1,-43,gNB_4G_2,-79,0.8192,0,-1,0,50.0385,28
119.5,ue_ujeongwon_0008,gNB_4G_1,-50,gNB_4G_2,-81,0.352256,0,-1,0,30.0568,27
119.5,ue_n043_0007,gNB_4G_2,-56,gNB_4G_1,-60,0.344064,3,12.4399,1,54.7414,28
119.5,ue_ujeongwon_0009,gNB_4G_1,-48,gNB_4G_2,-90,0.581632,0,-1,0,52.7104,28
120.5,ue_n042_0001,gNB_4G_2,-67,gNB_4G_1,-94,0.278528,0,-1,0,43.4171,28
120.5,ue_n001_0006,gNB_4G_1,-47,gNB_5G,-75,0.688128,0,-1,0,39.1295,28
120.5,car_north_peak_002_rider,gNB_4G_2,-47,gNB_4G_1,-54,0.311296,3,11.6399,1,22.1013,26
120.5,car_north_peak_003_rider,gNB_5G,-54,gNB_4G_1,-65,0.8192,2,2.83993,0,53.8613,17
120.5,ue_n042_0002,gNB_4G_2,-40,gNB_5G,-63,0.688128,0,-1,0,53.9156,28
120.5,ue_ujeongwon_0001,gNB_4G_1,-46,gNB_5G,-78,0.393216,0,-1,0,62.0021,28
120.5,car_north_peak_004,gNB_5G,-56,gNB_4G_2,-80,0.16384,2,0.839928,0,57.8654,28
120.5,car_north_peak_005,gNB_4G_2,-49,gNB_5G,-56,0.4096,1,59.0399,0,64.5743,28
120.5,ue_n043_0001,gNB_4G_2,-44,gNB_5G,-49,0.352256,3,29.4399,0,22.3074,28
120.5,ue_n042_0003,gNB_4G_2,-41,gNB_5G,-63,0.344064,0,-1,0,66.5419,28
120.5,ue_n001_0001,gNB_4G_1,-42,gNB_5G,-78,0.589824,0,-1,0,72.3095,28
120.5,ue_n001_0002,gNB_4G_1,-47,gNB_4G_2,-65,0.630784,0,-1,0,27.0382,28
120.5,ue_ujeongwon_0002,gNB_4G_1,-50,gNB_4G_2,-71,0.8192,0,-1,0,20.4213,28
120.5,ue_ujeongwon_0003,gNB_4G_1,-44,gNB_4G_2,-72,0.335872,0,-1,0,30.8983,27
120.5,ue_n001_0003,gNB_4G_1,-39,gNB_4G_2,-84,0.540672,0,-1,0,70.9401,28
120.5,car_north_base_001_rider,gNB_4G_2,-46,gNB_4G_1,-55,0.811008,1,39.8399,0,19.2858,28
120.5,car_north_base_002_rider,gNB_4G_2,-47,gNB_5G,-53,0.811008,1,36.4399,0,64.8983,28
120.5,ue_n043_0002,gNB_4G_2,-65,gNB_5G,-67,0.139264,7,10.6399,1,47.2278,28
120.5,ue_n001_0004,gNB_4G_1,-47,gNB_4G_2,-61,0.630784,0,-1,0,63.8453,28
120.5,ue_n043_0003,gNB_4G_2,-47,gNB_5G,-47,0.458752,5,1.43993,0,37.9296,28
120.5,car_north_base_003,gNB_4G_2,-46,gNB_5G,-53,0.589824,1,27.4399,0,18.679,28
120.5,ue_n042_0004,gNB_4G_2,-43,gNB_5G,-67,0.8192,0,-1,0,58.348,28
120.5,car_north_base_004,gNB_4G_2,-47,gNB_4G_1,-49,0.131072,3,9.43993,1,63.9578,28
120.5,car_north_base_005,gNB_4G_2,-46,gNB_4G_1,-50,0.229376,1,8.43993,0,67.0145,28
120.5,ue_n043_0004,gNB_5G,-47,gNB_4G_2,-53,0.745472,2,8.63993,0,65.2605,28
120.5,car_north_base_006_rider,gNB_4G_1,-40,gNB_4G_2,-86,0.131072,0,-1,0,62.5825,22
120.5,ue_n043_0005,gNB_5G,-47,gNB_4G_2,-50,0.483328,2,6.63993,0,64.9246,28
120.5,ue_ujeongwon_0004,gNB_4G_1,-40,gNB_4G_2,-89,0.12288,0,-1,0,66.5836,28
120.5,ue_ujeongwon_0005,gNB_4G_1,-42,gNB_4G_2,-90,0.32768,0,-1,0,67.8814,15
120.5,ue_n001_0005,gNB_4G_1,-44,gNB_4G_2,-60,0.589824,0,-1,0,21.3552,25
120.5,ue_ujeongwon_0006,gNB_4G_1,-41,gNB_4G_2,-93,0.548864,0,-1,0,57.7624,28
120.5,ue_n042_0005,gNB_4G_2,-54,gNB_5G,-70,0.8192,0,-1,0,38.0532,28
120.5,ue_n043_0006,gNB_4G_2,-55,gNB_4G_1,-57,0.581632,1,25.0399,0,6.7306,12
120.5,ue_ujeongwon_0007,gNB_4G_1,-51,gNB_4G_2,-84,0.8192,0,-1,0,52.667,28
120.5,ue_ujeongwon_0008,gNB_4G_1,-45,gNB_4G_2,-78,0.360448,0,-1,0,66.8398,28
120.5,ue_n043_0007,gNB_4G_2,-56,gNB_4G_1,-60,0.4096,3,13.4399,1,54.7903,16
120.5,ue_ujeongwon_0009,gNB_4G_1,-45,gNB_4G_2,-91,0.589824,0,-1,0,48.8993,28
120.5,car_north_base_007_rider,gNB_4G_1,-44,gNB_4G_2,-79,0.2048,0,-1,0,35.7657,28
120.5,ue_n042_0006,gNB_4G_2,-65,gNB_5G,-65,0.212992,0,-1,0,45.6339,28
121.5,ue_n042_0001,gNB_4G_2,-66,gNB_4G_1,-94,0.270336,0,-1,0,37.4695,28
121.5,ue_n001_0006,gNB_4G_1,-48,gNB_5G,-75,0.679936,0,-1,0,34.9015,28
121.5,car_north_peak_002_rider,gNB_4G_2,-51,gNB_4G_1,-54,0.319488,3,12.6399,1,62.6748,28
121.5,car_north_peak_003_rider,gNB_4G_2,-49,gNB_5G,-57,0.8192,3,0.239928,1,49.8393,28
121.5,ue_n042_0002,gNB_4G_2,-40,gNB_5G,-65,0.679936,0,-1,0,49.7166,28
121.5,ue_ujeongwon_0001,gNB_4G_1,-51,gNB_5G,-69,0.393216,0,-1,0,60.6594,28
121.5,car_north_peak_004,gNB_5G,-54,gNB_4G_1,-57,0.155648,2,1.83993,0,57.8654,22
121.5,car_north_peak_005,gNB_4G_2,-46,gNB_5G,-59,0.4096,1,60.0399,0,60.2627,28
121.5,ue_n043_0001,gNB_4G_2,-44,gNB_5G,-48,0.360448,3,30.4399,0,66.8774,28
121.5,ue_n042_0003,gNB_4G_2,-45,gNB_5G,-60,0.335872,0,-1,0,69.5523,28
121.5,ue_n001_0001,gNB_4G_1,-42,gNB_5G,-76,0.581632,0,-1,0,64.7049,28
121.5,ue_n001_0002,gNB_4G_1,-48,gNB_5G,-66,0.630784,0,-1,0,65.7169,28
121.5,ue_ujeongwon_0002,gNB_4G_1,-49,gNB_4G_2,-68,0.8192,0,-1,0,34.0239,28
121.5,ue_ujeongwon_0003,gNB_4G_1,-45,gNB_4G_2,-72,0.344064,0,-1,0,25.031,28
121.5,ue_n001_0003,gNB_4G_1,-36,gNB_5G,-65,0.548864,0,-1,0,56.2343,28
121.5,car_north_base_001_rider,gNB_4G_2,-46,gNB_5G,-53,0.8192,1,40.8399,0,63.3872,14
121.5,car_north_base_002_rider,gNB_4G_2,-46,gNB_5G,-57,0.8192,1,37.4399,0,26.8494,22
121.5,ue_n043_0002,gNB_4G_2,-64,gNB_5G,-68,0.139264,7,11.6399,1,22.9993,26
121.5,ue_n001_0004,gNB_4G_1,-46,gNB_4G_2,-61,0.630784,0,-1,0,66.5447,28
121.5,ue_n043_0003,gNB_4G_2,-49,gNB_5G,-48,0.45056,5,2.43993,0,58.2528,28
121.5,car_north_base_003,gNB_4G_2,-46,gNB_5G,-51,0.581632,1,28.4399,0,64.5858,28
121.5,ue_n042_0004,gNB_4G_2,-39,gNB_5G,-72,0.8192,0,-1,0,54.5673,28
121.5,car_north_base_004,gNB_4G_2,-47,gNB_4G_1,-49,0.131072,3,10.4399,1,64.0301,28
121.5,car_north_base_005,gNB_4G_2,-46,gNB_4G_1,-51,0.196608,1,9.43993,0,62.3059,28
121.5,ue_n043_0004,gNB_5G,-47,gNB_4G_2,-50,0.73728,2,9.63993,0,66.7478,28
121.5,car_north_base_006_rider,gNB_4G_1,-40,gNB_4G_2,-89,0.12288,0,-1,0,56.6602,28
121.5,ue_n043_0005,gNB_5G,-47,gNB_4G_2,-51,0.483328,2,7.63993,0,62.1603,28
121.5,ue_ujeongwon_0004,gNB_4G_1,-42,gNB_4G_2,-89,0.114688,0,-1,0,30.7273,28
121.5,ue_ujeongwon_0005,gNB_4G_1,-45,gNB_4G_2,-89,0.32768,0,-1,0,73.4828,28
121.5,ue_n001_0005,gNB_4G_1,-43,gNB_4G_2,-63,0.581632,0,-1,0,20.1588,23
121.5,ue_ujeongwon_0006,gNB_4G_1,-41,gNB_4G_2,-92,0.548864,0,-1,0,69.0026,28
121.5,ue_n042_0005,gNB_4G_2,-51,gNB_5G,-68,0.8192,0,-1,0,42.2917,28
121.5,ue_n043_0006,gNB_4G_2,-55,gNB_4G_1,-57,0.589824,1,26.0399,0,54.0051,28
121.5,ue_ujeongwon_0007,gNB_4G_1,-44,gNB_4G_2,-88,0.8192,0,-1,0,48.8514,28
121.5,ue_ujeongwon_0008,gNB_4G_1,-47,gNB_4G_2,-76,0.352256,0,-1,0,66.5187,28
121.5,ue_n043_0007,gNB_4G_2,-56,gNB_4G_1,-69,0.4096,3,14.4399,1,30.2207,28
121.5,ue_ujeongwon_0009,gNB_4G_1,-45,gNB_4G_2,-90,0.581632,0,-1,0,52.3369,28
121.5,car_north_base_007_rider,gNB_4G_1,-44,gNB_4G_2,-77,0.425984,0,-1,0,40.6797,28
121.5,ue_n042_0006,gNB_4G_2,-65,gNB_5G,-65,0.458752,0,-1,0,47.2291,28
122.5,ue_n042_0001,gNB_4G_2,-76,gNB_4G_1,-94,0.270336,0,-1,0,38.4019,28
122.5,ue_n001_0006,gNB_4G_1,-48,gNB_4G_2,-77,0.679936,0,-1,0,31.3436,28
122.5,car_north_peak_002_rider,gNB_4G_2,-48,gNB_4G_1,-55,0.311296,3,13.6399,1,55.2238,28
122.5,car_north_peak_003_rider,gNB_4G_2,-47,gNB_5G,-84,0.8192,3,1.23993,1,64.9597,28
122.5,ue_n042_0002,gNB_4G_2,-41,gNB_5G,-66,0.679936,0,-1,0,56.7557,28
122.5,ue_ujeongwon_0001,gNB_4G_1,-44,gNB_5G,-74,0.385024,0,-1,0,68.6656,28
122.5,car_north_peak_004,gNB_5G,-54,gNB_4G_1,-62,0.16384,2,2.83993,0,55.2296,28
122.5,car_north_peak_005,gNB_4G_2,-50,gNB_5G,-55,0.344064,1,61.0399,0,-13.9803,0
122.5,ue_n043_0001,gNB_4G_2,-44,gNB_5G,-51,0.352256,3,31.4399,0,65.6459,28
122.5,ue_n042_0003,gNB_4G_2,-43,gNB_5G,-64,0.344064,0,-1,0,59.0619,28
122.5,ue_n001_0001,gNB_4G_1,-39,gNB_5G,-76,0.589824,0,-1,0,57.6217,28
122.5,ue_n001_0002,gNB_4G_1,-48,gNB_5G,-61,0.630784,0,-1,0,68.4285,28
122.5,ue_ujeongwon_0002,gNB_4G_1,-45,gNB_4G_2,-77,0.8192,0,-1,0,35.6135,28
122.5,ue_ujeongwon_0003,gNB_4G_1,-44,gNB_4G_2,-72,0.344064,0,-1,0,28.4878,28
122.5,ue_n001_0003,gNB_4G_1,-38,gNB_5G,-71,0.548864,0,-1,0,74.5039,28
122.5,car_north_base_001_rider,gNB_4G_2,-47,gNB_5G,-52,0.827392,1,41.8399,0,64.6422,28
122.5,car_north_base_002_rider,gNB_4G_2,-46,gNB_5G,-52,0.827392,1,38.4399,0,13.0863,18
122.5,ue_n043_0002,gNB_4G_2,-66,gNB_5G,-70,0.139264,7,12.6399,1,43.2465,28
122.5,ue_n001_0004,gNB_4G_1,-51,gNB_4G_2,-60,0.630784,0,-1,0,60.7572,28
122.5,ue_n043_0003,gNB_4G_2,-48,gNB_5G,-52,0.458752,5,3.43993,0,41.789,28
122.5,car_north_base_003,gNB_4G_2,-46,gNB_5G,-51,0.589824,1,29.4399,0,62.3262,28
122.5,ue_n042_0004,gNB_4G_2,-43,gNB_5G,-72,0.8192,0,-1,0,68.3377,28
122.5,car_north_base_004,gNB_4G_2,-47,gNB_4G_1,-51,0.139264,3,11.4399,1,62.3794,28
122.5,car_north_base_005,gNB_4G_2,-44,gNB_4G_1,-50,0.2048,1,10.4399,0,69.3009,28
122.5,ue_n043_0004,gNB_5G,-45,gNB_4G_2,-49,0.745472,2,10.6399,0,65.215,28
122.5,car_north_base_006_rider,gNB_4G_1,-41,gNB_4G_2,-89,0.131072,0,-1,0,47.3527,28
122.5,ue_n043_0005,gNB_5G,-45,gNB_4G_2,-53,0.483328,2,8.63993,0,66.7829,28
122.5,ue_ujeongwon_0004,gNB_4G_1,-77,gNB_4G_2,-89,0.12288,0,-1,0,17.4306,28
122.5,ue_ujeongwon_0005,gNB_4G_1,-38,gNB_4G_2,-89,0.32768,0,-1,0,54.9526,28
122.5,ue_n001_0005,gNB_4G_1,-42,gNB_4G_2,-62,0.581632,0,-1,0,27.974,25
122.5,ue_ujeongwon_0006,gNB_4G_1,-37,gNB_4G_2,-92,0.540672,0,-1,0,61.8951,28
122.5,ue_n042_0005,gNB_4G_2,-56,gNB_5G,-67,0.8192,0,-1,0,54.4273,28
122.5,ue_n043_0006,gNB_4G_2,-55,gNB_4G_1,-59,0.589824,1,27.0399,0,52.7579,28
122.5,ue_ujeongwon_0007,gNB_4G_1,-48,gNB_4G_2,-86,0.8192,0,-1,0,49.0619,28
122.5,ue_ujeongwon_0008,gNB_4G_1,-49,gNB_4G_2,-75,0.360448,0,-1,0,67.3776,28
122.5,ue_n043_0007,gNB_4G_2,-56,gNB_5G,-74,0.4096,3,15.4399,1,37.1067,28
122.5,ue_ujeongwon_0009,gNB_4G_1,-44,gNB_4G_2,-90,0.581632,0,-1,0,53.7796,28
122.5,car_north_base_007_rider,gNB_4G_1,-44,gNB_4G_2,-78,0.434176,0,-1,0,60.3211,28
122.5,ue_n042_0006,gNB_4G_2,-64,gNB_5G,-71,0.45056,0,-1,0,30.4854,26
123.5,ue_n042_0001,gNB_4G_2,-73,gNB_5G,-93,0.278528,0,-1,0,38.8483,28
123.5,ue_n001_0006,gNB_4G_1,-51,gNB_4G_2,-76,0.688128,0,-1,0,39.3254,28
123.5,car_north_peak_002_rider,gNB_4G_2,-51,gNB_4G_1,-91,0.319488,3,14.6399,1,46.903,28
123.5,car_north_peak_003_rider,gNB_4G_2,-47,gNB_4G_1,-91,0.8192,3,2.23993,1,49.9416,28
123.5,ue_n042_0002,gNB_4G_2,-40,gNB_5G,-68,0.688128,0,-1,0,54.3804,28
123.5,ue_ujeongwon_0001,gNB_4G_1,-44,gNB_5G,-73,0.393216,0,-1,0,63.1307,28
123.5,car_north_peak_004,gNB_4G_2,-47,gNB_5G,-55,0.16384,3,0.639928,1,46.6359,28
123.5,car_north_peak_005,gNB_5G,-56,gNB_4G_1,-57,0.393216,2,0.839928,0,56.5182,28
123.5,ue_n043_0001,gNB_4G_2,-45,gNB_5G,-49,0.360448,3,32.4399,0,15.5374,28
123.5,ue_n042_0003,gNB_4G_2,-42,gNB_5G,-56,0.344064,0,-1,0,57.2767,28
123.5,ue_n001_0001,gNB_4G_1,-39,gNB_5G,-76,0.581632,0,-1,0,26.5825,28
123.5,ue_n001_0002,gNB_4G_1,-51,gNB_4G_2,-60,0.630784,0,-1,0,61.1989,28
123.5,ue_ujeongwon_0002,gNB_4G_1,-43,gNB_4G_2,-77,0.8192,0,-1,0,36.5985,28
123.5,ue_ujeongwon_0003,gNB_4G_1,-43,gNB_4G_2,-73,0.212992,0,-1,0,59.9529,19
123.5,ue_n001_0003,gNB_4G_1,-37,gNB_5G,-74,0.540672,0,-1,0,72.4648,28
123.5,car_north_base_001_rider,gNB_4G_2,-46,gNB_4G_1,-55,0.8192,1,42.8399,0,16.9991,19
123.5,car_north_base_002_rider,gNB_4G_2,-46,gNB_5G,-54,0.8192,1,39.4399,0,63.0278,28
123.5,ue_n043_0002,gNB_4G_2,-67,gNB_5G,-67,0.147456,7,13.6399,1,47.3435,28
123.5,ue_n001_0004,gNB_4G_1,-45,gNB_4G_2,-61,0.630784,0,-1,0,20.9235,24
123.5,ue_n043_0003,gNB_4G_2,-48,gNB_5G,-49,0.45056,5,4.43993,0,44.9388,28
123.5,car_north_base_003,gNB_4G_2,-48,gNB_5G,-55,0.581632,1,30.4399,0,63.591,28
123.5,ue_n042_0004,gNB_4G_2,-43,gNB_5G,-68,0.8192,0,-1,0,66.9683,28
123.5,car_north_base_004,gNB_4G_2,-44,gNB_4G_1,-52,0.131072,3,12.4399,1,68.3301,28
123.5,car_north_base_005,gNB_4G_2,-42,gNB_4G_1,-52,0.221184,1,11.4399,0,68.5394,28
123.5,ue_n043_0004,gNB_5G,-44,gNB_4G_2,-51,0.745472,2,11.6399,0,66.0615,28
123.5,car_north_base_006_rider,gNB_4G_1,-40,gNB_4G_2,-91,0.131072,0,-1,0,49.8518,28
123.5,ue_n043_0005,gNB_5G,-45,gNB_4G_2,-50,0.483328,2,9.63993,0,66.0173,28
123.5,ue_ujeongwon_0004,gNB_4G_2,-89,gNB_4G_1,-94,0.065536,0,-1,0,17.4324,28
123.5,ue_ujeongwon_0005,gNB_4G_1,-39,gNB_4G_2,-90,0.32768,0,-1,0,69.1315,28
123.5,ue_n001_0005,gNB_4G_1,-46,gNB_4G_2,-62,0.589824,0,-1,0,26.5423,26
123.5,ue_ujeongwon_0006,gNB_4G_1,-49,gNB_4G_2,-90,0.548864,0,-1,0,51.3278,28
123.5,ue_n042_0005,gNB_4G_2,-55,gNB_5G,-69,0.8192,0,-1,0,54.0611,28
123.5,ue_n043_0006,gNB_4G_2,-56,gNB_5G,-71,0.581632,1,28.0399,0,46.057,28
123.5,ue_ujeongwon_0007,gNB_4G_1,-34,gNB_4G_2,-89,0.8192,0,-1,0,39.3037,28
123.5,ue_ujeongwon_0008,gNB_4G_1,-45,gNB_4G_2,-82,0.352256,0,-1,0,47.6352,28
123.5,ue_n043_0007,gNB_4G_2,-56,gNB_5G,-75,0.4096,3,16.4399,1,54.4081,28
123.5,ue_ujeongwon_0009,gNB_4G_1,-43,gNB_4G_2,-89,0.589824,0,-1,0,54.273,28
123.5,car_north_base_007_rider,gNB_4G_1,-43,gNB_4G_2,-76,0.434176,0,-1,0,41.3198,28
123.5,ue_n042_0006,gNB_4G_2,-64,gNB_5G,-70,0.45056,0,-1,0,24.4704,24
124.5,ue_n042_0001,gNB_4G_2,-70,gNB_5G,-94,0.270336,0,-1,0,35.4138,28
124.5,ue_n001_0006,gNB_4G_1,-47,gNB_4G_2,-77,0.679936,0,-1,0,37.8144,28
124.5,car_north_peak_002_rider,gNB_4G_2,-50,gNB_4G_1,-93,0.311296,3,15.6399,1,50.482,28
124.5,car_north_peak_003_rider,gNB_4G_2,-48,gNB_4G_1,-91,0.8192,3,3.23993,1,63.1061,28
124.5,ue_n042_0002,gNB_4G_2,-40,gNB_5G,-67,0.679936,0,-1,0,72.8173,28
124.5,ue_ujeongwon_0001,gNB_4G_1,-42,gNB_5G,-67,0.393216,0,-1,0,69.484,28
124.5,car_north_peak_004,gNB_4G_2,-48,gNB_5G,-53,0.155648,3,1.63993,1,60.3355,28
124.5,car_north_peak_005,gNB_5G,-55,gNB_4G_1,-56,0.4096,2,1.83993,0,54.5786,28
124.5,ue_n043_0001,gNB_4G_2,-44,gNB_5G,-50,0.352256,3,33.4399,0,67.7375,28
124.5,ue_n042_0003,gNB_4G_2,-42,gNB_5G,-61,0.335872,0,-1,0,70.704,28
124.5,ue_n001_0001,gNB_4G_1,-40,gNB_4G_2,-72,0.581632,0,-1,0,73.0626,28
124.5,ue_n001_0002,gNB_4G_1,-47,gNB_4G_2,-61,0.630784,0,-1,0,66.1656,28
124.5,ue_ujeongwon_0002,gNB_4G_1,-46,gNB_5G,-78,0.8192,0,-1,0,38.605,28
124.5,ue_ujeongwon_0003,gNB_4G_1,-59,gNB_4G_2,-73,0.131072,0,-1,0,33.2683,28
124.5,ue_n001_0003,gNB_4G_1,-36,gNB_5G,-65,0.548864,0,-1,0,55.4264,28
124.5,car_north_base_001_rider,gNB_4G_2,-46,gNB_4G_1,-55,0.794624,1,43.8399,0,2.52512,8
124.5,car_north_base_002_rider,gNB_4G_2,-48,gNB_5G,-53,0.8192,1,40.4399,0,63.5406,28
124.5,ue_n043_0002,gNB_4G_2,-64,gNB_5G,-67,0.139264,7,14.6399,1,46.8999,28
124.5,ue_n001_0004,gNB_4G_1,-44,gNB_4G_2,-60,0.630784,0,-1,0,21.7145,22
124.5,ue_n043_0003,gNB_4G_2,-46,gNB_5G,-52,0.458752,5,5.43993,0,22.776,26
124.5,car_north_base_003,gNB_4G_2,-47,gNB_5G,-56,0.581632,1,31.4399,0,10.212,28
124.5,ue_n042_0004,gNB_4G_2,-43,gNB_5G,-64,0.8192,0,-1,0,65.8906,28
124.5,car_north_base_004,gNB_4G_2,-44,gNB_4G_1,-52,0.139264,3,13.4399,1,66.9988,28
124.5,car_north_base_005,gNB_4G_2,-42,gNB_4G_1,-55,0.229376,1,12.4399,0,68.3092,28
124.5,ue_n043_0004,gNB_4G_2,-49,gNB_5G,-54,0.745472,3,0.239928,0,41.0626,28
124.5,car_north_base_006_rider,gNB_4G_1,-41,gNB_4G_2,-88,0.12288,0,-1,0,67.6309,15
124.5,ue_n043_0005,gNB_5G,-47,gNB_4G_2,-49,0.483328,2,10.6399,0,64.8902,28
124.5,ue_ujeongwon_0004,gNB_4G_1,-93,gNB_4G_2,-89,0.106496,0,-1,0,14.9232,25
124.5,ue_ujeongwon_0005,gNB_4G_1,-38,gNB_4G_2,-90,0.32768,0,-1,0,73.2848,28
124.5,ue_n001_0005,gNB_4G_1,-42,gNB_4G_2,-62,0.589824,0,-1,0,67.5681,28
124.5,ue_ujeongwon_0006,gNB_4G_1,-43,gNB_4G_2,-90,0.548864,0,-1,0,63.2803,28
124.5,ue_n042_0005,gNB_4G_2,-55,gNB_5G,-69,0.8192,0,-1,0,37.5305,28
124.5,ue_n043_0006,gNB_4G_2,-62,gNB_5G,-72,0.581632,1,29.0399,0,39.9886,28
124.5,ue_ujeongwon_0007,gNB_4G_1,-34,gNB_4G_2,-85,0.8192,0,-1,0,48.6443,28
124.5,ue_ujeongwon_0008,gNB_4G_1,-46,gNB_4G_2,-88,0.360448,0,-1,0,52.4803,28
124.5,ue_n043_0007,gNB_4G_2,-56,gNB_5G,-75,0.393216,3,17.4399,1,56.0278,28
124.5,ue_ujeongwon_0009,gNB_4G_1,-42,gNB_4G_2,-90,0.581632,0,-1,0,66.6371,28
124.5,car_north_base_007_rider,gNB_4G_1,-48,gNB_4G_2,-77,0.425984,0,-1,0,32.888,27
124.5,ue_n042_0006,gNB_4G_2,-67,gNB_5G,-64,0.458752,0,-1,0,26.4832,26
125.5,ue_n042_0001,gNB_4G_2,-69,gNB_4G_1,-94,0.270336,0,-1,0,39.5685,28
125.5,ue_n001_0006,gNB_4G_1,-48,gNB_4G_2,-75,0.679936,0,-1,0,32.7747,28
125.5,car_north_peak_002_rider,gNB_4G_2,-49,gNB_4G_1,-84,0.311296,3,16.6399,1,33.5742,28
125.5,car_north_peak_003_rider,gNB_4G_2,-48,gNB_4G_1,-92,0.8192,3,4.23993,1,50.3226,28
125.5,ue_n042_0002,gNB_4G_2,-39,gNB_5G,-60,0.679936,0,-1,0,60.0457,28
125.5,ue_ujeongwon_0001,gNB_4G_1,-44,gNB_5G,-70,0.385024,0,-1,0,45.9605,28
125.5,car_north_peak_004,gNB_4G_2,-50,gNB_5G,-89,0.16384,3,2.63993,1,29.8807,28
125.5,car_north_peak_005,gNB_4G_2,-50,gNB_5G,-56,0.4096,3,0.439928,1,61.5019,28
125.5,ue_n043_0001,gNB_4G_2,-43,gNB_4G_1,-52,0.360448,3,34.4399,0,68.7324,28
125.5,ue_n042_0003,gNB_4G_2,-45,gNB_5G,-68,0.344064,0,-1,0,46.1875,28
125.5,ue_n001_0001,gNB_4G_1,-41,gNB_4G_2,-62,0.589824,0,-1,0,26.1376,28
125.5,ue_n001_0002,gNB_4G_1,-47,gNB_4G_2,-60,0.630784,0,-1,0,60.0662,28
125.5,ue_ujeongwon_0002,gNB_4G_1,-46,gNB_5G,-77,0.8192,0,-1,0,36.3047,28
125.5,ue_ujeongwon_0003,gNB_4G_1,-63,gNB_4G_2,-73,0.344064,0,-1,0,47.0753,28
125.5,ue_n001_0003,gNB_4G_1,-37,gNB_5G,-63,0.548864,0,-1,0,72.4911,28
125.5,car_north_base_001_rider,gNB_4G_2,-51,gNB_4G_1,-52,0.827392,1,44.8399,0,64.5086,28
125.5,car_north_base_002_rider,gNB_4G_2,-47,gNB_5G,-53,0.811008,1,41.4399,0,16.535,18
125.5,ue_n043_0002,gNB_4G_2,-64,gNB_5G,-68,0.139264,7,15.6399,1,42.8706,28
125.5,ue_n001_0004,gNB_4G_1,-51,gNB_4G_2,-60,0.630784,0,-1,0,65.581,28
125.5,ue_n043_0003,gNB_4G_2,-46,gNB_5G,-48,0.45056,5,6.43993,0,23.3738,25
125.5,car_north_base_003,gNB_4G_2,-49,gNB_5G,-53,0.589824,1,32.4399,0,8.5163,28
125.5,ue_n042_0004,gNB_4G_2,-44,gNB_5G,-61,0.8192,0,-1,0,70.0493,28
125.5,car_north_base_004,gNB_4G_2,-43,gNB_4G_1,-52,0.131072,3,14.4399,1,65.2291,28
125.5,car_north_base_005,gNB_4G_2,-42,gNB_4G_1,-55,0.229376,1,13.4399,0,19.153,28
125.5,ue_n043_0004,gNB_5G,-46,gNB_4G_2,-50,0.745472,4,0.0399284,1,67.7139,14
125.5,car_north_base_006_rider,gNB_4G_1,-41,gNB_4G_2,-83,0.131072,0,-1,0,48.8381,16
125.5,ue_n043_0005,gNB_5G,-46,gNB_4G_2,-51,0.475136,2,11.6399,0,68.0849,28
125.5,ue_ujeongwon_0004,gNB_4G_1,-96,gNB_4G_2,-89,0.114688,0,-1,0,52.5786,27
125.5,ue_ujeongwon_0005,gNB_4G_1,-37,gNB_4G_2,-88,0.32768,0,-1,0,30.7326,28
125.5,ue_n001_0005,gNB_4G_1,-43,gNB_4G_2,-63,0.581632,0,-1,0,28.1292,28
125.5,ue_ujeongwon_0006,gNB_4G_1,-45,gNB_4G_2,-89,0.540672,0,-1,0,73.4836,28
125.5,ue_n042_0005,gNB_4G_2,-57,gNB_5G,-68,0.8192,0,-1,0,58.1513,28
125.5,ue_n043_0006,gNB_4G_2,-53,gNB_5G,-73,0.589824,1,30.0399,0,26.1574,28
125.5,ue_ujeongwon_0007,gNB_4G_1,-50,gNB_4G_2,-87,0.8192,0,-1,0,50.739,28
125.5,ue_ujeongwon_0008,gNB_4G_1,-38,gNB_4G_2,-89,0.352256,0,-1,0,70.0702,28
125.5,ue_n043_0007,gNB_4G_2,-55,gNB_4G_1,-60,0.401408,3,18.4399,1,55.3918,8
125.5,ue_ujeongwon_0009,gNB_4G_1,-43,gNB_4G_2,-90,0.589824,0,-1,0,76.8211,28
125.5,car_north_base_007_rider,gNB_4G_1,-51,gNB_5G,-78,0.434176,0,-1,0,33.7834,28
125.5,ue_n042_0006,gNB_4G_2,-64,gNB_5G,-66,0.458752,0,-1,0,37.0846,28
126.5,ue_n042_0001,gNB_4G_2,-71,gNB_4G_1,-94,0.278528,0,-1,0,41.2476,28
126.5,ue_n001_0006,gNB_4G_1,-47,gNB_4G_2,-75,0.679936,0,-1,0,18.0919,23
126.5,car_north_peak_002_rider,gNB_4G_2,-47,gNB_4G_1,-72,0.319488,3,17.6399,1,36.1358,28
126.5,car_north_peak_003_rider,gNB_4G_2,-48,gNB_4G_1,-92,0.8192,3,5.23993,1,63.1061,28
126.5,ue_n042_0002,gNB_4G_2,-43,gNB_5G,-63,0.688128,0,-1,0,56.4223,28
126.5,ue_ujeongwon_0001,gNB_4G_1,-45,gNB_5G,-72,0.393216,0,-1,0,46.2905,28
126.5,car_north_peak_004,gNB_4G_2,-46,gNB_4G_1,-71,0.16384,3,3.63993,1,62.8791,28
126.5,car_north_peak_005,gNB_4G_2,-50,gNB_5G,-53,0.4096,3,1.43993,1,33.0314,28
126.5,ue_n043_0001,gNB_4G_2,-42,gNB_5G,-51,0.352256,3,35.4399,0,63.3822,28
126.5,ue_n042_0003,gNB_4G_2,-60,gNB_5G,-67,0.344064,0,-1,0,50.556,28
126.5,ue_n001_0001,gNB_4G_1,-40,gNB_4G_2,-61,0.581632,0,-1,0,61.0736,28
126.5,ue_n001_0002,gNB_4G_1,-46,gNB_4G_2,-59,0.622592,0,-1,0,61.7812,28
126.5,ue_ujeongwon_0002,gNB_4G_1,-48,gNB_4G_2,-78,0.8192,0,-1,0,39.7502,28
126.5,ue_ujeongwon_0003,gNB_4G_1,-47,gNB_4G_2,-73,0.344064,0,-1,0,58.0335,28
126.5,ue_n001_0003,gNB_4G_1,-37,gNB_5G,-71,0.540672,0,-1,0,72.1691,28
126.5,car_north_base_001_rider,gNB_4G_2,-47,gNB_4G_1,-52,0.8192,1,45.8399,0,18.3359,25
126.5,car_north_base_002_rider,gNB_4G_2,-50,gNB_5G,-51,0.827392,1,42.4399,0,64.958,28
126.5,ue_n043_0002,gNB_4G_2,-67,gNB_5G,-68,0.139264,7,16.6399,1,30.3076,28
126.5,ue_n001_0004,gNB_4G_1,-48,gNB_4G_2,-61,0.630784,0,-1,0,65.1315,28
126.5,ue_n043_0003,gNB_4G_2,-46,gNB_5G,-46,0.458752,5,7.43993,0,62.807,28
126.5,car_north_base_003,gNB_4G_2,-47,gNB_4G_1,-55,0.581632,1,33.4399,0,15.8985,28
126.5,ue_n042_0004,gNB_4G_2,-42,gNB_5G,-60,0.8192,0,-1,0,71.8821,28
126.5,car_north_base_004,gNB_4G_2,-45,gNB_4G_1,-50,0.131072,3,15.4399,1,70.5111,28
126.5,car_north_base_005,gNB_4G_2,-43,gNB_4G_1,-54,0.229376,1,14.4399,0,65.4959,27
126.5,ue_n043_0004,gNB_5G,-46,gNB_4G_2,-51,0.745472,4,1.03993,1,65.754,28
126.5,car_north_base_006_rider,gNB_4G_1,-41,gNB_4G_2,-84,0.131072,0,-1,0,53.5949,28
126.5,ue_n043_0005,gNB_5G,-44,gNB_4G_2,-48,0.483328,2,12.6399,0,68.1237,28
126.5,ue_ujeongwon_0004,gNB_4G_1,-61,gNB_4G_2,-89,0.073728,0,-1,0,52.5786,24
126.5,ue_ujeongwon_0005,gNB_4G_1,-77,gNB_4G_2,-88,0.2048,0,-1,0,30.7191,28
126.5,ue_n001_0005,gNB_4G_1,-42,gNB_4G_2,-60,0.581632,0,-1,0,29.5269,26
126.5,ue_ujeongwon_0006,gNB_4G_1,-38,gNB_4G_2,-89,0.548864,0,-1,0,52.6388,28
126.5,ue_n042_0005,gNB_4G_2,-54,gNB_5G,-67,0.8192,0,-1,0,55.0175,28
126.5,ue_n043_0006,gNB_4G_2,-53,gNB_5G,-71,0.581632,1,31.0399,0,54.8869,28
126.5,ue_ujeongwon_0007,gNB_4G_1,-40,gNB_4G_2,-87,0.8192,0,-1,0,49.538,28
126.5,ue_ujeongwon_0008,gNB_4G_1,-41,gNB_4G_2,-82,0.352256,0,-1,0,72.2718,28
126.5,ue_n043_0007,gNB_4G_2,-55,gNB_4G_1,-56,0.319488,3,19.4399,1,50.0234,28
126.5,ue_ujeongwon_0009,gNB_4G_1,-34,gNB_4G_2,-90,0.581632,0,-1,0,58.6247,28
126.5,car_north_base_007_rider,gNB_4G_1,-49,gNB_5G,-75,0.425984,0,-1,0,60.9157,28
126.5,ue_n042_0006,gNB_4G_2,-61,gNB_5G,-68,0.45056,0,-1,0,24.5081,26
127.5,ue_n042_0001,gNB_4G_2,-72,gNB_4G_1,-94,0.270336,0,-1,0,38.8141,28
127.5,ue_n001_0006,gNB_4G_1,-47,gNB_4G_2,-69,0.679936,0,-1,0,18.9471,28
127.5,car_north_peak_002_rider,gNB_4G_2,-48,gNB_4G_1,-70,0.311296,3,18.6399,1,62.8291,28
127.5,car_north_peak_003_rider,gNB_4G_2,-48,gNB_4G_1,-92,0.8192,3,6.23993,1,63.1061,28
127.5,ue_n042_0002,gNB_4G_2,-40,gNB_5G,-67,0.679936,0,-1,0,72.5116,28
127.5,ue_ujeongwon_0001,gNB_4G_1,-51,gNB_5G,-69,0.385024,0,-1,0,37.7496,28
127.5,car_north_peak_004,gNB_4G_2,-48,gNB_5G,-64,0.147456,3,4.63993,1,32.185,28
127.5,car_north_peak_005,gNB_4G_2,-52,gNB_4G_1,-79,0.4096,5,0.239928,1,27.8409,28
127.5,ue_n043_0001,gNB_4G_2,-47,gNB_5G,-50,0.360448,3,36.4399,0,14.0242,25
127.5,ue_n042_0003,gNB_4G_2,-68,gNB_5G,-97,0.335872,0,-1,0,46.0375,28
127.5,ue_n001_0001,gNB_4G_1,-40,gNB_4G_2,-61,0.589824,0,-1,0,62.5002,28
127.5,ue_n001_0002,gNB_4G_1,-47,gNB_4G_2,-58,0.630784,0,-1,0,62.9077,28
127.5,ue_ujeongwon_0002,gNB_4G_1,-47,gNB_4G_2,-78,0.8192,0,-1,0,36.3853,28
127.5,ue_ujeongwon_0003,gNB_4G_1,-46,gNB_4G_2,-68,0.335872,0,-1,0,27.0661,17
127.5,ue_n001_0003,gNB_4G_1,-37,gNB_5G,-66,0.548864,0,-1,0,52.6931,28
127.5,car_north_base_001_rider,gNB_4G_2,-44,gNB_4G_1,-56,0.8192,1,46.8399,0,64.2149,28
127.5,car_north_base_002_rider,gNB_4G_2,-46,gNB_5G,-51,0.811008,1,43.4399,0,20.9253,19
127.5,ue_n043_0002,gNB_4G_2,-58,gNB_5G,-67,0.147456,7,17.6399,1,54.3475,28
127.5,ue_n001_0004,gNB_4G_1,-46,gNB_4G_2,-62,0.622592,0,-1,0,17.2336,20
127.5,ue_n043_0003,gNB_4G_2,-48,gNB_5G,-48,0.45056,5,8.43993,0,18.0321,22
127.5,car_north_base_003,gNB_4G_2,-47,gNB_4G_1,-59,0.581632,1,34.4399,0,17.6765,21
127.5,ue_n042_0004,gNB_4G_2,-51,gNB_5G,-62,0.8192,0,-1,0,69.1819,28
127.5,car_north_base_004,gNB_4G_2,-43,gNB_4G_1,-53,0.139264,3,16.4399,1,47.3427,28
127.5,car_north_base_005,gNB_4G_2,-44,gNB_5G,-52,0.229376,1,15.4399,0,66.0358,22
127.5,ue_n043_0004,gNB_5G,-46,gNB_4G_2,-49,0.745472,4,2.03993,1,68.4774,19
127.5,car_north_base_006_rider,gNB_4G_1,-41,gNB_5G,-81,0.12288,0,-1,0,44.181,24
127.5,ue_n043_0005,gNB_5G,-45,gNB_4G_2,-50,0.483328,2,13.6399,0,67.7147,28
127.5,ue_ujeongwon_0004,gNB_4G_1,-59,gNB_4G_2,-89,0.04096,0,-1,0,56.2092,24
127.5,ue_ujeongwon_0005,gNB_4G_1,-78,gNB_4G_2,-88,0.114688,0,-1,0,17.4319,17
127.5,ue_n001_0005,gNB_4G_1,-44,gNB_4G_2,-64,0.589824,0,-1,0,28.3507,28
127.5,ue_ujeongwon_0006,gNB_4G_1,-39,gNB_4G_2,-90,0.548864,0,-1,0,54.9659,28
127.5,ue_n042_0005,gNB_4G_2,-56,gNB_5G,-68,0.8192,0,-1,0,48.5065,28
127.5,ue_n043_0006,gNB_4G_2,-54,gNB_4G_1,-62,0.57344,1,32.0399,0,55.0569,28
127.5,ue_ujeongwon_0007,gNB_4G_1,-52,gNB_4G_2,-85,0.8192,0,-1,0,33.3354,28
127.5,ue_ujeongwon_0008,gNB_4G_1,-41,gNB_4G_2,-83,0.360448,0,-1,0,68.1084,28
127.5,ue_n043_0007,gNB_4G_2,-59,gNB_4G_1,-57,0.360448,3,20.4399,1,54.5067,10
127.5,ue_ujeongwon_0009,gNB_4G_1,-39,gNB_4G_2,-89,0.589824,0,-1,0,56.4162,28
127.5,car_north_base_007_rider,gNB_4G_1,-46,gNB_5G,-74,0.434176,0,-1,0,58.8178,28
127.5,ue_n042_0006,gNB_4G_2,-67,gNB_5G,-68,0.458752,0,-1,0,48.8473,28
128.5,ue_n042_0001,gNB_4G_2,-74,gNB_5G,-94,0.270336,0,-1,0,38.6071,28
128.5,ue_n001_0006,gNB_4G_1,-47,gNB_4G_2,-69,0.688128,0,-1,0,32.7562,23
128.5,car_north_peak_002_rider,gNB_4G_2,-49,gNB_4G_1,-69,0.319488,3,19.6399,1,32.9844,26
128.5,car_north_peak_003_rider,gNB_4G_2,-48,gNB_4G_1,-92,0.8192,3,7.23993,1,49.4469,28
128.5,ue_n042_0002,gNB_4G_2,-40,gNB_5G,-70,0.679936,0,-1,0,69.8566,28
128.5,ue_ujeongwon_0001,gNB_4G_1,-47,gNB_5G,-67,0.393216,0,-1,0,64.9319,28
128.5,car_north_peak_004,gNB_4G_1,-59,gNB_5G,-62,0.131072,4,0.639928,0,16.4821,28
128.5,car_north_peak_005,gNB_4G_2,-47,gNB_4G_1,-74,0.4096,5,1.23993,1,64.5707,28
128.5,ue_n043_0001,gNB_4G_2,-46,gNB_5G,-51,0.352256,3,37.4399,0,66.3997,28
128.5,ue_n042_0003,gNB_4G_2,-67,gNB_4G_1,-97,0.344064,0,-1,0,47.4527,28
128.5,ue_n001_0001,gNB_4G_1,-44,gNB_4G_2,-60,0.581632,0,-1,0,28.0473,28
128.5,ue_n001_0002,gNB_4G_1,-45,gNB_4G_2,-59,0.630784,0,-1,0,17.8428,23
128.5,ue_ujeongwon_0002,gNB_4G_1,-45,gNB_5G,-78,0.8192,0,-1,0,36.3375,28
128.5,ue_ujeongwon_0003,gNB_4G_1,-44,gNB_4G_2,-67,0.344064,0,-1,0,29.0871,28
128.5,ue_n001_0003,gNB_4G_1,-36,gNB_5G,-69,0.548864,0,-1,0,61.1581,28
128.5,car_north_base_001_rider,gNB_4G_2,-46,gNB_4G_1,-52,0.69632,1,47.8399,0,1.97952,7
128.5,car_north_base_002_rider,gNB_4G_2,-47,gNB_5G,-55,0.8192,1,44.4399,0,8.50858,13
128.5,ue_n043_0002,gNB_4G_2,-55,gNB_5G,-69,0.139264,7,18.6399,1,55.6622,28
128.5,ue_n001_0004,gNB_4G_1,-48,gNB_4G_2,-66,0.638976,0,-1,0,24.8693,28
128.5,ue_n043_0003,gNB_4G_2,-47,gNB_5G,-49,0.458752,5,9.43993,0,65.1089,28
128.5,car_north_base_003,gNB_4G_2,-46,gNB_5G,-52,0.589824,1,35.4399,0,58.8675,17
128.5,ue_n042_0004,gNB_4G_2,-42,gNB_5G,-67,0.8192,0,-1,0,69.9168,28
128.5,car_north_base_004,gNB_4G_2,-42,gNB_5G,-68,0.131072,3,17.4399,1,68.8887,28
128.5,car_north_base_005,gNB_4G_2,-44,gNB_4G_1,-53,0.221184,1,16.4399,0,72.4519,28
128.5,ue_n043_0004,gNB_5G,-46,gNB_4G_2,-49,0.745472,4,3.03993,1,67.6128,28
128.5,car_north_base_006_rider,gNB_4G_1,-37,gNB_4G_2,-85,0.131072,0,-1,0,52.9208,28
128.5,ue_n043_0005,gNB_5G,-46,gNB_4G_2,-51,0.483328,2,14.6399,0,60.4768,28
128.5,ue_ujeongwon_0004,gNB_4G_1,-49,gNB_4G_2,-88,0.12288,0,-1,0,49.6414,28
128.5,ue_ujeongwon_0005,gNB_4G_1,-94,gNB_4G_2,-88,0.147456,0,-1,0,46.6785,28
128.5,ue_n001_0005,gNB_4G_1,-44,gNB_4G_2,-63,0.581632,0,-1,0,25.3431,25
128.5,ue_ujeongwon_0006,gNB_4G_1,-38,gNB_4G_2,-90,0.540672,0,-1,0,71.5761,28
128.5,ue_n042_0005,gNB_4G_2,-59,gNB_5G,-68,0.8192,0,-1,0,46.1191,28
128.5,ue_n043_0006,gNB_4G_2,-53,gNB_5G,-63,0.507904,1,33.0399,0,16.8997,7
128.5,ue_ujeongwon_0007,gNB_4G_1,-43,gNB_4G_2,-86,0.8192,0,-1,0,49.784,28
128.5,ue_ujeongwon_0008,gNB_4G_1,-52,gNB_4G_2,-85,0.352256,0,-1,0,69.9366,28
128.5,ue_n043_0007,gNB_4G_2,-57,gNB_5G,-72,0.4096,3,21.4399,1,46.057,28
128.5,ue_ujeongwon_0009,gNB_4G_1,-40,gNB_4G_2,-92,0.581632,0,-1,0,59.8989,28
128.5,car_north_base_007_rider,gNB_4G_1,-51,gNB_5G,-75,0.434176,0,-1,0,25.6549,26
128.5,ue_n042_0006,gNB_4G_2,-61,gNB_5G,-63,0.458752,0,-1,0,51.605,28
129.5,ue_n042_0001,gNB_4G_2,-72,gNB_5G,-93,0.278528,0,-1,0,33.7716,28
129.5,ue_n001_0006,gNB_4G_1,-46,gNB_4G_2,-71,0.688128,0,-1,0,31.1799,28
129.5,car_north_peak_002_rider,gNB_4G_2,-49,gNB_5G,-60,0.311296,3,20.6399,1,62.4561,28
129.5,car_north_peak_003_rider,gNB_4G_2,-48,gNB_4G_1,-92,0.8192,3,8.23993,1,63.1061,28
129.5,ue_n042_0002,gNB_4G_2,-40,gNB_5G,-60,0.679936,0,-1,0,56.6904,28
129.5,ue_ujeongwon_0001,gNB_4G_1,-48,gNB_5G,-70,0.393216,0,-1,0,59.1824,28
129.5,car_north_peak_004,gNB_5G,-66,gNB_4G_2,-70,0.139264,5,0.839928,0,41.9459,28
129.5,car_north_peak_005,gNB_4G_2,-48,gNB_5G,-62,0.4096,5,2.23993,1,21.8367,26
129.5,ue_n043_0001,gNB_4G_2,-44,gNB_5G,-52,0.360448,3,38.4399,0,64.8311,28
129.5,ue_n042_0003,gNB_4G_2,-66,gNB_5G,-97,0.335872,0,-1,0,44.2551,28
129.5,ue_n001_0001,gNB_4G_1,-42,gNB_4G_2,-59,0.589824,0,-1,0,22.4075,28
129.5,ue_n001_0002,gNB_4G_1,-45,gNB_4G_2,-57,0.630784,0,-1,0,66.2635,28
129.5,ue_ujeongwon_0002,gNB_4G_1,-49,gNB_4G_2,-78,0.8192,0,-1,0,31.9103,28
129.5,ue_ujeongwon_0003,gNB_4G_1,-46,gNB_5G,-66,0.335872,0,-1,0,32.3338,26
129.5,ue_n001_0003,gNB_4G_1,-36,gNB_5G,-65,0.540672,0,-1,0,76.4272,28
129.5,car_north_base_001_rider,gNB_4G_2,-52,gNB_5G,-53,0.802816,1,48.8399,0,29.2185,28
129.5,car_north_base_002_rider,gNB_4G_2,-49,gNB_4G_1,-57,0.827392,1,45.4399,0,62.4514,28
129.5,ue_n043_0002,gNB_4G_2,-55,gNB_5G,-67,0.139264,7,19.6399,1,56.0414,28
129.5,ue_n001_0004,gNB_4G_1,-56,gNB_4G_2,-65,0.622592,0,-1,0,66.8865,28
129.5,ue_n043_0003,gNB_4G_2,-47,gNB_5G,-48,0.458752,5,10.4399,0,29.5262,28
129.5,car_north_base_003,gNB_4G_2,-52,gNB_5G,-56,0.581632,1,36.4399,0,13.8908,28
129.5,ue_n042_0004,gNB_4G_2,-41,gNB_5G,-64,0.8192,0,-1,0,68.3596,28
129.5,car_north_base_004,gNB_4G_2,-42,gNB_5G,-59,0.139264,3,18.4399,1,67.5718,28
129.5,car_north_base_005,gNB_4G_2,-40,gNB_4G_1,-50,0.229376,1,17.4399,0,69.0444,28
129.5,ue_n043_0004,gNB_5G,-47,gNB_4G_2,-50,0.745472,4,4.03993,1,68.0773,11
129.5,car_north_base_006_rider,gNB_4G_1,-39,gNB_4G_2,-86,0.12288,0,-1,0,45.4596,14
129.5,ue_n043_0005,gNB_5G,-47,gNB_4G_2,-49,0.483328,2,15.6399,0,68.5814,28
129.5,ue_ujeongwon_0004,gNB_4G_1,-39,gNB_4G_2,-88,0.114688,0,-1,0,70.1293,27
129.5,ue_ujeongwon_0005,gNB_4G_1,-64,gNB_4G_2,-88,0.2048,0,-1,0,46.6785,28
129.5,ue_n001_0005,gNB_4G_1,-43,gNB_4G_2,-62,0.581632,0,-1,0,22.3419,22
129.5,ue_ujeongwon_0006,gNB_4G_1,-37,gNB_4G_2,-88,0.548864,0,-1,0,30.7326,28
129.5,ue_n042_0005,gNB_4G_2,-61,gNB_5G,-67,0.8192,0,-1,0,48.0403,28
129.5,ue_n043_0006,gNB_4G_2,-55,gNB_4G_1,-56,0.524288,1,34.0399,0,5.48552,9
129.5,ue_ujeongwon_0007,gNB_4G_1,-39,gNB_4G_2,-82,0.8192,0,-1,0,42.4461,28
129.5,ue_ujeongwon_0008,gNB_4G_1,-42,gNB_4G_2,-88,0.360448,0,-1,0,75.0469,28
129.5,ue_n043_0007,gNB_4G_2,-63,gNB_5G,-72,0.4096,3,22.4399,1,58.2587,28
129.5,ue_ujeongwon_0009,gNB_4G_1,-41,gNB_4G_2,-93,0.581632,0,-1,0,55.805,28
129.5,car_north_base_007_rider,gNB_4G_1,-55,gNB_4G_2,-65,0.425984,0,-1,0,29.4739,28
129.5,ue_n042_0006,gNB_4G_2,-55,gNB_5G,-71,0.45056,0,-1,0,55.2477,28
130.5,ue_n042_0001,gNB_4G_2,-75,gNB_4G_1,-94,0.270336,0,-1,0,34.28,28
130.5,ue_n001_0006,gNB_4G_1,-45,gNB_4G_2,-74,0.679936,0,-1,0,65.2486,28
130.5,car_north_peak_002_rider,gNB_4G_2,-49,gNB_5G,-60,0.319488,3,21.6399,1,42.3414,28
130.5,car_north_peak_003_rider,gNB_4G_2,-48,gNB_4G_1,-92,0.8192,3,9.23993,1,49.2952,28
130.5,ue_n042_0002,gNB_4G_2,-44,gNB_5G,-60,0.688128,0,-1,0,52.3281,28
130.5,ue_ujeongwon_0001,gNB_4G_1,-48,gNB_5G,-71,0.385024,0,-1,0,34.5793,28
130.5,car_north_peak_004,gNB_4G_1,-58,gNB_4G_2,-60,0.16384,6,0.839928,1,10.319,16
130.5,car_north_peak_005,gNB_4G_2,-67,gNB_5G,-65,0.36864,5,3.23993,1,4.56347,10
130.5,ue_n043_0001,gNB_4G_2,-46,gNB_5G,-52,0.352256,3,39.4399,0,14.7876,28
130.5,ue_n042_0003,gNB_4G_2,-68,gNB_4G_1,-97,0.344064,0,-1,0,45.7437,28
130.5,ue_n001_0001,gNB_4G_1,-40,gNB_4G_2,-59,0.57344,0,-1,0,23.7736,26
130.5,ue_n001_0002,gNB_4G_1,-45,gNB_4G_2,-57,0.630784,0,-1,0,63.5104,28
130.5,ue_ujeongwon_0002,gNB_4G_1,-49,gNB_4G_2,-78,0.8192,0,-1,0,42.6872,28
130.5,ue_ujeongwon_0003,gNB_4G_1,-47,gNB_5G,-57,0.344064,0,-1,0,25.9846,20
130.5,ue_n001_0003,gNB_4G_1,-38,gNB_5G,-65,0.548864,0,-1,0,53.5965,28
130.5,car_north_base_001_rider,gNB_4G_2,-45,gNB_5G,-53,0.8192,1,49.8399,0,63.3741,28
130.5,car_north_base_002_rider,gNB_4G_2,-48,gNB_5G,-52,0.811008,1,46.4399,0,10.0449,15
130.5,ue_n043_0002,gNB_4G_2,-56,gNB_5G,-69,0.139264,7,20.6399,1,32.1866,28
130.5,ue_n001_0004,gNB_4G_1,-48,gNB_4G_2,-66,0.630784,0,-1,0,63.7819,28
130.5,ue_n043_0003,gNB_4G_2,-50,gNB_5G,-53,0.45056,5,11.4399,0,57.1403,28
130.5,car_north_base_003,gNB_4G_2,-51,gNB_4G_1,-54,0.589824,1,37.4399,0,20.2419,21
130.5,ue_n042_0004,gNB_4G_2,-44,gNB_5G,-62,0.8192,0,-1,0,71.4526,28
130.5,car_north_base_004,gNB_4G_2,-43,gNB_5G,-58,0.131072,3,19.4399,1,64.3718,28
130.5,car_north_base_005,gNB_4G_2,-41,gNB_4G_1,-51,0.229376,1,18.4399,0,67.9689,28
130.5,ue_n043_0004,gNB_5G,-48,gNB_4G_2,-53,0.745472,4,5.03993,1,64.4536,28
130.5,car_north_base_006_rider,gNB_4G_1,-39,gNB_4G_2,-86,0.131072,0,-1,0,51.6063,28
130.5,ue_n043_0005,gNB_5G,-50,gNB_4G_2,-49,0.483328,2,16.6399,0,67.6104,28
130.5,ue_ujeongwon_0004,gNB_4G_1,-39,gNB_4G_2,-86,0.12288,0,-1,0,47.034,28
130.5,ue_ujeongwon_0005,gNB_4G_1,-64,gNB_4G_2,-88,0.12288,0,-1,0,37.0463,28
130.5,ue_n001_0005,gNB_4G_1,-42,gNB_4G_2,-59,0.589824,0,-1,0,70.5097,25
130.5,ue_ujeongwon_0006,gNB_4G_1,-77,gNB_4G_2,-88,0.335872,0,-1,0,30.7195,28
130.5,ue_n042_0005,gNB_4G_2,-60,gNB_5G,-66,0.8192,0,-1,0,35.1106,28
130.5,ue_n043_0006,gNB_4G_1,-67,gNB_4G_2,-58,0.385024,2,0.239928,0,33.1439,28
130.5,ue_ujeongwon_0007,gNB_4G_1,-53,gNB_4G_2,-79,0.8192,0,-1,0,43.5366,28
130.5,ue_ujeongwon_0008,gNB_4G_1,-40,gNB_5G,-84,0.352256,0,-1,0,69.305,28
130.5,ue_n043_0007,gNB_4G_2,-55,gNB_5G,-72,0.4096,3,23.4399,1,57.7647,28
130.5,ue_ujeongwon_0009,gNB_4G_1,-41,gNB_4G_2,-92,0.589824,0,-1,0,56.1629,28
130.5,car_north_base_007_rider,gNB_4G_1,-49,gNB_4G_2,-66,0.434176,0,-1,0,19.9363,27
130.5,ue_n042_0006,gNB_4G_2,-55,gNB_5G,-68,0.458752,0,-1,0,55.2802,28
130.5,car_north_base_008_rider,gNB_4G_1,-44,gNB_4G_2,-79,0.08192,0,-1,0,40.6191,28
130.5,ue_n043_0008,gNB_4G_2,-66,gNB_5G,-71,0.352256,1,0.0399284,0,18.0272,20
131.5,ue_n042_0001,gNB_4G_2,-73,gNB_4G_1,-94,0.270336,0,-1,0,38.1091,28
131.5,ue_n001_0006,gNB_4G_1,-47,gNB_4G_2,-69,0.679936,0,-1,0,66.9305,28
131.5,car_north_peak_002_rider,gNB_4G_2,-49,gNB_5G,-60,0.311296,3,22.6399,1,58.0506,28
131.5,car_north_peak_003_rider,gNB_4G_2,-48,gNB_4G_1,-92,0.8192,3,10.2399,1,63.1061,28
131.5,ue_n042_0002,gNB_4G_2,-42,gNB_5G,-61,0.679936,0,-1,0,52.1358,28
131.5,ue_ujeongwon_0001,gNB_4G_1,-46,gNB_5G,-71,0.393216,0,-1,0,66.8358,28
131.5,car_north_peak_004,gNB_4G_2,-85,gNB_5G,-87,0.16384,7,0.839928,0,43.7097,28
131.5,car_north_peak_005,gNB_5G,-68,gNB_4G_2,-82,0.417792,6,0.639928,1,40.0946,25
131.5,ue_n043_0001,gNB_4G_2,-46,gNB_5G,-51,0.360448,3,40.4399,0,67.0829,28
131.5,ue_n042_0003,gNB_4G_2,-63,gNB_5G,-95,0.344064,0,-1,0,43.1605,28
131.5,ue_n001_0001,gNB_4G_1,-47,gNB_4G_2,-59,0.589824,0,-1,0,67.111,28
131.5,ue_n001_0002,gNB_4G_1,-46,gNB_4G_2,-56,0.630784,0,-1,0,32.3273,16
131.5,ue_ujeongwon_0002,gNB_4G_1,-49,gNB_4G_2,-77,0.8192,0,-1,0,26.3863,28
131.5,ue_ujeongwon_0003,gNB_4G_1,-48,gNB_5G,-61,0.344064,0,-1,0,52.7313,28
131.5,ue_n001_0003,gNB_4G_1,-37,gNB_5G,-69,0.548864,0,-1,0,77.0129,28
131.5,car_north_base_001_rider,gNB_4G_2,-47,gNB_5G,-53,0.8192,1,50.8399,0,61.5281,28
131.5,car_north_base_002_rider,gNB_4G_2,-46,gNB_5G,-52,0.827392,1,47.4399,0,63.9155,28
131.5,ue_n043_0002,gNB_4G_2,-56,gNB_5G,-69,0.147456,7,21.6399,1,53.3209,28
131.5,ue_n001_0004,gNB_4G_1,-47,gNB_5G,-65,0.630784,0,-1,0,56.894,28
131.5,ue_n043_0003,gNB_4G_2,-48,gNB_5G,-50,0.458752,5,12.4399,0,65.6808,28
131.5,car_north_base_003,gNB_4G_2,-45,gNB_4G_1,-56,0.589824,1,38.4399,0,63.0887,28
131.5,ue_n042_0004,gNB_4G_2,-40,gNB_5G,-68,0.8192,0,-1,0,69.362,28
131.5,car_north_base_004,gNB_4G_2,-46,gNB_5G,-53,0.131072,3,20.4399,1,68.9743,28
131.5,car_north_base_005,gNB_4G_2,-42,gNB_5G,-53,0.229376,1,19.4399,0,69.3811,28
131.5,ue_n043_0004,gNB_5G,-48,gNB_4G_2,-53,0.745472,4,6.03993,1,69.011,28
131.5,car_north_base_006_rider,gNB_4G_1,-43,gNB_4G_2,-86,0.131072,0,-1,0,69.5169,28
131.5,ue_n043_0005,gNB_5G,-48,gNB_4G_2,-52,0.475136,2,17.6399,0,66.7642,28
131.5,ue_ujeongwon_0004,gNB_4G_1,-39,gNB_4G_2,-85,0.114688,0,-1,0,69.1728,28
131.5,ue_ujeongwon_0005,gNB_4G_1,-58,gNB_4G_2,-88,0.2048,0,-1,0,37.0463,28
131.5,ue_n001_0005,gNB_4G_1,-42,gNB_4G_2,-59,0.589824,0,-1,0,29.2045,28
131.5,ue_ujeongwon_0006,gNB_4G_1,-78,gNB_4G_2,-88,0.2048,0,-1,0,17.432,25
131.5,ue_n042_0005,gNB_4G_2,-59,gNB_5G,-70,0.8192,0,-1,0,50.6829,28
131.5,ue_n043_0006,gNB_4G_2,-59,gNB_5G,-63,0.606208,3,0.639928,1,54.7581,28
131.5,ue_ujeongwon_0007,gNB_4G_1,-41,gNB_4G_2,-80,0.8192,0,-1,0,28.9337,27
131.5,ue_ujeongwon_0008,gNB_4G_1,-41,gNB_5G,-81,0.360448,0,-1,0,73.685,28
131.5,ue_n043_0007,gNB_4G_2,-53,gNB_5G,-72,0.4096,3,24.4399,1,15.0532,28
131.5,ue_ujeongwon_0009,gNB_4G_1,-37,gNB_4G_2,-92,0.581632,0,-1,0,64.7223,28
131.5,car_north_base_007_rider,gNB_4G_1,-43,gNB_4G_2,-67,0.434176,0,-1,0,62.738,28
131.5,ue_n042_0006,gNB_4G_2,-56,gNB_5G,-70,0.45056,0,-1,0,35.1116,28
131.5,car_north_base_008_rider,gNB_4G_1,-44,gNB_4G_2,-77,0.172032,0,-1,0,66.7941,28
131.5,ue_n043_0008,gNB_4G_2,-64,gNB_5G,-70,0.753664,1,1.03993,0,48.451,28
132.5,ue_n042_0001,gNB_4G_2,-70,gNB_4G_1,-94,0.278528,0,-1,0,37.7707,28
132.5,ue_n001_0006,gNB_4G_1,-46,gNB_4G_2,-68,0.679936,0,-1,0,23.4794,28
132.5,car_north_peak_002_rider,gNB_4G_2,-51,gNB_5G,-60,0.319488,3,23.6399,1,63.5645,28
132.5,car_north_peak_003_rider,gNB_4G_2,-48,gNB_4G_1,-92,0.8192,3,11.2399,1,52.213,28
132.5,ue_n042_0002,gNB_4G_2,-39,gNB_5G,-57,0.688128,0,-1,0,50.2081,28
132.5,ue_ujeongwon_0001,gNB_4G_1,-46,gNB_5G,-71,0.393216,0,-1,0,34.1216,28
132.5,car_north_peak_004,gNB_4G_2,-69,gNB_5G,-85,0.155648,7,1.83993,0,17.7823,24
132.5,car_north_peak_005,gNB_4G_1,-59,gNB_5G,-70,0.4096,7,0.639928,0,3.91573,9
132.5,ue_n043_0001,gNB_4G_2,-44,gNB_5G,-50,0.352256,3,41.4399,0,64.9668,19
132.5,ue_n042_0003,gNB_4G_2,-66,gNB_5G,-94,0.344064,0,-1,0,45.3627,28
132.5,ue_n001_0001,gNB_4G_1,-42,gNB_4G_2,-62,0.581632,0,-1,0,19.9709,22
132.5,ue_n001_0002,gNB_4G_1,-46,gNB_4G_2,-54,0.630784,0,-1,0,20.0311,20
132.5,ue_ujeongwon_0002,gNB_4G_1,-49,gNB_5G,-76,0.8192,0,-1,0,40.4997,28
132.5,ue_ujeongwon_0003,gNB_4G_1,-48,gNB_4G_2,-64,0.335872,0,-1,0,59.2554,28
132.5,ue_n001_0003,gNB_4G_1,-37,gNB_5G,-69,0.540672,0,-1,0,76.1462,28
132.5,car_north_base_001_rider,gNB_4G_2,-49,gNB_5G,-55,0.8192,1,51.8399,0,61.7712,28
132.5,car_north_base_002_rider,gNB_4G_2,-47,gNB_4G_1,-51,0.761856,1,48.4399,0,20.7919,16
132.5,ue_n043_0002,gNB_4G_2,-57,gNB_5G,-68,0.139264,7,22.6399,1,50.8647,28
132.5,ue_n001_0004,gNB_4G_1,-48,gNB_5G,-65,0.630784,0,-1,0,66.4327,28
132.5,ue_n043_0003,gNB_4G_2,-48,gNB_5G,-50,0.45056,5,13.4399,0,31.9292,28
132.5,car_north_base_003,gNB_4G_2,-47,gNB_4G_1,-55,0.57344,1,39.4399,0,61.5321,28
132.5,ue_n042_0004,gNB_4G_2,-39,gNB_5G,-65,0.8192,0,-1,0,66.8825,28
132.5,car_north_base_004,gNB_4G_2,-43,gNB_5G,-55,0.139264,3,21.4399,1,67.9555,28
132.5,car_north_base_005,gNB_4G_2,-42,gNB_5G,-56,0.221184,1,20.4399,0,43.073,24
132.5,ue_n043_0004,gNB_5G,-51,gNB_4G_2,-49,0.73728,4,7.03993,1,67.5724,28
132.5,car_north_base_006_rider,gNB_4G_1,-43,gNB_4G_2,-86,0.12288,0,-1,0,73.9324,28
132.5,ue_n043_0005,gNB_5G,-50,gNB_4G_2,-53,0.483328,2,18.6399,0,63.8665,28
132.5,ue_ujeongwon_0004,gNB_4G_1,-40,gNB_4G_2,-80,0.12288,0,-1,0,72.3549,28
132.5,ue_ujeongwon_0005,gNB_4G_1,-49,gNB_4G_2,-86,0.12288,0,-1,0,46.478,28
132.5,ue_n001_0005,gNB_4G_1,-43,gNB_4G_2,-64,0.581632,0,-1,0,29.1558,28
132.5,ue_ujeongwon_0006,gNB_4G_1,-94,gNB_4G_2,-88,0.237568,0,-1,0,46.6233,28
132.5,ue_n042_0005,gNB_4G_2,-59,gNB_5G,-67,0.8192,0,-1,0,36.7131,28
132.5,ue_n043_0006,gNB_4G_2,-56,gNB_5G,-67,0.589824,3,1.63993,1,58.3318,28
132.5,ue_ujeongwon_0007,gNB_4G_1,-36,gNB_5G,-74,0.8192,0,-1,0,30.5333,27
132.5,ue_ujeongwon_0008,gNB_4G_1,-37,gNB_5G,-77,0.352256,0,-1,0,43.6681,28
132.5,ue_n043_0007,gNB_4G_2,-54,gNB_4G_1,-64,0.4096,3,25.4399,1,52.0465,19
132.5,ue_ujeongwon_0009,gNB_4G_1,-40,gNB_4G_2,-90,0.589824,0,-1,0,67.2152,28
132.5,car_north_base_007_rider,gNB_4G_1,-41,gNB_4G_2,-67,0.425984,0,-1,0,24.2935,26
132.5,ue_n042_0006,gNB_4G_2,-57,gNB_5G,-69,0.458752,0,-1,0,38.1988,28
132.5,car_north_base_008_rider,gNB_4G_1,-46,gNB_4G_2,-79,0.172032,0,-1,0,61.2658,28
132.5,ue_n043_0008,gNB_4G_2,-60,gNB_4G_1,-68,0.73728,1,2.03993,0,42.6227,28
133.5,ue_n042_0001,gNB_4G_2,-76,gNB_4G_1,-94,0.270336,0,-1,0,29.7561,28
133.5,ue_n001_0006,gNB_4G_1,-45,gNB_4G_2,-70,0.679936,0,-1,0,16.3085,28
133.5,car_north_peak_002_rider,gNB_4G_2,-49,gNB_5G,-60,0.311296,3,24.6399,1,28.7343,28
133.5,car_north_peak_003_rider,gNB_4G_2,-48,gNB_4G_1,-92,0.8192,3,12.2399,1,49.5206,28
133.5,ue_n042_0002,gNB_4G_2,-41,gNB_5G,-56,0.679936,0,-1,0,70.5241,28
133.5,ue_ujeongwon_0001,gNB_4G_1,-50,gNB_5G,-72,0.385024,0,-1,0,69.6547,28
133.5,car_north_peak_004,gNB_5G,-76,gNB_4G_2,-91,0.155648,8,0.639928,0,1.23292,28
133.5,car_north_peak_005,gNB_4G_1,-83,gNB_5G,-98,0.401408,9,0.0399284,1,22.3165,28
133.5,ue_n043_0001,gNB_4G_2,-46,gNB_5G,-50,0.360448,3,42.4399,0,65.7885,28
133.5,ue_n042_0003,gNB_4G_2,-65,gNB_5G,-91,0.335872,0,-1,0,44.9698,28
133.5,ue_n001_0001,gNB_4G_1,-41,gNB_4G_2,-60,0.589824,0,-1,0,28.8603,27
133.5,ue_n001_0002,gNB_4G_1,-49,gNB_4G_2,-54,0.630784,0,-1,0,63.1892,28
133.5,ue_ujeongwon_0002,gNB_4G_1,-47,gNB_5G,-79,0.8192,0,-1,0,35.5985,28
133.5,ue_ujeongwon_0003,gNB_4G_1,-48,gNB_5G,-66,0.344064,0,-1,0,24.6934,28
133.5,ue_n001_0003,gNB_4G_1,-37,gNB_5G,-69,0.548864,0,-1,0,46.6326,28
133.5,car_north_base_001_rider,gNB_4G_2,-49,gNB_5G,-54,0.8192,1,52.8399,0,61.3781,28
133.5,car_north_base_002_rider,gNB_4G_2,-49,gNB_4G_1,-54,0.86016,1,49.4399,0,30.5612,23
133.5,ue_n043_0002,gNB_4G_2,-59,gNB_5G,-67,0.139264,7,23.6399,1,47.571,28
133.5,ue_n001_0004,gNB_4G_1,-56,gNB_4G_2,-65,0.630784,0,-1,0,68.2669,28
133.5,ue_n043_0003,gNB_4G_2,-46,gNB_5G,-49,0.458752,5,14.4399,0,42.3262,28
133.5,car_north_base_003,gNB_4G_2,-49,gNB_5G,-54,0.589824,1,40.4399,0,60.5728,28
133.5,ue_n042_0004,gNB_4G_2,-37,gNB_5G,-59,0.8192,0,-1,0,59.5782,28
133.5,car_north_base_004,gNB_4G_2,-43,gNB_5G,-55,0.131072,3,22.4399,1,68.6981,28
133.5,car_north_base_005,gNB_4G_2,-44,gNB_5G,-58,0.229376,1,21.4399,0,67.2662,19
133.5,ue_n043_0004,gNB_5G,-50,gNB_4G_2,-50,0.745472,4,8.03993,1,63.428,12
133.5,car_north_base_006_rider,gNB_4G_1,-41,gNB_4G_2,-80,0.131072,0,-1,0,39.5166,28
133.5,ue_n043_0005,gNB_5G,-55,gNB_4G_2,-50,0.483328,2,19.6399,0,69.013,28
133.5,ue_ujeongwon_0004,gNB_4G_1,-36,gNB_4G_2,-67,0.114688,0,-1,0,72.3185,28
133.5,ue_ujeongwon_0005,gNB_4G_1,-40,gNB_4G_2,-86,0.32768,0,-1,0,35.9792,28
133.5,ue_n001_0005,gNB_4G_1,-41,gNB_4G_2,-65,0.581632,0,-1,0,40.0895,28
133.5,ue_ujeongwon_0006,gNB_4G_1,-64,gNB_4G_2,-88,0.335872,0,-1,0,46.6226,28
133.5,ue_n042_0005,gNB_4G_2,-57,gNB_5G,-68,0.8192,0,-1,0,54.5269,28
133.5,ue_n043_0006,gNB_4G_2,-53,gNB_5G,-65,0.581632,3,2.63993,1,28.7116,28
133.5,ue_ujeongwon_0007,gNB_4G_1,-39,gNB_5G,-70,0.8192,0,-1,0,46.7907,28
133.5,ue_ujeongwon_0008,gNB_4G_1,-40,gNB_5G,-72,0.360448,0,-1,0,46.5786,8
133.5,ue_n043_0007,gNB_4G_2,-53,gNB_5G,-64,0.32768,3,26.4399,1,6.31926,11
133.5,ue_ujeongwon_0009,gNB_4G_1,-42,gNB_4G_2,-90,0.581632,0,-1,0,67.8522,7
133.5,car_north_base_007_rider,gNB_4G_1,-41,gNB_4G_2,-67,0.434176,0,-1,0,27.6219,28
133.5,ue_n042_0006,gNB_4G_2,-57,gNB_5G,-69,0.45056,0,-1,0,49.7749,28
133.5,car_north_base_008_rider,gNB_4G_1,-49,gNB_4G_2,-80,0.16384,0,-1,0,34.8534,28
133.5,ue_n043_0008,gNB_4G_2,-60,gNB_4G_1,-69,0.745472,1,3.03993,0,55.9268,28
134.5,ue_n042_0001,gNB_4G_2,-79,gNB_4G_1,-94,0.270336,0,-1,0,35.5732,28
134.5,ue_n001_0006,gNB_4G_1,-50,gNB_4G_2,-66,0.688128,0,-1,0,27.924,28
134.5,car_north_peak_002_rider,gNB_4G_2,-47,gNB_5G,-68,0.319488,3,25.6399,1,28.1403,28
134.5,car_north_peak_003_rider,gNB_4G_2,-48,gNB_4G_1,-92,0.8192,3,13.2399,1,50.713,28
134.5,ue_n042_0002,gNB_4G_2,-53,gNB_5G,-57,0.679936,0,-1,0,70.6718,28
134.5,ue_ujeongwon_0001,gNB_4G_1,-44,gNB_5G,-68,0.393216,0,-1,0,45.5576,28
134.5,car_north_peak_004,gNB_4G_2,-94,gNB_4G_1,-97,0.155648,9,0.0399284,1,1.23292,28
134.5,car_north_peak_005,gNB_4G_1,-81,gNB_5G,-88,0.352256,9,1.03993,1,12.4716,19
134.5,ue_n043_0001,gNB_4G_2,-45,gNB_5G,-51,0.352256,3,43.4399,0,19.4709,28
134.5,ue_n042_0003,gNB_4G_2,-66,gNB_5G,-94,0.344064,0,-1,0,44.7995,28
134.5,ue_n001_0001,gNB_4G_1,-41,gNB_4G_2,-61,0.589824,0,-1,0,24.4593,28
134.5,ue_n001_0002,gNB_4G_1,-51,gNB_4G_2,-53,0.630784,0,-1,0,66.0807,28
134.5,ue_ujeongwon_0002,gNB_4G_1,-45,gNB_4G_2,-81,0.8192,0,-1,0,36.7528,28
134.5,ue_ujeongwon_0003,gNB_4G_1,-65,gNB_4G_2,-68,0.278528,0,-1,0,27.9964,28
134.5,ue_n001_0003,gNB_4G_1,-38,gNB_5G,-61,0.548864,0,-1,0,74.6859,28
134.5,car_north_base_001_rider,gNB_4G_2,-49,gNB_5G,-53,0.8192,1,53.8399,0,58.0301,28
134.5,car_north_base_002_rider,gNB_4G_2,-47,gNB_5G,-53,0.811008,1,50.4399,0,10.543,16
134.5,ue_n043_0002,gNB_4G_2,-59,gNB_5G,-69,0.139264,7,24.6399,1,56.3783,28
134.5,ue_n001_0004,gNB_4G_1,-54,gNB_5G,-71,0.630784,0,-1,0,64.1917,28
134.5,ue_n043_0003,gNB_4G_2,-46,gNB_5G,-51,0.45056,5,15.4399,0,29.7962,28
134.5,car_north_base_003,gNB_4G_2,-50,gNB_4G_1,-55,0.581632,1,41.4399,0,11.1881,28
134.5,ue_n042_0004,gNB_4G_2,-45,gNB_5G,-62,0.8192,0,-1,0,54.0473,28
134.5,car_north_base_004,gNB_4G_2,-42,gNB_5G,-51,0.131072,3,23.4399,1,23.2235,25
134.5,car_north_base_005,gNB_4G_2,-44,gNB_5G,-56,0.229376,1,22.4399,0,67.0029,26
134.5,ue_n043_0004,gNB_5G,-48,gNB_4G_2,-50,0.745472,4,9.03993,1,64.1744,28
134.5,car_north_base_006_rider,gNB_4G_1,-39,gNB_4G_2,-77,0.131072,0,-1,0,68.6303,28
134.5,ue_n043_0005,gNB_5G,-51,gNB_4G_2,-50,0.483328,2,20.6399,0,67.5744,28
134.5,ue_ujeongwon_0004,gNB_4G_1,-39,gNB_4G_2,-67,0.12288,0,-1,0,72.2261,28
134.5,ue_ujeongwon_0005,gNB_4G_1,-40,gNB_4G_2,-81,0.32768,0,-1,0,73.4593,28
134.5,ue_n001_0005,gNB_4G_1,-42,gNB_4G_2,-64,0.589824,0,-1,0,23.0993,26
134.5,ue_ujeongwon_0006,gNB_4G_1,-64,gNB_4G_2,-88,0.2048,0,-1,0,49.8933,28
134.5,ue_n042_0005,gNB_4G_2,-53,gNB_5G,-66,0.4096,0,-1,0,36.7644,28
134.5,ue_n043_0006,gNB_4G_2,-55,gNB_5G,-63,0.589824,3,3.63993,1,30.3213,28
134.5,ue_ujeongwon_0007,gNB_4G_1,-41,gNB_5G,-74,0.8192,0,-1,0,48.8782,28
134.5,ue_ujeongwon_0008,gNB_4G_1,-41,gNB_5G,-76,0.352256,0,-1,0,50.5633,8
134.5,ue_n043_0007,gNB_4G_2,-54,gNB_4G_1,-55,0.360448,3,27.4399,1,1.35048,14
134.5,ue_ujeongwon_0009,gNB_4G_1,-45,gNB_4G_2,-89,0.589824,0,-1,0,57.2094,28
134.5,car_north_base_007_rider,gNB_4G_1,-43,gNB_4G_2,-67,0.425984,0,-1,0,51.0663,28
134.5,ue_n042_0006,gNB_4G_2,-58,gNB_5G,-69,0.458752,0,-1,0,34.6403,28
134.5,car_north_base_008_rider,gNB_4G_1,-50,gNB_4G_2,-76,0.172032,0,-1,0,39.103,28
134.5,ue_n043_0008,gNB_4G_2,-56,gNB_4G_1,-63,0.688128,1,4.03993,0,45.432,28
135.5,ue_n042_0001,gNB_4G_2,-74,gNB_4G_1,-94,0.278528,0,-1,0,37.0191,28
135.5,ue_n001_0006,gNB_4G_1,-49,gNB_4G_2,-70,0.679936,0,-1,0,21.1203,26
135.5,car_north_peak_002_rider,gNB_4G_2,-49,gNB_5G,-70,0.311296,3,26.6399,1,50.697,28
135.5,car_north_peak_003_rider,gNB_4G_2,-48,gNB_4G_1,-92,0.8192,3,14.2399,1,49.8791,28
135.5,ue_n042_0002,gNB_4G_2,-45,gNB_5G,-62,0.688128,0,-1,0,70.2141,28
135.5,ue_ujeongwon_0001,gNB_4G_1,-43,gNB_5G,-70,0.385024,0,-1,0,46.3163,28
135.5,car_north_peak_004,gNB_4G_2,-96,gNB_4G_1,-97,0.16384,9,1.03993,1,15.311,22
135.5,car_north_peak_005,gNB_5G,-76,gNB_4G_2,-93,0.360448,10,0.839928,1,3.36452,13
135.5,ue_n043_0001,gNB_4G_2,-44,gNB_5G,-52,0.352256,3,44.4399,0,64.9536,28
135.5,ue_n042_0003,gNB_4G_2,-70,gNB_5G,-92,0.221184,0,-1,0,44.7879,28
135.5,ue_n001_0001,gNB_4G_1,-42,gNB_5G,-64,0.581632,0,-1,0,26.386,25
135.5,ue_n001_0002,gNB_4G_1,-46,gNB_4G_2,-54,0.630784,0,-1,0,68.3339,28
135.5,ue_ujeongwon_0002,gNB_4G_1,-46,gNB_5G,-79,0.8192,0,-1,0,34.1397,28
135.5,ue_ujeongwon_0003,gNB_4G_2,-68,gNB_4G_1,-80,0.294912,1,0.639928,0,29.3392,24
135.5,ue_n001_0003,gNB_4G_1,-39,gNB_5G,-63,0.540672,0,-1,0,75.7561,28
135.5,car_north_base_001_rider,gNB_4G_2,-46,gNB_5G,-61,0.8192,1,54.8399,0,61.3901,28
135.5,car_north_base_002_rider,gNB_4G_2,-46,gNB_4G_1,-51,0.811008,1,51.4399,0,61.5047,28
135.5,ue_n043_0002,gNB_4G_2,-56,gNB_5G,-69,0.147456,7,25.6399,1,55.3354,28
135.5,ue_n001_0004,gNB_4G_1,-50,gNB_5G,-69,0.630784,0,-1,0,21.7073,24
135.5,ue_n043_0003,gNB_4G_2,-45,gNB_5G,-51,0.458752,5,16.4399,0,24.4859,28
135.5,car_north_base_003,gNB_4G_2,-47,gNB_5G,-52,0.507904,1,42.4399,0,3.90121,6
135.5,ue_n042_0004,gNB_4G_2,-40,gNB_5G,-62,0.8192,0,-1,0,71.3324,28
135.5,car_north_base_004,gNB_4G_2,-42,gNB_5G,-52,0.139264,3,24.4399,1,40.1805,28
135.5,car_north_base_005,gNB_4G_2,-44,gNB_5G,-52,0.229376,1,23.4399,0,64.9558,23
135.5,ue_n043_0004,gNB_5G,-47,gNB_4G_2,-48,0.745472,4,10.0399,1,66.0896,7
135.5,car_north_base_006_rider,gNB_4G_1,-39,gNB_4G_2,-79,0.12288,0,-1,0,48.2334,28
135.5,ue_n043_0005,gNB_5G,-51,gNB_4G_2,-50,0.483328,2,21.6399,0,63.4269,28
135.5,ue_ujeongwon_0004,gNB_4G_1,-38,gNB_4G_2,-83,0.114688,0,-1,0,48.7536,26
135.5,ue_ujeongwon_0005,gNB_4G_1,-39,gNB_4G_2,-70,0.32768,0,-1,0,51.6417,28
135.5,ue_n001_0005,gNB_4G_1,-43,gNB_4G_2,-65,0.581632,0,-1,0,48.3787,28
135.5,ue_ujeongwon_0006,gNB_4G_1,-61,gNB_4G_2,-88,0.344064,0,-1,0,49.8747,28
135.5,ue_n042_0005,gNB_4G_2,-54,gNB_5G,-66,0,0,-1,0,36.7644,28
135.5,ue_n043_0006,gNB_4G_2,-52,gNB_5G,-63,0.557056,3,4.63993,1,54.8701,28
135.5,ue_ujeongwon_0007,gNB_4G_1,-39,gNB_5G,-80,0.8192,0,-1,0,53.0535,28
135.5,ue_ujeongwon_0008,gNB_4G_1,-39,gNB_4G_2,-78,0.360448,0,-1,0,46.9496,28
135.5,ue_n043_0007,gNB_4G_1,-66,gNB_4G_2,-58,0.262144,4,0.239928,0,-13.5964,9
135.5,ue_ujeongwon_0009,gNB_4G_1,-38,gNB_4G_2,-89,0.581632,0,-1,0,56.3252,28
135.5,car_north_base_007_rider,gNB_4G_1,-43,gNB_5G,-75,0.434176,0,-1,0,76.2848,28
135.5,ue_n042_0006,gNB_4G_2,-59,gNB_5G,-70,0.45056,0,-1,0,42.3723,28
135.5,car_north_base_008_rider,gNB_4G_1,-48,gNB_4G_2,-75,0.172032,0,-1,0,38.213,28
135.5,ue_n043_0008,gNB_4G_2,-59,gNB_4G_1,-60,0.712704,1,5.03993,0,56.134,12
136.5,ue_n042_0001,gNB_4G_2,-60,gNB_4G_1,-93,0.270336,0,-1,0,67.239,28
136.5,ue_n001_0006,gNB_4G_1,-48,gNB_4G_2,-68,0.688128,0,-1,0,26.9913,28
136.5,car_north_peak_002_rider,gNB_4G_2,-47,gNB_4G_1,-88,0.319488,3,27.6399,1,56.5476,28
136.5,car_north_peak_003_rider,gNB_4G_2,-48,gNB_4G_1,-92,0.8192,3,15.2399,1,63.1061,28
136.5,ue_n042_0002,gNB_4G_2,-42,gNB_5G,-55,0.679936,0,-1,0,59.4228,28
136.5,ue_ujeongwon_0001,gNB_4G_1,-43,gNB_5G,-71,0.393216,0,-1,0,37.9266,0
136.5,car_north_peak_004,gNB_4G_2,-96,gNB_4G_1,-102,0.16384,9,2.03993,1,10.3623,17
136.5,car_north_peak_005,gNB_4G_2,-89,gNB_4G_1,-98,0.311296,10,1.83993,1,3.36452,28
136.5,ue_n043_0001,gNB_4G_2,-46,gNB_5G,-52,0.352256,3,45.4399,0,10.0309,16
136.5,ue_n042_0003,gNB_4G_2,-70,gNB_4G_1,-97,0.049152,0,-1,0,-7.76823,0
136.5,ue_n001_0001,gNB_4G_1,-43,gNB_5G,-61,0.589824,0,-1,0,25.0082,26
136.5,ue_n001_0002,gNB_4G_1,-49,gNB_4G_2,-54,0.630784,0,-1,0,17.1183,20
136.5,ue_ujeongwon_0002,gNB_4G_1,-49,gNB_4G_2,-80,0.8192,0,-1,0,42.1412,28
136.5,ue_ujeongwon_0003,gNB_4G_2,-66,gNB_4G_1,-80,0.229376,1,1.63993,0,45.257,28
136.5,ue_n001_0003,gNB_4G_1,-39,gNB_5G,-62,0.548864,0,-1,0,54.0467,28
136.5,car_north_base_001_rider,gNB_4G_2,-49,gNB_5G,-54,0.73728,1,55.8399,0,-13.7707,0
136.5,car_north_base_002_rider,gNB_4G_2,-45,gNB_5G,-53,0.8192,1,52.4399,0,65.3298,28
136.5,ue_n043_0002,gNB_4G_2,-55,gNB_5G,-67,0.139264,7,26.6399,1,55.7719,28
136.5,ue_n001_0004,gNB_4G_1,-43,gNB_5G,-65,0.630784,0,-1,0,26.3836,28
136.5,ue_n043_0003,gNB_4G_2,-48,gNB_5G,-52,0.45056,5,17.4399,0,31.3988,22
136.5,car_north_base_003,gNB_4G_2,-53,gNB_5G,-51,0.557056,1,43.4399,0,59.5451,28
136.5,ue_n042_0004,gNB_4G_2,-42,gNB_5G,-67,0.8192,0,-1,0,67.8084,28
136.5,car_north_base_004,gNB_4G_2,-44,gNB_5G,-57,0.131072,3,25.4399,1,62.5159,28
136.5,car_north_base_005,gNB_4G_2,-45,gNB_5G,-53,0.229376,1,24.4399,0,67.9378,28
136.5,ue_n043_0004,gNB_5G,-47,gNB_4G_2,-48,0.745472,4,11.0399,1,65.2844,28
136.5,car_north_base_006_rider,gNB_4G_1,-37,gNB_4G_2,-81,0.131072,0,-1,0,36.5559,28
136.5,ue_n043_0005,gNB_5G,-48,gNB_4G_2,-50,0.475136,2,22.6399,0,64.2123,28
136.5,ue_ujeongwon_0004,gNB_4G_1,-37,gNB_4G_2,-83,0.12288,0,-1,0,53.0744,26
136.5,ue_ujeongwon_0005,gNB_4G_1,-40,gNB_4G_2,-80,0.32768,0,-1,0,30.0032,28
136.5,ue_n001_0005,gNB_4G_1,-43,gNB_5G,-76,0.589824,0,-1,0,48.553,28
136.5,ue_ujeongwon_0006,gNB_4G_1,-50,gNB_4G_2,-86,0.2048,0,-1,0,49.2094,28
136.5,ue_n042_0007,gNB_4G_2,-54,gNB_5G,-66,0.4096,0,-1,0,23.5718,25
136.5,ue_n043_0006,gNB_4G_2,-56,gNB_4G_1,-58,0.53248,3,5.63993,1,56.6499,28
136.5,ue_ujeongwon_0007,gNB_4G_1,-40,gNB_5G,-79,0.8192,0,-1,0,54.9252,28
136.5,ue_ujeongwon_0008,gNB_4G_1,-42,gNB_5G,-73,0.352256,0,-1,0,44.3834,28
136.5,ue_n043_0007,gNB_4G_2,-59,gNB_5G,-63,0.385024,5,0.639928,1,54.7581,12
136.5,ue_ujeongwon_0009,gNB_4G_1,-39,gNB_4G_2,-88,0.581632,0,-1,0,54.9729,28
136.5,car_north_base_007_rider,gNB_4G_1,-43,gNB_5G,-76,0.434176,0,-1,0,49.0799,28
136.5,ue_n042_0006,gNB_4G_2,-56,gNB_5G,-69,0.458752,0,-1,0,53.8541,28
136.5,car_north_base_008_rider,gNB_4G_1,-48,gNB_5G,-73,0.172032,0,-1,0,67.7622,28
136.5,ue_n043_0008,gNB_4G_2,-56,gNB_4G_1,-58,0.671744,1,6.03993,0,10.5504,28
137.5,ue_n042_0001,gNB_4G_2,-44,gNB_5G,-61,0.270336,0,-1,0,65.5435,28
137.5,ue_n001_0006,gNB_4G_1,-45,gNB_4G_2,-66,0.679936,0,-1,0,35.0574,25
137.5,car_north_peak_002_rider,gNB_4G_2,-49,gNB_4G_1,-88,0.311296,3,28.6399,1,54.9674,28
137.5,car_north_peak_003_rider,gNB_4G_2,-48,gNB_4G_1,-92,0.8192,3,16.2399,1,63.1061,28
137.5,ue_n042_0002,gNB_4G_2,-41,gNB_5G,-59,0.679936,0,-1,0,71.2441,28
137.5,ue_ujeongwon_0001,gNB_4G_1,-42,gNB_5G,-77,0.393216,0,-1,0,40.2631,28
137.5,car_north_peak_004,gNB_4G_2,-99,gNB_4G_1,-108,0.073728,9,3.03993,1,4.60636,11
137.5,car_north_peak_005,gNB_4G_2,-94,gNB_5G,-107,0.106496,10,2.83993,1,10.8283,18
137.5,ue_n043_0001,gNB_4G_2,-44,gNB_5G,-51,0.360448,3,46.4399,0,65.3065,28
137.5,ue_n042_0003,gNB_4G_2,-75,gNB_4G_1,-97,0.12288,0,-1,0,43.2111,28
137.5,ue_n001_0001,gNB_4G_1,-42,gNB_4G_2,-63,0.581632,0,-1,0,23.2973,25
137.5,ue_n001_0002,gNB_4G_1,-45,gNB_4G_2,-58,0.630784,0,-1,0,14.6215,19
137.5,ue_ujeongwon_0002,gNB_4G_1,-39,gNB_4G_2,-79,0.8192,0,-1,0,45.7744,28
137.5,ue_ujeongwon_0003,gNB_4G_2,-66,gNB_4G_1,-80,0,1,2.63993,0,45.257,28
137.5,ue_n001_0003,gNB_4G_1,-38,gNB_5G,-67,0.548864,0,-1,0,54.1875,28
137.5,car_north_base_001_rider,gNB_5G,-55,gNB_4G_1,-61,0.802816,2,0.839928,0,48.7025,28
137.5,car_north_base_002_rider,gNB_4G_2,-47,gNB_5G,-56,0.8192,1,53.4399,0,61.5281,28
137.5,ue_n043_0002,gNB_4G_2,-55,gNB_5G,-68,0.139264,7,27.6399,1,47.2035,28
137.5,ue_n001_0004,gNB_4G_1,-47,gNB_5G,-66,0.622592,0,-1,0,26.8028,24
137.5,ue_n043_0003,gNB_4G_2,-47,gNB_5G,-52,0.458752,5,18.4399,0,63.6684,27
137.5,car_north_base_003,gNB_4G_2,-48,gNB_4G_1,-52,0.581632,1,44.4399,0,63.0541,28
137.5,ue_n042_0004,gNB_4G_2,-41,gNB_5G,-63,0.8192,0,-1,0,65.531,28
137.5,car_north_base_004,gNB_4G_2,-48,gNB_5G,-57,0.139264,3,26.4399,1,66.9516,28
137.5,car_north_base_005,gNB_4G_2,-43,gNB_5G,-57,0.221184,1,25.4399,0,65.87,28
137.5,ue_n043_0004,gNB_5G,-46,gNB_4G_2,-51,0.745472,4,12.0399,1,65.4741,28
137.5,car_north_base_006_rider,gNB_4G_1,-39,gNB_4G_2,-77,0.12288,0,-1,0,43.8342,28
137.5,ue_n043_0005,gNB_5G,-48,gNB_4G_2,-49,0.483328,2,23.6399,0,68.7457,28
137.5,ue_ujeongwon_0004,gNB_4G_1,-39,gNB_4G_2,-84,0.114688,0,-1,0,49.7527,28
137.5,ue_ujeongwon_0005,gNB_4G_1,-36,gNB_4G_2,-67,0.32768,0,-1,0,23.181,28
137.5,ue_n001_0005,gNB_4G_1,-43,gNB_5G,-83,0.581632,0,-1,0,44.3125,28
137.5,ue_ujeongwon_0006,gNB_4G_1,-41,gNB_4G_2,-86,0.540672,0,-1,0,66.8899,28
137.5,ue_n042_0007,gNB_4G_2,-66,gNB_5G,-63,0.8192,0,-1,0,24.8728,25
137.5,ue_n043_0006,gNB_4G_2,-54,gNB_4G_1,-60,0.57344,3,6.63993,1,58.8417,28
137.5,ue_ujeongwon_0007,gNB_4G_1,-41,gNB_5G,-75,0.8192,0,-1,0,56.1392,28
137.5,ue_ujeongwon_0008,gNB_4G_1,-42,gNB_4G_2,-74,0.360448,0,-1,0,48.6942,28
137.5,ue_n043_0007,gNB_4G_2,-56,gNB_5G,-67,0.4096,5,1.63993,1,58.3318,28
137.5,ue_ujeongwon_0009,gNB_4G_1,-38,gNB_4G_2,-90,0.589824,0,-1,0,56.5216,28
137.5,car_north_base_007_rider,gNB_4G_1,-39,gNB_5G,-82,0.425984,0,-1,0,51.6928,28
137.5,ue_n042_0006,gNB_4G_2,-56,gNB_5G,-66,0.458752,0,-1,0,57.2269,28
137.5,car_north_base_008_rider,gNB_4G_1,-43,gNB_5G,-73,0.172032,0,-1,0,30.78,28
137.5,ue_n043_0008,gNB_4G_2,-54,gNB_4G_1,-59,0.753664,1,7.03993,0,16.8806,17
138.5,ue_n042_0001,gNB_4G_2,-43,gNB_5G,-62,0.278528,0,-1,0,63.958,28
138.5,ue_n001_0006,gNB_4G_1,-46,gNB_5G,-73,0.688128,0,-1,0,27.1783,28
138.5,car_north_peak_002_rider,gNB_4G_2,-54,gNB_4G_1,-81,0.311296,3,29.6399,1,58.3658,28
138.5,car_north_peak_003_rider,gNB_4G_2,-48,gNB_4G_1,-92,0.8192,3,17.2399,1,59.025,28
138.5,ue_n042_0002,gNB_4G_2,-40,gNB_5G,-59,0.679936,0,-1,0,55.257,28
138.5,ue_ujeongwon_0001,gNB_4G_1,-50,gNB_5G,-76,0.385024,0,-1,0,43.6067,28
138.5,ue_n043_0009,gNB_4G_2,-72,gNB_4G_1,-80,0.376832,1,0.0399284,0,50.2244,28
138.5,car_north_peak_005,gNB_4G_2,-95,gNB_4G_1,-101,0.4096,10,3.83993,1,15.3896,22
138.5,ue_n043_0001,gNB_4G_2,-45,gNB_5G,-53,0.352256,3,47.4399,0,17.8818,19
138.5,ue_n042_0003,gNB_4G_2,-79,gNB_5G,-92,0.344064,0,-1,0,24.3309,28
138.5,ue_n001_0001,gNB_4G_1,-42,gNB_4G_2,-63,0.581632,0,-1,0,28.6904,27
138.5,ue_n001_0002,gNB_4G_1,-47,gNB_4G_2,-54,0.581632,0,-1,0,3.76632,6
138.5,ue_ujeongwon_0002,gNB_4G_1,-46,gNB_4G_2,-79,0.8192,0,-1,0,39.5065,28
138.5,ue_ujeongwon_0003,gNB_4G_2,-66,gNB_4G_1,-80,0,1,3.63993,0,45.257,28
138.5,ue_n001_0003,gNB_4G_1,-36,gNB_4G_2,-84,0.540672,0,-1,0,75.7463,28
138.5,car_north_base_001_rider,gNB_5G,-59,gNB_4G_1,-64,0.8192,2,1.83993,0,54.5786,28
138.5,car_north_base_002_rider,gNB_4G_2,-49,gNB_5G,-55,0.8192,1,54.4399,0,61.7712,28
138.5,ue_n043_0002,gNB_4G_2,-61,gNB_5G,-69,0.139264,7,28.6399,1,29.6068,28
138.5,ue_n001_0004,gNB_4G_1,-47,gNB_5G,-64,0.638976,0,-1,0,63.6378,28
138.5,ue_n043_0003,gNB_4G_2,-47,gNB_5G,-49,0.458752,5,19.4399,0,27.8598,28
138.5,car_north_base_003,gNB_4G_2,-48,gNB_5G,-52,0.589824,1,45.4399,0,57.432,28
138.5,ue_n042_0004,gNB_4G_2,-42,gNB_5G,-64,0.8192,0,-1,0,67.5616,28
138.5,car_north_base_004,gNB_4G_2,-44,gNB_5G,-57,0.131072,3,27.4399,1,39.3535,28
138.5,car_north_base_005,gNB_4G_2,-45,gNB_5G,-56,0.229376,1,26.4399,0,22.7348,26
138.5,ue_n043_0004,gNB_5G,-46,gNB_4G_2,-47,0.745472,4,13.0399,1,65.2937,28
138.5,car_north_base_006_rider,gNB_4G_1,-40,gNB_4G_2,-77,0.131072,0,-1,0,44.5283,28
138.5,ue_n043_0005,gNB_4G_2,-49,gNB_5G,-51,0.483328,3,0.0399283,0,5.97639,11
138.5,ue_ujeongwon_0004,gNB_4G_1,-39,gNB_4G_2,-75,0.12288,0,-1,0,30.3685,28
138.5,ue_ujeongwon_0005,gNB_4G_1,-44,gNB_4G_2,-66,0.32768,0,-1,0,69.9854,28
138.5,ue_n001_0005,gNB_4G_1,-44,gNB_5G,-78,0.589824,0,-1,0,49.4478,28
138.5,ue_ujeongwon_0006,gNB_4G_1,-40,gNB_4G_2,-82,0.548864,0,-1,0,42.5392,28
138.5,ue_n042_0007,gNB_4G_2,-64,gNB_5G,-70,0.8192,0,-1,0,46.8444,28
138.5,ue_n043_0006,gNB_4G_2,-52,gNB_4G_1,-59,0.581632,3,7.63993,1,57.7006,28
138.5,ue_ujeongwon_0007,gNB_4G_1,-53,gNB_5G,-78,0.8192,0,-1,0,46.2456,28
138.5,ue_ujeongwon_0008,gNB_4G_1,-57,gNB_5G,-83,0.352256,0,-1,0,55.4261,28
138.5,ue_n043_0007,gNB_4G_2,-53,gNB_5G,-65,0.4096,5,2.63993,1,55.9126,28
138.5,ue_ujeongwon_0009,gNB_4G_1,-37,gNB_4G_2,-88,0.581632,0,-1,0,30.734,28
138.5,car_north_base_007_rider,gNB_4G_1,-38,gNB_5G,-75,0.434176,0,-1,0,56.398,28
138.5,ue_n042_0006,gNB_4G_2,-54,gNB_5G,-68,0.45056,0,-1,0,46.3462,28
138.5,car_north_base_008_rider,gNB_4G_1,-44,gNB_4G_2,-65,0.16384,0,-1,0,21.3828,22
138.5,ue_n043_0008,gNB_4G_2,-55,gNB_4G_1,-64,0.745472,1,8.03993,0,56.9197,28
139.5,ue_n042_0001,gNB_4G_2,-44,gNB_5G,-68,0.270336,0,-1,0,56.9489,28
139.5,ue_n001_0006,gNB_4G_1,-45,gNB_4G_2,-69,0.679936,0,-1,0,54.9355,27
139.5,car_north_peak_002_rider,gNB_4G_2,-52,gNB_4G_1,-64,0.270336,3,30.6399,1,28.0118,28
139.5,car_north_peak_003_rider,gNB_4G_2,-51,gNB_4G_1,-92,0.8192,3,18.2399,1,59.025,28
139.5,ue_n042_0002,gNB_4G_2,-42,gNB_5G,-59,0.688128,0,-1,0,51.4196,28
139.5,ue_ujeongwon_0001,gNB_4G_1,-46,gNB_5G,-75,0.393216,0,-1,0,45.7464,28
139.5,ue_n043_0009,gNB_4G_2,-66,gNB_4G_1,-76,0.745472,1,1.03993,0,50.4006,28
139.5,car_north_peak_005,gNB_4G_2,-96,gNB_4G_1,-100,0.2048,10,4.83993,1,15.3896,22
139.5,ue_n043_0001,gNB_4G_2,-46,gNB_5G,-56,0.360448,3,48.4399,0,67.0787,28
139.5,ue_n042_0003,gNB_4G_2,-86,gNB_5G,-91,0.221184,0,-1,0,24.3309,28
139.5,ue_n001_0001,gNB_4G_1,-44,gNB_4G_2,-63,0.589824,0,-1,0,70.0194,28
139.5,ue_n001_0002,gNB_4G_1,-44,gNB_4G_2,-51,0.6144,0,-1,0,29.1342,22
139.5,ue_ujeongwon_0002,gNB_4G_1,-47,gNB_4G_2,-80,0.8192,0,-1,0,39.3942,28
139.5,ue_ujeongwon_0003,gNB_4G_2,-66,gNB_4G_1,-80,0,1,4.63993,0,45.257,28
139.5,ue_n001_0003,gNB_4G_1,-36,gNB_4G_2,-83,0.548864,0,-1,0,55.5954,28
139.5,car_north_base_001_rider,gNB_4G_2,-51,gNB_5G,-57,0.8192,3,0.639928,1,62.5751,28
139.5,car_north_base_002_rider,gNB_4G_2,-49,gNB_5G,-54,0.8192,1,55.4399,0,61.3781,28
139.5,ue_n043_0002,gNB_4G_2,-61,gNB_5G,-67,0.139264,7,29.6399,1,49.4431,28
139.5,ue_n001_0004,gNB_4G_1,-51,gNB_4G_2,-60,0.630784,0,-1,0,67.2083,28
139.5,ue_n043_0003,gNB_4G_2,-44,gNB_5G,-51,0.45056,5,20.4399,0,64.2862,28
139.5,car_north_base_003,gNB_4G_2,-48,gNB_5G,-55,0.581632,1,46.4399,0,62.5694,28
139.5,ue_n042_0004,gNB_4G_2,-50,gNB_5G,-66,0.8192,0,-1,0,70.3339,28
139.5,car_north_base_004,gNB_4G_2,-43,gNB_5G,-54,0.139264,3,28.4399,1,26.9635,27
139.5,car_north_base_005,gNB_4G_2,-42,gNB_5G,-57,0.229376,1,27.4399,0,26.9993,28
139.5,ue_n043_0004,gNB_5G,-47,gNB_4G_2,-49,0.745472,4,14.0399,1,65.2233,28
139.5,car_north_base_006_rider,gNB_4G_1,-42,gNB_4G_2,-78,0.131072,0,-1,0,68.5541,28
139.5,ue_n043_0005,gNB_4G_2,-50,gNB_5G,-50,0.475136,3,1.03993,0,33.1806,28
139.5,ue_ujeongwon_0004,gNB_4G_1,-40,gNB_4G_2,-69,0.114688,0,-1,0,29.5777,28
139.5,ue_ujeongwon_0005,gNB_4G_1,-38,gNB_4G_2,-83,0.32768,0,-1,0,60.9741,28
139.5,ue_n001_0005,gNB_4G_1,-44,gNB_5G,-81,0.581632,0,-1,0,48.8837,28
139.5,ue_ujeongwon_0006,gNB_4G_1,-39,gNB_4G_2,-70,0.548864,0,-1,0,66.0209,28
139.5,ue_n042_0007,gNB_4G_2,-64,gNB_5G,-70,0.8192,0,-1,0,22.6396,24
139.5,ue_n043_0006,gNB_4G_2,-53,gNB_4G_1,-63,0.581632,3,8.63993,1,10.9994,16
139.5,ue_ujeongwon_0007,gNB_4G_1,-39,gNB_5G,-79,0.8192,0,-1,0,36.2062,28
139.5,ue_ujeongwon_0008,gNB_4G_1,-58,gNB_5G,-75,0.360448,0,-1,0,54.3102,28
139.5,ue_n043_0007,gNB_4G_2,-55,gNB_5G,-63,0.4096,5,3.63993,1,32.2782,28
139.5,ue_ujeongwon_0009,gNB_4G_1,-77,gNB_4G_2,-88,0.36864,0,-1,0,30.7207,28
139.5,car_north_base_007_rider,gNB_4G_1,-47,gNB_5G,-73,0.434176,0,-1,0,48.0635,28
139.5,ue_n042_0006,gNB_4G_2,-61,gNB_5G,-72,0.458752,0,-1,0,31.9972,28
139.5,car_north_base_008_rider,gNB_4G_1,-40,gNB_4G_2,-64,0.172032,0,-1,0,65.1924,28
139.5,ue_n043_0008,gNB_4G_2,-54,gNB_4G_1,-69,0.745472,1,9.03993,0,56.7667,28
140.5,ue_n042_0001,gNB_4G_2,-44,gNB_5G,-66,0.270336,0,-1,0,66.654,28
140.5,ue_n001_0006,gNB_4G_1,-42,gNB_4G_2,-64,0.679936,0,-1,0,16.962,27
140.5,car_north_peak_002_rider,gNB_4G_1,-61,gNB_4G_2,-79,0.253952,4,0.839928,0,38.7442,28
140.5,car_north_peak_003_rider,gNB_4G_2,-52,gNB_4G_1,-92,0.8192,3,19.2399,1,63.1061,28
140.5,ue_n042_0002,gNB_4G_2,-42,gNB_5G,-62,0.679936,0,-1,0,68.8842,28
140.5,ue_ujeongwon_0001,gNB_4G_1,-43,gNB_5G,-77,0.385024,0,-1,0,44.8245,28
140.5,ue_n043_0009,gNB_4G_2,-61,gNB_4G_1,-70,0.73728,1,2.03993,0,53.0759,28
140.5,car_north_peak_005,gNB_4G_2,-96,gNB_4G_1,-101,0,10,5.83993,1,15.3896,22
140.5,ue_n043_0001,gNB_4G_2,-44,gNB_5G,-51,0.352256,3,49.4399,0,13.0137,18
140.5,ue_n042_0003,gNB_4G_2,-86,gNB_5G,-91,0,0,-1,0,24.3309,28
140.5,ue_n001_0001,gNB_4G_1,-43,gNB_5G,-62,0.581632,0,-1,0,29.3238,28
140.5,ue_n001_0002,gNB_4G_1,-46,gNB_4G_2,-55,0.630784,0,-1,0,18.9074,23
140.5,ue_ujeongwon_0002,gNB_4G_1,-48,gNB_5G,-79,0.8192,0,-1,0,34.3061,28
140.5,ue_ujeongwon_0003,gNB_4G_2,-66,gNB_4G_1,-80,0,1,5.63993,0,45.257,28
140.5,ue_n001_0003,gNB_4G_1,-41,gNB_5G,-80,0.548864,0,-1,0,52.6129,28
140.5,car_north_base_001_rider,gNB_4G_2,-48,gNB_5G,-55,0.8192,3,1.63993,1,43.8058,28
140.5,car_north_base_002_rider,gNB_4G_2,-49,gNB_5G,-54,0.8192,1,56.4399,0,64.5743,28
140.5,ue_n043_0002,gNB_4G_2,-61,gNB_5G,-66,0.147456,7,30.6399,1,54.6223,28
140.5,ue_n001_0004,gNB_4G_1,-47,gNB_4G_2,-61,0.622592,0,-1,0,22.8991,22
140.5,ue_n043_0003,gNB_4G_2,-46,gNB_5G,-50,0.458752,5,21.4399,0,65.8056,28
140.5,car_north_base_003,gNB_4G_2,-48,gNB_5G,-51,0.581632,1,47.4399,0,63.6305,28
140.5,ue_n042_0004,gNB_4G_2,-40,gNB_5G,-61,0.8192,0,-1,0,67.6054,28
140.5,car_north_base_004,gNB_4G_2,-43,gNB_5G,-53,0.131072,3,29.4399,1,24.9481,21
140.5,car_north_base_005,gNB_4G_2,-42,gNB_5G,-54,0.229376,1,28.4399,0,66.4171,28
140.5,ue_n043_0004,gNB_5G,-47,gNB_4G_2,-49,0.745472,4,15.0399,1,67.3284,28
140.5,car_north_base_006_rider,gNB_4G_1,-43,gNB_4G_2,-81,0.12288,0,-1,0,35.8291,28
140.5,ue_n043_0005,gNB_4G_2,-48,gNB_5G,-49,0.483328,3,2.03993,0,61.3826,28
140.5,ue_ujeongwon_0004,gNB_4G_1,-39,gNB_4G_2,-69,0.12288,0,-1,0,31.0789,28
140.5,ue_ujeongwon_0005,gNB_4G_1,-38,gNB_4G_2,-83,0.32768,0,-1,0,53.3121,28
140.5,ue_n001_0005,gNB_4G_1,-42,gNB_5G,-81,0.581632,0,-1,0,49.0875,28
140.5,ue_ujeongwon_0006,gNB_4G_1,-40,gNB_4G_2,-80,0.540672,0,-1,0,72.3805,28
140.5,ue_n042_0007,gNB_4G_2,-66,gNB_5G,-71,0.8192,0,-1,0,45.7196,28
140.5,ue_n043_0006,gNB_4G_2,-52,gNB_5G,-66,0.589824,3,9.63993,1,59.2379,28
140.5,ue_ujeongwon_0007,gNB_4G_1,-38,gNB_4G_2,-67,0.8192,0,-1,0,53.0214,28
140.5,ue_ujeongwon_0008,gNB_4G_1,-59,gNB_5G,-77,0.352256,0,-1,0,53.1028,28
140.5,ue_n043_0007,gNB_4G_2,-52,gNB_5G,-63,0.335872,5,4.63993,1,54.8701,28
140.5,ue_ujeongwon_0009,gNB_4G_1,-78,gNB_4G_2,-88,0.221184,0,-1,0,17.4316,25
140.5,car_north_base_007_rider,gNB_4G_1,-42,gNB_5G,-72,0.425984,0,-1,0,56.5585,28
140.5,ue_n042_0006,gNB_4G_2,-59,gNB_5G,-68,0.45056,0,-1,0,33.5762,28
140.5,car_north_base_008_rider,gNB_4G_1,-41,gNB_4G_2,-64,0.172032,0,-1,0,28.4216,28
140.5,ue_n043_0008,gNB_4G_2,-54,gNB_5G,-70,0.745472,1,10.0399,0,56.7068,28
141.5,ue_n042_0001,gNB_4G_2,-46,gNB_5G,-65,0.278528,0,-1,0,58.0167,28
141.5,ue_n001_0006,gNB_4G_1,-46,gNB_4G_2,-64,0.679936,0,-1,0,22.1774,24
141.5,car_north_peak_002_rider,gNB_4G_2,-58,gNB_4G_1,-61,0.278528,5,0.439928,1,43.4258,28
141.5,car_north_peak_003_rider,gNB_4G_2,-48,gNB_4G_1,-92,0.8192,3,20.2399,1,63.1061,28
141.5,ue_n042_0002,gNB_4G_2,-42,gNB_5G,-62,0.679936,0,-1,0,55.2259,28
141.5,ue_ujeongwon_0001,gNB_4G_1,-51,gNB_4G_2,-78,0.393216,0,-1,0,56.8363,28
141.5,ue_n043_0009,gNB_4G_2,-56,gNB_4G_1,-68,0.73728,1,3.03993,0,54.0464,28
141.5,car_north_peak_005,gNB_4G_2,-96,gNB_4G_1,-101,0,10,6.83993,1,15.3896,22
141.5,ue_n043_0001,gNB_4G_2,-45,gNB_5G,-51,0.352256,3,50.4399,0,64.4968,28
141.5,ue_n042_0003,gNB_4G_2,-86,gNB_5G,-91,0,0,-1,0,24.3309,28
141.5,ue_n001_0001,gNB_4G_1,-42,gNB_5G,-61,0.589824,0,-1,0,27.9332,28
141.5,ue_n001_0002,gNB_4G_1,-46,gNB_4G_2,-55,0.630784,0,-1,0,24.9223,28
141.5,ue_ujeongwon_0002,gNB_4G_1,-50,gNB_5G,-76,0.8192,0,-1,0,41.4004,28
141.5,ue_n001_0007,gNB_4G_1,-62,gNB_4G_2,-72,0.139264,0,-1,0,43.0508,28
141.5,ue_n001_0003,gNB_4G_1,-40,gNB_5G,-67,0.540672,0,-1,0,47.7495,28
141.5,car_north_base_001_rider,gNB_4G_2,-51,gNB_5G,-87,0.8192,3,2.63993,1,65.6855,28
141.5,car_north_base_002_rider,gNB_4G_2,-47,gNB_5G,-53,0.8192,1,57.4399,0,60.2627,28
141.5,ue_n043_0002,gNB_4G_2,-57,gNB_5G,-66,0.139264,7,31.6399,1,30.3178,28
141.5,ue_n001_0004,gNB_4G_1,-50,gNB_4G_2,-63,0.630784,0,-1,0,17.5549,19
141.5,ue_n043_0003,gNB_4G_2,-45,gNB_5G,-50,0.45056,5,22.4399,0,62.416,28
141.5,car_north_base_003,gNB_4G_2,-47,gNB_5G,-56,0.589824,1,48.4399,0,64.2337,28
141.5,ue_n042_0004,gNB_4G_2,-43,gNB_5G,-62,0.8192,0,-1,0,70.9045,28
141.5,car_north_base_004,gNB_4G_2,-44,gNB_5G,-51,0.131072,3,30.4399,1,63.5333,28
141.5,car_north_base_005,gNB_4G_2,-44,gNB_5G,-56,0.221184,1,29.4399,0,67.8937,22
141.5,ue_n043_0004,gNB_5G,-47,gNB_4G_2,-48,0.745472,4,16.0399,1,64.3485,28
141.5,car_north_base_006_rider,gNB_4G_1,-44,gNB_4G_2,-80,0.131072,0,-1,0,27.5795,28
141.5,ue_n043_0005,gNB_4G_2,-49,gNB_5G,-49,0.483328,3,3.03993,0,61.2259,28
141.5,ue_ujeongwon_0004,gNB_4G_1,-38,gNB_4G_2,-69,0.114688,0,-1,0,56.5554,28
141.5,ue_ujeongwon_0005,gNB_4G_1,-39,gNB_4G_2,-84,0.32768,0,-1,0,48.1459,28
141.5,ue_n001_0005,gNB_4G_1,-40,gNB_5G,-74,0.589824,0,-1,0,55.2881,28
141.5,ue_ujeongwon_0006,gNB_4G_1,-36,gNB_4G_2,-67,0.548864,0,-1,0,27.5436,28
141.5,ue_n042_0007,gNB_4G_2,-65,gNB_5G,-66,0.8192,0,-1,0,46.7125,28
141.5,ue_n043_0006,gNB_4G_2,-51,gNB_5G,-65,0.589824,3,10.6399,1,56.7545,28
141.5,ue_ujeongwon_0007,gNB_4G_1,-39,gNB_5G,-82,0.8192,0,-1,0,53.1958,28
141.5,ue_ujeongwon_0008,gNB_4G_1,-53,gNB_5G,-76,0.360448,0,-1,0,73.2217,28
141.5,ue_n043_0007,gNB_4G_2,-56,gNB_4G_1,-58,0.385024,5,5.63993,1,56.6499,28
141.5,ue_ujeongwon_0009,gNB_4G_1,-94,gNB_4G_2,-88,0.229376,0,-1,0,16.0373,24
141.5,car_north_base_007_rider,gNB_4G_1,-41,gNB_5G,-74,0.434176,0,-1,0,70.5956,28
141.5,ue_n042_0006,gNB_4G_2,-58,gNB_5G,-69,0.458752,0,-1,0,34.8397,28
141.5,car_north_base_008_rider,gNB_4G_1,-43,gNB_5G,-75,0.172032,0,-1,0,58.1509,28
141.5,ue_n043_0008,gNB_4G_2,-54,gNB_5G,-70,0.745472,1,11.0399,0,56.0286,28
142.5,ue_n042_0001,gNB_4G_2,-46,gNB_5G,-65,0.270336,0,-1,0,66.399,28
142.5,ue_n001_0006,gNB_4G_1,-46,gNB_4G_2,-65,0.688128,0,-1,0,24.5533,22
142.5,car_north_peak_002_rider,gNB_4G_1,-58,gNB_4G_2,-67,0.32768,6,0.639928,1,34.6103,28
142.5,car_north_peak_003_rider,gNB_4G_2,-48,gNB_4G_1,-92,0.8192,3,21.2399,1,50.7214,28
142.5,ue_n042_0002,gNB_4G_2,-42,gNB_5G,-58,0.688128,0,-1,0,57.1078,28
142.5,ue_ujeongwon_0001,gNB_4G_1,-45,gNB_5G,-79,0.393216,0,-1,0,59.8386,28
142.5,ue_n043_0009,gNB_4G_2,-56,gNB_4G_1,-60,0.671744,1,4.03993,0,8.41984,13
142.5,ue_n043_0010,gNB_4G_2,-71,gNB_4G_1,-78,0.090112,1,0.0399284,0,13.0109,18
142.5,ue_n043_0001,gNB_4G_2,-45,gNB_5G,-51,0.360448,3,51.4399,0,66.1247,28
142.5,ue_n042_0003,gNB_4G_2,-86,gNB_5G,-91,0.114688,0,-1,0,10.6031,18
142.5,ue_n001_0001,gNB_4G_1,-46,gNB_5G,-64,0.581632,0,-1,0,29.0051,28
142.5,ue_n001_0002,gNB_4G_1,-46,gNB_4G_2,-59,0.630784,0,-1,0,65.0502,28
142.5,ue_ujeongwon_0002,gNB_4G_1,-44,gNB_5G,-77,0.8192,0,-1,0,36.5125,28
142.5,ue_n001_0007,gNB_4G_1,-45,gNB_5G,-76,0.262144,0,-1,0,40.5717,28
142.5,ue_n001_0003,gNB_4G_1,-36,gNB_5G,-69,0.548864,0,-1,0,41.0988,28
142.5,car_north_base_001_rider,gNB_4G_2,-45,gNB_4G_1,-91,0.8192,3,3.63993,1,46.9703,28
142.5,car_north_base_002_rider,gNB_4G_2,-49,gNB_5G,-62,0.540672,1,58.4399,0,-22.7716,0
142.5,ue_n043_0002,gNB_4G_2,-58,gNB_5G,-65,0.139264,7,32.6399,1,56.9503,28
142.5,ue_n001_0004,gNB_4G_1,-45,gNB_4G_2,-59,0.630784,0,-1,0,21.4194,24
142.5,ue_n043_0003,gNB_4G_2,-44,gNB_5G,-51,0.458752,5,23.4399,0,31.2118,28
142.5,car_north_base_003,gNB_4G_2,-46,gNB_5G,-53,0.581632,1,49.4399,0,64.5759,26
142.5,ue_n042_0004,gNB_4G_2,-41,gNB_5G,-62,0.8192,0,-1,0,65.7337,28
142.5,car_north_base_004,gNB_4G_2,-47,gNB_5G,-50,0.139264,3,31.4399,1,65.4438,28
142.5,car_north_base_005,gNB_4G_2,-43,gNB_5G,-53,0.229376,1,30.4399,0,39.9251,25
142.5,ue_n043_0004,gNB_5G,-48,gNB_4G_2,-49,0.745472,4,17.0399,1,65.0734,28
142.5,car_north_base_006_rider,gNB_4G_1,-44,gNB_4G_2,-82,0.12288,0,-1,0,25.3976,28
142.5,ue_n043_0005,gNB_4G_2,-49,gNB_5G,-49,0.475136,3,4.03993,0,62.6426,28
142.5,ue_ujeongwon_0004,gNB_4G_1,-38,gNB_4G_2,-76,0.12288,0,-1,0,45.0986,28
142.5,ue_ujeongwon_0005,gNB_4G_1,-39,gNB_4G_2,-74,0.32768,0,-1,0,67.4047,28
142.5,ue_n001_0005,gNB_4G_1,-40,gNB_5G,-81,0.581632,0,-1,0,48.859,28
142.5,ue_ujeongwon_0006,gNB_4G_1,-44,gNB_4G_2,-66,0.548864,0,-1,0,47.8153,28
142.5,ue_n042_0007,gNB_4G_2,-64,gNB_5G,-66,0.811008,0,-1,0,23.9905,25
142.5,ue_n043_0006,gNB_4G_2,-50,gNB_5G,-67,0.581632,3,11.6399,1,52.2482,28
142.5,ue_ujeongwon_0007,gNB_4G_1,-36,gNB_5G,-75,0.8192,0,-1,0,74.1092,28
142.5,ue_ujeongwon_0008,gNB_4G_1,-46,gNB_4G_2,-68,0.352256,0,-1,0,39.0137,28
142.5,ue_n043_0007,gNB_4G_2,-54,gNB_4G_1,-60,0.393216,5,6.63993,1,10.047,10
142.5,ue_ujeongwon_0009,gNB_4G_1,-94,gNB_4G_2,-88,0.45056,0,-1,0,-8.77254,0
142.5,car_north_base_007_rider,gNB_4G_1,-40,gNB_4G_2,-87,0.425984,0,-1,0,43.8994,28
142.5,ue_n042_0006,gNB_4G_2,-57,gNB_5G,-68,0.45056,0,-1,0,51.8547,28
142.5,car_north_base_008_rider,gNB_4G_1,-40,gNB_5G,-77,0.172032,0,-1,0,50.0047,28
142.5,ue_n043_0008,gNB_4G_2,-55,gNB_5G,-69,0.69632,1,12.0399,0,4.53168,9
143.5,ue_n042_0001,gNB_4G_2,-48,gNB_5G,-67,0.270336,0,-1,0,57.1465,28
143.5,ue_n001_0006,gNB_4G_1,-45,gNB_4G_2,-64,0.679936,0,-1,0,66.1791,28
143.5,car_north_peak_002_rider,gNB_4G_1,-67,gNB_5G,-95,0.253952,6,1.63993,1,-2.81308,2
143.5,car_north_peak_003_rider,gNB_4G_2,-48,gNB_4G_1,-92,0.8192,3,22.2399,1,45.4946,28
143.5,ue_n042_0002,gNB_4G_2,-43,gNB_5G,-60,0.679936,0,-1,0,59.4622,28
143.5,ue_ujeongwon_0001,gNB_4G_1,-45,gNB_5G,-79,0.385024,0,-1,0,64.9106,28
143.5,ue_n043_0009,gNB_4G_2,-55,gNB_4G_1,-58,0.638976,1,5.03993,0,3.03785,7
143.5,ue_n043_0010,gNB_4G_2,-66,gNB_4G_1,-74,0.2048,1,1.03993,0,13.0029,18
143.5,ue_n043_0001,gNB_4G_2,-45,gNB_5G,-56,0.352256,3,52.4399,0,21.167,25
143.5,ue_n042_0003,gNB_4G_2,-89,gNB_4G_1,-97,0.2048,2,0.439928,1,38.7537,28
143.5,ue_n001_0001,gNB_4G_1,-43,gNB_5G,-63,0.581632,0,-1,0,22.1009,22
143.5,ue_n001_0002,gNB_4G_1,-46,gNB_4G_2,-56,0.630784,0,-1,0,57.882,28
143.5,ue_ujeongwon_0002,gNB_4G_1,-47,gNB_5G,-81,0.8192,0,-1,0,35.2867,28
143.5,ue_n001_0007,gNB_4G_1,-47,gNB_5G,-80,0.262144,0,-1,0,39.7508,28
143.5,ue_n001_0003,gNB_4G_1,-39,gNB_4G_2,-75,0.548864,0,-1,0,69.5678,28
143.5,car_north_base_001_rider,gNB_4G_2,-49,gNB_4G_1,-92,0.8192,3,4.63993,1,51.9205,28
143.5,car_north_base_002_rider,gNB_5G,-54,gNB_4G_1,-56,0.704512,2,0.839928,0,56.5182,28
143.5,ue_n043_0002,gNB_4G_2,-55,gNB_5G,-65,0.139264,7,33.6399,1,41.8821,28
143.5,ue_n001_0004,gNB_4G_1,-46,gNB_4G_2,-58,0.630784,0,-1,0,17.6761,22
143.5,ue_n043_0003,gNB_4G_2,-46,gNB_5G,-53,0.45056,5,24.4399,0,39.1035,28
143.5,car_north_base_003,gNB_4G_2,-46,gNB_5G,-52,0.589824,1,50.4399,0,50.7078,28
143.5,ue_n042_0004,gNB_4G_2,-39,gNB_5G,-60,0.8192,0,-1,0,48.7887,28
143.5,car_north_base_004,gNB_4G_2,-46,gNB_5G,-55,0.131072,3,32.4399,1,35.9835,0
143.5,car_north_base_005,gNB_4G_2,-45,gNB_5G,-51,0.229376,1,31.4399,0,24.7781,28
143.5,ue_n043_0004,gNB_5G,-50,gNB_4G_2,-48,0.73728,4,18.0399,1,67.1435,28
143.5,car_north_base_006_rider,gNB_4G_1,-45,gNB_4G_2,-75,0.131072,0,-1,0,39.2302,28
143.5,ue_n043_0005,gNB_4G_2,-48,gNB_5G,-49,0.483328,3,5.03993,0,37.3297,28
143.5,ue_ujeongwon_0004,gNB_4G_1,-38,gNB_4G_2,-82,0.114688,0,-1,0,51.6844,28
143.5,ue_ujeongwon_0005,gNB_4G_1,-40,gNB_4G_2,-69,0.32768,0,-1,0,62.5127,28
143.5,ue_n001_0005,gNB_4G_1,-42,gNB_5G,-76,0.589824,0,-1,0,74.3541,28
143.5,ue_ujeongwon_0006,gNB_4G_1,-38,gNB_4G_2,-83,0.540672,0,-1,0,48.7318,28
143.5,ue_n042_0007,gNB_4G_2,-67,gNB_5G,-68,0.827392,0,-1,0,35.2624,28
143.5,ue_n043_0006,gNB_4G_2,-54,gNB_5G,-63,0.516096,3,12.6399,1,11.1742,13
143.5,ue_ujeongwon_0007,gNB_4G_1,-46,gNB_4G_2,-78,0.8192,0,-1,0,30.8141,28
143.5,ue_ujeongwon_0008,gNB_4G_1,-41,gNB_4G_2,-67,0.360448,0,-1,0,73.2207,28
143.5,ue_n043_0007,gNB_4G_2,-54,gNB_4G_1,-59,0.4096,5,7.63993,1,21.4136,16
143.5,ue_ujeongwon_0009,gNB_4G_1,-113,gNB_4G_2,-88,0.155648,0,-1,0,-8.77254,0
143.5,car_north_base_007_rider,gNB_4G_1,-49,gNB_4G_2,-89,0.434176,0,-1,0,52.4523,28
143.5,ue_n042_0006,gNB_4G_2,-58,gNB_5G,-66,0.458752,0,-1,0,38.7419,28
143.5,car_north_base_008_rider,gNB_4G_1,-40,gNB_5G,-77,0.172032,0,-1,0,76.1793,28
143.5,ue_n043_0008,gNB_4G_2,-54,gNB_4G_1,-62,0.663552,1,13.0399,0,12.4383,14
144.5,ue_n042_0001,gNB_4G_2,-46,gNB_5G,-69,0.278528,0,-1,0,67.1031,28
144.5,ue_n001_0006,gNB_4G_1,-44,gNB_4G_2,-63,0.679936,0,-1,0,23.098,28
144.5,car_north_peak_002_rider,gNB_5G,-69,gNB_4G_1,-84,0.2048,7,0.239928,0,42.9897,25
144.5,car_north_peak_003_rider,gNB_4G_2,-51,gNB_4G_1,-92,0.8192,3,23.2399,1,47.3776,25
144.5,ue_n042_0002,gNB_4G_2,-45,gNB_5G,-57,0.688128,0,-1,0,49.3528,28
144.5,ue_ujeongwon_0001,gNB_4G_1,-43,gNB_5G,-77,0.393216,0,-1,0,63.6012,28
144.5,ue_n043_0009,gNB_4G_2,-55,gNB_4G_1,-56,0.69632,1,6.03993,0,8.50222,14
144.5,ue_n043_0010,gNB_4G_2,-58,gNB_4G_1,-67,0.196608,1,2.03993,0,21.2538,27
144.5,ue_n043_0001,gNB_4G_2,-44,gNB_5G,-52,0.360448,3,53.4399,0,21.7427,27
144.5,ue_n042_0003,gNB_4G_2,-73,gNB_4G_1,-97,0.344064,2,1.43993,1,35.165,28
144.5,ue_n001_0001,gNB_4G_1,-43,gNB_5G,-60,0.589824,0,-1,0,19.8168,22
144.5,ue_n001_0002,gNB_4G_1,-44,gNB_4G_2,-56,0.630784,0,-1,0,58.6878,28
144.5,ue_ujeongwon_0002,gNB_4G_1,-46,gNB_5G,-79,0.8192,0,-1,0,40.6817,28
144.5,ue_n001_0007,gNB_4G_1,-49,gNB_5G,-76,0.262144,0,-1,0,34.4464,28
144.5,ue_n001_0003,gNB_4G_1,-41,gNB_4G_2,-76,0.540672,0,-1,0,74.2522,28
144.5,car_north_base_001_rider,gNB_4G_2,-47,gNB_4G_1,-93,0.8192,3,5.63993,1,52.3229,28
144.5,car_north_base_002_rider,gNB_5G,-54,gNB_4G_1,-56,0.8192,2,1.83993,0,57.5382,28
144.5,ue_n043_0002,gNB_4G_2,-55,gNB_5G,-66,0.147456,7,34.6399,1,39.5376,28
144.5,ue_n001_0004,gNB_4G_1,-47,gNB_4G_2,-59,0.630784,0,-1,0,67.6095,28
144.5,ue_n043_0003,gNB_4G_2,-44,gNB_5G,-50,0.458752,5,25.4399,0,40.6783,28
144.5,car_north_base_003,gNB_4G_2,-67,gNB_5G,-53,0.524288,1,51.4399,0,6.05926,7
144.5,ue_n042_0004,gNB_4G_2,-41,gNB_5G,-64,0.8192,0,-1,0,52.2546,28
144.5,car_north_base_004,gNB_4G_2,-45,gNB_5G,-52,0.139264,3,33.4399,1,28.4896,28
144.5,car_north_base_005,gNB_4G_2,-44,gNB_5G,-54,0.229376,1,32.4399,0,31.5404,21
144.5,ue_n043_0004,gNB_5G,-47,gNB_4G_2,-49,0.745472,4,19.0399,1,69.0205,7
144.5,car_north_base_006_rider,gNB_4G_1,-48,gNB_5G,-77,0.131072,0,-1,0,30.8182,28
144.5,ue_n043_0005,gNB_4G_2,-47,gNB_5G,-49,0.483328,3,6.03993,0,40.9532,28
144.5,ue_ujeongwon_0004,gNB_4G_1,-38,gNB_4G_2,-82,0.12288,0,-1,0,61.0837,28
144.5,ue_ujeongwon_0005,gNB_4G_1,-39,gNB_4G_2,-69,0.32768,0,-1,0,70.9224,28
144.5,ue_n001_0005,gNB_4G_1,-41,gNB_5G,-76,0.581632,0,-1,0,51.6073,28
144.5,ue_ujeongwon_0006,gNB_4G_1,-38,gNB_4G_2,-83,0.548864,0,-1,0,53.447,28
144.5,ue_n042_0007,gNB_4G_2,-63,gNB_5G,-63,0.8192,0,-1,0,25.336,26
144.5,ue_n043_0006,gNB_4G_2,-54,gNB_4G_1,-56,0.589824,3,13.6399,1,12.3305,14
144.5,ue_ujeongwon_0007,gNB_4G_1,-38,gNB_4G_2,-66,0.8192,0,-1,0,54.1054,28
144.5,ue_ujeongwon_0008,gNB_4G_1,-41,gNB_4G_2,-79,0.352256,0,-1,0,72.8525,28
144.5,ue_n043_0007,gNB_4G_2,-53,gNB_4G_1,-63,0.4096,5,8.63993,1,9.30365,12
144.5,ue_ujeongwon_0009,gNB_4G_1,-119,gNB_4G_2,-88,0,0,-1,0,-8.77254,0
144.5,car_north_base_007_rider,gNB_4G_1,-53,gNB_4G_2,-89,0.434176,0,-1,0,35.2167,28
144.5,ue_n042_0006,gNB_4G_2,-54,gNB_5G,-64,0.45056,0,-1,0,44.0382,28
144.5,car_north_base_008_rider,gNB_4G_1,-43,gNB_5G,-75,0.16384,0,-1,0,72.833,28
144.5,ue_n043_0008,gNB_4G_2,-55,gNB_4G_1,-55,0.720896,1,14.0399,0,7.58386,12
145.5,ue_n042_0001,gNB_4G_2,-47,gNB_5G,-66,0.270336,0,-1,0,33.8788,28
145.5,ue_n001_0006,gNB_4G_1,-44,gNB_4G_2,-60,0.679936,0,-1,0,15.0379,25
145.5,car_north_peak_002_rider,gNB_5G,-69,gNB_4G_1,-84,0.319488,7,1.23993,0,38.8978,28
145.5,car_north_peak_003_rider,gNB_4G_2,-49,gNB_5G,-82,0.8192,3,24.2399,1,62.3899,28
145.5,ue_n042_0002,gNB_4G_2,-45,gNB_5G,-57,0.679936,0,-1,0,54.6873,28
145.5,ue_ujeongwon_0001,gNB_4G_1,-48,gNB_5G,-86,0.393216,0,-1,0,68.5995,28
145.5,ue_n043_0009,gNB_4G_2,-55,gNB_4G_1,-55,0.720896,1,7.03993,0,56.8413,28
145.5,ue_n043_0010,gNB_4G_2,-56,gNB_5G,-71,0.2048,1,3.03993,0,50.4485,28
145.5,ue_n043_0001,gNB_4G_2,-44,gNB_5G,-52,0.352256,3,54.4399,0,66.3131,28
145.5,ue_n042_0003,gNB_4G_2,-81,gNB_4G_1,-97,0.335872,2,2.43993,1,10.569,18
145.5,ue_n001_0001,gNB_4G_1,-43,gNB_5G,-64,0.581632,0,-1,0,64.6551,28
145.5,ue_n001_0002,gNB_4G_1,-45,gNB_4G_2,-54,0.630784,0,-1,0,15.2715,22
145.5,ue_ujeongwon_0002,gNB_4G_1,-46,gNB_5G,-76,0.8192,0,-1,0,39.7542,28
145.5,ue_n001_0007,gNB_4G_1,-48,gNB_5G,-76,0.270336,0,-1,0,61.9691,28
145.5,ue_n001_0003,gNB_4G_1,-38,gNB_4G_2,-76,0.548864,0,-1,0,40.6306,28
145.5,car_north_base_001_rider,gNB_4G_2,-47,gNB_4G_1,-93,0.8192,3,6.63993,1,54.7941,28
145.5,car_north_base_002_rider,gNB_4G_2,-47,gNB_5G,-53,0.8192,3,0.639928,1,18.5097,23
145.5,ue_n043_0002,gNB_4G_2,-56,gNB_5G,-66,0.139264,7,35.6399,1,51.9085,28
145.5,ue_n001_0004,gNB_4G_1,-48,gNB_4G_2,-59,0.630784,0,-1,0,61.1891,28
145.5,ue_n043_0003,gNB_4G_2,-44,gNB_5G,-50,0.45056,5,26.4399,0,30.1888,28
145.5,car_north_base_003,gNB_5G,-53,gNB_4G_2,-81,0.606208,2,0.839928,0,55.275,28
145.5,ue_n042_0004,gNB_4G_2,-37,gNB_5G,-64,0.8192,0,-1,0,68.6465,28
145.5,car_north_base_004,gNB_4G_2,-46,gNB_5G,-49,0.131072,3,34.4399,1,64.1767,28
145.5,car_north_base_005,gNB_4G_2,-46,gNB_5G,-52,0.229376,1,33.4399,0,63.2197,24
145.5,ue_n043_0004,gNB_5G,-46,gNB_4G_2,-48,0.745472,4,20.0399,1,64.572,28
145.5,car_north_base_006_rider,gNB_4G_1,-47,gNB_5G,-78,0.12288,0,-1,0,34.2791,28
145.5,ue_n043_0005,gNB_4G_2,-47,gNB_5G,-47,0.483328,3,7.03993,0,61.9368,28
145.5,ue_ujeongwon_0004,gNB_4G_1,-39,gNB_5G,-89,0.114688,0,-1,0,60.2437,28
145.5,ue_ujeongwon_0005,gNB_4G_1,-39,gNB_4G_2,-69,0.32768,0,-1,0,68.046,28
145.5,ue_n001_0005,gNB_4G_1,-51,gNB_5G,-76,0.589824,0,-1,0,54.297,28
145.5,ue_ujeongwon_0006,gNB_4G_1,-39,gNB_4G_2,-84,0.548864,0,-1,0,71.8716,28
145.5,ue_n042_0007,gNB_4G_2,-59,gNB_5G,-69,0.8192,0,-1,0,55.2686,28
145.5,ue_n043_0006,gNB_4G_2,-53,gNB_4G_1,-56,0.589824,3,14.6399,1,55.947,28
145.5,ue_ujeongwon_0007,gNB_4G_1,-40,gNB_5G,-77,0.8192,0,-1,0,50.058,28
145.5,ue_ujeongwon_0008,gNB_4G_1,-39,gNB_4G_2,-68,0.360448,0,-1,0,74.6123,28
145.5,ue_n043_0007,gNB_4G_2,-55,gNB_4G_1,-62,0.4096,5,9.63993,1,19.3068,28
145.5,ue_ujeongwon_0009,gNB_4G_1,-79,gNB_4G_2,-88,0.212992,0,-1,0,70.5784,28
145.5,car_north_base_007_rider,gNB_4G_1,-52,gNB_4G_2,-81,0.425984,0,-1,0,58.7511,28
145.5,ue_n042_0006,gNB_4G_2,-55,gNB_5G,-65,0.458752,0,-1,0,54.7087,28
145.5,car_north_base_008_rider,gNB_4G_1,-45,gNB_5G,-78,0.172032,0,-1,0,50.5273,28
145.5,ue_n043_0008,gNB_4G_2,-54,gNB_4G_1,-58,0.753664,1,15.0399,0,56.2246,28
145.5,ue_n001_0008,gNB_4G_1,-44,gNB_5G,-76,0.131072,0,-1,0,67.9613,19
146.5,ue_n042_0001,gNB_4G_2,-75,gNB_4G_1,-98,0.270336,2,0.239928,1,35.3119,28
146.5,ue_n001_0006,gNB_4G_1,-43,gNB_4G_2,-63,0.688128,0,-1,0,23.2835,28
146.5,car_north_peak_002_rider,gNB_5G,-72,gNB_4G_1,-84,0.311296,7,2.23993,0,38.8978,24
146.5,car_north_peak_003_rider,gNB_4G_2,-48,gNB_5G,-78,0.761856,3,25.2399,1,55.8474,28
146.5,ue_n042_0002,gNB_4G_2,-44,gNB_5G,-61,0.679936,0,-1,0,67.3123,28
146.5,ue_ujeongwon_0001,gNB_4G_1,-48,gNB_5G,-95,0.385024,0,-1,0,62.608,28
146.5,ue_n043_0009,gNB_4G_2,-54,gNB_5G,-69,0.745472,1,8.03993,0,51.9964,28
146.5,ue_n043_0010,gNB_4G_2,-56,gNB_4G_1,-59,0.196608,1,4.03993,0,51.5114,28
146.5,ue_n043_0001,gNB_4G_2,-43,gNB_5G,-51,0.360448,3,55.4399,0,11.4696,16
146.5,ue_n042_0003,gNB_5G,-89,gNB_4G_1,-97,0.172032,3,0.239928,1,10.569,28
146.5,ue_n001_0001,gNB_4G_1,-49,gNB_4G_2,-62,0.589824,0,-1,0,23.2048,25
146.5,ue_n001_0002,gNB_4G_1,-44,gNB_4G_2,-55,0.630784,0,-1,0,29.2248,28
146.5,ue_ujeongwon_0002,gNB_4G_1,-48,gNB_5G,-74,0.8192,0,-1,0,40.4975,28
146.5,ue_n001_0007,gNB_4G_1,-44,gNB_4G_2,-80,0.262144,0,-1,0,61.294,28
146.5,ue_n001_0003,gNB_4G_1,-37,gNB_4G_2,-75,0.548864,0,-1,0,63.9807,28
146.5,car_north_base_001_rider,gNB_4G_2,-44,gNB_4G_1,-88,0.8192,3,7.63993,1,48.0966,28
146.5,car_north_base_002_rider,gNB_4G_2,-48,gNB_5G,-53,0.8192,3,1.63993,1,47.8116,28
146.5,ue_n043_0002,gNB_4G_2,-57,gNB_5G,-68,0.139264,7,36.6399,1,44.7069,28
146.5,ue_n001_0004,gNB_4G_1,-48,gNB_4G_2,-59,0.630784,0,-1,0,15.8318,18
146.5,ue_n043_0003,gNB_4G_2,-44,gNB_5G,-49,0.458752,5,27.4399,0,27.8823,28
146.5,car_north_base_003,gNB_5G,-54,gNB_4G_1,-56,0.581632,2,1.83993,0,57.8012,28
146.5,ue_n042_0004,gNB_4G_2,-38,gNB_5G,-61,0.8192,0,-1,0,68.7348,28
146.5,car_north_base_004,gNB_4G_2,-47,gNB_5G,-56,0.131072,3,35.4399,1,47.7244,28
146.5,car_north_base_005,gNB_4G_2,-45,gNB_5G,-54,0.221184,1,34.4399,0,64.7828,22
146.5,ue_n043_0004,gNB_5G,-46,gNB_4G_2,-47,0.745472,4,21.0399,1,64.7547,28
146.5,car_north_base_006_rider,gNB_4G_1,-51,gNB_4G_2,-79,0.131072,0,-1,0,28.3534,28
146.5,ue_n043_0005,gNB_4G_2,-48,gNB_5G,-49,0.483328,3,8.03993,0,62.2888,28
146.5,ue_ujeongwon_0004,gNB_4G_1,-39,gNB_5G,-95,0.12288,0,-1,0,59.342,28
146.5,ue_ujeongwon_0005,gNB_4G_1,-38,gNB_4G_2,-76,0.32768,0,-1,0,40.1806,28
146.5,ue_n001_0005,gNB_4G_1,-51,gNB_5G,-76,0.581632,0,-1,0,43.8667,28
146.5,ue_ujeongwon_0006,gNB_4G_1,-39,gNB_4G_2,-74,0.540672,0,-1,0,67.2694,28
146.5,ue_n042_0007,gNB_4G_2,-56,gNB_5G,-68,0.8192,0,-1,0,55.3619,28
146.5,ue_n043_0006,gNB_4G_2,-53,gNB_4G_1,-56,0.499712,3,15.6399,1,56.4035,28
146.5,ue_ujeongwon_0007,gNB_4G_1,-40,gNB_5G,-75,0.8192,0,-1,0,50.8844,28
146.5,ue_ujeongwon_0008,gNB_4G_1,-37,gNB_4G_2,-72,0.352256,0,-1,0,70.3047,28
146.5,ue_n043_0007,gNB_4G_2,-52,gNB_4G_1,-64,0.4096,5,10.6399,1,18.2253,28
146.5,ue_ujeongwon_0009,gNB_4G_1,-40,gNB_4G_2,-88,0.589824,0,-1,0,70.9901,28
146.5,car_north_base_007_rider,gNB_4G_1,-49,gNB_5G,-75,0.434176,0,-1,0,59.6613,28
146.5,ue_n042_0006,gNB_4G_2,-56,gNB_5G,-69,0.458752,0,-1,0,58.9361,28
146.5,car_north_base_008_rider,gNB_4G_1,-42,gNB_4G_2,-83,0.172032,0,-1,0,75.4091,28
146.5,ue_n043_0008,gNB_4G_2,-54,gNB_4G_1,-65,0.745472,1,16.0399,0,53.8595,28
146.5,ue_n001_0008,gNB_4G_1,-44,gNB_5G,-76,0.303104,0,-1,0,63.9023,28
147.5,ue_n042_0001,gNB_4G_2,-74,gNB_5G,-100,0.278528,2,1.23993,1,39.2186,28
147.5,ue_n001_0006,gNB_4G_1,-44,gNB_4G_2,-62,0.679936,0,-1,0,27.974,28
147.5,car_north_peak_002_rider,gNB_5G,-70,gNB_4G_1,-83,0.319488,7,3.23993,0,33.1447,25
147.5,car_north_peak_003_rider,gNB_4G_2,-55,gNB_4G_1,-58,0.770048,3,26.2399,1,60.7578,13
147.5,ue_n042_0002,gNB_4G_2,-43,gNB_5G,-64,0.688128,0,-1,0,68.9681,28
147.5,ue_ujeongwon_0001,gNB_4G_1,-45,gNB_5G,-75,0.393216,0,-1,0,62.7455,28
147.5,ue_n043_0009,gNB_4G_2,-54,gNB_4G_1,-66,0.73728,1,9.03993,0,15.98,19
147.5,ue_n043_0010,gNB_4G_2,-58,gNB_4G_1,-63,0.196608,1,5.03993,0,52.8759,28
147.5,ue_n043_0001,gNB_4G_2,-43,gNB_5G,-51,0.352256,3,56.4399,0,68.8077,28
147.5,ue_n042_0003,gNB_5G,-94,gNB_4G_1,-97,0,3,1.23993,1,10.569,28
147.5,ue_n001_0001,gNB_4G_1,-43,gNB_5G,-60,0.581632,0,-1,0,27.2048,28
147.5,ue_n001_0002,gNB_4G_1,-48,gNB_4G_2,-60,0.630784,0,-1,0,60.9634,28
147.5,ue_ujeongwon_0002,gNB_4G_1,-47,gNB_5G,-70,0.8192,0,-1,0,44.4742,28
147.5,ue_n001_0007,gNB_4G_1,-47,gNB_5G,-79,0.262144,0,-1,0,35.7525,28
147.5,ue_n001_0003,gNB_4G_1,-38,gNB_4G_2,-83,0.540672,0,-1,0,38.4875,27
147.5,car_north_base_001_rider,gNB_4G_2,-50,gNB_4G_1,-92,0.8192,3,8.63993,1,49.3386,28
147.5,car_north_base_002_rider,gNB_4G_2,-50,gNB_5G,-56,0.8192,3,2.63993,1,51.3139,28
147.5,ue_n043_0002,gNB_4G_2,-52,gNB_5G,-68,0.139264,7,37.6399,1,51.7702,28
147.5,ue_n001_0004,gNB_4G_1,-49,gNB_4G_2,-57,0.630784,0,-1,0,65.1724,28
147.5,ue_n043_0003,gNB_4G_2,-44,gNB_5G,-51,0.458752,5,28.4399,0,28.4017,28
147.5,car_north_base_003,gNB_5G,-54,gNB_4G_1,-65,0.581632,2,2.83993,0,57.8012,28
147.5,ue_n042_0004,gNB_4G_2,-39,gNB_5G,-64,0.8192,0,-1,0,66.1122,28
147.5,car_north_base_004,gNB_4G_2,-45,gNB_5G,-64,0.139264,3,36.4399,1,34.9834,28
147.5,car_north_base_005,gNB_4G_2,-46,gNB_5G,-52,0.229376,1,35.4399,0,35.7953,28
147.5,ue_n043_0004,gNB_5G,-48,gNB_4G_2,-48,0.745472,4,22.0399,1,64.8757,28
147.5,car_north_base_006_rider,gNB_4G_1,-51,gNB_4G_2,-76,0.131072,0,-1,0,58.375,28
147.5,ue_n043_0005,gNB_4G_2,-49,gNB_5G,-46,0.483328,3,9.03993,0,31.3428,28
147.5,ue_ujeongwon_0004,gNB_4G_1,-40,gNB_5G,-91,0.114688,0,-1,0,65.826,28
147.5,ue_ujeongwon_0005,gNB_4G_1,-42,gNB_4G_2,-85,0.32768,0,-1,0,62.5078,28
147.5,ue_n001_0005,gNB_4G_1,-46,gNB_5G,-77,0.581632,0,-1,0,72.7194,28
147.5,ue_ujeongwon_0006,gNB_4G_1,-40,gNB_4G_2,-69,0.548864,0,-1,0,28.5992,28
147.5,ue_n042_0007,gNB_4G_2,-57,gNB_5G,-70,0.8192,0,-1,0,53.1917,28
147.5,ue_n043_0006,gNB_4G_2,-54,gNB_4G_1,-57,0.638976,3,16.6399,1,60.1422,28
147.5,ue_ujeongwon_0007,gNB_4G_1,-41,gNB_5G,-72,0.8192,0,-1,0,49.3387,28
147.5,ue_ujeongwon_0008,gNB_4G_1,-42,gNB_4G_2,-68,0.360448,0,-1,0,49.191,28
147.5,ue_n043_0007,gNB_4G_2,-50,gNB_5G,-67,0.4096,5,11.6399,1,59.3255,28
147.5,ue_ujeongwon_0009,gNB_4G_1,-41,gNB_4G_2,-81,0.581632,0,-1,0,66.377,28
147.5,car_north_base_007_rider,gNB_4G_1,-49,gNB_5G,-70,0.434176,0,-1,0,35.5808,28
147.5,ue_n042_0006,gNB_4G_2,-54,gNB_5G,-70,0.45056,0,-1,0,42.1344,28
147.5,car_north_base_008_rider,gNB_4G_1,-39,gNB_4G_2,-83,0.172032,0,-1,0,78.717,28
147.5,ue_n043_0008,gNB_4G_2,-57,gNB_5G,-68,0.745472,1,17.0399,0,53.6952,28
147.5,ue_n001_0008,gNB_4G_1,-47,gNB_5G,-80,0.303104,0,-1,0,64.7193,28
148.5,ue_n042_0001,gNB_4G_2,-73,gNB_5G,-85,0.270336,2,2.23993,1,41.8639,28
148.5,ue_n001_0006,gNB_4G_1,-46,gNB_4G_2,-62,0.688128,0,-1,0,28.6922,26
148.5,car_north_peak_002_rider,gNB_5G,-77,gNB_4G_1,-89,0.311296,7,4.23993,0,33.1447,24
148.5,car_north_peak_003_rider,gNB_4G_2,-50,gNB_5G,-59,0.8192,3,27.2399,1,61.6537,28
148.5,ue_n042_0002,gNB_4G_2,-43,gNB_5G,-66,0.679936,0,-1,0,66.138,28
148.5,ue_ujeongwon_0001,gNB_4G_1,-45,gNB_5G,-75,0.385024,0,-1,0,69.7762,28
148.5,ue_n043_0009,gNB_4G_2,-55,gNB_4G_1,-66,0.753664,1,10.0399,0,33.0092,28
148.5,ue_n043_0010,gNB_4G_2,-58,gNB_4G_1,-59,0.180224,1,6.03993,0,54.9838,28
148.5,ue_n043_0001,gNB_4G_2,-42,gNB_5G,-52,0.360448,3,57.4399,0,66.4345,28
148.5,ue_n042_0003,gNB_5G,-94,gNB_4G_1,-97,0,3,2.23993,1,10.569,28
148.5,ue_n001_0001,gNB_4G_1,-46,gNB_5G,-63,0.581632,0,-1,0,25.9987,25
148.5,ue_n001_0002,gNB_4G_1,-45,gNB_4G_2,-51,0.598016,0,-1,0,68.7219,28
148.5,ue_ujeongwon_0002,gNB_4G_1,-47,gNB_5G,-70,0.8192,0,-1,0,38.3481,28
148.5,ue_n001_0007,gNB_4G_1,-46,gNB_5G,-79,0.262144,0,-1,0,40.7269,28
148.5,ue_n001_0003,gNB_4G_1,-38,gNB_4G_2,-64,0.548864,0,-1,0,26.8495,28
148.5,car_north_base_001_rider,gNB_4G_2,-49,gNB_5G,-80,0.8192,3,9.63993,1,62.3899,28
148.5,car_north_base_002_rider,gNB_4G_2,-45,gNB_5G,-89,0.8192,3,3.63993,1,53.4593,28
148.5,ue_n043_0002,gNB_4G_2,-58,gNB_5G,-70,0.147456,7,38.6399,1,55.8442,28
148.5,ue_n001_0004,gNB_4G_1,-47,gNB_4G_2,-55,0.630784,0,-1,0,22.2803,28
148.5,ue_n043_0003,gNB_4G_2,-44,gNB_5G,-49,0.45056,5,29.4399,0,66.4666,28
148.5,car_north_base_003,gNB_4G_2,-46,gNB_5G,-58,0.581632,3,0.439928,1,19.4203,25
148.5,ue_n042_0004,gNB_4G_2,-48,gNB_5G,-61,0.8192,0,-1,0,69.3692,28
148.5,car_north_base_004,gNB_4G_2,-47,gNB_5G,-55,0.131072,3,37.4399,1,64.313,28
148.5,car_north_base_005,gNB_4G_2,-45,gNB_5G,-56,0.229376,1,36.4399,0,62.9066,28
148.5,ue_n043_0004,gNB_5G,-47,gNB_4G_2,-46,0.745472,4,23.0399,1,64.6436,28
148.5,car_north_base_006_rider,gNB_4G_1,-49,gNB_4G_2,-77,0.12288,0,-1,0,36.1207,28
148.5,ue_n043_0005,gNB_5G,-48,gNB_4G_2,-51,0.466944,4,0.639928,1,66.0233,28
148.5,ue_ujeongwon_0004,gNB_4G_1,-46,gNB_5G,-92,0.12288,0,-1,0,62.3186,28
148.5,ue_ujeongwon_0005,gNB_4G_1,-38,gNB_4G_2,-83,0.32768,0,-1,0,60.4502,28
148.5,ue_n001_0005,gNB_4G_1,-41,gNB_5G,-74,0.589824,0,-1,0,51.6188,28
148.5,ue_ujeongwon_0006,gNB_4G_1,-39,gNB_4G_2,-69,0.548864,0,-1,0,31.1589,28
148.5,ue_n042_0007,gNB_4G_2,-57,gNB_5G,-69,0.8192,0,-1,0,53.6239,28
148.5,ue_n043_0006,gNB_4G_2,-54,gNB_4G_1,-63,0.589824,3,17.6399,1,22.7702,15
148.5,ue_ujeongwon_0007,gNB_4G_1,-41,gNB_5G,-76,0.8192,0,-1,0,49.2525,28
148.5,ue_ujeongwon_0008,gNB_4G_1,-50,gNB_5G,-82,0.352256,0,-1,0,66.4687,28
148.5,ue_n043_0007,gNB_4G_2,-51,gNB_5G,-66,0.4096,5,12.6399,1,10.4151,14
148.5,ue_ujeongwon_0009,gNB_4G_1,-40,gNB_4G_2,-67,0.589824,0,-1,0,69.4098,28
148.5,car_north_base_007_rider,gNB_4G_1,-51,gNB_5G,-73,0.425984,0,-1,0,30.0775,28
148.5,ue_n042_0006,gNB_4G_2,-51,gNB_5G,-68,0.458752,0,-1,0,56.3614,28
148.5,car_north_base_008_rider,gNB_4G_1,-40,gNB_4G_2,-83,0.172032,0,-1,0,55.4215,28
148.5,ue_n043_0008,gNB_4G_2,-57,gNB_5G,-67,0.745472,1,18.0399,0,55.6965,28
148.5,ue_n001_0008,gNB_4G_1,-49,gNB_5G,-76,0.303104,0,-1,0,34.2607,28
149.5,ue_n042_0001,gNB_4G_2,-73,gNB_5G,-89,0.180224,2,3.23993,1,41.982,28
149.5,ue_n001_0006,gNB_4G_1,-42,gNB_4G_2,-62,0.679936,0,-1,0,67.3541,28
149.5,car_north_peak_002_rider,gNB_5G,-77,gNB_4G_1,-89,0.319488,7,5.23993,0,37.2275,28
149.5,car_north_peak_003_rider,gNB_4G_2,-49,gNB_5G,-61,0.8192,3,28.2399,1,49.1634,28
149.5,ue_n042_0002,gNB_4G_2,-45,gNB_5G,-60,0.679936,0,-1,0,50.8296,28
149.5,ue_ujeongwon_0001,gNB_4G_1,-46,gNB_5G,-78,0.393216,0,-1,0,66.4256,28
149.5,ue_n043_0009,gNB_4G_2,-54,gNB_5G,-69,0.671744,1,11.0399,0,7.3109,8
149.5,ue_n043_0010,gNB_4G_2,-56,gNB_4G_1,-64,0.196608,1,7.03993,0,55.4702,28
149.5,ue_n043_0001,gNB_4G_2,-43,gNB_5G,-55,0.352256,3,58.4399,0,62.3268,28
149.5,ue_n042_0003,gNB_5G,-94,gNB_4G_1,-97,0,3,3.23993,1,10.569,28
149.5,ue_n001_0001,gNB_4G_1,-48,gNB_5G,-67,0.589824,0,-1,0,67.1677,28
149.5,ue_n001_0002,gNB_4G_1,-47,gNB_4G_2,-57,0.548864,0,-1,0,64.6691,28
149.5,ue_ujeongwon_0002,gNB_4G_1,-42,gNB_5G,-67,0.8192,0,-1,0,42.8221,28
149.5,ue_n001_0007,gNB_4G_1,-47,gNB_5G,-74,0.270336,0,-1,0,37.9764,28
149.5,ue_n001_0003,gNB_4G_1,-41,gNB_4G_2,-63,0.548864,0,-1,0,72.3659,28
149.5,car_north_base_001_rider,gNB_4G_2,-48,gNB_5G,-79,0.8192,3,10.6399,1,48.8331,28
149.5,car_north_base_002_rider,gNB_4G_2,-44,gNB_4G_1,-90,0.8192,3,4.63993,1,54.9048,28
149.5,ue_n043_0002,gNB_4G_2,-55,gNB_5G,-68,0.139264,7,39.6399,1,39.5561,28
149.5,ue_n001_0004,gNB_4G_1,-47,gNB_4G_2,-54,0.630784,0,-1,0,66.479,28
149.5,ue_n043_0003,gNB_4G_2,-44,gNB_5G,-48,0.458752,5,30.4399,0,19.1914,28
149.5,car_north_base_003,gNB_4G_2,-49,gNB_5G,-53,0.589824,3,1.43993,1,45.8442,28
149.5,ue_n042_0004,gNB_4G_2,-44,gNB_5G,-64,0.8192,0,-1,0,52.7567,28
149.5,car_north_base_004,gNB_4G_2,-46,gNB_5G,-51,0.131072,3,38.4399,1,68.1491,28
149.5,car_north_base_005,gNB_4G_2,-48,gNB_5G,-57,0.229376,1,37.4399,0,68.1402,28
149.5,ue_n043_0004,gNB_5G,-48,gNB_4G_2,-48,0.745472,4,24.0399,1,62.4416,28
149.5,car_north_base_006_rider,gNB_4G_1,-50,gNB_5G,-66,0.131072,0,-1,0,60.4152,28
149.5,ue_n043_0005,gNB_5G,-49,gNB_4G_2,-49,0.483328,4,1.63993,1,64.7731,28
149.5,ue_ujeongwon_0004,gNB_4G_1,-40,gNB_5G,-93,0.114688,0,-1,0,67.6803,25
149.5,ue_ujeongwon_0005,gNB_4G_1,-39,gNB_5G,-89,0.32768,0,-1,0,59.9659,28
149.5,ue_n001_0005,gNB_4G_1,-40,gNB_5G,-75,0.581632,0,-1,0,75.5399,28
149.5,ue_ujeongwon_0006,gNB_4G_1,-39,gNB_4G_2,-69,0.540672,0,-1,0,67.8073,28
149.5,ue_n042_0007,gNB_4G_2,-57,gNB_5G,-69,0.8192,0,-1,0,38.6452,28
149.5,ue_n043_0006,gNB_4G_2,-56,gNB_4G_1,-63,0.581632,3,18.6399,1,54.3053,28
149.5,ue_ujeongwon_0007,gNB_4G_1,-40,gNB_5G,-78,0.8192,0,-1,0,48.4474,28
149.5,ue_ujeongwon_0008,gNB_4G_1,-43,gNB_5G,-83,0.352256,0,-1,0,54.3784,28
149.5,ue_n043_0007,gNB_4G_2,-54,gNB_4G_1,-56,0.393216,5,13.6399,1,19.8561,13
149.5,ue_ujeongwon_0009,gNB_4G_1,-39,gNB_4G_2,-84,0.581632,0,-1,0,56.3436,28
149.5,car_north_base_007_rider,gNB_4G_1,-48,gNB_5G,-68,0.434176,0,-1,0,58.8112,28
149.5,ue_n042_0006,gNB_4G_2,-56,gNB_5G,-67,0.45056,0,-1,0,54.4205,28
149.5,car_north_base_008_rider,gNB_4G_1,-37,gNB_5G,-69,0.172032,0,-1,0,77.8544,28
149.5,ue_n043_0008,gNB_4G_2,-55,gNB_5G,-68,0.630784,1,19.0399,0,53.242,28
149.5,ue_n001_0008,gNB_4G_1,-48,gNB_5G,-76,0.303104,0,-1,0,40.5515,28
150.5,ue_n042_0001,gNB_4G_2,-101,gNB_5G,-89,0.08192,2,4.23993,1,-4.95006,0
150.5,ue_n001_0006,gNB_4G_1,-43,gNB_4G_2,-63,0.679936,0,-1,0,23.9309,25
150.5,car_north_peak_002_rider,gNB_5G,-68,gNB_4G_1,-96,0.311296,7,6.23993,0,37.2275,25
150.5,car_north_peak_003_rider,gNB_4G_2,-49,gNB_5G,-62,0.8192,3,29.2399,1,61.3359,28
150.5,ue_n042_0002,gNB_4G_2,-43,gNB_5G,-64,0.688128,0,-1,0,52.3614,28
150.5,ue_ujeongwon_0001,gNB_4G_1,-49,gNB_5G,-78,0.393216,0,-1,0,59.4193,28
150.5,ue_n043_0009,gNB_4G_2,-56,gNB_4G_1,-62,0.712704,1,12.0399,0,3.15569,7
150.5,ue_n043_0010,gNB_4G_2,-55,gNB_4G_1,-65,0.2048,1,8.03993,0,52.2474,28
150.5,ue_n043_0001,gNB_4G_2,-43,gNB_5G,-52,0.360448,3,59.4399,0,69.3971,28
150.5,ue_n042_0003,gNB_5G,-94,gNB_4G_1,-97,0,3,4.23993,1,10.569,28
150.5,ue_n001_0001,gNB_4G_1,-44,gNB_5G,-68,0.589824,0,-1,0,34.9622,28
150.5,ue_n001_0002,gNB_4G_1,-47,gNB_4G_2,-48,0.663552,0,-1,0,24.5014,24
150.5,ue_ujeongwon_0002,gNB_4G_1,-47,gNB_5G,-69,0.8192,0,-1,0,45.2513,28
150.5,ue_n001_0007,gNB_4G_1,-49,gNB_5G,-66,0.262144,0,-1,0,36.7396,28
150.5,ue_n001_0003,gNB_4G_1,-38,gNB_4G_2,-82,0.540672,0,-1,0,51.9923,28
150.5,car_north_base_001_rider,gNB_4G_2,-48,gNB_5G,-79,0.8192,3,11.6399,1,62.3899,28
150.5,car_north_base_002_rider,gNB_4G_2,-44,gNB_4G_1,-88,0.8192,3,5.63993,1,60.1239,28
150.5,ue_n043_0002,gNB_4G_2,-55,gNB_5G,-67,0.139264,7,40.6399,1,57.8836,28
150.5,ue_n001_0004,gNB_4G_1,-49,gNB_4G_2,-53,0.622592,0,-1,0,4.12559,9
150.5,ue_n043_0003,gNB_4G_2,-44,gNB_5G,-51,0.45056,5,31.4399,0,62.0666,27
150.5,car_north_base_003,gNB_4G_2,-52,gNB_5G,-81,0.589824,3,2.43993,1,38.4563,28
150.5,ue_n042_0004,gNB_4G_2,-45,gNB_5G,-57,0.8192,0,-1,0,66.5864,28
150.5,car_north_base_004,gNB_4G_2,-43,gNB_5G,-48,0.139264,3,39.4399,1,65.41,28
150.5,car_north_base_005,gNB_4G_2,-43,gNB_5G,-52,0.221184,1,38.4399,0,60.5156,24
150.5,ue_n043_0004,gNB_5G,-49,gNB_4G_2,-49,0.745472,4,25.0399,1,66.1033,28
150.5,car_north_base_006_rider,gNB_4G_1,-50,gNB_5G,-63,0.131072,0,-1,0,32.3132,28
150.5,ue_n043_0005,gNB_5G,-49,gNB_4G_2,-46,0.483328,4,2.63993,1,64.7793,28
150.5,ue_ujeongwon_0004,gNB_4G_1,-40,gNB_5G,-98,0.12288,0,-1,0,61.0907,28
150.5,ue_ujeongwon_0005,gNB_4G_1,-42,gNB_5G,-96,0.32768,0,-1,0,48.5936,28
150.5,ue_n001_0005,gNB_4G_1,-39,gNB_5G,-82,0.589824,0,-1,0,54.7609,28
150.5,ue_ujeongwon_0006,gNB_4G_1,-38,gNB_4G_2,-76,0.548864,0,-1,0,45.5287,28
150.5,ue_n042_0007,gNB_4G_2,-57,gNB_5G,-69,0.8192,0,-1,0,51.9914,28
150.5,ue_n043_0006,gNB_4G_2,-55,gNB_5G,-68,0.581632,3,19.6399,1,23.6709,26
150.5,ue_ujeongwon_0007,gNB_4G_1,-39,gNB_4G_2,-81,0.8192,0,-1,0,46.3515,28
150.5,ue_ujeongwon_0008,gNB_4G_1,-44,gNB_5G,-78,0.360448,0,-1,0,57.5593,28
150.5,ue_n043_0007,gNB_4G_2,-53,gNB_4G_1,-56,0.4096,5,14.6399,1,6.84842,7
150.5,ue_ujeongwon_0009,gNB_4G_1,-41,gNB_4G_2,-80,0.581632,0,-1,0,26.9515,28
150.5,car_north_base_007_rider,gNB_4G_1,-49,gNB_5G,-72,0.434176,0,-1,0,37.6597,28
150.5,ue_n042_0006,gNB_4G_2,-55,gNB_5G,-69,0.458752,0,-1,0,43.0156,28
150.5,car_north_base_008_rider,gNB_4G_1,-36,gNB_5G,-70,0.16384,0,-1,0,56.3346,28
150.5,ue_n043_0008,gNB_4G_2,-57,gNB_4G_1,-58,0.8192,1,20.0399,0,27.4776,24
150.5,ue_n001_0008,gNB_4G_1,-44,gNB_4G_2,-79,0.303104,0,-1,0,36.7269,18
151.5,ue_n042_0001,gNB_4G_2,-114,gNB_4G_1,-126,0.057344,4,0.239928,1,-14.6165,0
151.5,ue_n001_0006,gNB_4G_1,-40,gNB_4G_2,-60,0.688128,0,-1,0,30.5427,24
151.5,car_north_peak_002_rider,gNB_5G,-73,gNB_4G_2,-94,0.155648,7,7.23993,0,42.2485,26
151.5,car_north_peak_003_rider,gNB_4G_2,-49,gNB_5G,-61,0.8192,3,30.2399,1,39.58,28
151.5,ue_n042_0002,gNB_4G_2,-46,gNB_5G,-61,0.679936,0,-1,0,62.2128,28
151.5,ue_ujeongwon_0001,gNB_4G_1,-46,gNB_5G,-86,0.385024,0,-1,0,61.2553,28
151.5,ue_n043_0009,gNB_4G_2,-57,gNB_4G_1,-61,0.630784,1,13.0399,0,55.9039,28
151.5,ue_n043_0010,gNB_4G_2,-58,gNB_4G_1,-67,0.196608,1,9.03993,0,50.0755,28
151.5,ue_n043_0001,gNB_4G_2,-42,gNB_5G,-51,0.352256,3,60.4399,0,61.3756,28
151.5,ue_n042_0003,gNB_5G,-94,gNB_4G_1,-97,0,3,5.23993,1,10.569,28
151.5,ue_n001_0001,gNB_4G_1,-41,gNB_5G,-66,0.581632,0,-1,0,27.4364,28
151.5,ue_n001_0002,gNB_4G_1,-49,gNB_4G_2,-58,0.638976,0,-1,0,19.4213,26
151.5,ue_ujeongwon_0002,gNB_4G_1,-46,gNB_5G,-71,0.8192,0,-1,0,30.3851,28
151.5,ue_n001_0007,gNB_4G_1,-47,gNB_5G,-68,0.262144,0,-1,0,41.3537,28
151.5,ue_n001_0003,gNB_4G_1,-40,gNB_4G_2,-85,0.548864,0,-1,0,49.5742,28
151.5,car_north_base_001_rider,gNB_4G_2,-48,gNB_5G,-79,0.8192,3,12.6399,1,49.8993,28
151.5,car_north_base_002_rider,gNB_4G_2,-50,gNB_4G_1,-91,0.8192,3,6.63993,1,52.6435,28
151.5,ue_n043_0002,gNB_4G_2,-53,gNB_5G,-65,0.139264,7,41.6399,1,56.841,28
151.5,ue_n001_0004,gNB_4G_1,-46,gNB_4G_2,-54,0.638976,0,-1,0,23.102,28
151.5,ue_n043_0003,gNB_4G_2,-43,gNB_5G,-54,0.45056,5,32.4399,0,12.9375,28
151.5,car_north_base_003,gNB_4G_2,-47,gNB_4G_1,-74,0.581632,3,3.43993,1,64.5707,28
151.5,ue_n042_0004,gNB_4G_2,-44,gNB_5G,-59,0.8192,0,-1,0,69.4301,28
151.5,car_north_base_004,gNB_4G_2,-45,gNB_5G,-54,0.131072,3,40.4399,1,65.4269,28
151.5,car_north_base_005,gNB_4G_2,-50,gNB_5G,-56,0.229376,1,39.4399,0,63.6926,27
151.5,ue_n043_0004,gNB_4G_2,-46,gNB_5G,-52,0.745472,5,0.639928,0,65.0903,28
151.5,car_north_base_006_rider,gNB_4G_1,-54,gNB_5G,-69,0.12288,0,-1,0,26.5123,26
151.5,ue_n043_0005,gNB_4G_2,-47,gNB_5G,-52,0.483328,5,0.839928,1,33.3014,28
151.5,ue_ujeongwon_0004,gNB_4G_1,-42,gNB_5G,-91,0.114688,0,-1,0,56.3918,16
151.5,ue_ujeongwon_0005,gNB_4G_1,-39,gNB_5G,-94,0.32768,0,-1,0,58.752,28
151.5,ue_n001_0005,gNB_4G_1,-39,gNB_5G,-81,0.581632,0,-1,0,53.4668,28
151.5,ue_ujeongwon_0006,gNB_4G_1,-42,gNB_4G_2,-85,0.548864,0,-1,0,50.9349,28
151.5,ue_n042_0007,gNB_4G_2,-58,gNB_5G,-66,0.802816,0,-1,0,47.7519,28
151.5,ue_n043_0006,gNB_4G_2,-58,gNB_5G,-66,0.581632,3,20.6399,1,50.0061,28
151.5,ue_ujeongwon_0007,gNB_4G_1,-39,gNB_5G,-73,0.8192,0,-1,0,49.8763,28
151.5,ue_ujeongwon_0008,gNB_4G_1,-43,gNB_5G,-82,0.352256,0,-1,0,47.9487,28
151.5,ue_n043_0007,gNB_4G_2,-53,gNB_4G_1,-56,0.344064,5,15.6399,1,8.65878,12
151.5,ue_ujeongwon_0009,gNB_4G_1,-45,gNB_4G_2,-66,0.589824,0,-1,0,33.6246,28
151.5,car_north_base_007_rider,gNB_4G_1,-52,gNB_4G_2,-79,0.425984,0,-1,0,38.4839,26
151.5,ue_n042_0006,gNB_4G_2,-55,gNB_5G,-69,0.45056,0,-1,0,56.6499,28
151.5,car_north_base_008_rider,gNB_4G_1,-39,gNB_5G,-69,0.172032,0,-1,0,58.5725,28
151.5,ue_n043_0008,gNB_4G_2,-53,gNB_4G_1,-63,0.745472,1,21.0399,0,8.79993,13
151.5,ue_n001_0008,gNB_4G_1,-47,gNB_5G,-79,0.303104,0,-1,0,40.3715,6
152.5,ue_n042_0001,gNB_4G_2,-124,gNB_4G_1,-126,0.065536,4,1.23993,1,-20.1977,0
152.5,ue_n001_0006,gNB_4G_1,-44,gNB_4G_2,-64,0.679936,0,-1,0,28.8729,28
152.5,car_north_peak_002_rider,gNB_4G_1,-61,gNB_5G,-70,0,8,0.439928,1,42.2485,26
152.5,car_north_peak_003_rider,gNB_4G_2,-48,gNB_5G,-73,0.688128,3,31.2399,1,61.9771,28
152.5,ue_n042_0002,gNB_4G_2,-43,gNB_5G,-60,0.679936,0,-1,0,67.9977,28
152.5,ue_ujeongwon_0001,gNB_4G_1,-48,gNB_5G,-80,0.393216,0,-1,0,35.1368,28
152.5,ue_n043_0009,gNB_4G_2,-55,gNB_4G_1,-55,0.679936,1,14.0399,0,54.771,28
152.5,ue_n043_0010,gNB_4G_2,-60,gNB_4G_1,-65,0.180224,1,10.0399,0,56.3733,28
152.5,ue_n043_0001,gNB_4G_2,-47,gNB_5G,-51,0.360448,3,61.4399,0,68.4842,28
152.5,ue_n042_0003,gNB_5G,-94,gNB_4G_1,-97,0,3,6.23993,1,10.569,28
152.5,ue_n001_0001,gNB_4G_1,-42,gNB_5G,-63,0.581632,0,-1,0,31.279,28
152.5,ue_n001_0002,gNB_4G_1,-49,gNB_4G_2,-56,0.622592,0,-1,0,18.5354,19
152.5,ue_ujeongwon_0002,gNB_4G_1,-51,gNB_5G,-69,0.8192,0,-1,0,42.4077,28
152.5,ue_n001_0007,gNB_4G_1,-43,gNB_5G,-70,0.262144,0,-1,0,34.407,28
152.5,ue_n001_0003,gNB_4G_1,-38,gNB_4G_2,-82,0.548864,0,-1,0,51.6391,28
152.5,car_north_base_001_rider,gNB_4G_2,-48,gNB_5G,-79,0.8192,3,13.6399,1,62.3899,28
152.5,car_north_base_002_rider,gNB_4G_2,-46,gNB_4G_1,-92,0.8192,3,7.63993,1,65.0515,28
152.5,ue_n043_0002,gNB_4G_2,-54,gNB_5G,-67,0.147456,7,42.6399,1,51.2359,28
152.5,ue_n001_0004,gNB_4G_1,-49,gNB_4G_2,-54,0.622592,0,-1,0,35.796,18
152.5,ue_n043_0003,gNB_4G_2,-45,gNB_5G,-53,0.45056,5,33.4399,0,67.4551,28
152.5,car_north_base_003,gNB_4G_2,-47,gNB_5G,-63,0.458752,3,4.43993,1,-20.9997,0
152.5,ue_n042_0004,gNB_4G_2,-42,gNB_5G,-61,0.8192,0,-1,0,69.5603,28
152.5,car_north_base_004,gNB_4G_2,-45,gNB_5G,-53,0.139264,3,41.4399,1,62.7545,28
152.5,car_north_base_005,gNB_4G_2,-47,gNB_5G,-54,0.229376,1,40.4399,0,63.5522,26
152.5,ue_n043_0004,gNB_4G_2,-46,gNB_5G,-49,0.69632,5,1.63993,0,62.8035,28
152.5,car_north_base_006_rider,gNB_4G_1,-53,gNB_5G,-79,0.065536,0,-1,0,26.4564,26
152.5,ue_n043_0005,gNB_4G_2,-48,gNB_5G,-49,0.483328,5,1.83993,1,64.4751,28
152.5,ue_ujeongwon_0004,gNB_4G_1,-42,gNB_4G_2,-92,0.12288,0,-1,0,33.3051,28
152.5,ue_ujeongwon_0005,gNB_4G_1,-54,gNB_5G,-93,0.32768,0,-1,0,54.3556,28
152.5,ue_n001_0005,gNB_4G_1,-37,gNB_5G,-78,0.589824,0,-1,0,55.701,28
152.5,ue_ujeongwon_0006,gNB_4G_1,-38,gNB_4G_2,-84,0.540672,0,-1,0,58.9027,28
152.5,ue_n042_0007,gNB_4G_2,-60,gNB_5G,-69,0.835584,0,-1,0,55.9257,28
152.5,ue_n043_0006,gNB_4G_2,-58,gNB_5G,-66,0.499712,3,21.6399,1,53.0826,28
152.5,ue_ujeongwon_0007,gNB_4G_1,-39,gNB_5G,-73,0.8192,0,-1,0,38.2442,28
152.5,ue_ujeongwon_0008,gNB_4G_1,-41,gNB_5G,-82,0.360448,0,-1,0,48.7998,28
152.5,ue_n043_0007,gNB_4G_2,-54,gNB_4G_1,-57,0.32768,5,16.6399,1,16.3449,20
152.5,ue_ujeongwon_0009,gNB_4G_1,-39,gNB_4G_2,-67,0.581632,0,-1,0,54.5145,28
152.5,car_north_base_007_rider,gNB_4G_1,-54,gNB_4G_2,-73,0.434176,0,-1,0,37.9022,28
152.5,ue_n042_0006,gNB_4G_2,-55,gNB_5G,-67,0.458752,0,-1,0,58.1434,28
152.5,car_north_base_008_rider,gNB_4G_1,-39,gNB_5G,-67,0.172032,0,-1,0,52.3214,28
152.5,ue_n043_0008,gNB_4G_2,-54,gNB_4G_1,-59,0.581632,1,22.0399,0,58.0142,28
152.5,ue_n001_0008,gNB_4G_1,-46,gNB_5G,-79,0.303104,0,-1,0,39.9671,20
153.5,ue_n042_0001,gNB_4G_1,-126,gNB_5G,-113,0,4,2.23993,1,-20.1977,0
153.5,ue_n001_0006,gNB_4G_1,-44,gNB_4G_2,-63,0.688128,0,-1,0,25.9471,28
153.5,car_north_peak_002_rider,gNB_4G_1,-61,gNB_5G,-70,0,8,1.43993,1,42.2485,26
153.5,car_north_peak_003_rider,gNB_4G_2,-49,gNB_4G_1,-67,0.671744,3,32.2399,1,5.72094,11
153.5,ue_n042_0002,gNB_4G_2,-43,gNB_5G,-59,0.688128,0,-1,0,70.3218,28
153.5,ue_ujeongwon_0001,gNB_4G_1,-48,gNB_4G_2,-82,0.393216,0,-1,0,41.4407,28
153.5,ue_n043_0009,gNB_4G_2,-56,gNB_4G_1,-65,0.688128,1,15.0399,0,55.2959,28
153.5,ue_n043_0010,gNB_4G_2,-55,gNB_4G_1,-71,0.212992,1,11.0399,0,55.1422,28
153.5,ue_n043_0001,gNB_4G_2,-44,gNB_5G,-52,0.352256,3,62.4399,0,66.2026,28
153.5,ue_n001_0009,gNB_4G_1,-44,gNB_4G_2,-93,0.294912,0,-1,0,44.5733,28
153.5,ue_n001_0001,gNB_4G_1,-41,gNB_5G,-63,0.589824,0,-1,0,30.6001,28
153.5,ue_n001_0002,gNB_4G_1,-48,gNB_4G_2,-53,0.630784,0,-1,0,17.2613,24
153.5,ue_ujeongwon_0002,gNB_4G_1,-45,gNB_5G,-70,0.8192,0,-1,0,40.5152,28
153.5,ue_n001_0007,gNB_4G_1,-43,gNB_5G,-66,0.270336,0,-1,0,45.2103,28
153.5,ue_n001_0003,gNB_4G_1,-38,gNB_4G_2,-83,0.540672,0,-1,0,65.3847,28
153.5,car_north_base_001_rider,gNB_4G_2,-48,gNB_5G,-79,0.8192,3,14.6399,1,47.2184,28
153.5,car_north_base_002_rider,gNB_4G_2,-46,gNB_4G_1,-92,0.8192,3,8.63993,1,29.2193,28
153.5,ue_n043_0002,gNB_4G_2,-59,gNB_5G,-69,0.139264,7,43.6399,1,39.5169,28
153.5,ue_n001_0004,gNB_4G_1,-45,gNB_4G_2,-58,0.638976,0,-1,0,65.5362,28
153.5,ue_n043_0003,gNB_4G_2,-44,gNB_5G,-53,0.4096,5,34.4399,0,57.4354,28
153.5,car_north_base_003,gNB_4G_1,-60,gNB_5G,-60,0.360448,4,0.639928,0,-4.98936,0
153.5,ue_n042_0004,gNB_4G_2,-43,gNB_5G,-62,0.8192,0,-1,0,68.3041,28
153.5,car_north_base_004,gNB_4G_2,-48,gNB_5G,-52,0.131072,3,42.4399,1,26.7486,15
153.5,car_north_base_005,gNB_4G_2,-47,gNB_5G,-54,0.229376,1,41.4399,0,66.471,26
153.5,ue_n043_0004,gNB_4G_2,-46,gNB_5G,-47,0.704512,5,2.63993,0,22.5377,26
153.5,car_north_base_006_rider,gNB_4G_1,-54,gNB_5G,-77,0,0,-1,0,26.4564,26
153.5,ue_n043_0005,gNB_4G_2,-47,gNB_5G,-48,0.475136,5,2.83993,1,60.4692,28
153.5,ue_ujeongwon_0004,gNB_4G_1,-41,gNB_4G_2,-74,0.114688,0,-1,0,62.7339,28
153.5,ue_ujeongwon_0005,gNB_4G_1,-39,gNB_5G,-92,0.32768,0,-1,0,57.9375,11
153.5,ue_n001_0005,gNB_4G_1,-39,gNB_5G,-77,0.581632,0,-1,0,51.273,28
153.5,ue_ujeongwon_0006,gNB_4G_1,-39,gNB_5G,-89,0.548864,0,-1,0,60.2638,28
153.5,ue_n042_0007,gNB_4G_2,-58,gNB_5G,-69,0.8192,0,-1,0,57.2018,28
153.5,ue_n043_0006,gNB_4G_2,-59,gNB_4G_1,-65,0.49152,3,22.6399,1,52.5495,28
153.5,ue_ujeongwon_0007,gNB_4G_1,-39,gNB_5G,-75,0.8192,0,-1,0,27.28,28
153.5,ue_ujeongwon_0008,gNB_4G_1,-40,gNB_5G,-82,0.352256,0,-1,0,49.868,28
153.5,ue_n043_0007,gNB_4G_2,-55,gNB_4G_1,-65,0.385024,5,17.6399,1,54.4557,28
153.5,ue_ujeongwon_0009,gNB_4G_1,-38,gNB_4G_2,-83,0.589824,0,-1,0,68.2251,28
153.5,car_north_base_007_rider,gNB_4G_1,-52,gNB_4G_2,-71,0.425984,0,-1,0,24.8593,24
153.5,ue_n042_0006,gNB_4G_2,-54,gNB_5G,-67,0.45056,0,-1,0,55.015,28
153.5,car_north_base_008_rider,gNB_4G_1,-36,gNB_5G,-66,0.172032,0,-1,0,52.2338,28
153.5,ue_n043_0008,gNB_4G_2,-53,gNB_4G_1,-58,0.671744,1,23.0399,0,15.6268,19
153.5,ue_n001_0008,gNB_4G_1,-46,gNB_5G,-74,0.303104,0,-1,0,64.427,28
154.5,ue_n042_0001,gNB_5G,-113,gNB_4G_1,-126,0,4,3.23993,1,-20.1977,0
154.5,ue_n001_0006,gNB_4G_1,-43,gNB_4G_2,-62,0.671744,0,-1,0,22.3393,26
154.5,car_north_peak_002_rider,gNB_4G_1,-61,gNB_5G,-70,0,8,2.43993,1,42.2485,26
154.5,car_north_peak_003_rider,gNB_4G_2,-49,gNB_4G_1,-61,0.8192,3,33.2399,1,10.1353,23
154.5,ue_n042_0002,gNB_4G_2,-44,gNB_5G,-60,0.679936,0,-1,0,68.0514,28
154.5,ue_ujeongwon_0001,gNB_4G_1,-48,gNB_4G_2,-75,0.385024,0,-1,0,37.6615,28
154.5,ue_n043_0009,gNB_4G_2,-55,gNB_4G_1,-66,0.745472,1,16.0399,0,53.8595,28
154.5,ue_n043_0010,gNB_4G_2,-55,gNB_5G,-74,0.196608,1,12.0399,0,49.7243,28
154.5,ue_n043_0001,gNB_4G_2,-44,gNB_5G,-52,0.352256,3,63.4399,0,17.3188,20
154.5,ue_n001_0009,gNB_4G_1,-44,gNB_5G,-76,0.581632,0,-1,0,63.9742,28
154.5,ue_n001_0001,gNB_4G_1,-41,gNB_5G,-67,0.581632,0,-1,0,26.5572,28
154.5,ue_n001_0002,gNB_4G_1,-46,gNB_4G_2,-54,0.630784,0,-1,0,19.376,22
154.5,ue_ujeongwon_0002,gNB_4G_1,-48,gNB_5G,-71,0.8192,0,-1,0,37.0167,28
154.5,ue_n001_0007,gNB_4G_1,-43,gNB_5G,-66,0.262144,0,-1,0,67.929,28
154.5,ue_n001_0003,gNB_4G_1,-49,gNB_5G,-94,0.548864,0,-1,0,61.4434,28
154.5,car_north_base_001_rider,gNB_4G_2,-48,gNB_5G,-79,0.8192,3,15.6399,1,48.538,28
154.5,car_north_base_002_rider,gNB_4G_2,-57,gNB_4G_1,-92,0.8192,3,9.63993,1,52.8905,28
154.5,ue_n043_0002,gNB_4G_2,-62,gNB_5G,-69,0.139264,7,44.6399,1,50.0397,28
154.5,ue_n001_0004,gNB_4G_1,-46,gNB_4G_2,-56,0.630784,0,-1,0,65.289,28
154.5,ue_n043_0003,gNB_4G_2,-47,gNB_5G,-53,0.45056,5,35.4399,0,12.6564,16
154.5,car_north_base_003,gNB_5G,-65,gNB_4G_2,-72,0.65536,5,0.839928,0,41.9459,28
154.5,ue_n042_0004,gNB_4G_2,-43,gNB_5G,-62,0.8192,0,-1,0,70.7422,28
154.5,car_north_base_004,gNB_4G_2,-51,gNB_5G,-49,0.131072,3,43.4399,1,61.538,28
154.5,car_north_base_005,gNB_4G_2,-44,gNB_5G,-61,0.229376,1,42.4399,0,42.2775,28
154.5,ue_n043_0004,gNB_4G_2,-48,gNB_5G,-48,0.73728,5,3.63993,0,56.871,28
154.5,car_north_base_006_rider,gNB_4G_1,-54,gNB_5G,-76,0,0,-1,0,26.4564,26
154.5,ue_n043_0005,gNB_4G_2,-50,gNB_5G,-50,0.483328,5,3.83993,1,24.8789,26
154.5,ue_ujeongwon_0004,gNB_4G_1,-41,gNB_4G_2,-69,0.12288,0,-1,0,65.4091,17
154.5,ue_ujeongwon_0005,gNB_4G_1,-39,gNB_5G,-87,0.32768,0,-1,0,57.4286,16
154.5,ue_n001_0005,gNB_4G_1,-38,gNB_5G,-78,0.581632,0,-1,0,74.6426,28
154.5,ue_ujeongwon_0006,gNB_4G_1,-39,gNB_5G,-95,0.548864,0,-1,0,63.8741,28
154.5,ue_n042_0007,gNB_4G_2,-54,gNB_5G,-68,0.8192,0,-1,0,54.1401,28
154.5,ue_n043_0006,gNB_4G_2,-58,gNB_4G_1,-58,0.507904,3,23.6399,1,51.7296,28
154.5,ue_ujeongwon_0007,gNB_4G_1,-40,gNB_4G_2,-72,0.8192,0,-1,0,29.4484,28
154.5,ue_ujeongwon_0008,gNB_4G_1,-40,gNB_5G,-82,0.360448,0,-1,0,70.9841,28
154.5,ue_n043_0007,gNB_4G_2,-56,gNB_4G_1,-63,0.4096,5,18.6399,1,15.2971,15
154.5,ue_ujeongwon_0009,gNB_4G_1,-39,gNB_4G_2,-84,0.581632,0,-1,0,71.8788,28
154.5,car_north_base_007_rider,gNB_4G_1,-54,gNB_4G_2,-73,0.434176,0,-1,0,60.181,28
154.5,ue_n042_0006,gNB_4G_2,-56,gNB_5G,-68,0.458752,0,-1,0,41.7973,28
154.5,car_north_base_008_rider,gNB_4G_1,-39,gNB_4G_2,-85,0.172032,0,-1,0,49.9298,28
154.5,ue_n043_0008,gNB_4G_2,-55,gNB_5G,-64,0.745472,1,24.0399,0,22.725,24
154.5,ue_n001_0008,gNB_4G_1,-45,gNB_5G,-73,0.303104,0,-1,0,31.4482,28
155.5,ue_n042_0001,gNB_5G,-113,gNB_4G_1,-126,0,4,4.23993,1,-20.1977,0
155.5,ue_n001_0006,gNB_4G_1,-42,gNB_4G_2,-59,0.688128,0,-1,0,65.7375,25
155.5,car_north_peak_002_rider,gNB_4G_1,-61,gNB_5G,-70,0,8,3.43993,1,42.2485,26
155.5,car_north_peak_003_rider,gNB_4G_2,-47,gNB_4G_1,-66,0.827392,3,34.2399,1,58.6736,20
155.5,ue_n042_0002,gNB_4G_2,-44,gNB_5G,-63,0.679936,0,-1,0,54.2583,28
155.5,ue_ujeongwon_0001,gNB_4G_1,-44,gNB_4G_2,-77,0.393216,0,-1,0,24.2559,23
155.5,ue_n043_0009,gNB_4G_2,-57,gNB_5G,-68,0.745472,1,17.0399,0,34.3427,28
155.5,ue_n043_0010,gNB_4G_2,-60,gNB_5G,-74,0.2048,1,13.0399,0,52.1598,28
155.5,ue_n043_0001,gNB_4G_2,-43,gNB_5G,-53,0.360448,3,64.4399,0,36.891,28
155.5,ue_n001_0009,gNB_4G_1,-47,gNB_5G,-78,0.589824,0,-1,0,62.0601,28
155.5,ue_n001_0001,gNB_4G_1,-43,gNB_5G,-63,0.589824,0,-1,0,38.277,28
155.5,ue_n001_0002,gNB_4G_1,-44,gNB_4G_2,-54,0.630784,0,-1,0,67.2053,28
155.5,ue_ujeongwon_0002,gNB_4G_1,-52,gNB_5G,-71,0.8192,0,-1,0,36.6822,28
155.5,ue_n001_0007,gNB_4G_1,-45,gNB_5G,-73,0.262144,0,-1,0,31.5058,28
155.5,ue_n001_0003,gNB_4G_1,-39,gNB_5G,-91,0.548864,0,-1,0,57.4017,28
155.5,car_north_base_001_rider,gNB_4G_2,-48,gNB_5G,-79,0.8192,3,16.6399,1,50.0878,28
155.5,car_north_base_002_rider,gNB_4G_2,-46,gNB_4G_1,-92,0.8192,3,10.6399,1,50.6885,28
155.5,ue_n043_0002,gNB_4G_2,-61,gNB_5G,-66,0.139264,7,45.6399,1,29.6953,28
155.5,ue_n001_0004,gNB_4G_1,-48,gNB_4G_2,-54,0.622592,0,-1,0,69.0872,28
155.5,ue_n043_0003,gNB_4G_2,-47,gNB_5G,-50,0.458752,5,36.4399,0,14.1214,18
155.5,car_north_base_003,gNB_4G_1,-58,gNB_5G,-70,0.524288,6,0.839928,1,-1.76029,3
155.5,ue_n042_0004,gNB_4G_2,-43,gNB_5G,-60,0.8192,0,-1,0,71.3538,28
155.5,car_north_base_004,gNB_4G_2,-49,gNB_5G,-52,0.139264,3,44.4399,1,15.8289,21
155.5,car_north_base_005,gNB_4G_2,-45,gNB_5G,-50,0.221184,1,43.4399,0,21.6665,28
155.5,ue_n043_0004,gNB_4G_2,-48,gNB_5G,-49,0.745472,5,4.63993,0,23.5779,26
155.5,car_north_base_006_rider,gNB_4G_1,-54,gNB_5G,-76,0,0,-1,0,26.4564,26
155.5,ue_n043_0005,gNB_4G_2,-47,gNB_5G,-48,0.483328,5,4.83993,1,25.5634,24
155.5,ue_ujeongwon_0004,gNB_4G_1,-43,gNB_4G_2,-71,0.114688,0,-1,0,33.0586,28
155.5,ue_ujeongwon_0005,gNB_4G_1,-42,gNB_5G,-90,0.32768,0,-1,0,60.2449,28
155.5,ue_n001_0005,gNB_4G_1,-36,gNB_5G,-83,0.589824,0,-1,0,76.0553,28
155.5,ue_ujeongwon_0006,gNB_4G_1,-39,gNB_5G,-91,0.540672,0,-1,0,63.3247,28
155.5,ue_n042_0007,gNB_4G_2,-55,gNB_5G,-73,0.8192,0,-1,0,52.1465,28
155.5,ue_n043_0006,gNB_4G_2,-58,gNB_4G_1,-56,0.6144,3,24.6399,1,46.9023,28
155.5,ue_ujeongwon_0007,gNB_4G_1,-41,gNB_4G_2,-65,0.8192,0,-1,0,37.5223,28
155.5,ue_ujeongwon_0008,gNB_4G_1,-40,gNB_5G,-75,0.352256,0,-1,0,66.1645,28
155.5,ue_n043_0007,gNB_4G_2,-56,gNB_5G,-68,0.4096,5,19.6399,1,23.9356,26
155.5,ue_ujeongwon_0009,gNB_4G_1,-39,gNB_4G_2,-74,0.589824,0,-1,0,72.048,28
155.5,car_north_base_007_rider,gNB_4G_1,-51,gNB_4G_2,-73,0.434176,0,-1,0,66.3914,28
155.5,ue_n042_0006,gNB_4G_2,-62,gNB_5G,-68,0.458752,0,-1,0,32.8133,28
155.5,car_north_base_008_rider,gNB_4G_1,-38,gNB_4G_2,-81,0.172032,0,-1,0,68.5208,28
155.5,ue_n043_0008,gNB_4G_2,-54,gNB_5G,-64,0.745472,1,25.0399,0,20.6272,22
155.5,ue_n001_0008,gNB_4G_1,-45,gNB_5G,-69,0.303104,0,-1,0,44.4843,28
156.5,ue_n042_0001,gNB_5G,-113,gNB_4G_1,-126,0,4,5.23993,1,-20.1977,0
156.5,ue_n001_0006,gNB_4G_1,-42,gNB_4G_2,-59,0.688128,0,-1,0,29.2042,28
156.5,car_north_peak_002_rider,gNB_4G_1,-61,gNB_5G,-70,0,8,4.43993,1,42.2485,26
156.5,car_north_peak_003_rider,gNB_4G_2,-51,gNB_4G_1,-55,0.8192,3,35.2399,1,62.6748,28
156.5,ue_n042_0002,gNB_4G_2,-45,gNB_5G,-63,0.688128,0,-1,0,53.0347,28
156.5,ue_ujeongwon_0001,gNB_4G_1,-43,gNB_4G_2,-77,0.385024,0,-1,0,32.7582,28
156.5,ue_n043_0009,gNB_4G_2,-55,gNB_5G,-68,0.745472,1,18.0399,0,56.3882,28
156.5,ue_n043_0010,gNB_4G_2,-57,gNB_5G,-75,0.196608,1,14.0399,0,55.1599,28
156.5,ue_n043_0001,gNB_4G_2,-44,gNB_5G,-55,0.360448,3,65.4399,0,64.4249,28
156.5,ue_n001_0009,gNB_4G_1,-49,gNB_5G,-77,0.581632,0,-1,0,37.2941,28
156.5,ue_n001_0001,gNB_4G_1,-42,gNB_5G,-62,0.581632,0,-1,0,20.3332,25
156.5,ue_n001_0002,gNB_4G_1,-44,gNB_4G_2,-52,0.630784,0,-1,0,20.1193,19
156.5,ue_ujeongwon_0002,gNB_4G_1,-46,gNB_5G,-71,0.8192,0,-1,0,42.2054,28
156.5,ue_n001_0007,gNB_4G_1,-49,gNB_5G,-71,0.262144,0,-1,0,42.1585,28
156.5,ue_n001_0003,gNB_4G_1,-42,gNB_5G,-90,0.540672,0,-1,0,67.7985,28
156.5,car_north_base_001_rider,gNB_4G_2,-48,gNB_5G,-79,0.8192,3,17.6399,1,43.0861,28
156.5,car_north_base_002_rider,gNB_4G_2,-46,gNB_4G_1,-92,0.8192,3,11.6399,1,46.7886,28
156.5,ue_n043_0002,gNB_4G_2,-64,gNB_5G,-67,0.147456,7,46.6399,1,52.2444,28
156.5,ue_n001_0004,gNB_4G_1,-53,gNB_4G_2,-56,0.630784,0,-1,0,70.9787,28
156.5,ue_n043_0003,gNB_4G_2,-44,gNB_5G,-51,0.45056,5,37.4399,0,12.479,18
156.5,car_north_base_003,gNB_5G,-76,gNB_4G_1,-92,0.507904,7,0.839928,1,31.3878,28
156.5,ue_n042_0004,gNB_4G_2,-43,gNB_5G,-64,0.8192,0,-1,0,67.4548,28
156.5,car_north_base_004,gNB_4G_2,-47,gNB_5G,-55,0.131072,3,45.4399,1,63.5918,28
156.5,car_north_base_005,gNB_4G_2,-47,gNB_5G,-56,0.229376,1,44.4399,0,64.8854,28
156.5,ue_n043_0004,gNB_4G_2,-46,gNB_5G,-48,0.745472,5,5.63993,0,29.6005,28
156.5,car_north_base_006_rider,gNB_4G_1,-54,gNB_5G,-76,0,0,-1,0,26.4564,26
156.5,ue_n043_0005,gNB_4G_2,-48,gNB_5G,-47,0.483328,5,5.83993,1,58.9042,28
156.5,ue_ujeongwon_0004,gNB_4G_1,-41,gNB_4G_2,-71,0.12288,0,-1,0,61.4265,28
156.5,ue_ujeongwon_0005,gNB_4G_1,-42,gNB_4G_2,-75,0.32768,0,-1,0,69.3599,28
156.5,ue_n001_0005,gNB_4G_1,-41,gNB_4G_2,-83,0.581632,0,-1,0,75.0373,28
156.5,ue_ujeongwon_0006,gNB_4G_1,-40,gNB_5G,-93,0.548864,0,-1,0,62.3267,28
156.5,ue_n042_0007,gNB_4G_2,-59,gNB_5G,-70,0.8192,0,-1,0,51.5972,28
156.5,ue_n043_0006,gNB_4G_2,-59,gNB_4G_1,-62,0.565248,3,25.6399,1,53.4532,28
156.5,ue_ujeongwon_0007,gNB_4G_1,-41,gNB_4G_2,-64,0.8192,0,-1,0,26.0431,25
156.5,ue_ujeongwon_0008,gNB_4G_1,-40,gNB_4G_2,-73,0.360448,0,-1,0,45.258,28
156.5,ue_n043_0007,gNB_4G_2,-58,gNB_5G,-66,0.4096,5,20.6399,1,50.0061,28
156.5,ue_ujeongwon_0009,gNB_4G_1,-40,gNB_4G_2,-69,0.581632,0,-1,0,29.1322,28
156.5,car_north_base_007_rider,gNB_4G_1,-45,gNB_4G_2,-89,0.425984,0,-1,0,62.2321,28
156.5,ue_n042_0006,gNB_4G_2,-61,gNB_5G,-67,0.45056,0,-1,0,46.3793,28
156.5,car_north_base_008_rider,gNB_4G_1,-41,gNB_5G,-84,0.172032,0,-1,0,61.7895,28
156.5,ue_n043_0008,gNB_4G_2,-52,gNB_5G,-63,0.745472,1,26.0399,0,22.0466,23
156.5,ue_n001_0008,gNB_4G_1,-43,gNB_5G,-70,0.303104,0,-1,0,63.1276,28
157.5,ue_n042_0001,gNB_5G,-113,gNB_4G_1,-126,0,4,6.23993,1,-20.1977,0
157.5,ue_n001_0006,gNB_4G_1,-43,gNB_4G_2,-64,0.679936,0,-1,0,32.4936,28
157.5,car_north_peak_002_rider,gNB_4G_1,-61,gNB_5G,-70,0,8,5.43993,1,42.2485,26
157.5,car_north_peak_003_rider,gNB_4G_2,-48,gNB_4G_1,-56,0.8192,3,36.2399,1,62.8552,26
157.5,ue_n042_0002,gNB_4G_2,-44,gNB_5G,-61,0.679936,0,-1,0,70.4256,28
157.5,ue_ujeongwon_0001,gNB_4G_1,-44,gNB_4G_2,-76,0.393216,0,-1,0,38.7855,28
157.5,ue_n043_0009,gNB_4G_2,-54,gNB_5G,-67,0.745472,1,19.0399,0,8.33492,12
157.5,ue_n043_0010,gNB_4G_2,-56,gNB_4G_1,-71,0.196608,1,15.0399,0,56.4274,28
157.5,ue_n043_0001,gNB_4G_2,-46,gNB_5G,-52,0.352256,3,66.4399,0,68.998,28
157.5,ue_n001_0009,gNB_4G_1,-48,gNB_5G,-77,0.589824,0,-1,0,38.1043,28
157.5,ue_n001_0001,gNB_4G_1,-45,gNB_4G_2,-68,0.589824,0,-1,0,39.8603,28
157.5,ue_n001_0002,gNB_4G_1,-43,gNB_4G_2,-55,0.630784,0,-1,0,7.95233,14
157.5,ue_ujeongwon_0002,gNB_4G_1,-46,gNB_5G,-71,0.8192,0,-1,0,40.5994,28
157.5,ue_n001_0007,gNB_4G_1,-47,gNB_5G,-68,0.270336,0,-1,0,40.5127,28
157.5,ue_n001_0003,gNB_4G_1,-41,gNB_5G,-87,0.548864,0,-1,0,60.1921,28
157.5,car_north_base_001_rider,gNB_4G_2,-53,gNB_5G,-79,0.8192,3,18.6399,1,35.8153,28
157.5,car_north_base_002_rider,gNB_4G_2,-57,gNB_4G_1,-92,0.8192,3,12.6399,1,65.0515,28
157.5,ue_n043_0002,gNB_4G_2,-59,gNB_5G,-69,0.139264,7,47.6399,1,53.6511,28
157.5,ue_n001_0004,gNB_4G_1,-48,gNB_4G_2,-56,0.630784,0,-1,0,64.2942,28
157.5,ue_n043_0003,gNB_4G_2,-44,gNB_5G,-51,0.458752,5,38.4399,0,64.6064,28
157.5,car_north_base_003,gNB_5G,-76,gNB_4G_2,-93,0.589824,7,1.83993,1,36.2109,28
157.5,ue_n042_0004,gNB_4G_2,-42,gNB_5G,-58,0.8192,0,-1,0,68.3768,28
157.5,car_north_base_004,gNB_4G_2,-47,gNB_4G_1,-53,0.139264,3,46.4399,1,65.3494,28
157.5,car_north_base_005,gNB_4G_2,-46,gNB_5G,-51,0.229376,1,45.4399,0,57.5867,28
157.5,ue_n043_0004,gNB_4G_2,-47,gNB_5G,-52,0.745472,5,6.63993,0,65.1064,28
157.5,car_north_base_006_rider,gNB_4G_1,-54,gNB_5G,-76,0,0,-1,0,26.4564,26
157.5,ue_n043_0005,gNB_4G_2,-48,gNB_5G,-49,0.483328,5,6.83993,1,65.1089,28
157.5,ue_ujeongwon_0004,gNB_4G_1,-41,gNB_4G_2,-69,0.114688,0,-1,0,28.262,28
157.5,ue_ujeongwon_0005,gNB_4G_1,-41,gNB_4G_2,-89,0.32768,0,-1,0,31.8658,28
157.5,ue_n001_0005,gNB_4G_1,-38,gNB_4G_2,-84,0.589824,0,-1,0,57.6097,28
157.5,ue_ujeongwon_0006,gNB_4G_1,-40,gNB_5G,-96,0.548864,0,-1,0,69.2425,28
157.5,ue_n042_0007,gNB_4G_2,-59,gNB_5G,-69,0.8192,0,-1,0,52.3894,28
157.5,ue_n043_0006,gNB_4G_2,-57,gNB_4G_1,-62,0.581632,3,26.6399,1,18.0779,16
157.5,ue_ujeongwon_0007,gNB_4G_1,-41,gNB_4G_2,-62,0.8192,0,-1,0,45.1734,28
157.5,ue_ujeongwon_0008,gNB_4G_1,-42,gNB_4G_2,-66,0.352256,0,-1,0,28.9829,27
157.5,ue_n043_0007,gNB_4G_2,-58,gNB_5G,-66,0.344064,5,21.6399,1,53.0826,28
157.5,ue_ujeongwon_0009,gNB_4G_1,-39,gNB_4G_2,-69,0.581632,0,-1,0,31.7812,28
157.5,car_north_base_007_rider,gNB_4G_1,-37,gNB_4G_2,-92,0.434176,0,-1,0,60.0669,28
157.5,ue_n042_0006,gNB_4G_2,-60,gNB_5G,-66,0.458752,0,-1,0,33.2916,28
157.5,car_north_base_008_rider,gNB_4G_1,-40,gNB_5G,-87,0.16384,0,-1,0,28.8224,27
157.5,ue_n043_0008,gNB_4G_2,-53,gNB_5G,-63,0.745472,1,27.0399,0,33.6512,28
157.5,ue_n001_0008,gNB_4G_1,-45,gNB_5G,-66,0.303104,0,-1,0,66.1098,28
158.5,ue_n042_0001,gNB_5G,-113,gNB_4G_1,-126,0,4,7.23993,1,-20.1977,0
158.5,ue_n001_0006,gNB_4G_1,-41,gNB_4G_2,-65,0.679936,0,-1,0,73.403,28
158.5,car_north_peak_002_rider,gNB_4G_1,-61,gNB_5G,-70,0,8,6.43993,1,42.2485,26
158.5,car_north_peak_003_rider,gNB_4G_2,-48,gNB_4G_1,-68,0.8192,3,37.2399,1,44.7013,28
158.5,ue_n042_0002,gNB_4G_2,-47,gNB_5G,-58,0.679936,0,-1,0,50.3639,28
158.5,ue_ujeongwon_0001,gNB_4G_1,-48,gNB_5G,-71,0.393216,0,-1,0,41.5736,28
158.5,ue_n043_0009,gNB_4G_2,-57,gNB_4G_1,-58,0.712704,1,20.0399,0,56.6787,28
158.5,ue_n043_0010,gNB_4G_2,-54,gNB_5G,-76,0.2048,1,16.0399,0,53.5588,28
158.5,ue_n043_0001,gNB_4G_2,-43,gNB_5G,-53,0.360448,3,67.4399,0,66.2923,28
158.5,ue_n001_0009,gNB_4G_1,-44,gNB_4G_2,-79,0.581632,0,-1,0,35.7558,28
158.5,ue_n001_0001,gNB_4G_1,-43,gNB_5G,-61,0.581632,0,-1,0,16.4412,20
158.5,ue_n001_0002,gNB_4G_1,-43,gNB_4G_2,-52,0.622592,0,-1,0,66.4607,28
158.5,ue_ujeongwon_0002,gNB_4G_1,-42,gNB_5G,-67,0.8192,0,-1,0,47.8017,28
158.5,ue_n001_0007,gNB_4G_1,-47,gNB_5G,-71,0.262144,0,-1,0,35.5434,28
158.5,ue_n001_0003,gNB_4G_1,-40,gNB_5G,-92,0.548864,0,-1,0,70.8961,28
158.5,car_north_base_001_rider,gNB_4G_2,-57,gNB_5G,-79,0.8192,3,19.6399,1,40.1488,28
158.5,car_north_base_002_rider,gNB_4G_2,-46,gNB_4G_1,-93,0.8192,3,13.6399,1,48.8614,28
158.5,ue_n043_0002,gNB_4G_2,-57,gNB_5G,-68,0.139264,7,48.6399,1,46.942,28
158.5,ue_n001_0004,gNB_4G_1,-46,gNB_4G_2,-55,0.630784,0,-1,0,65.0461,28
158.5,ue_n043_0003,gNB_4G_2,-46,gNB_5G,-51,0.458752,5,39.4399,0,56.2813,28
158.5,car_north_base_003,gNB_5G,-90,gNB_4G_1,-98,0.581632,7,2.83993,1,6.64662,13
158.5,ue_n042_0004,gNB_4G_2,-43,gNB_5G,-61,0.8192,0,-1,0,66.146,28
158.5,car_north_base_004,gNB_4G_2,-46,gNB_4G_1,-57,0.131072,3,47.4399,1,56.8752,28
158.5,car_north_base_005,gNB_4G_2,-51,gNB_4G_1,-54,0.229376,1,46.4399,0,66.0954,28
158.5,ue_n043_0004,gNB_4G_2,-46,gNB_5G,-50,0.745472,5,7.63993,0,31.5075,28
158.5,car_north_base_006_rider,gNB_4G_1,-54,gNB_5G,-76,0,0,-1,0,26.4564,26
158.5,ue_n043_0005,gNB_4G_2,-46,gNB_5G,-49,0.483328,5,7.83993,1,31.9456,28
158.5,ue_ujeongwon_0004,gNB_4G_1,-44,gNB_4G_2,-69,0.12288,0,-1,0,26.4118,15
158.5,ue_ujeongwon_0005,gNB_4G_1,-41,gNB_4G_2,-69,0.32768,0,-1,0,66.7362,28
158.5,ue_n001_0005,gNB_4G_1,-44,gNB_4G_2,-84,0.581632,0,-1,0,59.9597,28
158.5,ue_ujeongwon_0006,gNB_4G_1,-40,gNB_4G_2,-98,0.540672,0,-1,0,65.4685,28
158.5,ue_n042_0007,gNB_4G_2,-58,gNB_5G,-68,0.8192,0,-1,0,39.6666,28
158.5,ue_n043_0006,gNB_4G_2,-55,gNB_4G_1,-62,0.589824,3,27.6399,1,35.84,28
158.5,ue_ujeongwon_0007,gNB_4G_1,-43,gNB_5G,-74,0.811008,0,-1,0,32.649,27
158.5,ue_ujeongwon_0008,gNB_4G_1,-42,gNB_4G_2,-64,0.360448,0,-1,0,25.4929,25
158.5,ue_n043_0007,gNB_4G_2,-59,gNB_4G_1,-65,0.294912,5,22.6399,1,-1.26293,4
158.5,ue_ujeongwon_0009,gNB_4G_1,-39,gNB_4G_2,-69,0.589824,0,-1,0,55.2228,28
158.5,car_north_base_007_rider,gNB_4G_1,-38,gNB_4G_2,-91,0.434176,0,-1,0,59.2671,28
158.5,ue_n042_0006,gNB_4G_2,-59,gNB_5G,-69,0.45056,0,-1,0,36.6599,28
158.5,car_north_base_008_rider,gNB_4G_1,-41,gNB_4G_2,-71,0.172032,0,-1,0,63.4768,28
158.5,ue_n043_0008,gNB_4G_2,-53,gNB_5G,-61,0.745472,1,28.0399,0,35.5433,28
158.5,ue_n001_0008,gNB_4G_1,-45,gNB_5G,-66,0.303104,0,-1,0,67.9309,5
159.5,ue_n042_0001,gNB_5G,-113,gNB_4G_1,-126,0,4,8.23993,1,-20.1977,0
159.5,ue_n001_0006,gNB_4G_1,-41,gNB_4G_2,-64,0.679936,0,-1,0,68.8479,28
159.5,car_north_peak_002_rider,gNB_4G_1,-61,gNB_5G,-70,0,8,7.43993,1,42.2485,26
159.5,car_north_peak_003_rider,gNB_4G_2,-51,gNB_4G_1,-91,0.8192,3,38.2399,1,61.0954,28
159.5,ue_n042_0002,gNB_4G_2,-47,gNB_5G,-57,0.688128,0,-1,0,46.9676,28
159.5,ue_ujeongwon_0001,gNB_4G_1,-49,gNB_5G,-71,0.385024,0,-1,0,36.6715,28
159.5,ue_n043_0009,gNB_4G_2,-54,gNB_4G_1,-61,0.69632,1,21.0399,0,54.6474,28
159.5,ue_n043_0010,gNB_4G_2,-57,gNB_5G,-76,0.196608,1,17.0399,0,52.2596,28
159.5,ue_n043_0001,gNB_4G_2,-44,gNB_5G,-52,0.352256,3,68.4399,0,67.2302,28
159.5,ue_n001_0009,gNB_4G_1,-47,gNB_5G,-77,0.589824,0,-1,0,64.4051,28
159.5,ue_n001_0001,gNB_4G_1,-46,gNB_5G,-61,0.581632,0,-1,0,26.7933,24
159.5,ue_n001_0002,gNB_4G_1,-45,gNB_4G_2,-56,0.638976,0,-1,0,16.6023,19
159.5,ue_ujeongwon_0002,gNB_4G_1,-44,gNB_5G,-67,0.8192,0,-1,0,38.1582,28
159.5,ue_n001_0007,gNB_4G_1,-48,gNB_5G,-71,0.262144,0,-1,0,58.6708,28
159.5,ue_n001_0003,gNB_4G_1,-38,gNB_4G_2,-94,0.540672,0,-1,0,59.8694,28
159.5,car_north_base_001_rider,gNB_4G_2,-57,gNB_5G,-79,0.8192,3,20.6399,1,39.122,28
159.5,car_north_base_002_rider,gNB_4G_2,-46,gNB_4G_1,-92,0.8192,3,14.6399,1,35.4009,28
159.5,ue_n043_0002,gNB_4G_2,-52,gNB_5G,-67,0.139264,7,49.6399,1,57.8342,28
159.5,ue_n001_0004,gNB_4G_1,-46,gNB_4G_2,-55,0.630784,0,-1,0,60.8265,28
159.5,ue_n043_0003,gNB_4G_2,-46,gNB_5G,-51,0.45056,5,40.4399,0,24.6908,25
159.5,car_north_base_003,gNB_4G_1,-98,gNB_5G,-103,0.016384,7,3.83993,1,6.64662,13
159.5,ue_n042_0004,gNB_4G_2,-45,gNB_5G,-60,0.8192,0,-1,0,67.2509,28
159.5,car_north_base_004,gNB_4G_2,-49,gNB_4G_1,-52,0.131072,3,48.4399,1,62.7477,28
159.5,car_north_base_005,gNB_4G_2,-45,gNB_4G_1,-56,0.221184,1,47.4399,0,64.757,28
159.5,ue_n043_0004,gNB_4G_2,-48,gNB_5G,-52,0.745472,5,8.63993,0,62.1235,28
159.5,car_north_base_006_rider,gNB_4G_1,-54,gNB_5G,-76,0,0,-1,0,26.4564,26
159.5,ue_n043_0005,gNB_4G_2,-47,gNB_5G,-51,0.475136,5,8.83993,1,41.8225,28
159.5,ue_ujeongwon_0004,gNB_4G_1,-41,gNB_4G_2,-69,0.114688,0,-1,0,27.527,22
159.5,ue_ujeongwon_0005,gNB_4G_1,-43,gNB_4G_2,-66,0.32768,0,-1,0,63.5505,28
159.5,ue_n001_0005,gNB_4G_1,-49,gNB_4G_2,-83,0.589824,0,-1,0,41.9893,28
159.5,ue_ujeongwon_0006,gNB_4G_1,-41,gNB_5G,-91,0.548864,0,-1,0,55.1935,28
159.5,ue_n042_0007,gNB_4G_2,-58,gNB_5G,-68,0.8192,0,-1,0,56.3244,28
159.5,ue_n043_0006,gNB_4G_2,-55,gNB_5G,-64,0.483328,3,28.6399,1,48.265,28
159.5,ue_ujeongwon_0007,gNB_4G_1,-42,gNB_4G_2,-67,0.827392,0,-1,0,27.8408,27
159.5,ue_ujeongwon_0008,gNB_4G_1,-41,gNB_4G_2,-62,0.352256,0,-1,0,70.1779,28
159.5,ue_n043_0007,gNB_4G_2,-58,gNB_4G_1,-58,0.28672,5,23.6399,1,52.5214,28
159.5,ue_ujeongwon_0009,gNB_4G_1,-38,gNB_4G_2,-76,0.581632,0,-1,0,62.6997,28
159.5,car_north_base_007_rider,gNB_4G_1,-36,gNB_4G_2,-90,0.425984,0,-1,0,54.9143,28
159.5,ue_n042_0006,gNB_4G_2,-58,gNB_5G,-67,0.458752,0,-1,0,57.3592,28
159.5,car_north_base_008_rider,gNB_4G_1,-41,gNB_4G_2,-75,0.172032,0,-1,0,61.1361,28
159.5,ue_n043_0008,gNB_4G_2,-52,gNB_5G,-59,0.745472,1,29.0399,0,51.8636,28
159.5,ue_n001_0008,gNB_4G_1,-46,gNB_5G,-71,0.303104,0,-1,0,58.8574,28
160.5,ue_n042_0001,gNB_5G,-113,gNB_4G_1,-126,0,4,9.23993,1,-20.1977,0
160.5,ue_n001_0006,gNB_4G_1,-43,gNB_4G_2,-65,0.688128,0,-1,0,50.3737,28
160.5,car_north_peak_002_rider,gNB_4G_1,-61,gNB_5G,-70,0,8,8.43993,1,42.2485,26
160.5,car_north_peak_003_rider,gNB_4G_2,-49,gNB_4G_1,-86,0.8192,3,39.2399,1,32.2154,28
160.5,ue_n042_0002,gNB_4G_2,-46,gNB_5G,-57,0.679936,0,-1,0,63.9229,28
160.5,ue_ujeongwon_0001,gNB_4G_1,-49,gNB_5G,-69,0.393216,0,-1,0,63.0263,28
160.5,ue_n043_0009,gNB_4G_2,-56,gNB_4G_1,-59,0.73728,1,22.0399,0,51.3717,28
160.5,ue_n043_0010,gNB_4G_2,-58,gNB_4G_1,-56,0.16384,1,18.0399,0,52.7848,28
160.5,ue_n043_0001,gNB_4G_2,-44,gNB_5G,-52,0.360448,3,69.4399,0,69.2605,28
160.5,ue_n001_0009,gNB_4G_1,-46,gNB_5G,-77,0.581632,0,-1,0,41.8148,28
160.5,ue_n001_0001,gNB_4G_1,-48,gNB_4G_2,-64,0.589824,0,-1,0,32.2562,28
160.5,ue_n001_0002,gNB_4G_1,-44,gNB_4G_2,-54,0.630784,0,-1,0,18.4011,24
160.5,ue_ujeongwon_0002,gNB_4G_1,-42,gNB_5G,-69,0.8192,0,-1,0,48.96,28
160.5,ue_n001_0007,gNB_4G_1,-47,gNB_5G,-71,0.262144,0,-1,0,42.6374,28
160.5,ue_n001_0003,gNB_4G_1,-43,gNB_5G,-88,0.548864,0,-1,0,54.5535,28
160.5,car_north_base_001_rider,gNB_4G_2,-57,gNB_5G,-79,0.8192,3,21.6399,1,49.3571,28
160.5,car_north_base_002_rider,gNB_4G_2,-58,gNB_4G_1,-94,0.8192,3,15.6399,1,48.5941,28
160.5,ue_n043_0002,gNB_4G_2,-53,gNB_5G,-66,0.073728,7,50.6399,1,43.7527,28
160.5,ue_n001_0004,gNB_4G_1,-43,gNB_4G_2,-54,0.630784,0,-1,0,68.9355,28
160.5,ue_n043_0003,gNB_4G_2,-44,gNB_5G,-50,0.45056,5,41.4399,0,65.748,28
160.5,car_north_base_003,gNB_4G_1,-98,gNB_5G,-103,0,7,4.83993,1,6.64662,13
160.5,ue_n042_0004,gNB_4G_2,-44,gNB_5G,-66,0.8192,0,-1,0,41.8106,28
160.5,car_north_base_004,gNB_4G_2,-46,gNB_4G_1,-52,0.139264,3,49.4399,1,63.9253,28
160.5,car_north_base_005,gNB_4G_2,-46,gNB_4G_1,-54,0.229376,1,48.4399,0,62.2882,28
160.5,ue_n043_0004,gNB_4G_2,-48,gNB_5G,-50,0.745472,5,9.63993,0,40.5713,28
160.5,car_north_base_006_rider,gNB_4G_1,-54,gNB_5G,-76,0,0,-1,0,26.4564,26
160.5,ue_n043_0005,gNB_4G_2,-46,gNB_5G,-49,0.483328,5,9.83993,1,63.817,28
160.5,ue_ujeongwon_0004,gNB_4G_1,-43,gNB_4G_2,-67,0.12288,0,-1,0,63.8442,28
160.5,ue_ujeongwon_0005,gNB_4G_1,-40,gNB_4G_2,-68,0.32768,0,-1,0,62.0488,28
160.5,ue_n001_0005,gNB_4G_1,-62,gNB_4G_2,-83,0.581632,0,-1,0,47.9813,28
160.5,ue_ujeongwon_0006,gNB_4G_1,-43,gNB_4G_2,-92,0.548864,0,-1,0,37.217,27
160.5,ue_n042_0007,gNB_4G_2,-54,gNB_5G,-64,0.8192,0,-1,0,41.8066,28
160.5,ue_n043_0006,gNB_4G_2,-59,gNB_4G_1,-62,0.565248,3,29.6399,1,52.2712,28
160.5,ue_ujeongwon_0007,gNB_4G_1,-41,gNB_4G_2,-64,0.8192,0,-1,0,27.8346,27
160.5,ue_ujeongwon_0008,gNB_4G_1,-42,gNB_4G_2,-62,0.360448,0,-1,0,32.2823,28
160.5,ue_n043_0007,gNB_4G_2,-58,gNB_4G_1,-56,0.360448,5,24.6399,1,50.8804,28
160.5,ue_ujeongwon_0009,gNB_4G_1,-42,gNB_4G_2,-85,0.589824,0,-1,0,51.7323,28
160.5,car_north_base_007_rider,gNB_4G_1,-38,gNB_4G_2,-87,0.434176,0,-1,0,75.7661,28
160.5,ue_n042_0006,gNB_4G_2,-52,gNB_5G,-69,0.45056,0,-1,0,54.4787,28
160.5,car_north_base_008_rider,gNB_4G_1,-43,gNB_4G_2,-68,0.172032,0,-1,0,28.6066,28
160.5,ue_n043_0008,gNB_4G_2,-54,gNB_5G,-58,0.73728,1,30.0399,0,8.88119,13
160.5,ue_n001_0008,gNB_4G_1,-49,gNB_5G,-71,0.303104,0,-1,0,42.1593,12
161.5,ue_n042_0001,gNB_5G,-113,gNB_4G_1,-126,0,4,10.2399,1,-20.1977,0
161.5,ue_n001_0006,gNB_4G_1,-42,gNB_5G,-77,0.679936,0,-1,0,48.4657,28
161.5,ue_n042_0008,gNB_4G_1,-76,gNB_5G,-70,0.270336,1,0.0399284,0,-18.5973,0
161.5,car_north_peak_003_rider,gNB_4G_2,-48,gNB_4G_1,-77,0.8192,3,40.2399,1,29.1748,28
161.5,ue_n042_0002,gNB_4G_2,-42,gNB_5G,-58,0.679936,0,-1,0,65.2872,28
161.5,ue_ujeongwon_0001,gNB_4G_1,-47,gNB_5G,-68,0.385024,0,-1,0,33.369,28
161.5,ue_n043_0009,gNB_4G_2,-55,gNB_5G,-64,0.73728,1,23.0399,0,18.5252,22
161.5,ue_n043_0010,gNB_4G_2,-56,gNB_4G_1,-55,0.188416,1,19.0399,0,54.7414,28
161.5,ue_n043_0001,gNB_4G_2,-42,gNB_5G,-56,0.352256,3,70.4399,0,40.4428,28
161.5,ue_n001_0009,gNB_4G_1,-46,gNB_5G,-73,0.581632,0,-1,0,38.7909,28
161.5,ue_n001_0001,gNB_4G_1,-46,gNB_5G,-68,0.581632,0,-1,0,13.6449,16
161.5,ue_n001_0002,gNB_4G_1,-42,gNB_4G_2,-52,0.507904,0,-1,0,10.0004,7
161.5,ue_ujeongwon_0002,gNB_4G_1,-41,gNB_5G,-68,0.8192,0,-1,0,41.178,28
161.5,ue_n001_0007,gNB_4G_1,-46,gNB_5G,-71,0.270336,0,-1,0,40.3338,28
161.5,ue_n001_0003,gNB_4G_1,-43,gNB_5G,-91,0.548864,0,-1,0,65.4902,28
161.5,car_north_base_001_rider,gNB_4G_2,-52,gNB_5G,-79,0.8192,3,22.6399,1,49.8656,28
161.5,car_north_base_002_rider,gNB_4G_2,-46,gNB_4G_1,-93,0.8192,3,16.6399,1,51.9363,28
161.5,ue_n043_0002,gNB_4G_2,-60,gNB_5G,-68,0,7,51.6399,1,43.7527,28
161.5,ue_n001_0004,gNB_4G_1,-45,gNB_4G_2,-52,0.630784,0,-1,0,62.6991,28
161.5,ue_n043_0003,gNB_4G_2,-45,gNB_5G,-52,0.458752,5,42.4399,0,65.7885,28
161.5,car_north_base_003,gNB_4G_1,-98,gNB_5G,-103,0,7,5.83993,1,6.64662,13
161.5,ue_n042_0004,gNB_4G_2,-62,gNB_5G,-62,0.8192,0,-1,0,46.5746,28
161.5,car_north_base_004,gNB_4G_2,-47,gNB_5G,-52,0.131072,3,50.4399,1,54.9352,28
161.5,car_north_base_005,gNB_4G_2,-48,gNB_5G,-52,0.229376,1,49.4399,0,9.04053,28
161.5,ue_n043_0004,gNB_4G_2,-46,gNB_5G,-49,0.745472,5,10.6399,0,64.8447,28
161.5,car_north_base_006_rider,gNB_4G_1,-54,gNB_5G,-76,0,0,-1,0,26.4564,26
161.5,ue_n043_0005,gNB_4G_2,-47,gNB_5G,-51,0.483328,5,10.8399,1,38.07,28
161.5,ue_ujeongwon_0004,gNB_4G_1,-42,gNB_4G_2,-70,0.114688,0,-1,0,36.2796,27
161.5,ue_ujeongwon_0005,gNB_4G_1,-44,gNB_4G_2,-65,0.32768,0,-1,0,33.9272,28
161.5,ue_n001_0005,gNB_4G_1,-68,gNB_4G_2,-83,0.581632,0,-1,0,71.0026,28
161.5,ue_ujeongwon_0006,gNB_4G_1,-41,gNB_4G_2,-74,0.540672,0,-1,0,26.4865,28
161.5,ue_n042_0007,gNB_4G_2,-53,gNB_5G,-65,0.8192,0,-1,0,39.1979,28
161.5,ue_n043_0006,gNB_4G_2,-59,gNB_4G_1,-59,0.466944,3,30.6399,1,9.42459,11
161.5,ue_ujeongwon_0007,gNB_4G_1,-41,gNB_4G_2,-64,0.8192,0,-1,0,67.7385,28
161.5,ue_ujeongwon_0008,gNB_4G_1,-42,gNB_4G_2,-64,0.352256,0,-1,0,50.4878,28
161.5,ue_n043_0007,gNB_4G_2,-59,gNB_4G_1,-62,0.385024,5,25.6399,1,53.4538,28
161.5,ue_ujeongwon_0009,gNB_4G_1,-38,gNB_4G_2,-84,0.581632,0,-1,0,61.1337,28
161.5,car_north_base_007_rider,gNB_4G_1,-34,gNB_4G_2,-74,0.434176,0,-1,0,77.245,28
161.5,ue_n042_0006,gNB_4G_2,-53,gNB_5G,-66,0.229376,0,-1,0,36.676,28
161.5,car_north_base_008_rider,gNB_4G_1,-43,gNB_4G_2,-68,0.172032,0,-1,0,33.3588,28
161.5,ue_n043_0008,gNB_4G_2,-54,gNB_5G,-57,0.679936,1,31.0399,0,57.1901,28
161.5,ue_n001_0008,gNB_4G_1,-47,gNB_5G,-68,0.303104,0,-1,0,40.5135,16
162.5,ue_n042_0001,gNB_5G,-113,gNB_4G_1,-126,0,4,11.2399,1,-20.1977,0
162.5,ue_n001_0006,gNB_4G_1,-38,gNB_5G,-77,0.679936,0,-1,0,45.6867,28
162.5,ue_n042_0008,gNB_4G_2,-69,gNB_5G,-65,0.524288,2,0.639928,1,24.5269,26
162.5,car_north_peak_003_rider,gNB_4G_2,-47,gNB_4G_1,-72,0.8192,3,41.2399,1,32.1609,28
162.5,ue_n042_0002,gNB_4G_2,-44,gNB_5G,-60,0.688128,0,-1,0,34.2197,28
162.5,ue_ujeongwon_0001,gNB_4G_1,-48,gNB_5G,-69,0.393216,0,-1,0,64.4765,28
162.5,ue_n043_0009,gNB_4G_2,-54,gNB_5G,-64,0.745472,1,24.0399,0,54.2831,28
162.5,ue_n043_0010,gNB_4G_2,-56,gNB_4G_1,-62,0.172032,1,20.0399,0,47.9467,28
162.5,ue_n043_0001,gNB_4G_2,-45,gNB_5G,-58,0.360448,3,71.4399,0,35.4488,28
162.5,ue_n001_0009,gNB_4G_1,-45,gNB_5G,-69,0.589824,0,-1,0,45.4987,28
162.5,ue_n001_0001,gNB_4G_1,-52,gNB_5G,-60,0.589824,0,-1,0,58.3162,28
162.5,ue_n001_0002,gNB_4G_1,-43,gNB_4G_2,-50,0.671744,0,-1,0,57.8068,28
162.5,ue_ujeongwon_0002,gNB_4G_1,-42,gNB_5G,-76,0.8192,0,-1,0,40.5959,28
162.5,ue_n001_0007,gNB_4G_1,-45,gNB_5G,-70,0.262144,0,-1,0,44.7508,28
162.5,ue_n001_0003,gNB_4G_1,-40,gNB_4G_2,-71,0.540672,0,-1,0,59.4035,28
162.5,car_north_base_001_rider,gNB_4G_2,-48,gNB_5G,-79,0.8192,3,23.6399,1,49.7588,28
162.5,car_north_base_002_rider,gNB_4G_2,-46,gNB_4G_1,-92,0.8192,3,17.6399,1,52.0226,28
162.5,ue_n043_0002,gNB_4G_2,-61,gNB_5G,-69,0,7,52.6399,1,43.7527,28
162.5,ue_n001_0004,gNB_4G_1,-45,gNB_4G_2,-54,0.630784,0,-1,0,20.8016,28
162.5,ue_n043_0003,gNB_4G_2,-45,gNB_5G,-51,0.458752,5,43.4399,0,19.6621,24
162.5,car_north_base_003,gNB_4G_2,-95,gNB_4G_1,-98,0,7,6.83993,1,6.64662,13
162.5,ue_n042_0004,gNB_4G_2,-64,gNB_5G,-96,0.8192,0,-1,0,45.6331,28
162.5,car_north_base_004,gNB_4G_2,-51,gNB_5G,-51,0.131072,3,51.4399,1,3.97791,9
162.5,car_north_base_005,gNB_4G_2,-47,gNB_5G,-53,0.229376,1,50.4399,0,60.5668,28
162.5,ue_n043_0004,gNB_4G_2,-46,gNB_5G,-51,0.73728,5,11.6399,0,23.4262,26
162.5,car_north_base_006_rider,gNB_4G_1,-54,gNB_5G,-76,0,0,-1,0,26.4564,26
162.5,ue_n043_0005,gNB_4G_2,-45,gNB_5G,-51,0.483328,5,11.8399,1,64.4247,28
162.5,ue_ujeongwon_0004,gNB_4G_1,-43,gNB_4G_2,-69,0.12288,0,-1,0,44.6663,24
162.5,ue_ujeongwon_0005,gNB_4G_1,-41,gNB_4G_2,-62,0.32768,0,-1,0,67.126,25
162.5,ue_n001_0005,gNB_4G_1,-43,gNB_4G_2,-86,0.589824,0,-1,0,80.0818,28
162.5,ue_ujeongwon_0006,gNB_4G_1,-41,gNB_4G_2,-69,0.548864,0,-1,0,34.2751,28
162.5,ue_n042_0007,gNB_4G_2,-56,gNB_5G,-69,0.8192,0,-1,0,39.6173,28
162.5,ue_n043_0006,gNB_4G_1,-58,gNB_4G_2,-62,0.360448,4,0.439928,0,-5.32235,0
162.5,ue_ujeongwon_0007,gNB_4G_1,-42,gNB_4G_2,-62,0.8192,0,-1,0,25.8287,23
162.5,ue_ujeongwon_0008,gNB_4G_1,-44,gNB_4G_2,-77,0.360448,0,-1,0,28.1254,27
162.5,ue_n043_0007,gNB_4G_2,-57,gNB_4G_1,-62,0.4096,5,26.6399,1,13.3109,28
162.5,ue_ujeongwon_0009,gNB_4G_1,-39,gNB_5G,-89,0.581632,0,-1,0,60.7673,28
162.5,car_north_base_007_rider,gNB_4G_1,-40,gNB_4G_2,-73,0.425984,0,-1,0,55.9279,28
162.5,ue_n042_0006,gNB_4G_2,-54,gNB_5G,-66,0,0,-1,0,36.676,28
162.5,car_north_base_008_rider,gNB_4G_1,-44,gNB_5G,-63,0.16384,0,-1,0,63.2826,28
162.5,ue_n043_0008,gNB_4G_2,-53,gNB_5G,-56,0.69632,1,32.0399,0,8.36779,14
162.5,ue_n001_0008,gNB_4G_1,-47,gNB_5G,-71,0.311296,0,-1,0,33.4857,28
163.5,ue_n042_0001,gNB_5G,-113,gNB_4G_1,-126,0,4,12.2399,1,-20.1977,0
163.5,ue_n001_0006,gNB_4G_1,-44,gNB_5G,-75,0.688128,0,-1,0,47.5389,28
163.5,ue_n042_0008,gNB_4G_2,-65,gNB_5G,-66,0.73728,2,1.63993,1,25.3824,26
163.5,car_north_peak_003_rider,gNB_4G_2,-47,gNB_4G_1,-71,0.8192,3,42.2399,1,62.8291,28
163.5,ue_n042_0002,gNB_4G_2,-41,gNB_5G,-63,0.679936,0,-1,0,17.3364,22
163.5,ue_ujeongwon_0001,gNB_4G_1,-46,gNB_5G,-71,0.393216,0,-1,0,35.4831,28
163.5,ue_n043_0009,gNB_4G_2,-53,gNB_5G,-64,0.745472,1,25.0399,0,57.6112,28
163.5,ue_n043_0010,gNB_4G_2,-62,gNB_5G,-75,0.2048,1,21.0399,0,56.8137,28
163.5,ue_n043_0001,gNB_4G_2,-45,gNB_5G,-56,0.352256,3,72.4399,0,66.6432,28
163.5,ue_n001_0009,gNB_4G_1,-45,gNB_5G,-69,0.581632,0,-1,0,37.7905,28
163.5,ue_n001_0001,gNB_4G_1,-50,gNB_5G,-64,0.581632,0,-1,0,20.78,25
163.5,ue_n001_0002,gNB_4G_1,-41,gNB_4G_2,-52,0.630784,0,-1,0,68.4533,28
163.5,ue_ujeongwon_0002,gNB_4G_1,-46,gNB_4G_2,-83,0.8192,0,-1,0,41.3929,28
163.5,ue_n001_0007,gNB_4G_1,-44,gNB_5G,-66,0.262144,0,-1,0,39.0587,28
163.5,ue_n001_0003,gNB_4G_1,-42,gNB_4G_2,-75,0.548864,0,-1,0,32.9407,28
163.5,car_north_base_001_rider,gNB_4G_2,-48,gNB_5G,-79,0.8192,3,24.6399,1,47.0764,28
163.5,car_north_base_002_rider,gNB_4G_2,-46,gNB_4G_1,-93,0.8192,3,18.6399,1,51.5729,28
163.5,ue_n043_0002,gNB_4G_2,-61,gNB_5G,-69,0,7,53.6399,1,43.7527,28
163.5,ue_n001_0004,gNB_4G_1,-43,gNB_4G_2,-55,0.630784,0,-1,0,59.8261,28
163.5,ue_n043_0003,gNB_4G_2,-44,gNB_5G,-52,0.45056,5,44.4399,0,64.9536,28
163.5,car_north_base_003,gNB_4G_2,-95,gNB_4G_1,-98,0,7,7.83993,1,6.64662,13
163.5,ue_n042_0004,gNB_4G_2,-65,gNB_5G,-94,0.8192,0,-1,0,42.0618,28
163.5,car_north_base_004,gNB_4G_2,-48,gNB_4G_1,-52,0.139264,3,52.4399,1,63.0541,28
163.5,car_north_base_005,gNB_4G_2,-47,gNB_4G_1,-53,0.229376,1,51.4399,0,65.7432,28
163.5,ue_n043_0004,gNB_4G_2,-47,gNB_5G,-49,0.753664,5,12.6399,0,27.5128,27
163.5,car_north_base_006_rider,gNB_4G_1,-54,gNB_5G,-76,0,0,-1,0,26.4564,26
163.5,ue_n043_0005,gNB_4G_2,-46,gNB_5G,-49,0.483328,5,12.8399,1,30.5547,27
163.5,ue_ujeongwon_0004,gNB_4G_1,-43,gNB_4G_2,-84,0.114688,0,-1,0,29.0777,22
163.5,ue_ujeongwon_0005,gNB_4G_1,-40,gNB_4G_2,-62,0.32768,0,-1,0,65.1135,28
163.5,ue_n001_0005,gNB_4G_1,-39,gNB_4G_2,-84,0.581632,0,-1,0,77.4018,28
163.5,ue_ujeongwon_0006,gNB_4G_1,-43,gNB_4G_2,-71,0.548864,0,-1,0,33.071,28
163.5,ue_n042_0007,gNB_4G_2,-56,gNB_5G,-73,0.8192,0,-1,0,40.6663,28
163.5,ue_n043_0006,gNB_4G_2,-65,gNB_5G,-64,0.475136,5,0.639928,1,38.4392,28
163.5,ue_ujeongwon_0007,gNB_4G_1,-40,gNB_4G_2,-64,0.8192,0,-1,0,62.5909,28
163.5,ue_ujeongwon_0008,gNB_4G_1,-41,gNB_4G_2,-67,0.352256,0,-1,0,24.9076,25
163.5,ue_n043_0007,gNB_4G_2,-57,gNB_4G_1,-64,0.4096,5,27.6399,1,55.2733,28
163.5,ue_ujeongwon_0009,gNB_4G_1,-42,gNB_5G,-97,0.589824,0,-1,0,59.3719,28
163.5,car_north_base_007_rider,gNB_4G_1,-39,gNB_4G_2,-93,0.434176,0,-1,0,59.9712,28
163.5,ue_n042_0006,gNB_4G_2,-54,gNB_5G,-66,0,0,-1,0,36.676,28
163.5,car_north_base_008_rider,gNB_4G_1,-45,gNB_5G,-61,0.172032,0,-1,0,58.7852,28
163.5,ue_n043_0008,gNB_4G_2,-54,gNB_5G,-55,0.663552,1,33.0399,0,0.528093,6
163.5,ue_n001_0008,gNB_4G_1,-48,gNB_5G,-71,0.303104,0,-1,0,36.6733,16
164.5,ue_n042_0001,gNB_5G,-113,gNB_4G_1,-126,0,4,13.2399,1,-20.1977,0
164.5,ue_n001_0006,gNB_4G_1,-44,gNB_5G,-77,0.679936,0,-1,0,49.9333,28
164.5,ue_n042_0008,gNB_4G_2,-64,gNB_5G,-68,0.745472,2,2.63993,1,44.6081,28
164.5,car_north_peak_003_rider,gNB_4G_2,-49,gNB_4G_1,-70,0.8192,3,43.2399,1,60.817,28
164.5,ue_n042_0002,gNB_4G_2,-46,gNB_4G_1,-49,0.524288,0,-1,0,32.0496,28
164.5,ue_ujeongwon_0001,gNB_4G_1,-49,gNB_5G,-70,0.385024,0,-1,0,67.0469,28
164.5,ue_n043_0009,gNB_4G_2,-53,gNB_5G,-63,0.745472,1,26.0399,0,31.5166,28
164.5,ue_n043_0010,gNB_4G_2,-54,gNB_5G,-75,0.196608,1,22.0399,0,35.6921,28
164.5,ue_n043_0001,gNB_4G_2,-44,gNB_5G,-54,0.352256,3,73.4399,0,63.9007,28
164.5,ue_n001_0009,gNB_4G_1,-46,gNB_5G,-70,0.589824,0,-1,0,65.7095,28
164.5,ue_n001_0001,gNB_4G_1,-47,gNB_5G,-62,0.581632,0,-1,0,17.0376,18
164.5,ue_n001_0002,gNB_4G_1,-44,gNB_4G_2,-51,0.622592,0,-1,0,15.2723,16
164.5,ue_ujeongwon_0002,gNB_4G_1,-47,gNB_5G,-75,0.8192,0,-1,0,38.7068,28
164.5,ue_n001_0007,gNB_4G_1,-47,gNB_5G,-68,0.262144,0,-1,0,63.544,28
164.5,ue_n001_0003,gNB_4G_1,-48,gNB_4G_2,-70,0.548864,0,-1,0,33.1411,28
164.5,car_north_base_001_rider,gNB_4G_2,-48,gNB_5G,-79,0.8192,3,25.6399,1,62.3899,28
164.5,car_north_base_002_rider,gNB_4G_2,-46,gNB_4G_1,-93,0.8192,3,19.6399,1,65.0515,28
164.5,ue_n043_0002,gNB_4G_2,-61,gNB_5G,-69,0,7,54.6399,1,43.7527,28
164.5,ue_n001_0004,gNB_4G_1,-45,gNB_4G_2,-57,0.630784,0,-1,0,68.7209,28
164.5,ue_n043_0003,gNB_4G_2,-46,gNB_5G,-52,0.458752,5,45.4399,0,10.1683,28
164.5,car_north_base_003,gNB_4G_2,-95,gNB_4G_1,-98,0,7,8.83993,1,6.64662,13
164.5,ue_n042_0004,gNB_4G_2,-68,gNB_5G,-91,0.8192,0,-1,0,42.0575,28
164.5,car_north_base_004,gNB_4G_2,-47,gNB_5G,-52,0.131072,3,53.4399,1,64.4022,28
164.5,car_north_base_005,gNB_4G_2,-48,gNB_5G,-51,0.221184,1,52.4399,0,59.7894,28
164.5,ue_n043_0004,gNB_4G_2,-45,gNB_5G,-47,0.745472,5,13.6399,0,65.7682,28
164.5,ue_n001_0010,gNB_4G_1,-51,gNB_5G,-76,0.4096,0,-1,0,43.8905,28
164.5,ue_n043_0005,gNB_4G_2,-45,gNB_5G,-53,0.475136,5,13.8399,1,64.1464,28
164.5,ue_ujeongwon_0004,gNB_4G_1,-43,gNB_4G_2,-70,0.12288,0,-1,0,60.3717,28
164.5,ue_ujeongwon_0005,gNB_4G_1,-39,gNB_4G_2,-61,0.32768,0,-1,0,60.9562,28
164.5,ue_n001_0005,gNB_4G_1,-38,gNB_4G_2,-84,0.589824,0,-1,0,74.434,28
164.5,ue_ujeongwon_0006,gNB_4G_1,-41,gNB_4G_2,-71,0.540672,0,-1,0,41.5757,27
164.5,ue_n042_0007,gNB_4G_2,-52,gNB_5G,-70,0.8192,0,-1,0,56.3256,28
164.5,ue_n043_0006,gNB_4G_2,-52,gNB_5G,-76,0.589824,5,1.63993,1,39.783,28
164.5,ue_ujeongwon_0007,gNB_4G_1,-40,gNB_4G_2,-63,0.8192,0,-1,0,23.777,22
164.5,ue_ujeongwon_0008,gNB_4G_1,-42,gNB_4G_2,-62,0.360448,0,-1,0,66.814,28
164.5,ue_n043_0007,gNB_4G_2,-56,gNB_5G,-74,0.335872,5,28.6399,1,50.0258,28
164.5,ue_ujeongwon_0009,gNB_4G_1,-39,gNB_5G,-94,0.581632,0,-1,0,58.1018,28
164.5,car_north_base_007_rider,gNB_4G_1,-39,gNB_4G_2,-86,0.425984,0,-1,0,64.4234,28
164.5,ue_n042_0006,gNB_4G_2,-54,gNB_5G,-66,0,0,-1,0,36.676,28
164.5,car_north_base_008_rider,gNB_4G_1,-47,gNB_5G,-60,0.172032,0,-1,0,39.4009,28
164.5,ue_n043_0008,gNB_4G_2,-56,gNB_5G,-54,0.761856,1,34.0399,0,11.0629,14
164.5,ue_n001_0008,gNB_4G_1,-47,gNB_5G,-71,0.303104,0,-1,0,66.8432,28
165.5,ue_n042_0001,gNB_5G,-113,gNB_4G_1,-126,0,4,14.2399,1,-20.1977,0
165.5,ue_n001_0006,gNB_4G_1,-42,gNB_5G,-77,0.688128,0,-1,0,68.8453,28
165.5,ue_n042_0008,gNB_4G_2,-66,gNB_5G,-70,0.745472,2,3.63993,1,23.4565,24
165.5,car_north_peak_003_rider,gNB_4G_2,-50,gNB_5G,-62,0.811008,3,44.2399,1,19.538,22
165.5,ue_n042_0002,gNB_4G_1,-49,gNB_5G,-62,0.688128,1,0.839928,0,45.1294,28
165.5,ue_ujeongwon_0001,gNB_4G_1,-49,gNB_5G,-68,0.393216,0,-1,0,63.7987,28
165.5,ue_n043_0009,gNB_4G_2,-56,gNB_5G,-61,0.745472,1,27.0399,0,36.8102,28
165.5,ue_n043_0010,gNB_4G_2,-55,gNB_5G,-75,0.2048,1,23.0399,0,54.4081,28
165.5,ue_n043_0001,gNB_4G_2,-47,gNB_5G,-53,0.360448,3,74.4399,0,67.1515,28
165.5,ue_n001_0009,gNB_4G_1,-47,gNB_5G,-69,0.581632,0,-1,0,57.9885,28
165.5,ue_n001_0001,gNB_4G_1,-51,gNB_5G,-67,0.589824,0,-1,0,29.2217,28
165.5,ue_n001_0002,gNB_4G_1,-44,gNB_4G_2,-52,0.630784,0,-1,0,63.214,28
165.5,ue_ujeongwon_0002,gNB_4G_1,-43,gNB_4G_2,-79,0.8192,0,-1,0,56.9805,28
165.5,ue_n001_0007,gNB_4G_1,-44,gNB_5G,-69,0.270336,0,-1,0,37.928,28
165.5,ue_n001_0003,gNB_4G_1,-41,gNB_4G_2,-71,0.540672,0,-1,0,26.8839,28
165.5,car_north_base_001_rider,gNB_4G_2,-48,gNB_5G,-79,0.8192,3,26.6399,1,51.117,28
165.5,car_north_base_002_rider,gNB_4G_2,-46,gNB_4G_1,-92,0.8192,3,20.6399,1,51.3005,28
165.5,ue_n043_0002,gNB_4G_2,-61,gNB_5G,-69,0,7,55.6399,1,43.7527,28
165.5,ue_n001_0004,gNB_4G_1,-47,gNB_4G_2,-58,0.630784,0,-1,0,67.6766,28
165.5,ue_n043_0003,gNB_4G_2,-44,gNB_5G,-51,0.45056,5,46.4399,0,17.0596,22
165.5,car_north_base_003,gNB_4G_2,-95,gNB_4G_1,-98,0,7,9.83993,1,6.64662,13
165.5,ue_n042_0004,gNB_4G_2,-69,gNB_5G,-93,0.8192,0,-1,0,66.9096,28
165.5,car_north_base_004,gNB_4G_2,-47,gNB_5G,-58,0.139264,3,54.4399,1,62.9169,28
165.5,car_north_base_005,gNB_4G_2,-52,gNB_4G_1,-54,0.229376,1,53.4399,0,57.74,28
165.5,ue_n043_0004,gNB_4G_2,-45,gNB_5G,-49,0.73728,5,14.6399,0,57.6299,28
165.5,ue_n001_0010,gNB_4G_1,-44,gNB_4G_2,-79,0.8192,0,-1,0,36.0381,28
165.5,ue_n043_0005,gNB_4G_2,-46,gNB_5G,-49,0.483328,5,14.8399,1,25.9283,27
165.5,ue_ujeongwon_0004,gNB_4G_1,-45,gNB_4G_2,-74,0.114688,0,-1,0,35.3815,28
165.5,ue_ujeongwon_0005,gNB_4G_1,-39,gNB_4G_2,-61,0.32768,0,-1,0,13.3505,22
165.5,ue_n001_0005,gNB_4G_1,-37,gNB_5G,-75,0.581632,0,-1,0,80.2226,28
165.5,ue_ujeongwon_0006,gNB_4G_1,-41,gNB_4G_2,-69,0.548864,0,-1,0,28.0943,28
165.5,ue_n042_0007,gNB_4G_2,-56,gNB_5G,-67,0.8192,0,-1,0,33.2437,28
165.5,ue_n043_0006,gNB_4G_2,-54,gNB_5G,-78,0.581632,5,2.63993,1,55.6971,28
165.5,ue_ujeongwon_0007,gNB_4G_1,-41,gNB_4G_2,-63,0.8192,0,-1,0,20.7776,25
165.5,ue_ujeongwon_0008,gNB_4G_1,-42,gNB_4G_2,-66,0.352256,0,-1,0,19.7232,24
165.5,ue_n043_0007,gNB_4G_2,-59,gNB_4G_1,-62,0.270336,5,29.6399,1,9.06576,28
165.5,ue_ujeongwon_0009,gNB_4G_1,-40,gNB_5G,-93,0.589824,0,-1,0,69.5886,28
165.5,car_north_base_007_rider,gNB_4G_1,-35,gNB_4G_2,-88,0.434176,0,-1,0,65.925,28
165.5,ue_n042_0006,gNB_4G_2,-54,gNB_5G,-66,0,0,-1,0,36.676,28
165.5,car_north_base_008_rider,gNB_4G_1,-48,gNB_5G,-62,0.16384,0,-1,0,55.5788,28
165.5,ue_n043_0008,gNB_4G_2,-52,gNB_5G,-53,0.745472,1,35.0399,0,36.7841,28
165.5,ue_n001_0008,gNB_4G_1,-46,gNB_5G,-71,0.303104,0,-1,0,41.484,7
166.5,ue_n042_0001,gNB_5G,-113,gNB_4G_1,-126,0,4,15.2399,1,-20.1977,0
166.5,ue_n001_0006,gNB_4G_1,-40,gNB_5G,-76,0.679936,0,-1,0,72.9619,28
166.5,ue_n042_0008,gNB_4G_2,-67,gNB_5G,-67,0.745472,2,4.63993,1,27.8817,26
166.5,car_north_peak_003_rider,gNB_4G_2,-51,gNB_5G,-59,0.8192,3,45.2399,1,32.3061,28
166.5,ue_n042_0002,gNB_4G_1,-49,gNB_5G,-59,0.679936,1,1.83993,0,60.4255,28
166.5,ue_ujeongwon_0001,gNB_4G_1,-46,gNB_5G,-67,0.393216,0,-1,0,67.6471,28
166.5,ue_n043_0009,gNB_4G_2,-52,gNB_5G,-59,0.745472,1,28.0399,0,35.3133,28
166.5,ue_n043_0010,gNB_4G_2,-56,gNB_5G,-75,0.196608,1,24.0399,0,56.0278,28
166.5,ue_n043_0001,gNB_4G_2,-44,gNB_5G,-56,0.352256,3,75.4399,0,43.5244,28
166.5,ue_n001_0009,gNB_4G_1,-47,gNB_5G,-69,0.589824,0,-1,0,63.6275,28
166.5,ue_n001_0001,gNB_4G_1,-51,gNB_5G,-67,0.581632,0,-1,0,23.531,24
166.5,ue_n001_0002,gNB_4G_1,-41,gNB_4G_2,-56,0.630784,0,-1,0,62.597,28
166.5,ue_ujeongwon_0002,gNB_4G_1,-44,gNB_5G,-79,0.8192,0,-1,0,56.8471,28
166.5,ue_n001_0007,gNB_4G_1,-42,gNB_5G,-68,0.262144,0,-1,0,65.5877,28
166.5,ue_n001_0003,gNB_4G_1,-41,gNB_4G_2,-70,0.548864,0,-1,0,31.7584,28
166.5,car_north_base_001_rider,gNB_4G_2,-48,gNB_5G,-79,0.8192,3,27.6399,1,50.1388,28
166.5,car_north_base_002_rider,gNB_4G_2,-46,gNB_4G_1,-92,0.8192,3,21.6399,1,51.1636,28
166.5,ue_n043_0002,gNB_4G_2,-61,gNB_5G,-69,0,7,56.6399,1,43.7527,28
166.5,ue_n001_0004,gNB_4G_1,-50,gNB_4G_2,-59,0.630784,0,-1,0,67.0535,28
166.5,ue_n043_0003,gNB_4G_2,-45,gNB_5G,-53,0.458752,5,47.4399,0,66.4093,27
166.5,car_north_base_003,gNB_4G_2,-95,gNB_4G_1,-105,0,7,10.8399,1,6.64662,13
166.5,ue_n042_0004,gNB_4G_2,-48,gNB_5G,-81,0.8192,0,-1,0,65.9597,28
166.5,car_north_base_004,gNB_4G_2,-49,gNB_5G,-57,0.131072,3,55.4399,1,52.9447,28
166.5,car_north_base_005,gNB_4G_2,-50,gNB_5G,-54,0.229376,1,54.4399,0,62.6395,28
166.5,ue_n043_0004,gNB_4G_2,-47,gNB_5G,-48,0.745472,5,15.6399,0,65.7809,28
166.5,ue_n001_0010,gNB_4G_1,-44,gNB_4G_2,-80,0.8192,0,-1,0,39.412,28
166.5,ue_n043_0005,gNB_4G_2,-45,gNB_5G,-47,0.483328,5,15.8399,1,24.4663,25
166.5,ue_ujeongwon_0004,gNB_4G_1,-43,gNB_4G_2,-72,0.114688,0,-1,0,28.0452,28
166.5,ue_ujeongwon_0005,gNB_4G_1,-42,gNB_4G_2,-60,0.32768,0,-1,0,56.8129,27
166.5,ue_n001_0005,gNB_4G_1,-39,gNB_5G,-63,0.589824,0,-1,0,78.3364,28
166.5,ue_ujeongwon_0006,gNB_4G_1,-41,gNB_4G_2,-68,0.548864,0,-1,0,63.2689,28
166.5,ue_n042_0007,gNB_4G_2,-59,gNB_5G,-69,0.8192,0,-1,0,51.1412,28
166.5,ue_n043_0006,gNB_4G_2,-55,gNB_5G,-66,0.581632,5,3.63993,1,26.9784,27
166.5,ue_ujeongwon_0007,gNB_4G_1,-42,gNB_4G_2,-61,0.8192,0,-1,0,25.3328,21
166.5,ue_ujeongwon_0008,gNB_4G_1,-50,gNB_4G_2,-64,0.360448,0,-1,0,60.5137,28
166.5,ue_n043_0007,gNB_4G_2,-59,gNB_4G_1,-59,0.303104,5,30.6399,1,8.15449,8
166.5,ue_ujeongwon_0009,gNB_4G_1,-40,gNB_5G,-96,0.581632,0,-1,0,59.1184,28
166.5,car_north_base_007_rider,gNB_4G_1,-36,gNB_4G_2,-92,0.434176,0,-1,0,80.3325,28
166.5,ue_n042_0006,gNB_4G_2,-54,gNB_5G,-66,0,0,-1,0,36.676,28
166.5,car_north_base_008_rider,gNB_4G_2,-45,gNB_4G_1,-50,0.139264,1,0.439928,0,65.0803,28
166.5,ue_n043_0008,gNB_5G,-46,gNB_4G_2,-52,0.745472,2,0.439928,0,66.5877,28
166.5,ue_n001_0008,gNB_4G_1,-45,gNB_5G,-70,0.303104,0,-1,0,69.6611,4
167.5,ue_n042_0001,gNB_5G,-113,gNB_4G_1,-126,0,4,16.2399,1,-20.1977,0
167.5,ue_n001_0006,gNB_4G_1,-37,gNB_5G,-80,0.679936,0,-1,0,54.3382,28
167.5,ue_n042_0008,gNB_4G_2,-65,gNB_5G,-65,0.745472,2,5.63993,1,36.6519,28
167.5,car_north_peak_003_rider,gNB_4G_2,-50,gNB_5G,-60,0.827392,3,46.2399,1,38.5375,28
167.5,ue_n042_0002,gNB_4G_1,-50,gNB_5G,-60,0.679936,1,2.83993,0,33.3783,27
167.5,ue_ujeongwon_0001,gNB_4G_1,-47,gNB_5G,-69,0.385024,0,-1,0,62.7464,28
167.5,ue_n043_0009,gNB_4G_2,-54,gNB_5G,-60,0.745472,1,29.0399,0,31.0482,28
167.5,ue_n043_0010,gNB_4G_2,-55,gNB_4G_1,-57,0.180224,1,25.0399,0,55.3918,28
167.5,ue_n043_0001,gNB_4G_2,-42,gNB_5G,-57,0.360448,3,76.4399,0,64.0182,28
167.5,ue_n001_0009,gNB_4G_1,-46,gNB_5G,-71,0.581632,0,-1,0,39.8956,28
167.5,ue_n001_0001,gNB_4G_1,-47,gNB_5G,-67,0.57344,0,-1,0,9.7709,16
167.5,ue_n001_0002,gNB_4G_1,-45,gNB_4G_2,-54,0.630784,0,-1,0,68.8539,28
167.5,ue_ujeongwon_0002,gNB_4G_1,-44,gNB_5G,-79,0.8192,0,-1,0,57.1952,28
167.5,ue_n001_0007,gNB_4G_1,-45,gNB_5G,-82,0.262144,0,-1,0,67.6386,28
167.5,ue_n001_0003,gNB_4G_1,-41,gNB_4G_2,-69,0.548864,0,-1,0,65.8619,28
167.5,car_north_base_001_rider,gNB_4G_2,-48,gNB_5G,-79,0.8192,3,28.6399,1,50.1265,28
167.5,car_north_base_002_rider,gNB_4G_2,-46,gNB_4G_1,-92,0.8192,3,22.6399,1,51.7658,28
167.5,ue_n043_0002,gNB_4G_2,-61,gNB_5G,-69,0,7,57.6399,1,43.7527,28
167.5,ue_n001_0004,gNB_4G_1,-49,gNB_4G_2,-60,0.630784,0,-1,0,67.3528,28
167.5,ue_n043_0003,gNB_4G_2,-44,gNB_5G,-51,0.458752,5,48.4399,0,59.5104,28
167.5,car_north_base_003,gNB_4G_2,-95,gNB_4G_1,-99,0,7,11.8399,1,6.64662,13
167.5,ue_n042_0004,gNB_4G_2,-41,gNB_5G,-63,0.8192,0,-1,0,66.9378,28
167.5,car_north_base_004,gNB_4G_2,-49,gNB_5G,-57,0.139264,3,56.4399,1,56.5939,28
167.5,car_north_base_005,gNB_4G_2,-47,gNB_5G,-54,0.229376,1,55.4399,0,63.9547,28
167.5,ue_n043_0004,gNB_4G_2,-45,gNB_5G,-51,0.745472,5,16.6399,0,60.4079,28
167.5,ue_n001_0010,gNB_4G_1,-47,gNB_5G,-76,0.8192,0,-1,0,29.7706,28
167.5,ue_n043_0005,gNB_4G_2,-45,gNB_5G,-48,0.483328,5,16.8399,1,63.6475,28
167.5,ue_ujeongwon_0004,gNB_4G_1,-43,gNB_4G_2,-69,0.12288,0,-1,0,58.1667,20
167.5,ue_ujeongwon_0005,gNB_4G_1,-44,gNB_5G,-63,0.32768,0,-1,0,61.2717,28
167.5,ue_n001_0005,gNB_4G_1,-36,gNB_5G,-63,0.581632,0,-1,0,47.7178,28
167.5,ue_ujeongwon_0006,gNB_4G_1,-42,gNB_4G_2,-69,0.540672,0,-1,0,66.1983,28
167.5,ue_n042_0007,gNB_4G_2,-55,gNB_5G,-69,0.8192,0,-1,0,53.6071,28
167.5,ue_n043_0006,gNB_4G_2,-56,gNB_5G,-65,0.589824,5,4.63993,1,36.2586,28
167.5,ue_ujeongwon_0007,gNB_4G_1,-52,gNB_4G_2,-62,0.8192,0,-1,0,65.9929,28
167.5,ue_ujeongwon_0008,gNB_4G_1,-43,gNB_4G_2,-62,0.352256,0,-1,0,68.1385,28
167.5,ue_n043_0007,gNB_4G_1,-58,gNB_4G_2,-62,0.212992,6,0.439928,0,-4.99991,0
167.5,ue_ujeongwon_0009,gNB_4G_1,-40,gNB_4G_2,-98,0.589824,0,-1,0,59.9704,28
167.5,car_north_base_007_rider,gNB_4G_1,-40,gNB_4G_2,-89,0.425984,0,-1,0,53.3301,28
167.5,ue_n042_0006,gNB_4G_2,-54,gNB_5G,-66,0,0,-1,0,36.676,28
167.5,car_north_base_008_rider,gNB_4G_2,-45,gNB_4G_1,-50,0.172032,1,1.43993,0,69.0164,28
167.5,ue_n043_0008,gNB_5G,-45,gNB_4G_2,-55,0.745472,2,1.43993,0,65.9802,28
167.5,ue_n001_0008,gNB_4G_1,-44,gNB_5G,-66,0.303104,0,-1,0,39.0936,28
168.5,ue_n042_0001,gNB_5G,-113,gNB_4G_1,-126,0,4,17.2399,1,-20.1977,0
168.5,ue_n001_0006,gNB_4G_1,-37,gNB_5G,-76,0.688128,0,-1,0,72.1759,28
168.5,ue_n042_0008,gNB_4G_2,-64,gNB_5G,-68,0.745472,2,6.63993,1,20.432,25
168.5,car_north_peak_003_rider,gNB_4G_2,-50,gNB_5G,-60,0.8192,3,47.2399,1,28.5254,22
168.5,ue_n042_0002,gNB_4G_1,-48,gNB_5G,-64,0.688128,1,3.83993,0,34.9197,28
168.5,ue_ujeongwon_0001,gNB_4G_1,-47,gNB_5G,-67,0.393216,0,-1,0,66.1682,28
168.5,ue_n043_0009,gNB_4G_2,-53,gNB_5G,-61,0.73728,1,30.0399,0,18.8916,18
168.5,ue_n043_0010,gNB_4G_2,-55,gNB_4G_1,-57,0.196608,1,26.0399,0,53.1327,28
168.5,ue_n043_0001,gNB_4G_2,-45,gNB_5G,-54,0.352256,3,77.4399,0,65.3678,28
168.5,ue_n001_0009,gNB_4G_1,-46,gNB_5G,-71,0.581632,0,-1,0,60.9012,28
168.5,ue_n001_0001,gNB_4G_1,-46,gNB_4G_2,-52,0.475136,0,-1,0,-6.17308,0
168.5,ue_n001_0002,gNB_4G_1,-47,gNB_4G_2,-52,0.622592,0,-1,0,13.6864,13
168.5,ue_ujeongwon_0002,gNB_4G_1,-44,gNB_5G,-81,0.8192,0,-1,0,63.6239,28
168.5,ue_n001_0007,gNB_4G_1,-48,gNB_5G,-79,0.262144,0,-1,0,60.8313,28
168.5,ue_n001_0003,gNB_4G_1,-43,gNB_4G_2,-68,0.540672,0,-1,0,69.7803,28
168.5,car_north_base_001_rider,gNB_4G_2,-48,gNB_5G,-79,0.8192,3,29.6399,1,50.2137,28
168.5,car_north_base_002_rider,gNB_4G_2,-46,gNB_4G_1,-92,0.8192,3,23.6399,1,48.7145,0
168.5,ue_n043_0002,gNB_4G_2,-61,gNB_5G,-69,0,7,58.6399,1,43.7527,28
168.5,ue_n001_0004,gNB_4G_1,-49,gNB_4G_2,-56,0.622592,0,-1,0,66.8839,28
168.5,ue_n043_0003,gNB_4G_2,-45,gNB_5G,-51,0.45056,5,49.4399,0,65.1941,28
168.5,car_north_base_003,gNB_4G_2,-95,gNB_4G_1,-98,0,7,12.8399,1,6.64662,13
168.5,ue_n042_0004,gNB_4G_2,-45,gNB_5G,-61,0.8192,0,-1,0,64.1283,28
168.5,car_north_base_004,gNB_4G_2,-52,gNB_5G,-55,0.131072,3,57.4399,1,61.3399,28
168.5,car_north_base_005,gNB_4G_2,-47,gNB_5G,-54,0.221184,1,56.4399,0,61.5281,28
168.5,ue_n043_0004,gNB_4G_2,-54,gNB_5G,-51,0.745472,5,17.6399,0,50.5258,28
168.5,ue_n001_0010,gNB_4G_1,-43,gNB_4G_2,-78,0.8192,0,-1,0,39.5531,28
168.5,ue_n043_0005,gNB_4G_2,-47,gNB_5G,-48,0.483328,5,17.8399,1,28.2507,28
168.5,ue_ujeongwon_0004,gNB_4G_1,-45,gNB_4G_2,-71,0.114688,0,-1,0,60.3195,20
168.5,ue_ujeongwon_0005,gNB_4G_1,-42,gNB_5G,-60,0.32768,0,-1,0,69.9735,28
168.5,ue_n001_0005,gNB_4G_1,-39,gNB_4G_2,-82,0.581632,0,-1,0,78.6099,28
168.5,ue_ujeongwon_0006,gNB_4G_1,-42,gNB_4G_2,-67,0.540672,0,-1,0,63.855,28
168.5,ue_n042_0007,gNB_4G_2,-57,gNB_5G,-68,0.8192,0,-1,0,38.0017,28
168.5,ue_n043_0006,gNB_4G_2,-57,gNB_5G,-68,0.581632,5,5.63993,1,30.8499,28
168.5,ue_ujeongwon_0007,gNB_4G_1,-43,gNB_4G_2,-60,0.8192,0,-1,0,66.414,28
168.5,ue_ujeongwon_0008,gNB_4G_1,-40,gNB_4G_2,-63,0.360448,0,-1,0,61.5347,28
168.5,ue_n043_0007,gNB_4G_2,-65,gNB_5G,-64,0.385024,7,0.639928,1,45.9503,28
168.5,ue_ujeongwon_0009,gNB_4G_1,-41,gNB_5G,-90,0.581632,0,-1,0,68.8466,28
168.5,car_north_base_007_rider,gNB_4G_1,-41,gNB_4G_2,-83,0.434176,0,-1,0,77.4286,28
168.5,ue_n042_0006,gNB_4G_2,-54,gNB_5G,-66,0,0,-1,0,36.676,28
168.5,car_north_base_008_rider,gNB_4G_2,-42,gNB_4G_1,-51,0.16384,1,2.43993,0,12.631,7
168.5,ue_n043_0008,gNB_5G,-44,gNB_4G_2,-52,0.745472,2,2.43993,0,66.8091,28
168.5,ue_n001_0008,gNB_4G_1,-47,gNB_5G,-68,0.303104,0,-1,0,43.8367,28
169.5,ue_n042_0001,gNB_5G,-113,gNB_4G_1,-126,0,4,18.2399,1,-20.1977,0
169.5,ue_n001_0006,gNB_4G_1,-38,gNB_5G,-77,0.679936,0,-1,0,73.3219,28
169.5,ue_n042_0008,gNB_4G_2,-68,gNB_5G,-68,0.745472,2,7.63993,1,28.8327,26
169.5,car_north_peak_003_rider,gNB_4G_2,-51,gNB_5G,-60,0.8192,3,48.2399,1,58.7077,28
169.5,ue_n042_0002,gNB_4G_1,-47,gNB_5G,-65,0.679936,1,4.83993,0,42.6633,28
169.5,ue_ujeongwon_0001,gNB_4G_1,-52,gNB_5G,-67,0.385024,0,-1,0,57.1621,28
169.5,ue_n043_0009,gNB_4G_2,-53,gNB_5G,-57,0.720896,1,31.0399,0,9.75691,15
169.5,ue_n043_0010,gNB_4G_2,-56,gNB_4G_1,-58,0.196608,1,27.0399,0,55.1414,28
169.5,ue_n043_0001,gNB_4G_2,-45,gNB_5G,-57,0.360448,3,78.4399,0,36.714,28
169.5,ue_n001_0009,gNB_4G_1,-46,gNB_5G,-68,0.589824,0,-1,0,39.5475,28
169.5,ue_n001_0001,gNB_4G_1,-45,gNB_4G_2,-44,0.507904,0,-1,0,1.38144,5
169.5,ue_n001_0002,gNB_4G_1,-47,gNB_4G_2,-54,0.638976,0,-1,0,21.7182,15
169.5,ue_ujeongwon_0002,gNB_4G_1,-50,gNB_5G,-80,0.8192,0,-1,0,60.0082,28
169.5,ue_n001_0007,gNB_4G_1,-44,gNB_5G,-78,0.270336,0,-1,0,63.3029,28
169.5,ue_n001_0003,gNB_4G_1,-41,gNB_4G_2,-67,0.548864,0,-1,0,39.0918,28
169.5,car_north_base_001_rider,gNB_4G_2,-48,gNB_5G,-79,0.8192,3,30.6399,1,50.3806,28
169.5,car_north_base_002_rider,gNB_4G_2,-46,gNB_4G_1,-92,0.8192,3,24.6399,1,50.8576,28
169.5,ue_n043_0002,gNB_4G_2,-61,gNB_5G,-69,0,7,59.6399,1,43.7527,28
169.5,ue_n001_0004,gNB_4G_1,-50,gNB_4G_2,-55,0.630784,0,-1,0,68.1039,28
169.5,ue_n043_0003,gNB_4G_2,-46,gNB_5G,-55,0.45056,5,50.4399,0,25.7079,22
169.5,car_north_base_003,gNB_4G_2,-95,gNB_4G_1,-98,0,7,13.8399,1,6.64662,13
169.5,ue_n042_0004,gNB_4G_2,-42,gNB_5G,-61,0.8192,0,-1,0,63.5727,28
169.5,car_north_base_004,gNB_4G_2,-50,gNB_5G,-53,0.131072,3,58.4399,1,52.9516,28
169.5,car_north_base_005,gNB_4G_2,-47,gNB_5G,-56,0.229376,1,57.4399,0,58.1526,28
169.5,ue_n043_0004,gNB_5G,-54,gNB_4G_2,-59,0.73728,6,0.639928,0,65.549,28
169.5,ue_n001_0010,gNB_4G_1,-43,gNB_4G_2,-80,0.8192,0,-1,0,44.9282,28
169.5,ue_n043_0005,gNB_4G_2,-45,gNB_5G,-51,0.483328,5,18.8399,1,64.1844,28
169.5,ue_ujeongwon_0004,gNB_4G_1,-45,gNB_4G_2,-71,0.12288,0,-1,0,60.3537,21
169.5,ue_ujeongwon_0005,gNB_4G_1,-43,gNB_4G_2,-61,0.32768,0,-1,0,58.837,28
169.5,ue_n001_0005,gNB_4G_1,-35,gNB_4G_2,-82,0.589824,0,-1,0,78.9294,28
169.5,ue_ujeongwon_0006,gNB_4G_1,-42,gNB_4G_2,-70,0.557056,0,-1,0,60.6566,28
169.5,ue_n042_0007,gNB_4G_2,-53,gNB_5G,-66,0.8192,0,-1,0,55.0206,28
169.5,ue_n043_0006,gNB_4G_2,-54,gNB_5G,-67,0.589824,5,6.63993,1,39.0186,28
169.5,ue_ujeongwon_0007,gNB_4G_1,-44,gNB_5G,-75,0.8192,0,-1,0,23.1829,24
169.5,ue_ujeongwon_0008,gNB_4G_1,-52,gNB_4G_2,-62,0.352256,0,-1,0,69.8842,28
169.5,ue_n043_0007,gNB_4G_2,-65,gNB_5G,-68,0.4096,7,1.63993,1,40.6534,28
169.5,ue_ujeongwon_0009,gNB_4G_1,-43,gNB_4G_2,-91,0.589824,0,-1,0,63.7528,28
169.5,car_north_base_007_rider,gNB_4G_1,-41,gNB_4G_2,-83,0.434176,0,-1,0,78.2423,28
169.5,ue_n042_0006,gNB_4G_2,-54,gNB_5G,-66,0,0,-1,0,36.676,28
169.5,car_north_base_008_rider,gNB_4G_2,-48,gNB_4G_1,-50,0.16384,1,3.43993,0,18.0811,16
169.5,ue_n043_0008,gNB_5G,-50,gNB_4G_2,-50,0.745472,2,3.43993,0,66.4853,28
169.5,ue_n001_0008,gNB_4G_1,-44,gNB_5G,-69,0.303104,0,-1,0,62.0794,28
170.5,ue_n042_0001,gNB_5G,-113,gNB_4G_1,-126,0,4,19.2399,1,-20.1977,0
170.5,ue_n001_0006,gNB_4G_1,-37,gNB_5G,-77,0.679936,0,-1,0,52.0691,28
170.5,ue_n042_0008,gNB_4G_2,-64,gNB_5G,-67,0.745472,2,8.63993,1,56.0948,28
170.5,car_north_peak_003_rider,gNB_4G_2,-52,gNB_5G,-60,0.8192,3,49.2399,1,64.4026,28
170.5,ue_n042_0002,gNB_4G_1,-46,gNB_5G,-62,0.679936,1,5.83993,0,43.5177,28
170.5,ue_ujeongwon_0001,gNB_4G_1,-46,gNB_5G,-65,0.393216,0,-1,0,63.5693,28
170.5,ue_n043_0009,gNB_4G_2,-53,gNB_5G,-56,0.663552,1,32.0399,0,49.8171,28
170.5,ue_n043_0010,gNB_4G_2,-56,gNB_5G,-72,0.2048,1,28.0399,0,46.057,28
170.5,ue_n043_0001,gNB_4G_2,-45,gNB_5G,-54,0.352256,3,79.4399,0,44.662,28
170.5,ue_n001_0009,gNB_4G_1,-47,gNB_5G,-71,0.581632,0,-1,0,56.2542,28
170.5,ue_n001_0001,gNB_4G_2,-44,gNB_4G_1,-48,0.57344,1,0.639928,0,69.4947,28
170.5,ue_n001_0002,gNB_4G_1,-45,gNB_4G_2,-57,0.630784,0,-1,0,65.1099,28
170.5,ue_ujeongwon_0002,gNB_4G_1,-54,gNB_5G,-93,0.8192,0,-1,0,59.9977,28
170.5,ue_n001_0007,gNB_4G_1,-43,gNB_5G,-80,0.262144,0,-1,0,56.8459,28
170.5,ue_n001_0003,gNB_4G_1,-43,gNB_4G_2,-74,0.540672,0,-1,0,36.3371,26
170.5,car_north_base_001_rider,gNB_4G_2,-48,gNB_5G,-79,0.8192,3,31.6399,1,49.1474,28
170.5,car_north_base_002_rider,gNB_4G_2,-46,gNB_4G_1,-92,0.8192,3,25.6399,1,50.7968,28
170.5,ue_n043_0002,gNB_4G_2,-61,gNB_5G,-69,0,7,60.6399,1,43.7527,28
170.5,ue_n001_0004,gNB_4G_1,-48,gNB_4G_2,-52,0.630784,0,-1,0,65.5888,28
170.5,ue_n043_0003,gNB_4G_2,-45,gNB_5G,-51,0.458752,5,51.4399,0,66.1247,28
170.5,car_north_base_003,gNB_4G_2,-95,gNB_4G_1,-98,0,7,14.8399,1,6.64662,13
170.5,ue_n042_0004,gNB_4G_2,-42,gNB_5G,-63,0.8192,0,-1,0,65.9055,28
170.5,car_north_base_004,gNB_4G_2,-47,gNB_5G,-54,0.139264,3,59.4399,1,61.3901,28
170.5,car_north_base_005,gNB_4G_2,-49,gNB_5G,-55,0.229376,1,58.4399,0,64.9401,28
170.5,ue_n043_0004,gNB_5G,-51,gNB_4G_2,-48,0.745472,6,1.63993,0,63.5665,28
170.5,ue_n001_0010,gNB_4G_1,-45,gNB_4G_2,-79,0.8192,0,-1,0,43.4864,28
170.5,ue_n043_0005,gNB_4G_2,-47,gNB_5G,-49,0.475136,5,19.8399,1,64.3842,28
170.5,ue_ujeongwon_0004,gNB_4G_1,-46,gNB_4G_2,-70,0.12288,0,-1,0,63.047,21
170.5,ue_ujeongwon_0005,gNB_4G_1,-42,gNB_4G_2,-63,0.32768,0,-1,0,65.14,28
170.5,ue_n001_0005,gNB_4G_1,-37,gNB_4G_2,-84,0.581632,0,-1,0,80.7649,28
170.5,ue_ujeongwon_0006,gNB_4G_1,-43,gNB_4G_2,-69,0.540672,0,-1,0,60.1793,28
170.5,ue_n042_0007,gNB_4G_2,-56,gNB_5G,-67,0.8192,0,-1,0,48.548,28
170.5,ue_n043_0006,gNB_4G_2,-53,gNB_5G,-64,0.581632,5,7.63993,1,25.4419,26
170.5,ue_ujeongwon_0007,gNB_4G_1,-45,gNB_4G_2,-64,0.811008,0,-1,0,68.4353,28
170.5,ue_ujeongwon_0008,gNB_4G_1,-43,gNB_4G_2,-67,0.360448,0,-1,0,65.9888,28
170.5,ue_n043_0007,gNB_4G_2,-55,gNB_5G,-75,0.4096,7,2.63993,1,27.6118,27
170.5,ue_ujeongwon_0009,gNB_4G_1,-42,gNB_4G_2,-73,0.581632,0,-1,0,25.5125,26
170.5,car_north_base_007_rider,gNB_4G_1,-45,gNB_5G,-72,0.425984,0,-1,0,42.6386,28
170.5,ue_n042_0006,gNB_4G_2,-54,gNB_5G,-66,0,0,-1,0,36.676,28
170.5,car_north_base_008_rider,gNB_4G_2,-45,gNB_4G_1,-51,0.172032,1,4.43993,0,17.6014,23
170.5,ue_n043_0008,gNB_5G,-48,gNB_4G_2,-51,0.745472,2,4.43993,0,65.2448,28
170.5,ue_n001_0008,gNB_4G_1,-42,gNB_5G,-68,0.303104,0,-1,0,40.3253,28
171.5,ue_n042_0001,gNB_5G,-113,gNB_4G_1,-126,0,4,20.2399,1,-20.1977,0
171.5,ue_n001_0006,gNB_4G_1,-37,gNB_5G,-77,0.688128,0,-1,0,69.8689,28
171.5,ue_n042_0008,gNB_4G_2,-55,gNB_5G,-68,0.745472,2,9.63993,1,40.2058,28
171.5,car_north_peak_003_rider,gNB_4G_2,-49,gNB_4G_1,-72,0.8192,3,50.2399,1,29.1991,28
171.5,ue_n042_0002,gNB_4G_1,-49,gNB_5G,-60,0.688128,1,6.83993,0,29.5031,28
171.5,ue_ujeongwon_0001,gNB_4G_1,-44,gNB_5G,-72,0.393216,0,-1,0,67.094,28
171.5,ue_n043_0009,gNB_4G_2,-56,gNB_5G,-54,0.786432,1,33.0399,0,59.2443,28
171.5,ue_n043_0010,gNB_4G_2,-62,gNB_5G,-72,0.196608,1,29.0399,0,58.2587,28
171.5,ue_n043_0001,gNB_4G_2,-43,gNB_5G,-56,0.360448,3,80.4399,0,66.8656,28
171.5,ue_n001_0009,gNB_4G_1,-52,gNB_5G,-71,0.589824,0,-1,0,41.2615,28
171.5,ue_n001_0001,gNB_4G_2,-41,gNB_4G_1,-47,0.57344,1,1.63993,0,13.9984,19
171.5,ue_n001_0002,gNB_4G_1,-43,gNB_4G_2,-53,0.6144,0,-1,0,15.6424,20
171.5,ue_ujeongwon_0002,gNB_4G_1,-50,gNB_5G,-82,0.8192,0,-1,0,66.6741,28
171.5,ue_n001_0007,gNB_4G_1,-44,gNB_5G,-79,0.262144,0,-1,0,57.1931,28
171.5,ue_n001_0003,gNB_4G_1,-43,gNB_4G_2,-70,0.548864,0,-1,0,64.8561,28
171.5,car_north_base_001_rider,gNB_4G_2,-48,gNB_5G,-79,0.8192,3,32.6399,1,46.3716,28
171.5,car_north_base_002_rider,gNB_4G_2,-46,gNB_4G_1,-92,0.8192,3,26.6399,1,48.5099,28
171.5,ue_n043_0002,gNB_4G_2,-61,gNB_5G,-69,0,7,61.6399,1,43.7527,28
171.5,ue_n001_0004,gNB_4G_1,-44,gNB_4G_2,-56,0.630784,0,-1,0,67.2032,28
171.5,ue_n043_0003,gNB_4G_2,-45,gNB_5G,-56,0.458752,5,52.4399,0,12.5748,18
171.5,car_north_base_003,gNB_4G_2,-95,gNB_4G_1,-98,0,7,15.8399,1,6.64662,13
171.5,ue_n042_0004,gNB_4G_2,-41,gNB_5G,-64,0.8192,0,-1,0,58.9413,28
171.5,car_north_base_004,gNB_4G_2,-48,gNB_5G,-59,0.098304,3,60.4399,1,29.6011,28
171.5,car_north_base_005,gNB_4G_2,-47,gNB_5G,-54,0.229376,1,59.4399,0,63.6535,28
171.5,ue_n043_0004,gNB_4G_2,-44,gNB_5G,-50,0.73728,7,0.639928,1,65.3668,28
171.5,ue_n001_0010,gNB_4G_1,-46,gNB_5G,-77,0.8192,0,-1,0,37.9701,28
171.5,ue_n043_0005,gNB_4G_2,-46,gNB_5G,-48,0.483328,5,20.8399,1,63.738,28
171.5,ue_ujeongwon_0004,gNB_4G_1,-46,gNB_4G_2,-71,0.114688,0,-1,0,25.681,28
171.5,ue_ujeongwon_0005,gNB_4G_1,-42,gNB_4G_2,-63,0.32768,0,-1,0,62.6586,28
171.5,ue_n001_0005,gNB_4G_1,-36,gNB_5G,-72,0.589824,0,-1,0,78.6987,28
171.5,ue_ujeongwon_0006,gNB_4G_1,-43,gNB_4G_2,-84,0.540672,0,-1,0,29.0811,27
171.5,ue_n042_0007,gNB_4G_2,-59,gNB_5G,-68,0.8192,0,-1,0,32.7778,28
171.5,ue_n043_0006,gNB_4G_2,-67,gNB_5G,-68,0.589824,5,8.63993,1,28.5904,27
171.5,ue_ujeongwon_0007,gNB_4G_1,-42,gNB_4G_2,-62,0.827392,0,-1,0,24.3607,27
171.5,ue_ujeongwon_0008,gNB_4G_1,-42,gNB_4G_2,-60,0.352256,0,-1,0,66.2919,28
171.5,ue_n043_0007,gNB_4G_2,-55,gNB_5G,-67,0.4096,7,3.63993,1,37.5697,28
171.5,ue_ujeongwon_0009,gNB_4G_1,-45,gNB_4G_2,-71,0.581632,0,-1,0,65.4137,28
171.5,car_north_base_007_rider,gNB_4G_1,-38,gNB_4G_2,-85,0.434176,0,-1,0,49.6007,28
171.5,ue_n042_0006,gNB_4G_2,-54,gNB_5G,-66,0,0,-1,0,36.676,28
171.5,car_north_base_008_rider,gNB_4G_2,-43,gNB_4G_1,-49,0.172032,1,5.43993,0,20.0379,24
171.5,ue_n043_0008,gNB_5G,-49,gNB_4G_2,-51,0.745472,2,5.43993,0,62.1051,28
171.5,ue_n001_0008,gNB_4G_1,-45,gNB_5G,-81,0.303104,0,-1,0,67.638,28
172.5,ue_n042_0001,gNB_5G,-113,gNB_4G_1,-126,0,4,21.2399,1,-20.1977,0
172.5,ue_n001_0006,gNB_4G_1,-38,gNB_5G,-77,0.679936,0,-1,0,74.8742,28
172.5,ue_n042_0008,gNB_4G_2,-55,gNB_5G,-67,0.745472,2,10.6399,1,42.0801,28
172.5,car_north_peak_003_rider,gNB_4G_2,-48,gNB_5G,-69,0.8192,3,51.2399,1,61.1053,28
172.5,ue_n042_0002,gNB_4G_1,-53,gNB_5G,-61,0.679936,1,7.83993,0,63.4446,28
172.5,ue_ujeongwon_0001,gNB_4G_1,-50,gNB_5G,-69,0.385024,0,-1,0,31.2307,26
172.5,ue_n043_0009,gNB_4G_2,-52,gNB_5G,-53,0.73728,1,34.0399,0,19.632,21
172.5,ue_n043_0010,gNB_4G_2,-53,gNB_5G,-73,0.196608,1,30.0399,0,57.7647,28
172.5,ue_n043_0001,gNB_4G_2,-44,gNB_5G,-58,0.352256,3,81.4399,0,65.6056,28
172.5,ue_n001_0009,gNB_4G_1,-47,gNB_5G,-71,0.581632,0,-1,0,67.2975,28
172.5,ue_n001_0001,gNB_4G_2,-47,gNB_4G_1,-47,0.475136,1,2.63993,0,7.10246,8
172.5,ue_n001_0002,gNB_4G_1,-45,gNB_4G_2,-52,0.630784,0,-1,0,19.9586,25
172.5,ue_ujeongwon_0002,gNB_4G_1,-46,gNB_5G,-75,0.8192,0,-1,0,63.5651,28
172.5,ue_n001_0007,gNB_4G_1,-44,gNB_5G,-80,0.270336,0,-1,0,57.5485,28
172.5,ue_n001_0003,gNB_4G_1,-43,gNB_4G_2,-75,0.548864,0,-1,0,30.5048,28
172.5,car_north_base_001_rider,gNB_4G_2,-48,gNB_5G,-79,0.8192,3,33.6399,1,47.6173,28
172.5,car_north_base_002_rider,gNB_4G_2,-46,gNB_4G_1,-92,0.8192,3,27.6399,1,52.8073,28
172.5,ue_n043_0002,gNB_4G_2,-61,gNB_5G,-69,0,7,62.6399,1,43.7527,28
172.5,ue_n001_0004,gNB_4G_1,-44,gNB_4G_2,-52,0.630784,0,-1,0,67.588,28
172.5,ue_n043_0003,gNB_4G_2,-44,gNB_5G,-52,0.45056,5,53.4399,0,20.2592,28
172.5,car_north_base_003,gNB_4G_2,-95,gNB_4G_1,-98,0,7,16.8399,1,6.64662,13
172.5,ue_n042_0004,gNB_4G_2,-42,gNB_5G,-63,0.8192,0,-1,0,69.6927,28
172.5,car_north_base_004,gNB_5G,-55,gNB_4G_1,-57,0.139264,4,0.839928,0,55.2549,28
172.5,car_north_base_005,gNB_4G_2,-47,gNB_5G,-50,0.229376,1,60.4399,0,58.1308,28
172.5,ue_n043_0004,gNB_4G_2,-45,gNB_5G,-48,0.745472,7,1.63993,1,37.3887,28
172.5,ue_n001_0010,gNB_4G_1,-47,gNB_5G,-74,0.8192,0,-1,0,40.5044,28
172.5,ue_n043_0005,gNB_4G_2,-47,gNB_5G,-49,0.483328,5,21.8399,1,45.0767,28
172.5,ue_ujeongwon_0004,gNB_4G_1,-45,gNB_5G,-64,0.12288,0,-1,0,31.8293,27
172.5,ue_ujeongwon_0005,gNB_4G_1,-44,gNB_4G_2,-63,0.32768,0,-1,0,69.6611,28
172.5,ue_n001_0005,gNB_4G_1,-35,gNB_5G,-66,0.581632,0,-1,0,75.4315,28
172.5,ue_ujeongwon_0006,gNB_4G_1,-43,gNB_4G_2,-70,0.557056,0,-1,0,27.0163,28
172.5,ue_n042_0007,gNB_4G_2,-61,gNB_5G,-67,0.8192,0,-1,0,48.045,28
172.5,ue_n043_0006,gNB_4G_2,-65,gNB_5G,-67,0.57344,5,9.63993,1,26.7825,26
172.5,ue_ujeongwon_0007,gNB_4G_1,-45,gNB_4G_2,-63,0.8192,0,-1,0,17.0078,19
172.5,ue_ujeongwon_0008,gNB_4G_1,-44,gNB_4G_2,-63,0.352256,0,-1,0,61.5443,28
172.5,ue_n043_0007,gNB_4G_2,-56,gNB_5G,-67,0.4096,7,4.63993,1,24.9341,28
172.5,ue_ujeongwon_0009,gNB_4G_1,-43,gNB_4G_2,-71,0.589824,0,-1,0,65.8383,28
172.5,car_north_base_007_rider,gNB_4G_1,-38,gNB_4G_2,-85,0.425984,0,-1,0,75.5802,28
172.5,ue_n042_0006,gNB_4G_2,-54,gNB_5G,-66,0,0,-1,0,36.676,28
172.5,car_north_base_008_rider,gNB_4G_2,-43,gNB_4G_1,-53,0.172032,1,6.43993,0,65.8344,28
172.5,ue_n043_0008,gNB_5G,-47,gNB_4G_2,-53,0.745472,2,6.43993,0,67.3615,28
172.5,ue_n001_0008,gNB_4G_1,-48,gNB_5G,-79,0.303104,0,-1,0,33.4741,28
173.5,ue_n042_0001,gNB_5G,-113,gNB_4G_1,-126,0,4,22.2399,1,-20.1977,0
173.5,ue_n001_0006,gNB_4G_1,-40,gNB_5G,-79,0.679936,0,-1,0,50.3354,28
173.5,ue_n042_0008,gNB_4G_2,-55,gNB_5G,-69,0.745472,2,11.6399,1,32.2311,28
173.5,car_north_peak_003_rider,gNB_4G_2,-47,gNB_4G_1,-84,0.8192,3,52.2399,1,65.7789,26
173.5,ue_n042_0002,gNB_4G_1,-48,gNB_5G,-60,0.6144,1,8.83993,0,59.0745,28
173.5,ue_ujeongwon_0001,gNB_4G_1,-49,gNB_5G,-70,0.393216,0,-1,0,32.1592,28
173.5,ue_n043_0009,gNB_4G_2,-53,gNB_5G,-52,0.745472,1,35.0399,0,32.1667,28
173.5,ue_n043_0010,gNB_4G_2,-53,gNB_5G,-71,0.2048,1,31.0399,0,51.0666,28
173.5,ue_n043_0001,gNB_4G_2,-45,gNB_4G_1,-51,0.360448,3,82.4399,0,67.6588,28
173.5,ue_n001_0009,gNB_4G_1,-44,gNB_5G,-70,0.589824,0,-1,0,38.1927,28
173.5,ue_n001_0001,gNB_4G_2,-47,gNB_4G_1,-50,0.516096,1,3.63993,0,7.22969,7
173.5,ue_n001_0002,gNB_4G_1,-45,gNB_4G_2,-52,0.630784,0,-1,0,66.4587,28
173.5,ue_ujeongwon_0002,gNB_4G_1,-46,gNB_5G,-75,0.8192,0,-1,0,61.306,28
173.5,ue_n001_0007,gNB_4G_1,-41,gNB_5G,-79,0.262144,0,-1,0,60.1672,28
173.5,ue_n001_0003,gNB_4G_1,-44,gNB_4G_2,-72,0.548864,0,-1,0,63.218,28
173.5,car_north_base_001_rider,gNB_4G_2,-48,gNB_5G,-79,0.8192,3,34.6399,1,62.3899,28
173.5,car_north_base_002_rider,gNB_4G_2,-46,gNB_4G_1,-92,0.8192,3,28.6399,1,65.0515,28
173.5,ue_n043_0002,gNB_4G_2,-61,gNB_5G,-69,0,7,63.6399,1,43.7527,28
173.5,ue_n001_0004,gNB_4G_1,-43,gNB_4G_2,-55,0.630784,0,-1,0,10.2383,16
173.5,ue_n043_0003,gNB_4G_2,-44,gNB_5G,-52,0.458752,5,54.4399,0,17.734,23
173.5,car_north_base_003,gNB_4G_2,-95,gNB_4G_1,-98,0,7,17.8399,1,6.64662,13
173.5,ue_n042_0004,gNB_4G_2,-41,gNB_5G,-63,0.8192,0,-1,0,69.3804,28
173.5,car_north_base_004,gNB_5G,-55,gNB_4G_1,-56,0.131072,4,1.83993,0,56.5182,28
173.5,car_north_base_005,gNB_4G_2,-50,gNB_5G,-51,0.221184,1,61.4399,0,24.8553,28
173.5,ue_n043_0004,gNB_4G_2,-44,gNB_5G,-48,0.73728,7,2.63993,1,27.3196,27
173.5,ue_n001_0010,gNB_4G_1,-45,gNB_5G,-73,0.8192,0,-1,0,51.1471,28
173.5,ue_n043_0005,gNB_4G_2,-46,gNB_5G,-48,0.483328,5,22.8399,1,62.1687,28
173.5,ue_ujeongwon_0004,gNB_4G_1,-45,gNB_5G,-66,0.114688,0,-1,0,63.3483,28
173.5,ue_ujeongwon_0005,gNB_4G_1,-43,gNB_5G,-62,0.32768,0,-1,0,26.7202,28
173.5,ue_n001_0005,gNB_4G_1,-38,gNB_5G,-79,0.589824,0,-1,0,68.9025,28
173.5,ue_ujeongwon_0006,gNB_4G_1,-45,gNB_4G_2,-74,0.540672,0,-1,0,64.1463,28
173.5,ue_n042_0007,gNB_4G_2,-60,gNB_5G,-66,0.8192,0,-1,0,47.1606,28
173.5,ue_n043_0006,gNB_4G_2,-67,gNB_5G,-68,0.589824,5,10.6399,1,45.6088,28
173.5,ue_ujeongwon_0007,gNB_4G_1,-48,gNB_4G_2,-60,0.8192,0,-1,0,31.5618,28
173.5,ue_ujeongwon_0008,gNB_4G_1,-43,gNB_4G_2,-61,0.360448,0,-1,0,61.0328,28
173.5,ue_n043_0007,gNB_4G_2,-56,gNB_5G,-66,0.4096,7,5.63993,1,53.1648,28
173.5,ue_ujeongwon_0009,gNB_4G_1,-41,gNB_4G_2,-70,0.581632,0,-1,0,41.5951,28
173.5,car_north_base_007_rider,gNB_4G_1,-43,gNB_4G_2,-85,0.434176,0,-1,0,78.4161,28
173.5,ue_n042_0006,gNB_4G_2,-54,gNB_5G,-66,0,0,-1,0,36.676,28
173.5,car_north_base_008_rider,gNB_4G_2,-45,gNB_4G_1,-51,0.16384,1,7.43993,0,23.152,21
173.5,ue_n043_0008,gNB_5G,-47,gNB_4G_2,-51,0.745472,2,7.43993,0,64.8816,28
173.5,ue_n001_0008,gNB_4G_1,-44,gNB_5G,-78,0.303104,0,-1,0,64.9193,28
174.5,ue_n042_0001,gNB_5G,-113,gNB_4G_1,-126,0,4,23.2399,1,-20.1977,0
174.5,ue_n001_0006,gNB_4G_1,-40,gNB_5G,-80,0.688128,0,-1,0,56.0232,28
174.5,ue_n042_0008,gNB_4G_2,-57,gNB_5G,-68,0.73728,2,12.6399,1,54.815,28
174.5,car_north_peak_003_rider,gNB_4G_2,-45,gNB_4G_1,-83,0.8192,3,53.2399,1,35.7744,26
174.5,ue_n042_0002,gNB_4G_2,-46,gNB_4G_1,-52,0.540672,2,0.0399284,1,22.832,16
174.5,ue_ujeongwon_0001,gNB_4G_1,-50,gNB_5G,-68,0.393216,0,-1,0,25.8521,28
174.5,ue_n043_0009,gNB_5G,-46,gNB_4G_2,-55,0.745472,2,0.439928,0,65.7181,28
174.5,ue_n043_0010,gNB_4G_2,-55,gNB_4G_1,-58,0.188416,1,32.0399,0,58.067,28
174.5,ue_n043_0001,gNB_4G_2,-43,gNB_5G,-54,0.352256,3,83.4399,0,67.6877,28
174.5,ue_n001_0009,gNB_4G_1,-45,gNB_5G,-70,0.581632,0,-1,0,67.0204,28
174.5,ue_n001_0001,gNB_4G_2,-49,gNB_4G_1,-49,0.442368,1,4.63993,0,-3.31371,2
174.5,ue_n001_0002,gNB_4G_1,-48,gNB_4G_2,-57,0.319488,0,-1,0,66.4584,28
174.5,ue_ujeongwon_0002,gNB_4G_1,-45,gNB_5G,-88,0.8192,0,-1,0,66.4717,28
174.5,ue_n001_0007,gNB_4G_1,-50,gNB_5G,-81,0.262144,0,-1,0,61.2546,28
174.5,ue_n001_0003,gNB_4G_1,-44,gNB_4G_2,-70,0.540672,0,-1,0,68.9192,28
174.5,car_north_base_001_rider,gNB_4G_2,-48,gNB_5G,-79,0.8192,3,35.6399,1,48.3495,28
174.5,car_north_base_002_rider,gNB_4G_2,-46,gNB_4G_1,-92,0.8192,3,29.6399,1,48.3514,28
174.5,ue_n043_0002,gNB_4G_2,-61,gNB_5G,-69,0,7,64.6399,1,43.7527,28
174.5,ue_n001_0004,gNB_4G_1,-47,gNB_4G_2,-55,0.630784,0,-1,0,17.734,24
174.5,ue_n043_0003,gNB_4G_2,-43,gNB_5G,-51,0.458752,5,55.4399,0,68.3963,28
174.5,car_north_base_003,gNB_4G_2,-95,gNB_4G_1,-98,0,7,18.8399,1,6.64662,13
174.5,ue_n042_0004,gNB_4G_2,-40,gNB_5G,-62,0.8192,0,-1,0,61.4937,28
174.5,car_north_base_004,gNB_4G_2,-46,gNB_5G,-53,0.131072,5,0.439928,1,62.9793,28
174.5,car_north_base_005,gNB_5G,-53,gNB_4G_2,-82,0.212992,2,0.839928,0,57.934,28
174.5,ue_n043_0004,gNB_4G_2,-44,gNB_5G,-51,0.753664,7,3.63993,1,66.692,28
174.5,ue_n001_0010,gNB_4G_1,-45,gNB_5G,-73,0.8192,0,-1,0,68.7342,28
174.5,ue_n043_0005,gNB_4G_2,-47,gNB_5G,-50,0.483328,5,23.8399,1,61.9481,28
174.5,ue_ujeongwon_0004,gNB_4G_1,-45,gNB_5G,-68,0.12288,0,-1,0,59.0224,28
174.5,ue_ujeongwon_0005,gNB_4G_1,-42,gNB_5G,-61,0.32768,0,-1,0,63.9412,28
174.5,ue_n001_0005,gNB_4G_1,-39,gNB_5G,-80,0.581632,0,-1,0,76.2458,28
174.5,ue_ujeongwon_0006,gNB_4G_1,-43,gNB_4G_2,-68,0.548864,0,-1,0,28.0517,27
174.5,ue_n042_0007,gNB_4G_2,-64,gNB_5G,-68,0.8192,0,-1,0,36.4141,28
174.5,ue_n043_0006,gNB_4G_2,-65,gNB_5G,-66,0.581632,5,11.6399,1,17.7456,22
174.5,ue_ujeongwon_0007,gNB_4G_1,-43,gNB_4G_2,-64,0.8192,0,-1,0,29.1111,27
174.5,ue_ujeongwon_0008,gNB_4G_1,-45,gNB_4G_2,-63,0.352256,0,-1,0,25.7187,28
174.5,ue_n043_0007,gNB_4G_2,-57,gNB_5G,-66,0.4096,7,6.63993,1,40.2037,28
174.5,ue_ujeongwon_0009,gNB_4G_1,-40,gNB_4G_2,-68,0.589824,0,-1,0,70.6082,28
174.5,car_north_base_007_rider,gNB_4G_1,-39,gNB_4G_2,-81,0.434176,0,-1,0,48.3767,28
174.5,ue_n042_0006,gNB_4G_2,-54,gNB_5G,-66,0,0,-1,0,36.676,28
174.5,car_north_base_008_rider,gNB_4G_2,-45,gNB_4G_1,-46,0.155648,1,8.43993,0,8.00446,12
174.5,ue_n043_0008,gNB_5G,-50,gNB_4G_2,-49,0.745472,2,8.43993,0,65.6152,28
174.5,ue_n001_0008,gNB_4G_1,-47,gNB_5G,-80,0.303104,0,-1,0,55.9956,28
175.5,ue_n042_0001,gNB_5G,-113,gNB_4G_1,-126,0,4,24.2399,1,-20.1977,0
175.5,ue_n001_0006,gNB_4G_1,-42,gNB_5G,-80,0.679936,0,-1,0,52.9692,28
175.5,ue_n042_0008,gNB_4G_2,-56,gNB_5G,-67,0.745472,2,13.6399,1,36.1057,27
175.5,car_north_peak_003_rider,gNB_4G_2,-48,gNB_4G_1,-86,0.8192,3,54.2399,1,38.4635,28
175.5,ue_n042_0002,gNB_4G_2,-45,gNB_4G_1,-53,0.688128,2,1.03993,1,44.4125,28
175.5,ue_ujeongwon_0001,gNB_4G_1,-47,gNB_5G,-68,0.385024,0,-1,0,62.2179,28
175.5,ue_n043_0009,gNB_5G,-47,gNB_4G_2,-53,0.745472,2,1.43993,0,63.6662,28
175.5,ue_n043_0010,gNB_4G_2,-53,gNB_4G_1,-62,0.196608,1,33.0399,0,56.1915,28
175.5,ue_n043_0001,gNB_4G_2,-43,gNB_5G,-53,0.360448,3,84.4399,0,16.9331,22
175.5,ue_n001_0009,gNB_4G_1,-44,gNB_5G,-67,0.581632,0,-1,0,42.1639,28
175.5,ue_n001_0001,gNB_4G_1,-47,gNB_4G_2,-52,0.499712,2,0.839928,1,-1.4419,2
175.5,ue_n001_0002,gNB_4G_1,-48,gNB_4G_2,-58,0,0,-1,0,66.4584,28
175.5,ue_ujeongwon_0002,gNB_4G_1,-48,gNB_5G,-84,0.8192,0,-1,0,51.9024,28
175.5,ue_n001_0007,gNB_4G_1,-55,gNB_5G,-83,0.262144,0,-1,0,62.6203,28
175.5,ue_n001_0003,gNB_4G_1,-43,gNB_4G_2,-69,0.548864,0,-1,0,34.6053,27
175.5,car_north_base_001_rider,gNB_4G_2,-48,gNB_5G,-79,0.8192,3,36.6399,1,50.0072,28
175.5,car_north_base_002_rider,gNB_4G_2,-46,gNB_4G_1,-92,0.8192,3,30.6399,1,47.4578,28
175.5,ue_n043_0002,gNB_4G_2,-61,gNB_5G,-69,0,7,65.6399,1,43.7527,28
175.5,ue_n001_0004,gNB_4G_1,-46,gNB_4G_2,-56,0.622592,0,-1,0,12.4825,14
175.5,ue_n043_0003,gNB_4G_2,-43,gNB_5G,-51,0.45056,5,56.4399,0,65.6459,28
175.5,car_north_base_003,gNB_4G_2,-95,gNB_4G_1,-98,0,7,19.8399,1,6.64662,13
175.5,ue_n042_0004,gNB_4G_2,-41,gNB_5G,-60,0.8192,0,-1,0,53.8667,28
175.5,car_north_base_004,gNB_4G_2,-48,gNB_5G,-53,0.139264,5,1.43993,1,49.7249,28
175.5,car_north_base_005,gNB_5G,-54,gNB_4G_1,-56,0.229376,2,1.83993,0,55.275,28
175.5,ue_n043_0004,gNB_4G_2,-44,gNB_5G,-49,0.745472,7,4.63993,1,66.4666,28
175.5,ue_n001_0010,gNB_4G_1,-45,gNB_5G,-71,0.8192,0,-1,0,45.2149,28
175.5,ue_n043_0005,gNB_4G_2,-47,gNB_5G,-50,0.483328,5,24.8399,1,26.3132,26
175.5,ue_ujeongwon_0004,gNB_4G_1,-47,gNB_5G,-62,0.114688,0,-1,0,31.9258,28
175.5,ue_ujeongwon_0005,gNB_4G_1,-45,gNB_5G,-66,0.32768,0,-1,0,66.6173,28
175.5,ue_n001_0005,gNB_4G_1,-37,gNB_5G,-78,0.581632,0,-1,0,76.7125,28
175.5,ue_ujeongwon_0006,gNB_4G_1,-43,gNB_4G_2,-69,0.548864,0,-1,0,29.0616,27
175.5,ue_n042_0007,gNB_4G_2,-60,gNB_5G,-67,0.8192,0,-1,0,38.4421,28
175.5,ue_n043_0006,gNB_4G_2,-67,gNB_5G,-68,0.589824,5,12.6399,1,32.1201,27
175.5,ue_ujeongwon_0007,gNB_4G_1,-47,gNB_4G_2,-71,0.8192,0,-1,0,28.0301,28
175.5,ue_ujeongwon_0008,gNB_4G_1,-46,gNB_4G_2,-66,0.360448,0,-1,0,17.0163,19
175.5,ue_n043_0007,gNB_4G_2,-54,gNB_5G,-64,0.4096,7,7.63993,1,28.0771,27
175.5,ue_ujeongwon_0009,gNB_4G_1,-40,gNB_4G_2,-68,0.581632,0,-1,0,63.2807,28
175.5,car_north_base_007_rider,gNB_4G_1,-37,gNB_4G_2,-77,0.425984,0,-1,0,43.7554,28
175.5,ue_n042_0006,gNB_4G_2,-54,gNB_5G,-66,0,0,-1,0,36.676,28
175.5,car_north_base_008_rider,gNB_4G_2,-44,gNB_4G_1,-50,0.172032,1,9.43993,0,23.9222,26
175.5,ue_n043_0008,gNB_5G,-45,gNB_4G_2,-52,0.745472,2,9.43993,0,61.9674,28
175.5,ue_n001_0008,gNB_4G_1,-44,gNB_5G,-79,0.303104,0,-1,0,63.266,28
176.5,ue_n042_0001,gNB_5G,-113,gNB_4G_1,-126,0,4,25.2399,1,-20.1977,0
176.5,ue_n001_0006,gNB_4G_1,-39,gNB_5G,-78,0.679936,0,-1,0,54.2753,28
176.5,ue_n042_0008,gNB_4G_2,-60,gNB_5G,-69,0.745472,2,14.6399,1,52.2105,28
176.5,car_north_peak_003_rider,gNB_4G_2,-49,gNB_4G_1,-83,0.8192,3,55.2399,1,14.5571,28
176.5,ue_n042_0002,gNB_4G_2,-44,gNB_5G,-62,0.679936,2,2.03993,1,40.304,28
176.5,ue_ujeongwon_0001,gNB_4G_1,-45,gNB_5G,-70,0.393216,0,-1,0,31.1157,28
176.5,ue_n043_0009,gNB_5G,-51,gNB_4G_2,-52,0.745472,2,2.43993,0,59.2847,28
176.5,ue_n043_0010,gNB_4G_2,-54,gNB_4G_1,-55,0.172032,1,34.0399,0,56.7872,28
176.5,ue_n043_0001,gNB_4G_2,-44,gNB_5G,-53,0.352256,3,85.4399,0,69.6173,28
176.5,ue_n001_0009,gNB_4G_1,-44,gNB_5G,-68,0.589824,0,-1,0,67.857,28
176.5,ue_n001_0001,gNB_4G_2,-43,gNB_4G_1,-49,0.557056,3,0.639928,1,6.65707,10
176.5,ue_n001_0002,gNB_4G_1,-48,gNB_4G_2,-58,0,0,-1,0,66.4584,28
176.5,ue_ujeongwon_0002,gNB_4G_1,-46,gNB_5G,-82,0.8192,0,-1,0,28.5727,28
176.5,ue_n001_0007,gNB_4G_1,-47,gNB_5G,-76,0.270336,0,-1,0,57.335,28
176.5,ue_n001_0003,gNB_4G_1,-43,gNB_4G_2,-69,0.548864,0,-1,0,64.7147,28
176.5,car_north_base_001_rider,gNB_4G_2,-48,gNB_5G,-79,0.8192,3,37.6399,1,50.0049,28
176.5,car_north_base_002_rider,gNB_4G_2,-46,gNB_4G_1,-92,0.8192,3,31.6399,1,50.8273,28
176.5,car_north_base_009,gNB_4G_2,-68,gNB_4G_1,-60,0.155648,1,0.0399284,0,34.5221,28
176.5,ue_n001_0004,gNB_4G_1,-45,gNB_4G_2,-58,0.638976,0,-1,0,68.8862,28
176.5,ue_n043_0003,gNB_4G_2,-44,gNB_5G,-52,0.458752,5,57.4399,0,66.7444,28
176.5,car_north_base_003,gNB_4G_2,-95,gNB_4G_1,-98,0,7,20.8399,1,6.64662,13
176.5,ue_n042_0004,gNB_4G_2,-40,gNB_5G,-67,0.8192,0,-1,0,62.737,28
176.5,car_north_base_004,gNB_4G_2,-46,gNB_5G,-53,0.131072,5,2.43993,1,68.7084,28
176.5,car_north_base_005,gNB_5G,-54,gNB_4G_1,-65,0.229376,2,2.83993,0,57.8012,28
176.5,ue_n043_0004,gNB_4G_2,-44,gNB_5G,-48,0.73728,7,5.63993,1,65.6459,28
176.5,ue_n001_0010,gNB_4G_1,-46,gNB_5G,-70,0.8192,0,-1,0,43.5014,28
176.5,ue_n043_0005,gNB_4G_2,-46,gNB_5G,-50,0.475136,5,25.8399,1,59.719,28
176.5,ue_ujeongwon_0004,gNB_4G_1,-45,gNB_5G,-60,0.12288,0,-1,0,61.1272,28
176.5,ue_ujeongwon_0005,gNB_4G_1,-43,gNB_5G,-62,0.32768,0,-1,0,38.5705,16
176.5,ue_n001_0005,gNB_4G_1,-38,gNB_4G_2,-84,0.589824,0,-1,0,77.0784,28
176.5,ue_ujeongwon_0006,gNB_4G_1,-45,gNB_4G_2,-71,0.540672,0,-1,0,57.318,28
176.5,ue_n042_0007,gNB_4G_2,-57,gNB_5G,-68,0.8192,0,-1,0,40.9426,28
176.5,ue_n043_0006,gNB_4G_2,-64,gNB_5G,-68,0.589824,5,13.6399,1,21.5488,23
176.5,ue_ujeongwon_0007,gNB_4G_1,-45,gNB_4G_2,-70,0.8192,0,-1,0,17.0471,22
176.5,ue_ujeongwon_0008,gNB_4G_1,-48,gNB_4G_2,-61,0.352256,0,-1,0,30.9071,28
176.5,ue_n043_0007,gNB_4G_2,-65,gNB_5G,-65,0.4096,7,8.63993,1,32.3654,27
176.5,ue_ujeongwon_0009,gNB_4G_1,-42,gNB_4G_2,-69,0.589824,0,-1,0,64.4399,28
176.5,car_north_base_007_rider,gNB_4G_1,-37,gNB_4G_2,-77,0.434176,0,-1,0,77.3324,28
176.5,ue_n042_0006,gNB_4G_2,-54,gNB_5G,-66,0,0,-1,0,36.676,28
176.5,car_north_base_008_rider,gNB_4G_2,-43,gNB_4G_1,-51,0.172032,1,10.4399,0,19.3097,25
176.5,ue_n043_0008,gNB_5G,-45,gNB_4G_2,-50,0.73728,2,10.4399,0,66.7808,28
176.5,ue_n001_0008,gNB_4G_1,-44,gNB_5G,-80,0.303104,0,-1,0,57.5485,28
177.5,ue_n042_0001,gNB_5G,-113,gNB_4G_1,-126,0,4,26.2399,1,-20.1977,0
177.5,ue_n001_0006,gNB_4G_1,-39,gNB_5G,-78,0.688128,0,-1,0,58.7674,28
177.5,ue_n042_0008,gNB_4G_2,-58,gNB_5G,-69,0.745472,2,15.6399,1,56.3783,28
177.5,car_north_peak_003_rider,gNB_4G_2,-50,gNB_4G_1,-64,0.638976,3,56.2399,1,30.7911,20
177.5,ue_n042_0002,gNB_4G_2,-47,gNB_5G,-60,0.679936,2,3.03993,1,3.4397,8
177.5,ue_ujeongwon_0001,gNB_4G_1,-44,gNB_5G,-72,0.385024,0,-1,0,39.3638,28
177.5,ue_n043_0009,gNB_5G,-48,gNB_4G_2,-51,0.745472,2,3.43993,0,63.1044,28
177.5,ue_n043_0010,gNB_4G_2,-53,gNB_5G,-65,0.196608,1,35.0399,0,57.6574,28
177.5,ue_n043_0001,gNB_4G_2,-41,gNB_5G,-56,0.360448,3,86.4399,0,64.6022,28
177.5,ue_n001_0009,gNB_4G_1,-43,gNB_5G,-69,0.581632,0,-1,0,69.2441,28
177.5,ue_n001_0001,gNB_4G_2,-44,gNB_4G_1,-49,0.581632,3,1.63993,1,67.9652,28
177.5,ue_n001_0002,gNB_4G_1,-48,gNB_4G_2,-58,0,0,-1,0,66.4584,28
177.5,ue_ujeongwon_0002,gNB_4G_1,-42,gNB_4G_2,-85,0.8192,0,-1,0,34.2225,25
177.5,ue_n001_0007,gNB_4G_1,-47,gNB_5G,-77,0.262144,0,-1,0,65.9314,28
177.5,ue_n001_0003,gNB_4G_1,-47,gNB_4G_2,-70,0.540672,0,-1,0,55.5608,28
177.5,car_north_base_001_rider,gNB_4G_2,-48,gNB_5G,-79,0.8192,3,38.6399,1,42.9716,28
177.5,car_north_base_002_rider,gNB_4G_2,-46,gNB_4G_1,-92,0.8192,3,32.6399,1,52.1189,28
177.5,car_north_base_009,gNB_4G_1,-49,gNB_4G_2,-75,0.24576,2,0.639928,1,35.5535,20
177.5,ue_n001_0004,gNB_4G_1,-46,gNB_4G_2,-53,0.630784,0,-1,0,63.3446,28
177.5,ue_n043_0003,gNB_4G_2,-44,gNB_5G,-51,0.45056,5,58.4399,0,64.8071,28
177.5,car_north_base_003,gNB_4G_2,-95,gNB_4G_1,-98,0,7,21.8399,1,6.64662,13
177.5,ue_n042_0004,gNB_4G_2,-40,gNB_5G,-67,0.8192,0,-1,0,56.0889,28
177.5,car_north_base_004,gNB_4G_2,-42,gNB_4G_1,-84,0.131072,5,3.43993,1,36.0117,28
177.5,car_north_base_005,gNB_4G_2,-46,gNB_5G,-58,0.221184,3,0.439928,1,62.9193,28
177.5,ue_n043_0004,gNB_4G_2,-45,gNB_5G,-48,0.745472,7,6.63993,1,66.8477,28
177.5,ue_n001_0010,gNB_4G_1,-47,gNB_5G,-73,0.8192,0,-1,0,45.9612,28
177.5,ue_n043_0005,gNB_4G_2,-46,gNB_5G,-51,0.483328,5,26.8399,1,64.1714,28
177.5,ue_ujeongwon_0004,gNB_4G_1,-45,gNB_5G,-58,0.114688,0,-1,0,24.853,28
177.5,ue_ujeongwon_0005,gNB_4G_1,-42,gNB_5G,-64,0.32768,0,-1,0,52.5321,28
177.5,ue_n001_0005,gNB_4G_1,-36,gNB_5G,-65,0.581632,0,-1,0,77.0736,28
177.5,ue_ujeongwon_0006,gNB_4G_1,-45,gNB_4G_2,-71,0.548864,0,-1,0,31.6844,28
177.5,ue_n042_0007,gNB_4G_2,-53,gNB_5G,-66,0.8192,0,-1,0,31.8516,28
177.5,ue_n043_0006,gNB_4G_2,-67,gNB_5G,-67,0.581632,5,14.6399,1,28.5061,25
177.5,ue_ujeongwon_0007,gNB_4G_1,-52,gNB_4G_2,-68,0.8192,0,-1,0,31.9494,27
177.5,ue_ujeongwon_0008,gNB_4G_1,-44,gNB_4G_2,-73,0.360448,0,-1,0,29.7134,27
177.5,ue_n043_0007,gNB_4G_2,-67,gNB_5G,-75,0.4096,7,9.63993,1,26.4288,26
177.5,ue_ujeongwon_0009,gNB_4G_1,-43,gNB_4G_2,-67,0.581632,0,-1,0,33.6832,28
177.5,car_north_base_007_rider,gNB_4G_1,-39,gNB_4G_2,-77,0.434176,0,-1,0,77.7328,28
177.5,ue_n042_0006,gNB_4G_2,-54,gNB_5G,-66,0,0,-1,0,36.676,28
177.5,car_north_base_008_rider,gNB_4G_2,-44,gNB_4G_1,-51,0.172032,1,11.4399,0,17.8096,17
177.5,ue_n043_0008,gNB_5G,-47,gNB_4G_2,-48,0.745472,2,11.4399,0,66.0269,28
177.5,ue_n001_0008,gNB_4G_1,-41,gNB_5G,-79,0.303104,0,-1,0,60.1681,28
178.5,ue_n042_0001,gNB_5G,-113,gNB_4G_1,-126,0,4,27.2399,1,-20.1977,0
178.5,ue_n001_0006,gNB_4G_1,-45,gNB_5G,-77,0.679936,0,-1,0,58.9565,28
178.5,ue_n042_0008,gNB_4G_2,-55,gNB_5G,-67,0.745472,2,16.6399,1,38.3192,28
178.5,car_north_peak_003_rider,gNB_4G_1,-66,gNB_4G_2,-78,0.712704,4,0.639928,0,22.8906,24
178.5,ue_n042_0002,gNB_4G_2,-45,gNB_4G_1,-51,0.679936,2,4.03993,1,66.886,28
178.5,ue_ujeongwon_0001,gNB_4G_1,-51,gNB_5G,-66,0.393216,0,-1,0,65.8093,28
178.5,ue_n043_0009,gNB_5G,-52,gNB_4G_2,-52,0.745472,2,4.43993,0,58.6033,28
178.5,ue_n043_0010,gNB_4G_2,-55,gNB_5G,-60,0.2048,1,36.0399,0,31.0536,27
178.5,ue_n043_0001,gNB_4G_2,-46,gNB_5G,-55,0.352256,3,87.4399,0,37.5352,28
178.5,ue_n001_0009,gNB_4G_1,-42,gNB_5G,-69,0.589824,0,-1,0,65.1927,28
178.5,ue_n001_0001,gNB_4G_2,-43,gNB_4G_1,-48,0.581632,3,2.63993,1,20.3058,22
178.5,ue_n001_0002,gNB_4G_1,-48,gNB_4G_2,-58,0,0,-1,0,66.4584,28
178.5,ue_ujeongwon_0002,gNB_4G_1,-44,gNB_4G_2,-75,0.8192,0,-1,0,65.5525,28
178.5,ue_n001_0007,gNB_4G_1,-49,gNB_5G,-78,0.262144,0,-1,0,60.1671,28
178.5,ue_n001_0003,gNB_4G_1,-47,gNB_4G_2,-71,0.548864,0,-1,0,55.2069,28
178.5,car_north_base_001_rider,gNB_4G_2,-48,gNB_5G,-79,0.8192,3,39.6399,1,43.6266,28
178.5,car_north_base_002_rider,gNB_4G_2,-46,gNB_4G_1,-92,0.8192,3,33.6399,1,46.7479,28
178.5,car_north_base_009,gNB_4G_1,-47,gNB_4G_2,-78,0.319488,2,1.63993,1,33.752,28
178.5,ue_n001_0004,gNB_4G_1,-43,gNB_4G_2,-50,0.630784,0,-1,0,62.5695,28
178.5,ue_n043_0003,gNB_4G_2,-45,gNB_5G,-57,0.458752,5,59.4399,0,68.8447,28
178.5,car_north_base_003,gNB_4G_2,-95,gNB_4G_1,-98,0,7,22.8399,1,6.64662,13
178.5,ue_n042_0004,gNB_4G_2,-41,gNB_5G,-67,0.8192,0,-1,0,59.8893,28
178.5,car_north_base_004,gNB_4G_2,-46,gNB_4G_1,-73,0.139264,5,4.43993,1,60.911,28
178.5,car_north_base_005,gNB_4G_2,-48,gNB_5G,-53,0.229376,3,1.43993,1,60.3355,28
178.5,ue_n043_0004,gNB_4G_2,-44,gNB_5G,-50,0.745472,7,7.63993,1,66.1586,28
178.5,ue_n001_0010,gNB_4G_1,-46,gNB_5G,-71,0.8192,0,-1,0,63.1516,28
178.5,ue_n043_0005,gNB_4G_2,-46,gNB_5G,-50,0.483328,5,27.8399,1,65.6459,28
178.5,ue_ujeongwon_0004,gNB_4G_1,-46,gNB_5G,-59,0.12288,0,-1,0,53.1722,28
178.5,ue_ujeongwon_0005,gNB_4G_1,-43,gNB_4G_2,-64,0.32768,0,-1,0,64.655,28
178.5,ue_n001_0005,gNB_4G_1,-38,gNB_5G,-71,0.589824,0,-1,0,78.5335,28
178.5,ue_ujeongwon_0006,gNB_4G_1,-45,gNB_4G_2,-72,0.548864,0,-1,0,63.5959,28
178.5,ue_n042_0007,gNB_4G_2,-54,gNB_5G,-66,0.4096,0,-1,0,35.8545,28
178.5,ue_n043_0006,gNB_4G_2,-65,gNB_5G,-65,0.589824,5,15.6399,1,35.5916,28
178.5,ue_ujeongwon_0007,gNB_4G_1,-47,gNB_4G_2,-70,0.811008,0,-1,0,26.6676,28
178.5,ue_ujeongwon_0008,gNB_4G_1,-47,gNB_4G_2,-71,0.352256,0,-1,0,22.1666,24
178.5,ue_n043_0007,gNB_4G_2,-67,gNB_5G,-69,0.4096,7,10.6399,1,22.9211,24
178.5,ue_ujeongwon_0009,gNB_4G_1,-43,gNB_4G_2,-67,0.581632,0,-1,0,60.6796,28
178.5,car_north_base_007_rider,gNB_4G_1,-36,gNB_4G_2,-77,0.425984,0,-1,0,44.1239,28
178.5,ue_n042_0006,gNB_4G_2,-54,gNB_5G,-66,0,0,-1,0,36.676,28
178.5,car_north_base_008_rider,gNB_4G_2,-43,gNB_5G,-53,0.172032,1,12.4399,0,24.732,28
178.5,ue_n043_0008,gNB_4G_2,-50,gNB_5G,-54,0.745472,3,0.239928,0,58.8384,28
178.5,ue_n001_0008,gNB_4G_1,-50,gNB_5G,-81,0.303104,0,-1,0,61.2553,28
179.5,ue_n042_0001,gNB_5G,-113,gNB_4G_1,-126,0,4,28.2399,1,-20.1977,0
179.5,ue_n001_0006,gNB_4G_1,-41,gNB_5G,-76,0.679936,0,-1,0,74.0122,28
179.5,ue_n042_0008,gNB_4G_2,-54,gNB_5G,-68,0.745472,2,17.6399,1,52.9189,28
179.5,car_north_peak_003_rider,gNB_4G_1,-64,gNB_4G_2,-83,0.8192,4,1.63993,0,10.9478,17
179.5,ue_n042_0002,gNB_4G_2,-45,gNB_4G_1,-50,0.671744,2,5.03993,1,21.3433,15
179.5,ue_ujeongwon_0001,gNB_4G_1,-46,gNB_5G,-70,0.393216,0,-1,0,55.9962,28
179.5,ue_n043_0009,gNB_5G,-47,gNB_4G_2,-53,0.745472,2,5.43993,0,63.9648,28
179.5,ue_n043_0010,gNB_4G_2,-54,gNB_5G,-67,0.196608,1,37.0399,0,33.2938,28
179.5,ue_n043_0001,gNB_4G_2,-44,gNB_5G,-53,0.360448,3,88.4399,0,65.562,28
179.5,ue_n001_0009,gNB_4G_1,-45,gNB_5G,-78,0.581632,0,-1,0,40.0883,28
179.5,ue_n001_0001,gNB_4G_2,-45,gNB_4G_1,-47,0.565248,3,3.63993,1,58.6126,28
179.5,ue_n001_0002,gNB_4G_1,-48,gNB_4G_2,-58,0,0,-1,0,66.4584,28
179.5,ue_ujeongwon_0002,gNB_4G_1,-54,gNB_4G_2,-76,0.8192,0,-1,0,51.1585,28
179.5,ue_n001_0007,gNB_4G_1,-49,gNB_5G,-84,0.262144,0,-1,0,58.0073,28
179.5,ue_n001_0003,gNB_4G_1,-45,gNB_4G_2,-71,0.540672,0,-1,0,34.0377,25
179.5,car_north_base_001_rider,gNB_4G_2,-48,gNB_5G,-69,0.8192,3,40.6399,1,63.5133,28
179.5,car_north_base_002_rider,gNB_4G_2,-46,gNB_4G_1,-92,0.8192,3,34.6399,1,63.1061,28
179.5,car_north_base_009,gNB_4G_1,-46,gNB_4G_2,-76,0.311296,2,2.63993,1,62.6814,28
179.5,ue_n001_0004,gNB_4G_1,-41,gNB_4G_2,-53,0.622592,0,-1,0,66.8282,28
179.5,ue_n043_0003,gNB_4G_2,-44,gNB_5G,-57,0.45056,5,60.4399,0,64.0668,28
179.5,car_north_base_003,gNB_4G_2,-95,gNB_4G_1,-98,0,7,23.8399,1,6.64662,13
179.5,ue_n042_0004,gNB_4G_2,-43,gNB_5G,-65,0.8192,0,-1,0,70.7282,28
179.5,car_north_base_004,gNB_4G_2,-50,gNB_5G,-60,0.131072,5,5.43993,1,32.185,28
179.5,car_north_base_005,gNB_4G_2,-50,gNB_4G_1,-85,0.229376,3,2.43993,1,32.7441,28
179.5,ue_n043_0004,gNB_4G_2,-45,gNB_5G,-54,0.745472,7,8.63993,1,22.409,25
179.5,ue_n001_0010,gNB_4G_1,-46,gNB_5G,-71,0.8192,0,-1,0,42.1678,28
179.5,ue_n043_0005,gNB_4G_2,-44,gNB_5G,-48,0.483328,5,28.8399,1,66.8477,28
179.5,ue_ujeongwon_0004,gNB_4G_1,-49,gNB_5G,-62,0.114688,0,-1,0,24.2004,28
179.5,ue_ujeongwon_0005,gNB_4G_1,-48,gNB_4G_2,-62,0.32768,0,-1,0,23.2157,25
179.5,ue_n001_0005,gNB_4G_1,-37,gNB_5G,-74,0.581632,0,-1,0,56.7584,28
179.5,ue_ujeongwon_0006,gNB_4G_1,-45,gNB_4G_2,-70,0.540672,0,-1,0,64.7626,28
179.5,ue_n042_0007,gNB_4G_2,-60,gNB_5G,-67,0,0,-1,0,35.8545,28
179.5,ue_n043_0006,gNB_4G_2,-61,gNB_5G,-67,0.581632,5,16.6399,1,31.8611,28
179.5,ue_ujeongwon_0007,gNB_4G_1,-50,gNB_4G_2,-69,0.827392,0,-1,0,30.3296,28
179.5,ue_ujeongwon_0008,gNB_4G_1,-52,gNB_4G_2,-68,0.360448,0,-1,0,61.6379,28
179.5,ue_n043_0007,gNB_4G_2,-66,gNB_5G,-65,0.4096,7,11.6399,1,24.5383,26
179.5,ue_ujeongwon_0009,gNB_4G_1,-43,gNB_4G_2,-69,0.589824,0,-1,0,64.8691,28
179.5,car_north_base_007_rider,gNB_4G_1,-37,gNB_4G_2,-76,0.434176,0,-1,0,51.4443,28
179.5,ue_n042_0006,gNB_4G_2,-54,gNB_5G,-66,0,0,-1,0,36.676,28
179.5,car_north_base_008_rider,gNB_4G_2,-43,gNB_5G,-53,0.172032,1,13.4399,0,63.7374,28
179.5,ue_n043_0008,gNB_5G,-46,gNB_4G_2,-52,0.745472,4,0.239928,1,67.2706,28
179.5,ue_n001_0008,gNB_4G_1,-55,gNB_5G,-83,0.303104,0,-1,0,66.6718,28
180.5,ue_n042_0001,gNB_5G,-113,gNB_4G_1,-126,0,4,29.2399,1,-20.1977,0
180.5,ue_n001_0006,gNB_4G_1,-38,gNB_5G,-78,0.679936,0,-1,0,76.8881,28
180.5,ue_n042_0008,gNB_4G_2,-59,gNB_5G,-71,0.745472,2,18.6399,1,47.2035,28
180.5,car_north_peak_003_rider,gNB_4G_1,-58,gNB_4G_2,-68,0.8192,4,2.63993,0,38.4231,28
180.5,ue_n042_0002,gNB_4G_2,-46,gNB_4G_1,-52,0.688128,2,6.03993,1,7.10471,11
180.5,ue_ujeongwon_0001,gNB_4G_1,-47,gNB_4G_2,-70,0.385024,0,-1,0,46.5094,28
180.5,ue_n043_0009,gNB_5G,-47,gNB_4G_2,-50,0.745472,2,6.43993,0,63.6398,28
180.5,ue_n043_0010,gNB_4G_2,-54,gNB_5G,-64,0.196608,1,38.0399,0,28.6414,28
180.5,ue_n043_0001,gNB_4G_2,-45,gNB_5G,-54,0.352256,3,89.4399,0,46.6104,28
180.5,ue_n001_0009,gNB_4G_1,-48,gNB_5G,-79,0.581632,0,-1,0,44.8655,28
180.5,ue_n001_0001,gNB_4G_2,-52,gNB_4G_1,-51,0.565248,3,4.63993,1,63.2874,28
180.5,ue_n001_0002,gNB_4G_1,-48,gNB_4G_2,-58,0,0,-1,0,66.4584,28
180.5,ue_ujeongwon_0002,gNB_4G_1,-50,gNB_4G_2,-79,0.8192,0,-1,0,35.3417,28
180.5,ue_n001_0007,gNB_4G_1,-43,gNB_5G,-99,0.270336,0,-1,0,53.9601,28
180.5,ue_n001_0003,gNB_4G_1,-45,gNB_4G_2,-70,0.548864,0,-1,0,31.311,28
180.5,car_north_base_001_rider,gNB_4G_2,-47,gNB_4G_1,-59,0.8192,3,41.6399,1,18.9182,25
180.5,car_north_base_002_rider,gNB_4G_2,-47,gNB_4G_1,-92,0.8192,3,35.6399,1,48.7639,28
180.5,car_north_base_009,gNB_4G_1,-48,gNB_4G_2,-77,0.311296,2,3.63993,1,60.1299,28
180.5,ue_n001_0004,gNB_4G_1,-44,gNB_4G_2,-52,0.622592,0,-1,0,67.415,28
180.5,ue_n043_0003,gNB_4G_2,-46,gNB_5G,-54,0.458752,5,61.4399,0,19.5502,28
180.5,ue_n042_0009,gNB_4G_2,-87,gNB_4G_1,-96,0.08192,0,-1,0,42.4851,28
180.5,ue_n042_0004,gNB_4G_2,-42,gNB_5G,-67,0.8192,0,-1,0,71.5758,28
180.5,car_north_base_004,gNB_5G,-61,gNB_4G_1,-61,0.114688,6,0.839928,1,48.5734,28
180.5,car_north_base_005,gNB_4G_2,-47,gNB_4G_1,-74,0.229376,3,3.43993,1,61.1093,28
180.5,ue_n043_0004,gNB_4G_2,-42,gNB_5G,-51,0.745472,7,9.63993,1,63.3822,28
180.5,ue_n001_0010,gNB_4G_1,-45,gNB_5G,-67,0.8192,0,-1,0,34.4924,28
180.5,ue_n043_0005,gNB_4G_2,-44,gNB_5G,-50,0.483328,5,29.8399,1,66.1586,28
180.5,ue_ujeongwon_0004,gNB_4G_1,-49,gNB_5G,-61,0.114688,0,-1,0,57.8022,27
180.5,ue_ujeongwon_0005,gNB_4G_1,-43,gNB_5G,-60,0.32768,0,-1,0,64.2522,28
180.5,ue_n001_0005,gNB_4G_1,-37,gNB_5G,-66,0.589824,0,-1,0,74.4538,28
180.5,ue_ujeongwon_0006,gNB_4G_1,-43,gNB_4G_2,-73,0.352256,0,-1,0,31.3556,28
180.5,ue_n042_0007,gNB_4G_2,-61,gNB_5G,-67,0,0,-1,0,35.8545,28
180.5,ue_n043_0006,gNB_4G_2,-61,gNB_5G,-70,0.581632,5,17.6399,1,49.7969,28
180.5,ue_ujeongwon_0007,gNB_4G_1,-46,gNB_4G_2,-71,0.8192,0,-1,0,41.427,25
180.5,ue_ujeongwon_0008,gNB_4G_1,-52,gNB_4G_2,-73,0.352256,0,-1,0,62.7433,28
180.5,ue_n043_0007,gNB_4G_2,-67,gNB_5G,-68,0.4096,7,12.6399,1,32.2902,26
180.5,ue_ujeongwon_0009,gNB_4G_1,-43,gNB_4G_2,-84,0.581632,0,-1,0,65.7348,28
180.5,car_north_base_007_rider,gNB_4G_1,-38,gNB_4G_2,-80,0.434176,0,-1,0,31.7061,28
180.5,ue_n042_0006,gNB_4G_2,-54,gNB_5G,-66,0,0,-1,0,36.676,28
180.5,car_north_base_008_rider,gNB_4G_2,-44,gNB_4G_1,-52,0.172032,1,14.4399,0,49.8263,28
180.5,ue_n043_0008,gNB_5G,-47,gNB_4G_2,-51,0.745472,4,1.23993,1,67.4453,28
180.5,ue_n001_0008,gNB_4G_1,-47,gNB_5G,-76,0.303104,0,-1,0,68.4861,28
181.5,ue_n042_0001,gNB_5G,-113,gNB_4G_1,-126,0,4,30.2399,1,-20.1977,0
181.5,ue_n001_0006,gNB_4G_1,-38,gNB_4G_2,-83,0.688128,0,-1,0,59.2079,28
181.5,ue_n042_0008,gNB_4G_2,-62,gNB_5G,-68,0.745472,2,19.6399,1,50.3566,28
181.5,car_north_peak_003_rider,gNB_4G_1,-67,gNB_5G,-86,0.8192,4,3.63993,0,34.6102,28
181.5,ue_n042_0002,gNB_4G_2,-46,gNB_4G_1,-51,0.679936,2,7.03993,1,18.7021,22
181.5,ue_ujeongwon_0001,gNB_4G_1,-47,gNB_5G,-69,0.393216,0,-1,0,65.7358,28
181.5,ue_n043_0009,gNB_5G,-47,gNB_4G_2,-51,0.745472,2,7.43993,0,64.0706,28
181.5,ue_n043_0010,gNB_4G_2,-54,gNB_5G,-64,0.2048,1,39.0399,0,54.721,28
181.5,ue_n043_0001,gNB_4G_2,-50,gNB_5G,-53,0.360448,3,90.4399,0,55.0144,28
181.5,ue_n001_0009,gNB_4G_1,-44,gNB_5G,-79,0.589824,0,-1,0,60.7901,28
181.5,ue_n001_0001,gNB_4G_2,-42,gNB_4G_1,-51,0.589824,3,5.63993,1,63.5729,28
181.5,ue_n001_0002,gNB_4G_1,-48,gNB_4G_2,-58,0,0,-1,0,66.4584,28
181.5,ue_ujeongwon_0002,gNB_4G_1,-45,gNB_4G_2,-75,0.8192,0,-1,0,65.2322,28
181.5,ue_n001_0007,gNB_4G_1,-42,gNB_4G_2,-77,0.262144,0,-1,0,57.6496,28
181.5,ue_n001_0003,gNB_4G_1,-43,gNB_4G_2,-72,0.352256,0,-1,0,64.7122,28
181.5,car_north_base_001_rider,gNB_4G_2,-47,gNB_4G_1,-57,0.8192,3,42.6399,1,18.1366,24
181.5,car_north_base_002_rider,gNB_4G_2,-48,gNB_4G_1,-92,0.8192,3,36.6399,1,49.9123,28
181.5,car_north_base_009,gNB_4G_1,-49,gNB_4G_2,-76,0.319488,2,4.63993,1,63.3459,28
181.5,ue_n001_0004,gNB_4G_1,-44,gNB_4G_2,-52,0.630784,0,-1,0,67.9,28
181.5,ue_n043_0003,gNB_4G_2,-43,gNB_5G,-51,0.45056,5,62.4399,0,25.094,28
181.5,ue_n042_0009,gNB_4G_2,-69,gNB_5G,-72,0.155648,0,-1,0,43.3452,28
181.5,ue_n042_0004,gNB_4G_2,-42,gNB_5G,-62,0.8192,0,-1,0,56.5735,28
181.5,car_north_base_004,gNB_5G,-66,gNB_4G_2,-70,0.131072,6,1.83993,1,41.9459,24
181.5,car_north_base_005,gNB_4G_2,-50,gNB_5G,-62,0.229376,3,4.43993,1,61.6133,28
181.5,ue_n043_0004,gNB_4G_2,-47,gNB_5G,-50,0.745472,7,10.6399,1,20.2645,24
181.5,ue_n001_0010,gNB_4G_1,-47,gNB_5G,-71,0.8192,0,-1,0,62.5693,28
181.5,ue_n043_0005,gNB_4G_2,-44,gNB_5G,-50,0.483328,5,30.8399,1,68.7324,28
181.5,ue_ujeongwon_0004,gNB_4G_1,-46,gNB_5G,-63,0.12288,0,-1,0,60.0213,28
181.5,ue_ujeongwon_0005,gNB_4G_1,-46,gNB_5G,-63,0.32768,0,-1,0,30.716,28
181.5,ue_n001_0005,gNB_4G_1,-37,gNB_5G,-63,0.581632,0,-1,0,77.1575,28
181.5,ue_ujeongwon_0006,gNB_4G_1,-58,gNB_4G_2,-73,0.196608,0,-1,0,37.2308,28
181.5,ue_n042_0007,gNB_4G_2,-61,gNB_5G,-67,0,0,-1,0,35.8545,28
181.5,ue_n043_0006,gNB_4G_2,-58,gNB_5G,-71,0.589824,5,18.6399,1,52.9173,28
181.5,ue_ujeongwon_0007,gNB_4G_1,-44,gNB_4G_2,-70,0.811008,0,-1,0,13.6421,19
181.5,ue_ujeongwon_0008,gNB_4G_1,-47,gNB_4G_2,-71,0.360448,0,-1,0,30.9029,28
181.5,ue_n043_0007,gNB_4G_2,-65,gNB_5G,-66,0.4096,7,13.6399,1,22.902,23
181.5,ue_ujeongwon_0009,gNB_4G_1,-43,gNB_4G_2,-70,0.589824,0,-1,0,27.0321,28
181.5,car_north_base_007_rider,gNB_4G_1,-40,gNB_4G_2,-79,0.425984,0,-1,0,68.1485,28
181.5,ue_n042_0006,gNB_4G_2,-54,gNB_5G,-66,0,0,-1,0,36.676,28
181.5,car_north_base_008_rider,gNB_4G_2,-44,gNB_5G,-59,0.16384,1,15.4399,0,70.0453,28
181.5,ue_n043_0008,gNB_5G,-46,gNB_4G_2,-50,0.745472,4,2.23993,1,67.7473,28
181.5,ue_n001_0008,gNB_4G_1,-45,gNB_5G,-85,0.303104,0,-1,0,69.4115,28
182.5,ue_n042_0001,gNB_5G,-113,gNB_4G_1,-126,0,4,31.2399,1,-20.1977,0
182.5,ue_n001_0006,gNB_4G_1,-44,gNB_4G_2,-83,0.679936,0,-1,0,75.6384,28
182.5,ue_n042_0008,gNB_4G_2,-61,gNB_5G,-66,0.745472,2,20.6399,1,32.0924,27
182.5,car_north_peak_003_rider,gNB_4G_1,-67,gNB_5G,-91,0.688128,4,4.63993,0,15.2353,20
182.5,ue_n042_0002,gNB_4G_2,-46,gNB_4G_1,-51,0.688128,2,8.03993,1,12.2188,14
182.5,ue_ujeongwon_0001,gNB_4G_1,-48,gNB_4G_2,-63,0.385024,0,-1,0,64.9239,28
182.5,ue_n043_0009,gNB_5G,-45,gNB_4G_2,-53,0.745472,2,8.43993,0,66.3601,28
182.5,ue_n043_0010,gNB_4G_2,-55,gNB_5G,-63,0.188416,1,40.0399,0,9.73966,12
182.5,ue_n043_0001,gNB_4G_2,-43,gNB_5G,-52,0.352256,3,91.4399,0,34.5046,28
182.5,ue_n001_0009,gNB_4G_1,-44,gNB_5G,-78,0.581632,0,-1,0,64.3833,28
182.5,ue_n001_0001,gNB_4G_2,-47,gNB_4G_1,-53,0.581632,3,6.63993,1,14.8962,20
182.5,ue_n001_0002,gNB_4G_1,-48,gNB_4G_2,-58,0,0,-1,0,66.4584,28
182.5,ue_ujeongwon_0002,gNB_4G_1,-56,gNB_4G_2,-76,0.8192,0,-1,0,67.2931,28
182.5,ue_n001_0007,gNB_4G_1,-43,gNB_4G_2,-75,0.262144,0,-1,0,67.9928,28
182.5,ue_n001_0003,gNB_4G_1,-43,gNB_4G_2,-73,0,0,-1,0,64.7122,28
182.5,car_north_base_001_rider,gNB_4G_2,-48,gNB_4G_1,-59,0.8192,3,43.6399,1,18.9898,20
182.5,car_north_base_002_rider,gNB_4G_2,-48,gNB_4G_1,-92,0.8192,3,37.6399,1,49.3695,28
182.5,car_north_base_009,gNB_4G_1,-47,gNB_5G,-76,0.311296,2,5.63993,1,61.4087,16
182.5,ue_n001_0004,gNB_4G_1,-43,gNB_4G_2,-53,0.630784,0,-1,0,64.3559,28
182.5,ue_n043_0003,gNB_4G_2,-42,gNB_5G,-50,0.458752,5,63.4399,0,40.2165,28
182.5,ue_n042_0009,gNB_4G_2,-67,gNB_5G,-69,0.155648,0,-1,0,20.5428,24
182.5,ue_n042_0004,gNB_4G_2,-40,gNB_5G,-59,0.8192,0,-1,0,68.4188,28
182.5,car_north_base_004,gNB_4G_1,-59,gNB_5G,-70,0.131072,7,0.639928,0,47.8253,28
182.5,car_north_base_005,gNB_4G_2,-49,gNB_5G,-57,0.221184,3,5.43993,1,35.3783,28
182.5,ue_n043_0004,gNB_4G_2,-46,gNB_5G,-51,0.73728,7,11.6399,1,20.7547,21
182.5,ue_n001_0010,gNB_4G_1,-52,gNB_5G,-71,0.8192,0,-1,0,36.6705,28
182.5,ue_n043_0005,gNB_4G_2,-43,gNB_5G,-55,0.475136,5,31.8399,1,14.378,28
182.5,ue_ujeongwon_0004,gNB_4G_1,-46,gNB_5G,-63,0.114688,0,-1,0,64.5834,28
182.5,ue_ujeongwon_0005,gNB_4G_1,-43,gNB_5G,-67,0.32768,0,-1,0,67.1707,28
182.5,ue_n001_0005,gNB_4G_1,-37,gNB_5G,-71,0.581632,0,-1,0,76.8114,28
182.5,ue_ujeongwon_0006,gNB_4G_1,-61,gNB_4G_2,-72,0.540672,0,-1,0,55.0101,28
182.5,ue_n042_0007,gNB_4G_2,-61,gNB_5G,-67,0,0,-1,0,35.8545,28
182.5,ue_n043_0006,gNB_4G_2,-56,gNB_5G,-69,0.581632,5,19.6399,1,39.7671,28
182.5,ue_ujeongwon_0007,gNB_4G_1,-51,gNB_4G_2,-69,0.827392,0,-1,0,63.6587,28
182.5,ue_ujeongwon_0008,gNB_4G_1,-45,gNB_4G_2,-73,0.352256,0,-1,0,66.2752,28
182.5,ue_n043_0007,gNB_4G_2,-66,gNB_5G,-70,0.4096,7,14.6399,1,27.6649,27
182.5,ue_ujeongwon_0009,gNB_4G_1,-45,gNB_4G_2,-74,0.581632,0,-1,0,25.9778,28
182.5,car_north_base_007_rider,gNB_4G_1,-42,gNB_4G_2,-78,0.434176,0,-1,0,67.8107,28
182.5,ue_n042_0006,gNB_4G_2,-54,gNB_5G,-66,0,0,-1,0,36.676,28
182.5,car_north_base_008_rider,gNB_4G_2,-41,gNB_5G,-62,0.172032,1,16.4399,0,67.2662,28
182.5,ue_n043_0008,gNB_5G,-51,gNB_4G_2,-50,0.745472,4,3.23993,1,68.6066,28
182.5,ue_n001_0008,gNB_4G_1,-45,gNB_5G,-85,0.303104,0,-1,0,65.1039,28
183.5,car_north_peak_006,gNB_5G,0,,-140,0,0,-1,0,-20.1977,0
183.5,ue_n001_0006,gNB_4G_1,-38,gNB_4G_2,-84,0.688128,0,-1,0,46.5108,28
183.5,ue_n042_0008,gNB_4G_2,-61,gNB_5G,-66,0.745472,2,21.6399,1,54.6223,28
183.5,car_north_peak_003_rider,gNB_5G,-69,gNB_4G_1,-84,0.753664,5,0.239928,0,42.9897,28
183.5,ue_n042_0002,gNB_4G_2,-46,gNB_4G_1,-51,0.679936,2,9.03993,1,17.5984,22
183.5,ue_ujeongwon_0001,gNB_4G_1,-46,gNB_4G_2,-62,0.393216,0,-1,0,65.3761,28
183.5,ue_n043_0009,gNB_5G,-45,gNB_4G_2,-49,0.745472,2,9.43993,0,65.9836,28
183.5,ue_n043_0010,gNB_4G_2,-56,gNB_4G_1,-58,0.188416,1,41.0399,0,9.43611,13
183.5,ue_n043_0001,gNB_4G_2,-43,gNB_5G,-52,0.360448,3,92.4399,0,69.5584,28
183.5,ue_n001_0009,gNB_4G_1,-46,gNB_5G,-78,0.589824,0,-1,0,60.5042,28
183.5,ue_n001_0001,gNB_4G_2,-41,gNB_4G_1,-47,0.581632,3,7.63993,1,63.8201,28
183.5,ue_n001_0002,gNB_4G_1,-48,gNB_4G_2,-58,0,0,-1,0,66.4584,28
183.5,ue_ujeongwon_0002,gNB_4G_1,-51,gNB_5G,-75,0.8192,0,-1,0,59.7862,28
183.5,ue_n001_0007,gNB_4G_1,-58,gNB_4G_2,-76,0.262144,0,-1,0,38.7593,28
183.5,ue_n001_0003,gNB_4G_1,-43,gNB_4G_2,-73,0,0,-1,0,34.7456,28
183.5,car_north_base_001_rider,gNB_4G_2,-49,gNB_4G_1,-55,0.8192,3,44.6399,1,54.5441,28
183.5,car_north_base_002_rider,gNB_4G_2,-48,gNB_4G_1,-92,0.8192,3,38.6399,1,49.8288,28
183.5,car_north_base_009,gNB_4G_1,-49,gNB_5G,-76,0.319488,2,6.63993,1,25.1826,27
183.5,ue_n001_0004,gNB_4G_1,-45,gNB_4G_2,-55,0.630784,0,-1,0,68.3042,28
183.5,ue_n043_0003,gNB_4G_2,-42,gNB_5G,-51,0.458752,5,64.4399,0,61.4988,28
183.5,ue_n042_0009,gNB_4G_2,-66,gNB_5G,-65,0.16384,0,-1,0,45.6088,28
183.5,ue_n042_0004,gNB_4G_2,-46,gNB_5G,-58,0.8192,0,-1,0,55.894,28
183.5,car_north_base_004,gNB_4G_1,-59,gNB_5G,-68,0.131072,7,1.63993,0,7.48033,14
183.5,car_north_base_005,gNB_4G_2,-60,gNB_4G_1,-89,0.229376,3,6.43993,1,19.9066,24
183.5,ue_n043_0004,gNB_4G_2,-44,gNB_5G,-52,0.753664,7,12.6399,1,61.725,28
183.5,ue_n001_0010,gNB_4G_1,-47,gNB_5G,-71,0.8192,0,-1,0,42.3072,28
183.5,ue_n043_0005,gNB_4G_2,-45,gNB_5G,-50,0.483328,5,32.8399,1,63.2223,15
183.5,ue_ujeongwon_0004,gNB_4G_1,-48,gNB_5G,-60,0.12288,0,-1,0,65.0734,28
183.5,ue_ujeongwon_0005,gNB_4G_1,-42,gNB_5G,-68,0.32768,0,-1,0,68.9059,28
183.5,ue_n001_0005,gNB_4G_1,-38,gNB_5G,-67,0.589824,0,-1,0,74.5203,28
183.5,ue_ujeongwon_0006,gNB_4G_1,-45,gNB_4G_2,-72,0.548864,0,-1,0,63.968,28
183.5,ue_n042_0007,gNB_4G_2,-61,gNB_5G,-67,0,0,-1,0,35.8545,28
183.5,ue_n043_0006,gNB_4G_2,-54,gNB_5G,-75,0.589824,5,20.6399,1,57.1939,28
183.5,ue_ujeongwon_0007,gNB_4G_1,-50,gNB_4G_2,-72,0.8192,0,-1,0,25.8241,27
183.5,ue_ujeongwon_0008,gNB_4G_1,-46,gNB_4G_2,-72,0.360448,0,-1,0,57.6599,28
183.5,ue_n043_0007,gNB_4G_2,-65,gNB_5G,-66,0.4096,7,15.6399,1,47.3435,28
183.5,ue_ujeongwon_0009,gNB_4G_1,-43,gNB_4G_2,-68,0.589824,0,-1,0,36.2213,28
183.5,car_north_base_007_rider,gNB_4G_1,-43,gNB_4G_2,-81,0.425984,0,-1,0,66.1269,28
183.5,ue_ujeongwon_0010,gNB_4G_1,-77,gNB_4G_2,-54,0.303104,0,-1,0,57.3433,28
183.5,car_north_base_008_rider,gNB_4G_2,-42,gNB_5G,-52,0.172032,1,17.4399,0,67.9555,28
183.5,ue_n043_0008,gNB_5G,-49,gNB_4G_2,-52,0.745472,4,4.23993,1,65.1196,28
183.5,ue_n001_0008,gNB_4G_1,-50,gNB_5G,-82,0.303104,0,-1,0,57.9948,28
184.5,car_north_peak_006,gNB_5G,0,,-140,0,0,-1,0,-20.1977,0
184.5,ue_n001_0006,gNB_4G_1,-62,gNB_4G_2,-85,0.679936,0,-1,0,37.1487,28
184.5,ue_n042_0008,gNB_4G_2,-58,gNB_5G,-67,0.745472,2,22.6399,1,50.5478,28
184.5,car_north_peak_003_rider,gNB_5G,-69,gNB_4G_1,-84,0.8192,5,1.23993,0,41.7583,27
184.5,ue_n042_0002,gNB_4G_2,-46,gNB_4G_1,-51,0.688128,2,10.0399,1,20.9409,24
184.5,ue_ujeongwon_0001,gNB_4G_1,-48,gNB_4G_2,-60,0.385024,0,-1,0,25.5364,22
184.5,ue_n043_0009,gNB_5G,-47,gNB_4G_2,-50,0.73728,2,10.4399,0,63.5409,28
184.5,ue_n043_0010,gNB_4G_2,-55,gNB_4G_1,-59,0.2048,1,42.0399,0,13.303,16
184.5,ue_n043_0001,gNB_4G_2,-41,gNB_5G,-55,0.352256,3,93.4399,0,65.481,28
184.5,ue_n001_0009,gNB_4G_1,-44,gNB_5G,-79,0.581632,0,-1,0,64.8091,28
184.5,ue_n001_0001,gNB_4G_2,-47,gNB_4G_1,-47,0.581632,3,8.63993,1,67.4714,28
184.5,ue_n001_0002,gNB_4G_1,-48,gNB_4G_2,-58,0,0,-1,0,66.4584,28
184.5,ue_ujeongwon_0002,gNB_4G_1,-48,gNB_5G,-69,0.8192,0,-1,0,67.4731,28
184.5,ue_n001_0007,gNB_4G_1,-47,gNB_4G_2,-76,0.270336,0,-1,0,65.5101,28
184.5,ue_n001_0003,gNB_4G_1,-44,gNB_4G_2,-71,0,0,-1,0,63.9679,28
184.5,car_north_base_001_rider,gNB_4G_2,-49,gNB_5G,-62,0.8192,3,45.6399,1,54.5277,28
184.5,car_north_base_002_rider,gNB_4G_2,-48,gNB_4G_1,-92,0.8192,3,39.6399,1,49.7864,28
184.5,car_north_base_009,gNB_4G_1,-53,gNB_4G_2,-75,0.311296,2,7.63993,1,32.398,28
184.5,ue_n001_0004,gNB_4G_1,-45,gNB_4G_2,-56,0.630784,0,-1,0,67.2927,28
184.5,ue_n043_0003,gNB_4G_2,-44,gNB_5G,-52,0.45056,5,65.4399,0,19.5936,17
184.5,ue_n042_0009,gNB_4G_2,-65,gNB_5G,-66,0.155648,0,-1,0,45.7854,28
184.5,ue_n042_0004,gNB_4G_2,-40,gNB_5G,-61,0.8192,0,-1,0,53.5559,28
184.5,car_north_base_004,gNB_5G,-72,gNB_4G_1,-92,0.131072,8,0.839928,1,34.0085,28
184.5,car_north_base_005,gNB_5G,-69,gNB_4G_1,-68,0.212992,4,0.239928,1,42.478,28
184.5,ue_n043_0004,gNB_4G_2,-45,gNB_5G,-50,0.745472,7,13.6399,1,64.6064,28
184.5,ue_n001_0010,gNB_4G_1,-44,gNB_5G,-71,0.8192,0,-1,0,43.3101,28
184.5,ue_n043_0005,gNB_4G_2,-46,gNB_5G,-49,0.483328,5,33.8399,1,62.1202,28
184.5,ue_ujeongwon_0004,gNB_4G_1,-48,gNB_5G,-60,0.114688,0,-1,0,18.1413,22
184.5,ue_ujeongwon_0005,gNB_4G_1,-42,gNB_5G,-66,0.32768,0,-1,0,28.0719,28
184.5,ue_n001_0005,gNB_4G_1,-38,gNB_5G,-69,0.581632,0,-1,0,76.9961,28
184.5,ue_ujeongwon_0006,gNB_4G_1,-46,gNB_4G_2,-66,0.548864,0,-1,0,63.4757,28
184.5,ue_n042_0007,gNB_4G_2,-61,gNB_5G,-67,0,0,-1,0,35.8545,28
184.5,ue_n043_0006,gNB_4G_2,-54,gNB_5G,-75,0.581632,5,21.6399,1,30.4093,28
184.5,ue_ujeongwon_0007,gNB_4G_1,-50,gNB_4G_2,-72,0.8192,0,-1,0,29.7926,22
184.5,ue_ujeongwon_0008,gNB_4G_1,-49,gNB_4G_2,-69,0.352256,0,-1,0,30.862,25
184.5,ue_n043_0007,gNB_4G_2,-63,gNB_5G,-67,0.4096,7,16.6399,1,25.0683,27
184.5,ue_ujeongwon_0009,gNB_4G_1,-46,gNB_4G_2,-71,0.581632,0,-1,0,29.0604,28
184.5,car_north_base_007_rider,gNB_4G_1,-44,gNB_4G_2,-80,0.434176,0,-1,0,61.7276,28
184.5,ue_ujeongwon_0010,gNB_4G_1,-54,gNB_4G_2,-76,0.679936,0,-1,0,55.49,28
184.5,car_north_base_008_rider,gNB_4G_2,-43,gNB_5G,-52,0.172032,1,18.4399,0,33.2207,28
184.5,ue_n043_0008,gNB_5G,-49,gNB_4G_2,-52,0.745472,4,5.23993,1,65.8119,28
184.5,ue_n001_0008,gNB_4G_1,-43,gNB_5G,-98,0.303104,0,-1,0,53.9683,24
185.5,car_north_peak_006,gNB_5G,0,,-140,0,0,-1,0,-20.1977,0
185.5,ue_n001_0006,gNB_4G_1,-62,gNB_4G_2,-85,0.679936,0,-1,0,48.8847,28
185.5,ue_n042_0008,gNB_4G_2,-57,gNB_5G,-65,0.73728,2,23.6399,1,56.9503,28
185.5,car_north_peak_003_rider,gNB_5G,-72,gNB_4G_1,-86,0.8192,5,2.23993,0,38.8978,28
185.5,ue_n042_0002,gNB_4G_2,-42,gNB_4G_1,-51,0.671744,2,11.0399,1,19.5399,16
185.5,ue_ujeongwon_0001,gNB_4G_1,-54,gNB_4G_2,-62,0.393216,0,-1,0,67.6355,28
185.5,ue_n043_0009,gNB_5G,-46,gNB_4G_2,-50,0.745472,2,11.4399,0,64.3741,28
185.5,ue_n043_0010,gNB_4G_2,-54,gNB_4G_1,-59,0.196608,1,43.0399,0,18.9914,16
185.5,ue_n043_0001,gNB_4G_2,-44,gNB_5G,-51,0.352256,3,94.4399,0,67.0495,28
185.5,ue_n001_0009,gNB_4G_1,-46,gNB_5G,-80,0.589824,0,-1,0,53.9906,28
185.5,ue_n001_0001,gNB_4G_2,-43,gNB_4G_1,-49,0.589824,3,9.63993,1,68.7458,28
185.5,ue_n001_0002,gNB_4G_1,-48,gNB_4G_2,-58,0,0,-1,0,66.4584,28
185.5,ue_ujeongwon_0002,gNB_4G_1,-51,gNB_5G,-66,0.8192,0,-1,0,66.3219,28
185.5,ue_n001_0007,gNB_4G_1,-56,gNB_4G_2,-78,0.262144,0,-1,0,66.2475,28
185.5,ue_n001_0003,gNB_4G_1,-46,gNB_4G_2,-67,0,0,-1,0,33.9027,24
185.5,car_north_base_001_rider,gNB_4G_2,-49,gNB_5G,-62,0.8192,3,46.6399,1,50.8985,28
185.5,car_north_base_002_rider,gNB_4G_2,-48,gNB_4G_1,-92,0.8192,3,40.6399,1,42.9218,28
185.5,car_north_base_009,gNB_4G_1,-49,gNB_5G,-75,0.319488,2,8.63993,1,52.098,17
185.5,ue_n001_0004,gNB_4G_1,-43,gNB_4G_2,-56,0.622592,0,-1,0,11.4556,14
185.5,ue_n043_0003,gNB_4G_2,-47,gNB_5G,-56,0.458752,5,66.4399,0,41.4679,28
185.5,ue_n042_0009,gNB_4G_2,-65,gNB_5G,-66,0.155648,0,-1,0,25.1163,19
185.5,ue_n042_0004,gNB_4G_2,-44,gNB_5G,-62,0.8192,0,-1,0,61.6675,28
185.5,car_north_base_004,gNB_5G,-76,gNB_4G_2,-94,0.139264,8,1.83993,1,34.2086,28
185.5,car_north_base_005,gNB_4G_1,-58,gNB_5G,-71,0.229376,5,0.639928,0,13.2764,19
185.5,ue_n043_0004,gNB_4G_2,-46,gNB_5G,-51,0.745472,7,14.6399,1,36.1632,27
185.5,ue_n001_0010,gNB_4G_1,-47,gNB_5G,-71,0.8192,0,-1,0,39.1999,28
185.5,ue_n043_0005,gNB_4G_2,-47,gNB_5G,-51,0.475136,5,34.8399,1,12.1644,28
185.5,ue_ujeongwon_0004,gNB_4G_1,-47,gNB_5G,-59,0.12288,0,-1,0,60.2185,28
185.5,ue_ujeongwon_0005,gNB_4G_1,-41,gNB_5G,-63,0.32768,0,-1,0,65.6854,28
185.5,ue_n001_0005,gNB_4G_1,-36,gNB_5G,-65,0.589824,0,-1,0,76.4284,28
185.5,ue_ujeongwon_0006,gNB_4G_1,-44,gNB_4G_2,-67,0.540672,0,-1,0,65.9637,28
185.5,ue_n042_0007,gNB_4G_2,-61,gNB_5G,-67,0,0,-1,0,35.8545,28
185.5,ue_n043_0006,gNB_4G_2,-58,gNB_5G,-71,0.589824,5,22.6399,1,51.911,28
185.5,ue_ujeongwon_0007,gNB_4G_1,-51,gNB_4G_2,-72,0.8192,0,-1,0,38.1623,28
185.5,ue_ujeongwon_0008,gNB_4G_1,-44,gNB_4G_2,-67,0.360448,0,-1,0,61.0049,28
185.5,ue_n043_0007,gNB_4G_2,-64,gNB_5G,-79,0.4096,7,17.6399,1,31.3567,28
185.5,ue_ujeongwon_0009,gNB_4G_1,-46,gNB_4G_2,-71,0.581632,0,-1,0,25.3509,28
185.5,car_north_base_007_rider,gNB_4G_1,-46,gNB_4G_2,-81,0.434176,0,-1,0,64.2659,28
185.5,ue_ujeongwon_0010,gNB_4G_1,-55,gNB_5G,-70,0.688128,0,-1,0,28.9122,28
185.5,car_north_base_008_rider,gNB_4G_2,-44,gNB_5G,-51,0.172032,1,19.4399,0,38.6981,28
185.5,ue_n043_0008,gNB_5G,-46,gNB_4G_2,-51,0.745472,4,6.23993,1,66.1035,28
185.5,ue_n001_0008,gNB_4G_1,-42,gNB_4G_2,-77,0.303104,0,-1,0,33.5263,28
186.5,car_north_peak_006,gNB_5G,0,,-140,0,0,-1,0,-20.1977,0
186.5,ue_n001_0006,gNB_4G_1,-65,gNB_4G_2,-85,0.688128,0,-1,0,57.3985,28
186.5,ue_n042_0008,gNB_4G_2,-56,gNB_5G,-64,0.745472,2,24.6399,1,39.6678,28
186.5,car_north_peak_003_rider,gNB_5G,-72,gNB_4G_1,-86,0.8192,5,3.23993,0,38.3737,28
186.5,ue_n042_0002,gNB_4G_2,-45,gNB_4G_1,-51,0.69632,2,12.0399,1,65.1252,28
186.5,ue_ujeongwon_0001,gNB_4G_1,-47,gNB_4G_2,-61,0.393216,0,-1,0,59.505,28
186.5,ue_n043_0009,gNB_4G_2,-49,gNB_5G,-54,0.73728,3,0.0399284,0,37.3568,28
186.5,ue_n043_0010,gNB_4G_2,-53,gNB_5G,-62,0.2048,1,44.0399,0,55.9595,28
186.5,ue_n043_0001,gNB_4G_2,-44,gNB_5G,-53,0.360448,3,95.4399,0,67.0755,28
186.5,ue_n001_0009,gNB_4G_1,-51,gNB_5G,-83,0.581632,0,-1,0,50.088,28
186.5,ue_n001_0001,gNB_4G_2,-42,gNB_4G_1,-49,0.581632,3,10.6399,1,13.1959,16
186.5,car_north_base_010,gNB_4G_1,0,,-140,0.106496,0,-1,0,35.7574,28
186.5,ue_ujeongwon_0002,gNB_4G_1,-48,gNB_5G,-67,0.8192,0,-1,0,40.0591,28
186.5,ue_n001_0007,gNB_4G_1,-47,gNB_5G,-74,0.262144,0,-1,0,39.1352,28
186.5,ue_n001_0003,gNB_4G_1,-46,gNB_4G_2,-67,0,0,-1,0,30.7685,28
186.5,car_north_base_001_rider,gNB_4G_2,-54,gNB_5G,-58,0.8192,3,47.6399,1,13.8962,20
186.5,car_north_base_002_rider,gNB_4G_2,-51,gNB_4G_1,-92,0.8192,3,41.6399,1,49.077,28
186.5,car_north_base_009,gNB_4G_1,-52,gNB_4G_2,-65,0.311296,2,9.63993,1,64.0815,28
186.5,ue_n001_0004,gNB_4G_1,-44,gNB_4G_2,-57,0.638976,0,-1,0,65.1023,28
186.5,ue_n043_0003,gNB_4G_2,-45,gNB_5G,-56,0.45056,5,67.4399,0,64.5719,28
186.5,ue_n042_0009,gNB_4G_2,-66,gNB_5G,-70,0.155648,0,-1,0,45.9823,28
186.5,ue_n042_0004,gNB_4G_2,-44,gNB_5G,-57,0.8192,0,-1,0,70.5517,28
186.5,car_north_base_004,gNB_4G_2,-90,gNB_4G_1,-100,0.12288,8,2.83993,1,6.41705,12
186.5,car_north_base_005,gNB_4G_2,-78,gNB_4G_1,-96,0.2048,7,0.0399283,0,36.1611,28
186.5,ue_n043_0004,gNB_4G_2,-46,gNB_5G,-51,0.745472,7,15.6399,1,61.2625,28
186.5,ue_n001_0010,gNB_4G_1,-46,gNB_5G,-72,0.8192,0,-1,0,29.9949,28
186.5,ue_n043_0005,gNB_4G_2,-46,gNB_5G,-52,0.483328,5,35.8399,1,64.6064,19
186.5,ue_ujeongwon_0004,gNB_4G_1,-48,gNB_5G,-63,0.114688,0,-1,0,30.1483,28
186.5,ue_ujeongwon_0005,gNB_4G_1,-43,gNB_5G,-63,0.32768,0,-1,0,61.6651,28
186.5,ue_n001_0005,gNB_4G_1,-36,gNB_5G,-65,0.581632,0,-1,0,76.4629,28
186.5,ue_ujeongwon_0006,gNB_4G_1,-46,gNB_5G,-66,0.548864,0,-1,0,32.6328,25
186.5,ue_n042_0007,gNB_4G_2,-61,gNB_5G,-67,0,0,-1,0,35.8545,28
186.5,ue_n043_0006,gNB_4G_2,-60,gNB_5G,-65,0.581632,5,23.6399,1,41.1607,28
186.5,ue_ujeongwon_0007,gNB_4G_1,-46,gNB_4G_2,-77,0.8192,0,-1,0,40.3455,28
186.5,ue_ujeongwon_0008,gNB_4G_1,-47,gNB_4G_2,-67,0.352256,0,-1,0,52.1181,28
186.5,ue_n043_0007,gNB_4G_2,-61,gNB_5G,-72,0.4096,7,18.6399,1,36.4192,28
186.5,ue_ujeongwon_0009,gNB_4G_1,-44,gNB_4G_2,-72,0.589824,0,-1,0,60.3454,25
186.5,car_north_base_007_rider,gNB_4G_1,-45,gNB_5G,-65,0.425984,0,-1,0,65.1651,28
186.5,ue_ujeongwon_0010,gNB_4G_1,-54,gNB_5G,-78,0.679936,0,-1,0,55.113,28
186.5,car_north_base_008_rider,gNB_4G_2,-45,gNB_5G,-53,0.172032,1,20.4399,0,62.5159,28
186.5,ue_n043_0008,gNB_5G,-51,gNB_4G_2,-49,0.745472,4,7.23993,1,67.6788,28
186.5,ue_n001_0008,gNB_4G_1,-45,gNB_4G_2,-77,0.303104,0,-1,0,40.4119,28
187.5,car_north_peak_006,gNB_5G,0,,-140,0,0,-1,0,-20.1977,0
187.5,ue_n001_0006,gNB_4G_1,-43,gNB_4G_2,-83,0.679936,0,-1,0,63.5159,28
187.5,ue_n042_0008,gNB_4G_2,-55,gNB_5G,-66,0.745472,2,25.6399,1,43.1313,28
187.5,car_north_peak_003_rider,gNB_5G,-72,gNB_4G_1,-91,0.8192,5,4.23993,0,39.1295,28
187.5,ue_n042_0002,gNB_4G_2,-46,gNB_4G_1,-51,0.679936,2,13.0399,1,60.8656,28
187.5,ue_ujeongwon_0001,gNB_4G_1,-45,gNB_4G_2,-61,0.393216,0,-1,0,63.7505,28
187.5,ue_n043_0009,gNB_4G_2,-49,gNB_5G,-53,0.745472,3,1.03993,0,59.6692,28
187.5,ue_n043_0010,gNB_4G_2,-54,gNB_4G_1,-62,0.196608,1,45.0399,0,19.7129,19
187.5,ue_n043_0001,gNB_4G_2,-44,gNB_5G,-52,0.352256,3,96.4399,0,66.1201,28
187.5,ue_n001_0009,gNB_4G_1,-55,gNB_5G,-80,0.589824,0,-1,0,63.977,28
187.5,ue_n001_0001,gNB_4G_2,-43,gNB_4G_1,-50,0.581632,3,11.6399,1,66.7503,28
187.5,car_north_base_010,gNB_4G_1,-44,gNB_4G_2,-75,0.212992,0,-1,0,62.8397,28
187.5,ue_ujeongwon_0002,gNB_4G_1,-45,gNB_5G,-69,0.8192,0,-1,0,35.5443,28
187.5,ue_n001_0007,gNB_4G_1,-48,gNB_5G,-71,0.262144,0,-1,0,63.8179,28
187.5,ue_n001_0003,gNB_4G_1,-46,gNB_4G_2,-68,0.278528,0,-1,0,63.3131,28
187.5,car_north_base_001_rider,gNB_4G_2,-51,gNB_4G_1,-67,0.8192,3,48.6399,1,53.3576,28
187.5,car_north_base_002_rider,gNB_4G_2,-48,gNB_4G_1,-91,0.8192,3,42.6399,1,46.0119,28
187.5,car_north_base_009,gNB_4G_1,-45,gNB_4G_2,-69,0.319488,2,10.6399,1,27.6052,28
187.5,ue_n001_0004,gNB_4G_1,-46,gNB_4G_2,-55,0.630784,0,-1,0,70.648,28
187.5,ue_n043_0003,gNB_4G_2,-46,gNB_5G,-49,0.458752,5,68.4399,0,63.0259,28
187.5,ue_n042_0009,gNB_4G_2,-64,gNB_5G,-65,0.16384,0,-1,0,37.6272,28
187.5,ue_n042_0004,gNB_4G_2,-55,gNB_5G,-57,0.8192,0,-1,0,54.1809,28
187.5,car_north_base_004,gNB_4G_2,-97,gNB_4G_1,-100,0.032768,8,3.83993,1,13.3898,20
187.5,car_north_base_005,gNB_4G_2,-73,gNB_5G,-95,0.221184,7,1.03993,0,7.00829,11
187.5,ue_n043_0004,gNB_4G_2,-49,gNB_5G,-51,0.73728,7,16.6399,1,59.6127,28
187.5,ue_n001_0010,gNB_4G_1,-45,gNB_5G,-68,0.8192,0,-1,0,43.8419,28
187.5,ue_n043_0005,gNB_4G_2,-46,gNB_5G,-50,0.475136,5,36.8399,1,10.9644,28
187.5,ue_ujeongwon_0004,gNB_4G_1,-47,gNB_5G,-67,0.12288,0,-1,0,54.6217,28
187.5,ue_ujeongwon_0005,gNB_4G_1,-44,gNB_5G,-63,0.32768,0,-1,0,26.569,28
187.5,ue_n001_0005,gNB_4G_1,-37,gNB_5G,-69,0.589824,0,-1,0,76.8313,28
187.5,ue_ujeongwon_0006,gNB_4G_1,-47,gNB_5G,-58,0.548864,0,-1,0,59.8606,28
187.5,car_north_peak_008_rider,gNB_4G_1,-72,gNB_4G_2,-61,0.16384,0,-1,0,15.575,28
187.5,ue_n043_0006,gNB_4G_2,-58,gNB_5G,-65,0.581632,5,24.6399,1,53.3833,28
187.5,ue_ujeongwon_0007,gNB_4G_1,-46,gNB_4G_2,-79,0.8192,0,-1,0,36.426,28
187.5,ue_ujeongwon_0008,gNB_4G_1,-57,gNB_4G_2,-70,0.360448,0,-1,0,56.4224,28
187.5,ue_n043_0007,gNB_4G_2,-58,gNB_5G,-71,0.4096,7,19.6399,1,41.405,28
187.5,ue_ujeongwon_0009,gNB_4G_1,-46,gNB_4G_2,-70,0.581632,0,-1,0,31.6592,28
187.5,car_north_base_007_rider,gNB_4G_1,-48,gNB_5G,-75,0.434176,0,-1,0,36.5757,28
187.5,ue_ujeongwon_0010,gNB_4G_1,-55,gNB_4G_2,-78,0.679936,0,-1,0,56.3389,28
187.5,car_north_base_008_rider,gNB_4G_2,-47,gNB_5G,-55,0.16384,1,21.4399,0,67.6879,28
187.5,ue_n043_0008,gNB_5G,-46,gNB_4G_2,-49,0.73728,4,8.23993,1,64.1239,28
187.5,ue_n001_0008,gNB_4G_1,-56,gNB_4G_2,-77,0.303104,0,-1,0,41.7439,28
188.5,car_north_peak_006,gNB_5G,0,,-140,0,0,-1,0,-20.1977,0
188.5,ue_n001_0006,gNB_4G_1,-38,gNB_4G_2,-84,0.679936,0,-1,0,60.6701,28
188.5,ue_n042_0008,gNB_4G_2,-56,gNB_5G,-66,0.745472,2,26.6399,1,55.8589,28
188.5,car_north_peak_003_rider,gNB_5G,-72,gNB_4G_1,-91,0.8192,5,5.23993,0,43.5181,28
188.5,ue_n042_0002,gNB_4G_2,-46,gNB_4G_1,-51,0.679936,2,14.0399,1,18.8474,22
188.5,ue_ujeongwon_0001,gNB_4G_1,-49,gNB_4G_2,-62,0.385024,0,-1,0,65.7841,28
188.5,ue_n043_0009,gNB_5G,-46,gNB_4G_2,-51,0.73728,4,0.839928,1,64.6583,28
188.5,ue_n043_0010,gNB_4G_2,-52,gNB_4G_1,-65,0.196608,1,46.0399,0,13.9945,18
188.5,ue_n043_0001,gNB_4G_2,-46,gNB_5G,-53,0.360448,3,97.4399,0,20.6894,25
188.5,ue_n001_0009,gNB_4G_1,-47,gNB_5G,-77,0.581632,0,-1,0,61.1155,28
188.5,ue_n001_0001,gNB_4G_2,-44,gNB_4G_1,-48,0.589824,3,12.6399,1,66.8741,28
188.5,car_north_base_010,gNB_4G_1,-45,gNB_4G_2,-78,0.212992,0,-1,0,64.598,28
188.5,ue_ujeongwon_0002,gNB_4G_1,-51,gNB_5G,-69,0.8192,0,-1,0,64.3322,28
188.5,ue_n001_0007,gNB_4G_1,-45,gNB_5G,-72,0.270336,0,-1,0,36.585,28
188.5,ue_n001_0003,gNB_4G_1,-46,gNB_5G,-64,0.548864,0,-1,0,58.1092,28
188.5,car_north_base_001_rider,gNB_4G_2,-56,gNB_4G_1,-55,0.802816,3,49.6399,1,13.3333,20
188.5,car_north_base_002_rider,gNB_4G_2,-51,gNB_4G_1,-92,0.8192,3,43.6399,1,49.8708,28
188.5,car_north_base_009,gNB_4G_1,-41,gNB_4G_2,-67,0.311296,2,11.6399,1,18.164,21
188.5,ue_n001_0004,gNB_4G_1,-47,gNB_4G_2,-52,0.630784,0,-1,0,67.3651,28
188.5,ue_n043_0003,gNB_4G_2,-48,gNB_5G,-50,0.45056,5,69.4399,0,62.4636,28
188.5,ue_n042_0009,gNB_4G_2,-62,gNB_5G,-67,0.155648,0,-1,0,36.3007,28
188.5,ue_n042_0004,gNB_4G_2,-44,gNB_5G,-58,0.8192,0,-1,0,53.5875,28
188.5,car_north_base_004,gNB_4G_2,-96,gNB_4G_1,-103,0.139264,8,4.83993,1,15.311,22
188.5,car_north_base_005,gNB_5G,-76,gNB_4G_2,-91,0.229376,8,0.639928,1,35.467,28
188.5,ue_n043_0004,gNB_4G_2,-45,gNB_5G,-52,0.745472,7,17.6399,1,65.7549,28
188.5,ue_n001_0010,gNB_4G_1,-43,gNB_5G,-69,0.8192,0,-1,0,38.6025,28
188.5,ue_n043_0005,gNB_4G_2,-46,gNB_5G,-51,0.483328,5,37.8399,1,67.0829,28
188.5,ue_ujeongwon_0004,gNB_4G_1,-49,gNB_5G,-64,0.114688,0,-1,0,40.6923,28
188.5,ue_ujeongwon_0005,gNB_4G_1,-43,gNB_5G,-63,0.32768,0,-1,0,70.3363,28
188.5,ue_n001_0005,gNB_4G_1,-37,gNB_5G,-69,0.581632,0,-1,0,58.6413,28
188.5,ue_ujeongwon_0006,gNB_4G_1,-48,gNB_5G,-64,0.540672,0,-1,0,11.078,11
188.5,car_north_peak_008_rider,gNB_4G_1,-48,gNB_4G_2,-68,0.344064,0,-1,0,54.1044,28
188.5,ue_n043_0006,gNB_4G_2,-57,gNB_5G,-68,0.589824,5,25.6399,1,43.9162,28
188.5,ue_ujeongwon_0007,gNB_4G_1,-47,gNB_5G,-78,0.8192,0,-1,0,34.7812,28
188.5,ue_ujeongwon_0008,gNB_4G_1,-51,gNB_4G_2,-72,0.352256,0,-1,0,38.1625,28
188.5,ue_n043_0007,gNB_4G_2,-55,gNB_5G,-75,0.4096,7,20.6399,1,40.9711,28
188.5,ue_ujeongwon_0009,gNB_4G_1,-46,gNB_4G_2,-71,0.589824,0,-1,0,56.3153,28
188.5,car_north_base_007_rider,gNB_4G_1,-47,gNB_5G,-78,0.434176,0,-1,0,35.5981,28
188.5,ue_ujeongwon_0010,gNB_4G_1,-55,gNB_4G_2,-78,0.688128,0,-1,0,54.3863,28
188.5,car_north_base_008_rider,gNB_4G_2,-44,gNB_5G,-57,0.172032,1,22.4399,0,65.7169,28
188.5,ue_n043_0008,gNB_5G,-47,gNB_4G_2,-50,0.745472,4,9.23993,1,66.7521,28
188.5,ue_n001_0008,gNB_4G_1,-46,gNB_4G_2,-76,0.303104,0,-1,0,66.5397,28
189.5,car_north_peak_006,gNB_5G,0,,-140,0,0,-1,0,-20.1977,0
189.5,ue_n001_0006,gNB_4G_1,-38,gNB_5G,-76,0.679936,0,-1,0,80.2195,28
189.5,ue_n042_0008,gNB_4G_2,-57,gNB_5G,-68,0.745472,2,27.6399,1,46.0567,28
189.5,car_north_peak_003_rider,gNB_5G,-67,gNB_4G_2,-97,0.8192,5,6.23993,0,38.1295,28
189.5,ue_n042_0002,gNB_4G_2,-46,gNB_4G_1,-51,0.679936,2,15.0399,1,18.216,22
189.5,ue_ujeongwon_0001,gNB_4G_1,-49,gNB_4G_2,-62,0.393216,0,-1,0,60.8166,28
189.5,ue_n043_0009,gNB_5G,-47,gNB_4G_2,-50,0.745472,4,1.83993,1,63.4767,28
189.5,ue_n043_0010,gNB_4G_2,-50,gNB_4G_1,-62,0.2048,1,47.0399,0,57.0044,28
189.5,ue_n043_0001,gNB_4G_2,-46,gNB_5G,-53,0.352256,3,98.4399,0,39.7114,28
189.5,ue_n001_0009,gNB_4G_1,-45,gNB_5G,-80,0.581632,0,-1,0,61.6957,7
189.5,ue_n001_0001,gNB_4G_2,-44,gNB_4G_1,-49,0.581632,3,13.6399,1,64.8842,28
189.5,car_north_base_010,gNB_4G_1,-46,gNB_4G_2,-78,0.2048,0,-1,0,58.7515,28
189.5,ue_ujeongwon_0002,gNB_4G_1,-45,gNB_5G,-72,0.8192,0,-1,0,65.0171,28
189.5,ue_n001_0007,gNB_4G_1,-48,gNB_5G,-68,0.262144,0,-1,0,63.0327,28
189.5,ue_n001_0003,gNB_4G_1,-48,gNB_5G,-61,0.540672,0,-1,0,52.6536,28
189.5,car_north_base_001_rider,gNB_4G_2,-49,gNB_4G_1,-55,0.811008,3,50.6399,1,38.8076,28
189.5,car_north_base_002_rider,gNB_4G_2,-48,gNB_4G_1,-92,0.8192,3,44.6399,1,50.2704,28
189.5,car_north_base_009,gNB_4G_1,-47,gNB_4G_2,-61,0.319488,2,12.6399,1,66.6182,28
189.5,ue_n001_0004,gNB_4G_1,-47,gNB_4G_2,-52,0.630784,0,-1,0,65.5352,28
189.5,ue_n043_0003,gNB_4G_2,-47,gNB_5G,-51,0.458752,5,70.4399,0,30.1584,28
189.5,ue_n042_0009,gNB_4G_2,-61,gNB_5G,-67,0.155648,0,-1,0,30.3714,28
189.5,ue_n042_0004,gNB_4G_2,-40,gNB_5G,-61,0.8192,0,-1,0,44.0074,28
189.5,car_north_base_004,gNB_4G_2,-95,gNB_4G_1,-103,0.131072,8,5.83993,1,11.0139,18
189.5,car_north_base_005,gNB_4G_2,-94,gNB_4G_1,-97,0.2048,8,1.63993,1,1.26134,28
189.5,ue_n043_0004,gNB_4G_2,-46,gNB_5G,-50,0.745472,7,18.6399,1,64.6655,28
189.5,ue_n001_0010,gNB_4G_1,-49,gNB_5G,-72,0.8192,0,-1,0,43.3605,28
189.5,ue_n043_0005,gNB_4G_2,-44,gNB_5G,-51,0.483328,5,38.8399,1,65.6332,28
189.5,ue_ujeongwon_0004,gNB_4G_1,-50,gNB_5G,-58,0.12288,0,-1,0,58.7397,28
189.5,ue_ujeongwon_0005,gNB_4G_1,-42,gNB_5G,-63,0.32768,0,-1,0,56.2469,28
189.5,ue_n001_0005,gNB_4G_1,-38,gNB_5G,-69,0.581632,0,-1,0,69.6128,28
189.5,ue_ujeongwon_0006,gNB_4G_1,-48,gNB_4G_2,-64,0.540672,0,-1,0,21.8954,22
189.5,car_north_peak_008_rider,gNB_4G_1,-46,gNB_4G_2,-68,0.335872,0,-1,0,60.1406,28
189.5,ue_n043_0006,gNB_4G_2,-56,gNB_5G,-67,0.581632,5,26.6399,1,57.4299,28
189.5,ue_ujeongwon_0007,gNB_4G_1,-49,gNB_5G,-75,0.8192,0,-1,0,37.3758,28
189.5,ue_ujeongwon_0008,gNB_4G_1,-46,gNB_4G_2,-77,0.360448,0,-1,0,63.0407,28
189.5,ue_n043_0007,gNB_4G_2,-55,gNB_5G,-75,0.4096,7,21.6399,1,44.628,28
189.5,ue_ujeongwon_0009,gNB_4G_1,-46,gNB_5G,-62,0.581632,0,-1,0,31.8424,28
189.5,car_north_base_007_rider,gNB_4G_1,-51,gNB_5G,-79,0.425984,0,-1,0,60.6002,28
189.5,ue_ujeongwon_0010,gNB_4G_1,-56,gNB_4G_2,-82,0.679936,0,-1,0,56.8067,28
189.5,car_north_base_008_rider,gNB_4G_2,-45,gNB_5G,-55,0.172032,1,23.4399,0,66.5204,28
189.5,ue_n043_0008,gNB_5G,-51,gNB_4G_2,-48,0.745472,4,10.2399,1,64.2123,28
189.5,ue_n001_0008,gNB_4G_1,-45,gNB_4G_2,-77,0.303104,0,-1,0,65.2213,28
189.5,car_north_peak_010_rider,gNB_4G_1,-47,gNB_4G_2,-68,0.08192,0,-1,0,58.2566,28
189.5,car_north_peak_007,gNB_4G_1,-48,gNB_4G_2,-78,0.12288,0,-1,0,60.1898,28
190.5,car_north_peak_006,gNB_5G,0,,-140,0,0,-1,0,-20.1977,0
190.5,ue_n001_0006,gNB_4G_1,-39,gNB_5G,-64,0.688128,0,-1,0,73.6498,28
190.5,ue_n042_0008,gNB_4G_2,-52,gNB_5G,-69,0.745472,2,28.6399,1,36.717,23
190.5,car_north_peak_003_rider,gNB_5G,-72,gNB_4G_2,-91,0.8192,5,7.23993,0,37.2275,28
190.5,ue_n042_0002,gNB_4G_2,-46,gNB_4G_1,-51,0.688128,2,16.0399,1,17.6256,22
190.5,ue_ujeongwon_0001,gNB_4G_1,-47,gNB_4G_2,-64,0.385024,0,-1,0,63.4024,28
190.5,ue_n043_0009,gNB_5G,-49,gNB_4G_2,-49,0.745472,4,2.83993,1,59.9477,28
190.5,ue_n043_0010,gNB_4G_2,-53,gNB_5G,-67,0.196608,1,48.0399,0,56.2815,28
190.5,ue_n043_0001,gNB_4G_2,-46,gNB_5G,-50,0.360448,3,99.4399,0,66.1131,28
190.5,ue_n001_0009,gNB_4G_1,-49,gNB_5G,-79,0.589824,0,-1,0,55.0804,28
190.5,ue_n001_0001,gNB_4G_2,-46,gNB_4G_1,-47,0.589824,3,14.6399,1,67.7905,28
190.5,car_north_base_010,gNB_4G_1,-52,gNB_4G_2,-76,0.212992,0,-1,0,65.4733,28
190.5,ue_ujeongwon_0002,gNB_4G_1,-45,gNB_5G,-71,0.8192,0,-1,0,48.903,28
190.5,ue_n001_0007,gNB_4G_1,-47,gNB_5G,-68,0.262144,0,-1,0,63.4717,28
190.5,ue_n001_0003,gNB_4G_1,-48,gNB_4G_2,-64,0.548864,0,-1,0,59.2649,28
190.5,car_north_base_001_rider,gNB_4G_2,-52,gNB_4G_1,-62,0.827392,3,51.6399,1,24.6503,28
190.5,car_north_base_002_rider,gNB_4G_2,-48,gNB_4G_1,-91,0.8192,3,45.6399,1,53.6866,28
190.5,car_north_base_009,gNB_4G_1,-44,gNB_4G_2,-62,0.311296,2,13.6399,1,42.7303,28
190.5,ue_n001_0004,gNB_4G_1,-46,gNB_4G_2,-56,0.319488,0,-1,0,65.5353,28
190.5,ue_n043_0003,gNB_4G_2,-46,gNB_5G,-52,0.45056,5,71.4399,0,66.1123,28
190.5,ue_n042_0009,gNB_4G_2,-61,gNB_5G,-71,0.155648,0,-1,0,33.7476,28
190.5,ue_n042_0004,gNB_4G_2,-41,gNB_5G,-60,0.8192,0,-1,0,54.9239,28
190.5,car_north_base_004,gNB_4G_2,-96,gNB_4G_1,-104,0.065536,8,6.83993,1,15.3564,22
190.5,car_north_base_005,gNB_4G_1,-104,gNB_4G_2,-100,0.049152,8,2.63993,1,4.80579,11
190.5,ue_n043_0004,gNB_4G_2,-46,gNB_5G,-51,0.745472,7,19.6399,1,65.2857,28
190.5,ue_n001_0010,gNB_4G_1,-46,gNB_5G,-81,0.8192,0,-1,0,60.3774,28
190.5,ue_n043_0005,gNB_4G_2,-45,gNB_5G,-50,0.483328,5,39.8399,1,65.7549,28
190.5,ue_ujeongwon_0004,gNB_4G_1,-52,gNB_5G,-59,0.114688,0,-1,0,59.3108,28
190.5,ue_ujeongwon_0005,gNB_4G_1,-44,gNB_5G,-62,0.32768,0,-1,0,49.9571,28
190.5,ue_n001_0005,gNB_4G_1,-38,gNB_5G,-61,0.589824,0,-1,0,53.9038,28
190.5,ue_ujeongwon_0006,gNB_4G_1,-48,gNB_5G,-66,0.557056,0,-1,0,61.3197,28
190.5,car_north_peak_008_rider,gNB_4G_1,-46,gNB_4G_2,-68,0.344064,0,-1,0,21.7629,28
190.5,ue_n043_0006,gNB_4G_2,-54,gNB_5G,-69,0.589824,5,27.6399,1,54.1331,28
190.5,ue_ujeongwon_0007,gNB_4G_1,-45,gNB_4G_2,-78,0.8192,0,-1,0,37.1572,28
190.5,ue_ujeongwon_0008,gNB_4G_1,-45,gNB_4G_2,-74,0.352256,0,-1,0,59.285,28
190.5,ue_n043_0007,gNB_4G_2,-54,gNB_5G,-71,0.4096,7,22.6399,1,35.8249,28
190.5,ue_ujeongwon_0009,gNB_4G_1,-45,gNB_5G,-66,0.589824,0,-1,0,65.8528,28
190.5,car_north_base_007_rider,gNB_4G_1,-51,gNB_4G_2,-76,0.434176,0,-1,0,59.6335,28
190.5,ue_ujeongwon_0010,gNB_4G_1,-54,gNB_5G,-78,0.679936,0,-1,0,57.729,28
190.5,car_north_base_008_rider,gNB_4G_2,-44,gNB_5G,-52,0.172032,1,24.4399,0,18.2943,27
190.5,ue_n043_0008,gNB_5G,-47,gNB_4G_2,-51,0.745472,4,11.2399,1,64.2583,28
190.5,ue_n001_0008,gNB_4G_1,-59,gNB_4G_2,-76,0.311296,0,-1,0,69.3736,28
190.5,car_north_peak_010_rider,gNB_4G_1,-48,gNB_4G_2,-68,0.188416,0,-1,0,58.2566,28
190.5,car_north_peak_007,gNB_4G_1,-47,gNB_4G_2,-78,0.262144,0,-1,0,57.4969,28
191.5,car_north_peak_006,gNB_5G,0,,-140,0,0,-1,0,-20.1977,0
191.5,ue_n001_0006,gNB_4G_1,-36,gNB_5G,-65,0.679936,0,-1,0,53.904,28
191.5,ue_n042_0008,gNB_4G_2,-57,gNB_5G,-68,0.745472,2,29.6399,1,58.5657,28
191.5,car_north_peak_003_rider,gNB_5G,-73,gNB_4G_2,-94,0.4096,5,8.23993,0,42.2485,28
191.5,ue_n042_0002,gNB_4G_2,-46,gNB_4G_1,-51,0.679936,2,17.0399,1,66.886,28
191.5,ue_ujeongwon_0001,gNB_4G_1,-47,gNB_4G_2,-64,0.393216,0,-1,0,65.0854,28
191.5,ue_n043_0009,gNB_5G,-49,gNB_4G_2,-50,0.745472,4,3.83993,1,62.5969,28
191.5,ue_n043_0010,gNB_4G_2,-54,gNB_4G_1,-59,0.2048,1,49.0399,0,57.3776,28
191.5,ue_n043_0001,gNB_4G_2,-44,gNB_5G,-52,0.352256,3,100.44,0,61.7666,28
191.5,ue_n001_0009,gNB_4G_1,-49,gNB_5G,-80,0.581632,0,-1,0,67.6225,28
191.5,ue_n001_0001,gNB_4G_2,-43,gNB_4G_1,-45,0.581632,3,15.6399,1,66.7691,28
191.5,car_north_base_010,gNB_4G_1,-48,gNB_4G_2,-75,0.2048,0,-1,0,32.9591,28
191.5,ue_ujeongwon_0002,gNB_4G_1,-48,gNB_5G,-71,0.8192,0,-1,0,35.1773,28
191.5,ue_n001_0007,gNB_4G_1,-46,gNB_5G,-69,0.262144,0,-1,0,33.4748,28
191.5,ue_n001_0003,gNB_4G_1,-48,gNB_4G_2,-65,0.548864,0,-1,0,61.7268,28
191.5,car_north_base_001_rider,gNB_4G_2,-50,gNB_4G_1,-55,0.8192,3,52.6399,1,48.9021,28
191.5,car_north_base_002_rider,gNB_4G_2,-48,gNB_4G_1,-92,0.8192,3,46.6399,1,50.276,28
191.5,car_north_base_009,gNB_4G_1,-43,gNB_5G,-76,0.319488,2,14.6399,1,68.1601,28
191.5,ue_n001_0004,gNB_4G_1,-47,gNB_4G_2,-59,0,0,-1,0,65.5353,28
191.5,ue_n043_0003,gNB_4G_2,-45,gNB_5G,-52,0.458752,5,72.4399,0,64.8268,28
191.5,ue_n042_0009,gNB_4G_2,-58,gNB_5G,-71,0.16384,0,-1,0,54.6373,28
191.5,ue_n042_0004,gNB_4G_2,-41,gNB_5G,-59,0.8192,0,-1,0,55.6713,28
191.5,car_north_base_004,gNB_4G_2,-96,gNB_4G_1,-101,0,8,7.83993,1,15.3564,22
191.5,car_north_base_005,gNB_4G_2,-100,gNB_4G_1,-104,0.229376,9,0.839928,0,8.4108,28
191.5,ue_n043_0004,gNB_4G_2,-46,gNB_5G,-54,0.745472,7,20.6399,1,18.4102,18
191.5,ue_n001_0010,gNB_4G_1,-50,gNB_4G_2,-78,0.8192,0,-1,0,44.7768,28
191.5,ue_n043_0005,gNB_4G_2,-45,gNB_5G,-52,0.483328,5,40.8399,1,64.6655,21
191.5,ue_ujeongwon_0004,gNB_4G_1,-48,gNB_5G,-62,0.12288,0,-1,0,8.02555,28
191.5,ue_ujeongwon_0005,gNB_4G_1,-45,gNB_5G,-61,0.32768,0,-1,0,57.6026,28
191.5,ue_n001_0005,gNB_4G_1,-39,gNB_5G,-63,0.581632,0,-1,0,75.7644,28
191.5,ue_ujeongwon_0006,gNB_4G_1,-64,gNB_4G_2,-69,0.417792,0,-1,0,29.6354,28
191.5,car_north_peak_008_rider,gNB_4G_1,-45,gNB_4G_2,-68,0.344064,0,-1,0,38.7113,28
191.5,ue_n043_0006,gNB_4G_2,-56,gNB_5G,-66,0.581632,5,28.6399,1,55.9986,28
191.5,ue_ujeongwon_0007,gNB_4G_1,-44,gNB_4G_2,-78,0.8192,0,-1,0,38.2484,28
191.5,ue_ujeongwon_0008,gNB_4G_1,-46,gNB_4G_2,-76,0.360448,0,-1,0,38.7333,28
191.5,ue_n043_0007,gNB_4G_2,-56,gNB_5G,-71,0.4096,7,23.6399,1,35.3595,11
191.5,ue_ujeongwon_0009,gNB_4G_1,-48,gNB_5G,-62,0.581632,0,-1,0,23.6216,24
191.5,car_north_base_007_rider,gNB_4G_1,-51,gNB_4G_2,-77,0.425984,0,-1,0,59.834,28
191.5,ue_ujeongwon_0010,gNB_4G_1,-53,gNB_5G,-75,0.688128,0,-1,0,57.2638,28
191.5,car_north_base_008_rider,gNB_4G_2,-44,gNB_5G,-59,0.172032,1,25.4399,0,39.5916,28
191.5,ue_n043_0008,gNB_5G,-46,gNB_4G_2,-50,0.745472,4,12.2399,1,66.5384,28
191.5,ue_n001_0008,gNB_4G_1,-54,gNB_5G,-73,0.303104,0,-1,0,63.8227,28
191.5,car_north_peak_010_rider,gNB_4G_1,-48,gNB_4G_2,-68,0.180224,0,-1,0,58.2566,28
191.5,car_north_peak_007,gNB_4G_1,-47,gNB_4G_2,-79,0.262144,0,-1,0,36.3092,28
192.5,car_north_peak_006,gNB_5G,0,,-140,0,0,-1,0,-20.1977,0
192.5,ue_n001_0006,gNB_4G_1,-36,gNB_5G,-69,0.688128,0,-1,0,58.9203,28
192.5,ue_n042_0008,gNB_4G_2,-56,gNB_5G,-71,0.745472,2,30.6399,1,45.9532,28
192.5,car_north_peak_003_rider,gNB_4G_1,-62,gNB_5G,-70,0,6,0.639928,1,42.2485,28
192.5,ue_n042_0002,gNB_4G_2,-46,gNB_4G_1,-51,0.679936,2,18.0399,1,15.8094,14
192.5,ue_ujeongwon_0001,gNB_4G_1,-48,gNB_4G_2,-66,0.393216,0,-1,0,65.9824,28
192.5,ue_n043_0009,gNB_5G,-49,gNB_4G_2,-53,0.745472,4,4.83993,1,60.2326,28
192.5,ue_n043_0010,gNB_4G_2,-54,gNB_4G_1,-56,0.196608,1,50.0399,0,13.8928,15
192.5,ue_n043_0001,gNB_4G_2,-44,gNB_5G,-58,0.360448,3,101.44,0,68.7232,28
192.5,ue_n001_0009,gNB_4G_1,-43,gNB_5G,-98,0.589824,0,-1,0,68.8418,28
192.5,ue_n001_0001,gNB_4G_2,-44,gNB_4G_1,-49,0.581632,3,16.6399,1,67.5624,28
192.5,car_north_base_010,gNB_4G_1,-49,gNB_5G,-77,0.212992,0,-1,0,58.3691,28
192.5,ue_ujeongwon_0002,gNB_4G_1,-53,gNB_5G,-73,0.8192,0,-1,0,39.7435,28
192.5,ue_n001_0007,gNB_4G_1,-48,gNB_5G,-72,0.270336,0,-1,0,36.4164,28
192.5,ue_n001_0003,gNB_4G_1,-47,gNB_4G_2,-69,0.425984,0,-1,0,27.9903,28
192.5,car_north_base_001_rider,gNB_4G_2,-51,gNB_4G_1,-91,0.8192,3,53.6399,1,60.9872,28
192.5,car_north_base_002_rider,gNB_4G_2,-48,gNB_4G_1,-92,0.8192,3,47.6399,1,59.025,28
192.5,car_north_base_009,gNB_4G_1,-41,gNB_5G,-76,0.311296,2,15.6399,1,72.3027,28
192.5,ue_n001_0004,gNB_4G_1,-48,gNB_4G_2,-58,0,0,-1,0,65.5353,28
192.5,ue_n043_0003,gNB_4G_2,-46,gNB_5G,-52,0.458752,5,73.4399,0,65.5612,28
192.5,ue_n042_0009,gNB_4G_2,-58,gNB_5G,-71,0.155648,0,-1,0,42.7884,28
192.5,ue_n042_0004,gNB_4G_2,-45,gNB_5G,-60,0.8192,0,-1,0,69.0176,28
192.5,car_north_base_004,gNB_4G_2,-96,gNB_4G_1,-101,0,8,8.83993,1,15.3564,22
192.5,car_north_base_005,gNB_4G_2,-95,gNB_4G_1,-100,0.229376,9,1.83993,0,14.5975,22
192.5,ue_n043_0004,gNB_4G_2,-46,gNB_5G,-54,0.745472,7,21.6399,1,61.2381,28
192.5,ue_n001_0010,gNB_4G_1,-43,gNB_5G,-81,0.8192,0,-1,0,57.1337,28
192.5,ue_n043_0005,gNB_4G_2,-46,gNB_5G,-50,0.483328,5,41.8399,1,65.2857,28
192.5,ue_ujeongwon_0004,gNB_4G_1,-63,gNB_4G_2,-58,0.098304,0,-1,0,-15.2077,28
192.5,ue_ujeongwon_0005,gNB_4G_1,-49,gNB_5G,-60,0.32768,0,-1,0,27.0189,25
192.5,ue_n001_0005,gNB_4G_1,-39,gNB_5G,-62,0.589824,0,-1,0,74.2796,28
192.5,ue_ujeongwon_0006,gNB_4G_2,-68,gNB_4G_1,-77,0.36864,1,0.639928,0,42.9264,28
192.5,car_north_peak_008_rider,gNB_4G_1,-44,gNB_4G_2,-77,0.344064,0,-1,0,35.3214,28
192.5,ue_n043_0006,gNB_4G_2,-55,gNB_5G,-65,0.581632,5,29.6399,1,51.0017,24
192.5,ue_ujeongwon_0007,gNB_4G_1,-45,gNB_5G,-78,0.8192,0,-1,0,35.0231,28
192.5,ue_ujeongwon_0008,gNB_4G_1,-46,gNB_5G,-77,0.352256,0,-1,0,63.3072,28
192.5,ue_n043_0007,gNB_4G_2,-57,gNB_5G,-66,0.4096,7,24.6399,1,40.1245,28
192.5,ue_ujeongwon_0009,gNB_4G_1,-50,gNB_5G,-68,0.581632,0,-1,0,34.0222,28
192.5,car_north_base_007_rider,gNB_4G_1,-51,gNB_5G,-66,0.434176,0,-1,0,55.6528,28
192.5,ue_ujeongwon_0010,gNB_4G_1,-54,gNB_5G,-77,0.679936,0,-1,0,56.6565,28
192.5,car_north_base_008_rider,gNB_4G_2,-44,gNB_5G,-54,0.172032,1,26.4399,0,42.774,28
192.5,ue_n043_0008,gNB_5G,-51,gNB_4G_2,-49,0.745472,4,13.2399,1,66.624,28
192.5,ue_n001_0008,gNB_4G_1,-45,gNB_5G,-72,0.303104,0,-1,0,38.9072,28
192.5,car_north_peak_010_rider,gNB_4G_1,-48,gNB_4G_2,-68,0.188416,0,-1,0,24.13,28
192.5,car_north_peak_007,gNB_4G_1,-46,gNB_4G_2,-79,0.262144,0,-1,0,36.0643,28
193.5,car_north_peak_006,gNB_5G,0,,-140,0,0,-1,0,-20.1977,0
193.5,ue_n001_0006,gNB_4G_1,-35,gNB_4G_2,-82,0.679936,0,-1,0,54.8261,28
193.5,ue_n042_0008,gNB_4G_2,-55,gNB_5G,-67,0.745472,2,31.6399,1,48.2258,28
193.5,car_north_peak_003_rider,gNB_4G_1,-61,gNB_5G,-70,0,6,1.63993,1,42.2485,28
193.5,ue_n042_0002,gNB_4G_2,-46,gNB_4G_1,-51,0.679936,2,19.0399,1,20.9127,15
193.5,ue_ujeongwon_0001,gNB_4G_1,-53,gNB_4G_2,-65,0.385024,0,-1,0,26.69,28
193.5,ue_n043_0009,gNB_5G,-53,gNB_4G_2,-53,0.745472,4,5.83993,1,55.6202,28
193.5,ue_n043_0010,gNB_4G_2,-53,gNB_4G_1,-56,0.196608,1,51.0399,0,56.4035,28
193.5,ue_n043_0001,gNB_4G_2,-43,gNB_5G,-55,0.352256,3,102.44,0,63.1268,28
193.5,ue_n001_0009,gNB_4G_1,-42,gNB_4G_2,-77,0.581632,0,-1,0,37.8798,28
193.5,ue_n001_0001,gNB_4G_2,-43,gNB_4G_1,-48,0.589824,3,17.6399,1,19.536,24
193.5,car_north_base_010,gNB_4G_1,-53,gNB_4G_2,-75,0.212992,0,-1,0,25.4698,25
193.5,ue_ujeongwon_0002,gNB_4G_1,-47,gNB_5G,-71,0.8192,0,-1,0,33.5509,28
193.5,ue_n001_0007,gNB_4G_1,-47,gNB_5G,-69,0.262144,0,-1,0,33.8261,28
193.5,ue_n001_0003,gNB_4G_2,-68,gNB_4G_1,-80,0.32768,1,0.639928,0,42.9264,28
193.5,car_north_base_001_rider,gNB_4G_2,-50,gNB_4G_1,-88,0.8192,3,54.6399,1,63.0995,28
193.5,car_north_base_002_rider,gNB_4G_2,-51,gNB_4G_1,-91,0.8192,3,48.6399,1,63.1061,28
193.5,car_north_base_009,gNB_4G_1,-37,gNB_5G,-76,0.311296,2,16.6399,1,48.8565,28
193.5,ue_n001_0004,gNB_4G_1,-48,gNB_4G_2,-58,0,0,-1,0,65.5353,28
193.5,ue_n043_0003,gNB_4G_2,-45,gNB_5G,-52,0.45056,5,74.4399,0,64.1695,28
193.5,ue_n042_0009,gNB_4G_2,-56,gNB_5G,-69,0.155648,0,-1,0,57.1939,28
193.5,ue_n042_0004,gNB_4G_2,-42,gNB_5G,-62,0.8192,0,-1,0,68.8815,28
193.5,car_north_base_004,gNB_4G_2,-96,gNB_4G_1,-101,0,8,9.83993,1,15.3564,22
193.5,car_north_base_005,gNB_4G_2,-95,gNB_4G_1,-102,0.114688,9,2.83993,0,9.22599,16
193.5,ue_n043_0004,gNB_4G_2,-47,gNB_5G,-48,0.745472,7,22.6399,1,62.3076,28
193.5,ue_n001_0010,gNB_4G_1,-43,gNB_5G,-80,0.8192,0,-1,0,66.9016,28
193.5,ue_n043_0005,gNB_4G_2,-46,gNB_5G,-51,0.475136,5,42.8399,1,64.7004,28
193.5,ue_ujeongwon_0004,gNB_4G_2,-47,gNB_5G,-63,0.12288,1,0.839928,0,66.575,28
193.5,ue_ujeongwon_0005,gNB_4G_1,-49,gNB_5G,-60,0.32768,0,-1,0,32.1543,28
193.5,ue_n001_0005,gNB_4G_1,-40,gNB_5G,-67,0.581632,0,-1,0,54.1808,28
193.5,ue_ujeongwon_0006,gNB_4G_2,-68,gNB_4G_1,-78,0,1,1.63993,0,42.9264,28
193.5,car_north_peak_008_rider,gNB_4G_1,-47,gNB_4G_2,-78,0.335872,0,-1,0,31.1274,28
193.5,ue_n043_0006,gNB_4G_2,-56,gNB_5G,-67,0.589824,5,30.6399,1,52.0012,28
193.5,ue_ujeongwon_0007,gNB_4G_1,-45,gNB_4G_2,-78,0.8192,0,-1,0,30.2684,28
193.5,ue_ujeongwon_0008,gNB_4G_1,-46,gNB_4G_2,-78,0.360448,0,-1,0,34.7782,28
193.5,ue_n043_0007,gNB_4G_2,-56,gNB_5G,-67,0.4096,7,25.6399,1,39.0687,28
193.5,ue_ujeongwon_0009,gNB_4G_1,-45,gNB_5G,-61,0.581632,0,-1,0,25.33,25
193.5,car_north_base_007_rider,gNB_4G_1,-50,gNB_5G,-63,0.434176,0,-1,0,32.3027,28
193.5,ue_ujeongwon_0010,gNB_4G_1,-54,gNB_4G_2,-81,0.679936,0,-1,0,31.6704,28
193.5,car_north_base_008_rider,gNB_4G_2,-45,gNB_5G,-57,0.16384,1,27.4399,0,64.9966,28
193.5,ue_n043_0008,gNB_5G,-51,gNB_4G_2,-51,0.745472,4,14.2399,1,66.3075,28
193.5,ue_n001_0008,gNB_4G_1,-44,gNB_5G,-71,0.303104,0,-1,0,36.7366,28
193.5,car_north_peak_010_rider,gNB_4G_1,-48,gNB_4G_2,-68,0.188416,0,-1,0,23.9152,22
193.5,car_north_peak_007,gNB_4G_1,-49,gNB_5G,-76,0.270336,0,-1,0,33.0501,28
194.5,car_north_peak_006,gNB_5G,0,,-140,0,0,-1,0,-20.1977,0
194.5,ue_n001_0006,gNB_4G_1,-37,gNB_4G_2,-83,0.679936,0,-1,0,59.2723,28
194.5,ue_n042_0008,gNB_4G_2,-53,gNB_5G,-66,0.745472,2,32.6399,1,51.948,28
194.5,car_north_peak_003_rider,gNB_4G_1,-61,gNB_5G,-70,0,6,2.63993,1,42.2485,28
194.5,ue_n042_0002,gNB_4G_2,-46,gNB_4G_1,-51,0.688128,2,20.0399,1,65.6367,28
194.5,ue_ujeongwon_0001,gNB_4G_1,-55,gNB_5G,-65,0.393216,0,-1,0,40.9092,28
194.5,ue_n043_0009,gNB_4G_2,-49,gNB_5G,-53,0.73728,5,0.839928,1,12.9851,16
194.5,ue_n043_0010,gNB_4G_2,-54,gNB_4G_1,-56,0.2048,1,52.0399,0,8.51821,13
194.5,ue_n043_0001,gNB_4G_2,-46,gNB_5G,-52,0.360448,3,103.44,0,67.4714,28
194.5,ue_n001_0009,gNB_4G_1,-43,gNB_4G_2,-75,0.581632,0,-1,0,20.8488,24
194.5,ue_n001_0001,gNB_4G_2,-43,gNB_4G_1,-48,0.581632,3,18.6399,1,68.056,28
194.5,car_north_base_010,gNB_4G_1,-55,gNB_4G_2,-66,0.2048,0,-1,0,33.9324,28
194.5,ue_ujeongwon_0002,gNB_4G_1,-49,gNB_5G,-70,0.8192,0,-1,0,38.616,28
194.5,ue_n001_0007,gNB_4G_1,-46,gNB_5G,-68,0.262144,0,-1,0,66.2363,28
194.5,ue_n001_0003,gNB_4G_2,-68,gNB_4G_1,-81,0,1,1.63993,0,42.9264,28
194.5,car_north_base_001_rider,gNB_4G_2,-48,gNB_4G_1,-78,0.8192,3,55.6399,1,63.3353,28
194.5,car_north_base_002_rider,gNB_4G_2,-48,gNB_4G_1,-92,0.8192,3,49.6399,1,50.5691,28
194.5,car_north_base_009,gNB_4G_1,-39,gNB_4G_2,-82,0.319488,2,17.6399,1,52.2162,28
194.5,car_north_peak_009,gNB_4G_1,0,,-140,0.253952,0,-1,0,35.7638,28
194.5,ue_n043_0003,gNB_4G_2,-46,gNB_5G,-51,0.458752,5,75.4399,0,64.3027,28
194.5,ue_n042_0009,gNB_4G_2,-54,gNB_5G,-70,0.155648,0,-1,0,51.911,28
194.5,ue_n042_0004,gNB_4G_2,-43,gNB_5G,-62,0.8192,0,-1,0,69.159,28
194.5,car_north_base_004,gNB_4G_2,-96,gNB_4G_1,-101,0,8,10.8399,1,15.3564,22
194.5,car_north_base_005,gNB_4G_2,-96,gNB_4G_1,-100,0,9,3.83993,0,9.22599,16
194.5,ue_n043_0004,gNB_4G_2,-45,gNB_5G,-52,0.745472,7,23.6399,1,65.5304,28
194.5,ue_n001_0010,gNB_4G_1,-43,gNB_5G,-79,0.8192,0,-1,0,57.2026,28
194.5,ue_n043_0005,gNB_4G_2,-46,gNB_5G,-51,0.483328,5,43.8399,1,63.6683,28
194.5,ue_ujeongwon_0004,gNB_4G_2,-45,gNB_5G,-63,0.114688,1,1.83993,0,65.3753,28
194.5,ue_ujeongwon_0005,gNB_4G_1,-47,gNB_5G,-66,0.32768,0,-1,0,64.5982,28
194.5,ue_n001_0005,gNB_4G_1,-36,gNB_4G_2,-84,0.589824,0,-1,0,51.8851,28
194.5,ue_ujeongwon_0006,gNB_4G_2,-68,gNB_4G_1,-78,0,1,2.63993,0,42.9264,28
194.5,car_north_peak_008_rider,gNB_4G_1,-47,gNB_4G_2,-79,0.344064,0,-1,0,36.3466,28
194.5,ue_n043_0006,gNB_4G_2,-58,gNB_5G,-69,0.581632,5,31.6399,1,51.4884,28
194.5,ue_ujeongwon_0007,gNB_4G_1,-45,gNB_4G_2,-78,0.8192,0,-1,0,42.692,28
194.5,ue_ujeongwon_0008,gNB_4G_1,-47,gNB_4G_2,-77,0.352256,0,-1,0,40.0078,28
194.5,ue_n043_0007,gNB_4G_2,-58,gNB_5G,-67,0.4096,7,26.6399,1,55.0657,28
194.5,ue_ujeongwon_0009,gNB_4G_1,-47,gNB_5G,-58,0.589824,0,-1,0,10.0826,14
194.5,car_north_base_007_rider,gNB_4G_1,-54,gNB_5G,-69,0.425984,0,-1,0,26.5277,26
194.5,ue_ujeongwon_0010,gNB_4G_1,-53,gNB_4G_2,-79,0.688128,0,-1,0,23.1759,26
194.5,car_north_base_008_rider,gNB_4G_2,-46,gNB_5G,-52,0.172032,1,28.4399,0,23.1148,28
194.5,ue_n043_0008,gNB_5G,-51,gNB_4G_2,-50,0.745472,4,15.2399,1,64.9566,28
194.5,ue_n001_0008,gNB_4G_1,-47,gNB_5G,-69,0.303104,0,-1,0,31.5266,28
194.5,car_north_peak_010_rider,gNB_4G_1,-48,gNB_4G_2,-68,0.180224,0,-1,0,23.997,28
194.5,car_north_peak_007,gNB_4G_1,-48,gNB_4G_2,-75,0.262144,0,-1,0,34.7655,28
195.5,car_north_peak_006,gNB_5G,0,,-140,0,0,-1,0,-20.1977,0
195.5,ue_n001_0006,gNB_4G_1,-36,gNB_5G,-69,0.688128,0,-1,0,55.4819,28
195.5,ue_n042_0008,gNB_4G_2,-54,gNB_5G,-64,0.745472,2,33.6399,1,43.5086,28
195.5,car_north_peak_003_rider,gNB_4G_1,-61,gNB_5G,-70,0,6,3.63993,1,42.2485,28
195.5,ue_n042_0002,gNB_4G_2,-46,gNB_4G_1,-52,0.679936,2,21.0399,1,18.7638,19
195.5,ue_ujeongwon_0001,gNB_4G_1,-50,gNB_5G,-60,0.393216,0,-1,0,48.0866,28
195.5,ue_n043_0009,gNB_4G_2,-50,gNB_5G,-51,0.745472,5,1.83993,1,59.0577,28
195.5,ue_n043_0010,gNB_4G_2,-54,gNB_4G_1,-65,0.196608,1,53.0399,0,54.4557,28
195.5,ue_n043_0001,gNB_4G_2,-44,gNB_5G,-52,0.352256,3,104.44,0,67.1513,28
195.5,ue_n001_0009,gNB_4G_1,-58,gNB_4G_2,-76,0.589824,0,-1,0,64.7972,28
195.5,ue_n001_0001,gNB_4G_2,-45,gNB_4G_1,-48,0.589824,3,19.6399,1,62.7378,28
195.5,car_north_base_010,gNB_4G_1,-44,gNB_4G_2,-65,0.212992,0,-1,0,23.0059,28
195.5,ue_ujeongwon_0002,gNB_4G_1,-48,gNB_5G,-69,0.8192,0,-1,0,66.1277,28
195.5,ue_n001_0007,gNB_4G_1,-50,gNB_5G,-66,0.262144,0,-1,0,65.3925,28
195.5,ue_n001_0003,gNB_4G_2,-68,gNB_4G_1,-81,0,1,2.63993,0,42.9264,28
195.5,car_north_base_001_rider,gNB_4G_2,-47,gNB_4G_1,-72,0.8192,3,56.6399,1,63.4018,28
195.5,car_north_base_002_rider,gNB_4G_2,-48,gNB_4G_1,-92,0.8192,3,50.6399,1,49.7515,28
195.5,car_north_base_009,gNB_4G_1,-38,gNB_4G_2,-82,0.311296,2,18.6399,1,54.3637,28
195.5,car_north_peak_009,gNB_4G_1,-44,gNB_5G,-63,0.516096,0,-1,0,66.7961,28
195.5,ue_n043_0003,gNB_4G_2,-46,gNB_5G,-51,0.45056,5,76.4399,0,65.992,28
195.5,ue_n042_0009,gNB_4G_2,-56,gNB_5G,-71,0.16384,0,-1,0,40.3158,28
195.5,ue_n042_0004,gNB_4G_2,-43,gNB_5G,-60,0.8192,0,-1,0,58.2917,28
195.5,car_north_base_004,gNB_4G_2,-96,gNB_4G_1,-101,0,8,11.8399,1,15.3564,22
195.5,car_north_base_005,gNB_4G_2,-96,gNB_4G_1,-100,0,9,4.83993,0,9.22599,16
195.5,ue_n043_0004,gNB_4G_2,-45,gNB_5G,-51,0.73728,7,24.6399,1,18.484,21
195.5,ue_n001_0010,gNB_4G_1,-44,gNB_5G,-81,0.8192,0,-1,0,63.635,28
195.5,ue_n043_0005,gNB_4G_2,-47,gNB_5G,-50,0.483328,5,44.8399,1,67.0787,28
195.5,ue_ujeongwon_0004,gNB_4G_2,-45,gNB_4G_1,-52,0.12288,1,2.83993,0,15.2982,14
195.5,ue_ujeongwon_0005,gNB_4G_1,-47,gNB_5G,-68,0.32768,0,-1,0,54.3574,28
195.5,ue_n001_0005,gNB_4G_1,-36,gNB_4G_2,-83,0.581632,0,-1,0,75.5273,28
195.5,ue_ujeongwon_0006,gNB_4G_2,-68,gNB_4G_1,-78,0,1,3.63993,0,42.9264,28
195.5,car_north_peak_008_rider,gNB_4G_1,-46,gNB_4G_2,-79,0.344064,0,-1,0,33.0954,28
195.5,ue_n043_0006,gNB_4G_2,-58,gNB_5G,-76,0.589824,5,32.6399,1,42.2609,28
195.5,ue_ujeongwon_0007,gNB_4G_1,-46,gNB_4G_2,-77,0.8192,0,-1,0,53.4689,28
195.5,ue_ujeongwon_0008,gNB_4G_1,-46,gNB_5G,-78,0.352256,0,-1,0,63.9966,28
195.5,ue_n043_0007,gNB_4G_2,-56,gNB_5G,-69,0.4096,7,27.6399,1,41.337,28
195.5,ue_ujeongwon_0009,gNB_4G_1,-46,gNB_5G,-57,0.589824,0,-1,0,26.9223,24
195.5,car_north_base_007_rider,gNB_4G_1,-53,gNB_5G,-78,0.221184,0,-1,0,26.4792,26
195.5,ue_ujeongwon_0010,gNB_4G_1,-58,gNB_4G_2,-77,0.679936,0,-1,0,17.3615,22
195.5,car_north_base_008_rider,gNB_4G_2,-45,gNB_5G,-52,0.172032,1,29.4399,0,27.5876,28
195.5,ue_n043_0008,gNB_5G,-49,gNB_4G_2,-49,0.745472,4,16.2399,1,65.0653,28
195.5,ue_n001_0008,gNB_4G_1,-46,gNB_5G,-69,0.303104,0,-1,0,65.0129,28
195.5,car_north_peak_010_rider,gNB_4G_1,-48,gNB_4G_2,-68,0.188416,0,-1,0,58.2566,28
195.5,car_north_peak_007,gNB_4G_1,-49,gNB_5G,-75,0.262144,0,-1,0,58.8941,28
196.5,car_north_peak_006,gNB_5G,0,,-140,0,0,-1,0,-20.1977,0
196.5,ue_n001_0006,gNB_4G_1,-34,gNB_5G,-65,0.679936,0,-1,0,60.3369,28
196.5,ue_n042_0008,gNB_4G_2,-58,gNB_5G,-68,0.73728,2,34.6399,1,51.1911,28
196.5,car_north_peak_003_rider,gNB_4G_1,-61,gNB_5G,-70,0,6,4.63993,1,42.2485,28
196.5,ue_n042_0002,gNB_4G_2,-42,gNB_4G_1,-51,0.688128,2,22.0399,1,66.886,28
196.5,ue_ujeongwon_0001,gNB_4G_1,-56,gNB_5G,-65,0.385024,0,-1,0,66.4524,28
196.5,ue_n043_0009,gNB_4G_2,-50,gNB_5G,-50,0.745472,5,2.83993,1,63.1338,28
196.5,ue_n043_0010,gNB_4G_2,-56,gNB_4G_1,-65,0.2048,1,54.0399,0,54.3053,28
196.5,ue_n043_0001,gNB_4G_2,-44,gNB_5G,-53,0.352256,3,105.44,0,18.342,21
196.5,ue_n001_0009,gNB_4G_1,-47,gNB_4G_2,-76,0.581632,0,-1,0,22.5845,22
196.5,ue_n001_0001,gNB_4G_2,-48,gNB_4G_1,-50,0.581632,3,20.6399,1,61.6066,28
196.5,car_north_base_010,gNB_4G_1,-56,gNB_4G_2,-67,0.212992,0,-1,0,59.3061,28
196.5,ue_ujeongwon_0002,gNB_4G_1,-48,gNB_5G,-66,0.8192,0,-1,0,36.4943,28
196.5,ue_n001_0007,gNB_4G_1,-49,gNB_5G,-65,0.270336,0,-1,0,23.8982,27
196.5,ue_n001_0003,gNB_4G_2,-68,gNB_4G_1,-81,0,1,3.63993,0,42.9264,28
196.5,car_north_base_001_rider,gNB_4G_2,-48,gNB_4G_1,-71,0.8192,3,57.6399,1,24.6403,26
196.5,car_north_base_002_rider,gNB_4G_2,-48,gNB_4G_1,-92,0.8192,3,51.6399,1,50.2728,28
196.5,car_north_base_009,gNB_4G_1,-40,gNB_4G_2,-82,0.319488,2,19.6399,1,70.0285,28
196.5,car_north_peak_009,gNB_4G_1,-45,gNB_4G_2,-78,0.516096,0,-1,0,63.0113,28
196.5,ue_n043_0003,gNB_4G_2,-45,gNB_5G,-52,0.458752,5,77.4399,0,66.6963,28
196.5,ue_n042_0009,gNB_4G_2,-57,gNB_5G,-66,0.155648,0,-1,0,33.6418,28
196.5,ue_n042_0004,gNB_4G_2,-44,gNB_5G,-60,0.8192,0,-1,0,70.4251,28
196.5,car_north_base_004,gNB_4G_2,-96,gNB_4G_1,-101,0,8,12.8399,1,15.3564,22
196.5,car_north_base_005,gNB_4G_2,-96,gNB_4G_1,-100,0,9,5.83993,0,9.22599,16
196.5,ue_n043_0004,gNB_4G_2,-45,gNB_5G,-51,0.753664,7,25.6399,1,67.7099,28
196.5,ue_n001_0010,gNB_4G_1,-46,gNB_5G,-80,0.8192,0,-1,0,62.3712,28
196.5,ue_n043_0005,gNB_4G_2,-44,gNB_5G,-52,0.475136,5,45.8399,1,65.5304,28
196.5,ue_ujeongwon_0004,gNB_4G_2,-44,gNB_4G_1,-51,0.114688,1,3.83993,0,11.0783,12
196.5,ue_ujeongwon_0005,gNB_4G_1,-56,gNB_4G_2,-65,0.32768,0,-1,0,38.1352,28
196.5,ue_n001_0005,gNB_4G_1,-37,gNB_4G_2,-83,0.581632,0,-1,0,57.2633,28
196.5,ue_ujeongwon_0006,gNB_4G_2,-68,gNB_4G_1,-78,0,1,4.63993,0,42.9264,28
196.5,car_north_peak_008_rider,gNB_4G_1,-50,gNB_5G,-76,0.335872,0,-1,0,30.6567,28
196.5,ue_n043_0006,gNB_4G_2,-55,gNB_5G,-70,0.581632,5,33.6399,1,55.9072,28
196.5,ue_ujeongwon_0007,gNB_4G_1,-48,gNB_5G,-76,0.8192,0,-1,0,40.4964,28
196.5,ue_ujeongwon_0008,gNB_4G_1,-46,gNB_5G,-78,0.360448,0,-1,0,29.7038,28
196.5,ue_n043_0007,gNB_4G_2,-56,gNB_5G,-69,0.4096,7,28.6399,1,40.2762,28
196.5,ue_ujeongwon_0009,gNB_4G_1,-49,gNB_5G,-61,0.581632,0,-1,0,53.2626,28
196.5,car_north_base_007_rider,gNB_4G_1,-54,gNB_4G_2,-78,0,0,-1,0,26.4792,26
196.5,ue_ujeongwon_0010,gNB_4G_1,-58,gNB_4G_2,-77,0.679936,0,-1,0,60.2479,28
196.5,car_north_base_008_rider,gNB_4G_2,-44,gNB_5G,-55,0.172032,1,30.4399,0,62.7873,28
196.5,ue_n043_0008,gNB_5G,-48,gNB_4G_2,-49,0.745472,4,17.2399,1,65.6095,28
196.5,ue_n001_0008,gNB_4G_1,-45,gNB_5G,-67,0.303104,0,-1,0,64.328,28
196.5,car_north_peak_010_rider,gNB_4G_1,-48,gNB_4G_2,-68,0.188416,0,-1,0,58.2566,28
196.5,car_north_peak_007,gNB_4G_1,-49,gNB_5G,-77,0.262144,0,-1,0,64.9625,28
197.5,car_north_peak_006,gNB_5G,0,,-140,0,0,-1,0,-20.1977,0
197.5,ue_n001_0006,gNB_4G_1,-36,gNB_5G,-64,0.679936,0,-1,0,73.4727,28
197.5,ue_n042_0008,gNB_4G_2,-61,gNB_5G,-69,0.745472,2,35.6399,1,50.3868,28
197.5,car_north_peak_003_rider,gNB_4G_1,-61,gNB_5G,-70,0,6,5.63993,1,42.2485,28
197.5,ue_n042_0002,gNB_4G_2,-46,gNB_4G_1,-51,0.679936,2,23.0399,1,66.886,28
197.5,ue_ujeongwon_0001,gNB_4G_1,-57,gNB_5G,-63,0.393216,0,-1,0,63.59,28
197.5,ue_n043_0009,gNB_4G_2,-48,gNB_5G,-47,0.745472,5,3.83993,1,29.0467,24
197.5,ue_n043_0010,gNB_4G_2,-56,gNB_4G_1,-63,0.196608,1,55.0399,0,22.9912,25
197.5,ue_n043_0001,gNB_4G_2,-44,gNB_5G,-50,0.360448,3,106.44,0,65.3458,28
197.5,ue_n001_0009,gNB_4G_1,-56,gNB_4G_2,-78,0.589824,0,-1,0,65.7965,28
197.5,ue_n001_0001,gNB_4G_2,-48,gNB_4G_1,-50,0.589824,3,21.6399,1,69.3442,28
197.5,car_north_base_010,gNB_4G_1,-46,gNB_4G_2,-67,0.2048,0,-1,0,44.5197,28
197.5,ue_ujeongwon_0002,gNB_4G_1,-47,gNB_5G,-69,0.8192,0,-1,0,31.7338,28
197.5,ue_n001_0007,gNB_4G_1,-49,gNB_5G,-65,0.262144,0,-1,0,62.9984,28
197.5,ue_n001_0003,gNB_4G_2,-68,gNB_4G_1,-81,0,1,4.63993,0,42.9264,28
197.5,car_north_base_001_rider,gNB_4G_2,-50,gNB_5G,-64,0.8192,3,58.6399,1,26.4443,27
197.5,car_north_base_002_rider,gNB_4G_2,-48,gNB_4G_1,-92,0.8192,3,52.6399,1,50.3005,28
197.5,car_north_base_009,gNB_4G_1,-39,gNB_4G_2,-82,0.311296,2,20.6399,1,51.9387,28
197.5,car_north_peak_009,gNB_4G_1,-48,gNB_4G_2,-80,0.507904,0,-1,0,58.0642,28
197.5,ue_n043_0003,gNB_4G_2,-44,gNB_5G,-52,0.45056,5,78.4399,0,42.7651,28
197.5,ue_n042_0009,gNB_4G_2,-57,gNB_5G,-67,0.155648,0,-1,0,39.0852,28
197.5,ue_n042_0004,gNB_4G_2,-44,gNB_5G,-60,0.8192,0,-1,0,45.7536,28
197.5,car_north_base_004,gNB_4G_2,-96,gNB_4G_1,-101,0,8,13.8399,1,15.3564,22
197.5,car_north_base_005,gNB_4G_2,-96,gNB_4G_1,-100,0,9,6.83993,0,9.22599,16
197.5,ue_n043_0004,gNB_4G_2,-43,gNB_5G,-55,0.73728,7,26.6399,1,24.7179,24
197.5,ue_n001_0010,gNB_4G_1,-50,gNB_5G,-92,0.8192,0,-1,0,58.7351,28
197.5,ue_n043_0005,gNB_4G_2,-45,gNB_5G,-51,0.49152,5,46.8399,1,65.8189,28
197.5,ue_ujeongwon_0004,gNB_4G_2,-46,gNB_4G_1,-51,0.12288,1,4.83993,0,64.9538,28
197.5,ue_ujeongwon_0005,gNB_4G_1,-47,gNB_5G,-64,0.32768,0,-1,0,58.7696,28
197.5,ue_n001_0005,gNB_4G_1,-39,gNB_5G,-67,0.589824,0,-1,0,75.9373,28
197.5,ue_ujeongwon_0006,gNB_4G_2,-68,gNB_4G_1,-78,0,1,5.63993,0,42.9264,28
197.5,car_north_peak_008_rider,gNB_4G_1,-47,gNB_5G,-75,0.344064,0,-1,0,38.7282,28
197.5,ue_n043_0006,gNB_4G_2,-53,gNB_5G,-69,0.589824,5,34.6399,1,58.2482,28
197.5,ue_ujeongwon_0007,gNB_4G_1,-47,gNB_5G,-79,0.8192,0,-1,0,35.5922,28
197.5,ue_ujeongwon_0008,gNB_4G_1,-49,gNB_5G,-76,0.352256,0,-1,0,64.0185,28
197.5,ue_n043_0007,gNB_4G_2,-55,gNB_5G,-65,0.4096,7,29.6399,1,55.9986,28
197.5,ue_ujeongwon_0009,gNB_4G_1,-49,gNB_5G,-61,0.581632,0,-1,0,21.7084,23
197.5,car_north_base_007_rider,gNB_4G_1,-54,gNB_5G,-76,0,0,-1,0,26.4792,26
197.5,ue_ujeongwon_0010,gNB_4G_1,-54,gNB_4G_2,-78,0.688128,0,-1,0,56.8705,28
197.5,car_north_base_008_rider,gNB_4G_2,-47,gNB_5G,-53,0.172032,1,31.4399,0,26.8123,24
197.5,ue_n043_0008,gNB_5G,-47,gNB_4G_2,-50,0.745472,4,18.2399,1,65.2043,28
197.5,ue_n001_0008,gNB_4G_1,-51,gNB_4G_2,-73,0.303104,0,-1,0,36.7534,28
197.5,car_north_peak_010_rider,gNB_4G_1,-48,gNB_4G_2,-68,0.188416,0,-1,0,64.3564,28
197.5,car_north_peak_007,gNB_4G_1,-49,gNB_4G_2,-77,0.262144,0,-1,0,31.3864,24
198.5,car_north_peak_006,gNB_5G,0,,-140,0,0,-1,0,-20.1977,0
198.5,ue_n001_0006,gNB_4G_1,-34,gNB_5G,-76,0.688128,0,-1,0,57.9482,28
198.5,ue_n042_0008,gNB_4G_2,-61,gNB_5G,-67,0.745472,2,36.6399,1,46.8989,28
198.5,car_north_peak_003_rider,gNB_4G_1,-61,gNB_5G,-70,0,6,6.63993,1,42.2485,28
198.5,ue_n042_0002,gNB_4G_2,-46,gNB_4G_1,-52,0.679936,2,24.0399,1,16.5159,18
198.5,ue_ujeongwon_0001,gNB_4G_1,-46,gNB_4G_2,-64,0.385024,0,-1,0,59.4863,28
198.5,ue_n043_0009,gNB_4G_2,-48,gNB_5G,-49,0.745472,5,4.83993,1,59.6431,28
198.5,ue_n043_0010,gNB_4G_2,-56,gNB_5G,-67,0.196608,1,56.0399,0,44.0124,28
198.5,ue_n043_0001,gNB_4G_2,-45,gNB_5G,-51,0.360448,3,107.44,0,22.0612,18
198.5,ue_n001_0009,gNB_4G_1,-46,gNB_5G,-73,0.581632,0,-1,0,57.2114,28
198.5,ue_n001_0001,gNB_4G_2,-45,gNB_4G_1,-50,0.581632,3,22.6399,1,62.1424,28
198.5,car_north_base_010,gNB_4G_1,-43,gNB_4G_2,-63,0.212992,0,-1,0,72.803,28
198.5,ue_ujeongwon_0002,gNB_4G_1,-46,gNB_5G,-68,0.8192,0,-1,0,65.9882,28
198.5,ue_n001_0007,gNB_4G_1,-44,gNB_5G,-70,0.262144,0,-1,0,38.5884,28
198.5,ue_n001_0003,gNB_4G_2,-68,gNB_4G_1,-81,0,1,5.63993,0,42.9264,28
198.5,car_north_base_001_rider,gNB_4G_2,-50,gNB_5G,-59,0.8192,3,59.6399,1,39.7053,28
198.5,car_north_base_002_rider,gNB_4G_2,-48,gNB_4G_1,-92,0.8192,3,53.6399,1,48.2638,28
198.5,car_north_base_009,gNB_4G_1,-39,gNB_4G_2,-82,0.319488,2,21.6399,1,54.7644,28
198.5,car_north_peak_009,gNB_4G_1,-50,gNB_4G_2,-79,0.516096,0,-1,0,36.2442,28
198.5,ue_n043_0003,gNB_4G_2,-47,gNB_5G,-52,0.458752,5,79.4399,0,44.7388,28
198.5,ue_n042_0009,gNB_4G_2,-58,gNB_5G,-69,0.155648,0,-1,0,55.0657,28
198.5,ue_n042_0004,gNB_4G_2,-45,gNB_5G,-61,0.8192,0,-1,0,64.6365,28
198.5,car_north_base_004,gNB_4G_2,-96,gNB_4G_1,-101,0,8,14.8399,1,15.3564,22
198.5,car_north_base_005,gNB_4G_2,-96,gNB_4G_1,-100,0,9,7.83993,0,9.22599,16
198.5,ue_n043_0004,gNB_4G_2,-45,gNB_5G,-55,0.745472,7,27.6399,1,21.3777,25
198.5,ue_n001_0010,gNB_4G_1,-42,gNB_5G,-84,0.8192,0,-1,0,67.5382,28
198.5,ue_n043_0005,gNB_4G_2,-45,gNB_5G,-54,0.475136,5,47.8399,1,67.7099,28
198.5,ue_ujeongwon_0004,gNB_4G_2,-46,gNB_4G_1,-51,0.114688,1,5.83993,0,64.9538,28
198.5,ue_ujeongwon_0005,gNB_4G_1,-48,gNB_5G,-57,0.32768,0,-1,0,24.6355,26
198.5,ue_n001_0005,gNB_4G_1,-36,gNB_5G,-67,0.581632,0,-1,0,73.0896,28
198.5,ue_ujeongwon_0006,gNB_4G_2,-68,gNB_4G_1,-78,0,1,6.63993,0,42.9264,28
198.5,car_north_peak_008_rider,gNB_4G_1,-44,gNB_5G,-74,0.344064,0,-1,0,42.6675,28
198.5,ue_n043_0006,gNB_4G_2,-53,gNB_5G,-69,0.581632,5,35.6399,1,58.9275,28
198.5,ue_ujeongwon_0007,gNB_4G_1,-45,gNB_4G_2,-81,0.8192,0,-1,0,66.1596,28
198.5,ue_ujeongwon_0008,gNB_4G_1,-49,gNB_4G_2,-77,0.360448,0,-1,0,60.8348,28
198.5,ue_n043_0007,gNB_4G_2,-55,gNB_5G,-69,0.4096,7,30.6399,1,42.4379,28
198.5,ue_ujeongwon_0009,gNB_4G_1,-52,gNB_5G,-63,0.589824,0,-1,0,57.2442,28
198.5,car_north_base_007_rider,gNB_4G_1,-54,gNB_5G,-76,0,0,-1,0,26.4792,26
198.5,ue_ujeongwon_0010,gNB_4G_1,-52,gNB_4G_2,-78,0.679936,0,-1,0,62.3603,28
198.5,car_north_base_008_rider,gNB_4G_2,-45,gNB_5G,-51,0.16384,1,32.4399,0,15.6087,19
198.5,ue_n043_0008,gNB_5G,-48,gNB_4G_2,-48,0.73728,4,19.2399,1,64.1135,28
198.5,ue_n001_0008,gNB_4G_1,-51,gNB_5G,-68,0.303104,0,-1,0,66.586,28
198.5,car_north_peak_010_rider,gNB_4G_1,-46,gNB_4G_2,-78,0.180224,0,-1,0,41.202,28
198.5,car_north_peak_007,gNB_4G_1,-44,gNB_4G_2,-65,0.270336,0,-1,0,25.3275,22
199.5,car_north_peak_006,gNB_5G,0,,-140,0,0,-1,0,-20.1977,0
199.5,ue_n001_0006,gNB_4G_1,-37,gNB_5G,-81,0.679936,0,-1,0,55.1787,28
199.5,ue_n042_0008,gNB_4G_2,-64,gNB_5G,-67,0.745472,2,37.6399,1,49.9381,13
199.5,car_north_peak_003_rider,gNB_4G_1,-61,gNB_5G,-70,0,6,7.63993,1,42.2485,28
199.5,ue_n042_0002,gNB_4G_2,-42,gNB_4G_1,-51,0.688128,2,25.0399,1,64.8449,28
199.5,ue_ujeongwon_0001,gNB_4G_1,-44,gNB_4G_2,-64,0.393216,0,-1,0,64.6163,28
199.5,ue_n043_0009,gNB_4G_2,-51,gNB_5G,-50,0.745472,5,5.83993,1,31.3648,28
199.5,ue_n043_0010,gNB_4G_2,-60,gNB_5G,-66,0.2048,1,57.0399,0,49.4595,28
199.5,ue_n043_0001,gNB_4G_2,-46,gNB_5G,-54,0.352256,3,108.44,0,36.519,28
199.5,ue_n001_0009,gNB_4G_1,-48,gNB_5G,-70,0.589824,0,-1,0,66.2181,28
199.5,ue_n001_0001,gNB_4G_2,-45,gNB_4G_1,-49,0.581632,3,23.6399,1,66.6588,28
199.5,car_north_base_010,gNB_4G_1,-43,gNB_5G,-78,0.212992,0,-1,0,72.8046,28
199.5,ue_ujeongwon_0002,gNB_4G_1,-50,gNB_5G,-64,0.8192,0,-1,0,36.0229,28
199.5,ue_n001_0007,gNB_4G_1,-45,gNB_5G,-70,0.262144,0,-1,0,63.5789,28
199.5,ue_n001_0003,gNB_4G_2,-68,gNB_4G_1,-81,0,1,6.63993,0,42.9264,28
199.5,car_north_base_001_rider,gNB_4G_2,-51,gNB_5G,-60,0.8192,3,60.6399,1,30.5246,28
199.5,car_north_base_002_rider,gNB_4G_2,-48,gNB_4G_1,-92,0.8192,3,54.6399,1,50.5584,28
199.5,car_north_base_009,gNB_4G_1,-36,gNB_5G,-68,0.311296,2,22.6399,1,71.8332,28
199.5,car_north_peak_009,gNB_4G_1,-47,gNB_4G_2,-78,0.507904,0,-1,0,61.4073,28
199.5,ue_n043_0003,gNB_4G_2,-45,gNB_5G,-51,0.45056,5,80.4399,0,50.7908,28
199.5,ue_n042_0009,gNB_4G_2,-56,gNB_5G,-69,0.155648,0,-1,0,54.1331,28
199.5,ue_n042_0004,gNB_4G_2,-44,gNB_5G,-64,0.8192,0,-1,0,65.4142,28
199.5,car_north_base_004,gNB_4G_2,-96,gNB_4G_1,-101,0,8,15.8399,1,15.3564,22
199.5,car_north_base_005,gNB_4G_2,-96,gNB_4G_1,-100,0,9,8.83993,0,9.22599,16
199.5,ue_n043_0004,gNB_4G_2,-45,gNB_5G,-51,0.745472,7,28.6399,1,66.94,28
199.5,ue_n001_0010,gNB_4G_1,-43,gNB_5G,-79,0.8192,0,-1,0,63.5707,28
199.5,ue_n043_0005,gNB_4G_2,-43,gNB_5G,-55,0.483328,5,48.8399,1,60.9258,28
199.5,ue_ujeongwon_0004,gNB_4G_2,-46,gNB_4G_1,-51,0.12288,1,6.83993,0,64.9538,28
199.5,ue_ujeongwon_0005,gNB_4G_1,-45,gNB_5G,-67,0.32768,0,-1,0,60.4887,28
199.5,ue_n001_0005,gNB_4G_1,-39,gNB_4G_2,-75,0.589824,0,-1,0,69.592,28
199.5,ue_ujeongwon_0006,gNB_4G_2,-68,gNB_4G_1,-78,0,1,7.63993,0,42.9264,28
199.5,car_north_peak_008_rider,gNB_4G_1,-50,gNB_4G_2,-70,0.335872,0,-1,0,10.7969,28
199.5,ue_n043_0006,gNB_4G_2,-52,gNB_5G,-69,0.589824,5,36.6399,1,59.2206,28
199.5,ue_ujeongwon_0007,gNB_4G_1,-43,gNB_5G,-77,0.8192,0,-1,0,34.129,28
199.5,ue_ujeongwon_0008,gNB_4G_1,-48,gNB_5G,-76,0.352256,0,-1,0,40.5143,28
199.5,ue_n043_0007,gNB_4G_2,-55,gNB_5G,-68,0.4096,7,31.6399,1,35.2697,28
199.5,ue_ujeongwon_0009,gNB_4G_1,-49,gNB_5G,-63,0.581632,0,-1,0,61.706,28
199.5,car_north_base_007_rider,gNB_4G_1,-54,gNB_5G,-76,0,0,-1,0,26.4792,26
199.5,ue_ujeongwon_0010,gNB_4G_1,-51,gNB_5G,-80,0.679936,0,-1,0,60.3847,28
199.5,car_north_base_008_rider,gNB_4G_2,-44,gNB_5G,-51,0.172032,1,33.4399,0,64.0398,14
199.5,ue_n043_0008,gNB_5G,-48,gNB_4G_2,-48,0.745472,4,20.2399,1,66.7312,28
199.5,ue_n001_0008,gNB_4G_1,-51,gNB_4G_2,-73,0.303104,0,-1,0,63.6771,28
199.5,car_north_peak_010_rider,gNB_4G_1,-47,gNB_4G_2,-79,0.188416,0,-1,0,37.8407,28
199.5,car_north_peak_007,gNB_4G_1,-43,gNB_4G_2,-65,0.262144,0,-1,0,64.8304,28
200.5,car_north_peak_006,gNB_5G,0,,-140,0,0,-1,0,-20.1977,0
200.5,ue_n001_0006,gNB_4G_1,-40,gNB_4G_2,-84,0.679936,0,-1,0,77.0787,28
200.5,ue_n042_0008,gNB_4G_2,-59,gNB_5G,-68,0.745472,2,38.6399,1,55.8299,28
200.5,car_north_base_011,gNB_4G_1,-61,gNB_5G,-70,0.147456,0,-1,0,63.0369,28
200.5,ue_n042_0002,gNB_4G_2,-46,gNB_4G_1,-52,0.671744,2,26.0399,1,9.53848,14
200.5,ue_ujeongwon_0001,gNB_4G_1,-43,gNB_5G,-65,0.393216,0,-1,0,61.9044,28
200.5,ue_n043_0009,gNB_4G_2,-47,gNB_5G,-49,0.745472,5,6.83993,1,61.0765,28
200.5,ue_n043_0010,gNB_4G_1,-57,gNB_4G_2,-60,0.180224,2,0.239928,0,1.36238,5
200.5,ue_n043_0001,gNB_4G_2,-46,gNB_5G,-52,0.360448,3,109.44,0,38.8726,28
200.5,ue_n001_0009,gNB_4G_1,-45,gNB_5G,-70,0.581632,0,-1,0,62.4555,28
200.5,ue_n001_0001,gNB_4G_2,-46,gNB_4G_1,-47,0.581632,3,24.6399,1,65.366,28
200.5,car_north_base_010,gNB_4G_1,-39,gNB_5G,-75,0.2048,0,-1,0,71.0998,28
200.5,ue_ujeongwon_0002,gNB_4G_1,-46,gNB_5G,-64,0.8192,0,-1,0,32.9642,28
200.5,ue_n001_0007,gNB_4G_1,-45,gNB_5G,-69,0.270336,0,-1,0,52.4644,28
200.5,ue_n001_0003,gNB_4G_2,-68,gNB_4G_1,-81,0,1,7.63993,0,42.9264,28
200.5,car_north_base_001_rider,gNB_4G_2,-50,gNB_5G,-60,0.8192,3,61.6399,1,63.0338,28
200.5,car_north_base_002_rider,gNB_4G_2,-48,gNB_4G_1,-92,0.8192,3,55.6399,1,63.1061,28
200.5,car_north_base_009,gNB_4G_1,-38,gNB_5G,-67,0.319488,2,23.6399,1,69.6047,28
200.5,car_north_peak_009,gNB_4G_1,-49,gNB_4G_2,-78,0.516096,0,-1,0,62.1356,28
200.5,ue_n043_0003,gNB_4G_2,-48,gNB_5G,-52,0.458752,5,81.4399,0,44.3284,28
200.5,ue_n042_0009,gNB_4G_2,-56,gNB_5G,-69,0.16384,0,-1,0,40.7381,28
200.5,ue_n042_0004,gNB_4G_2,-42,gNB_5G,-64,0.8192,0,-1,0,68.9779,28
200.5,ue_n001_0011,gNB_4G_1,-78,gNB_4G_2,-96,0.08192,0,-1,0,45.7723,18
200.5,car_north_base_005,gNB_4G_2,-96,gNB_4G_1,-100,0,9,9.83993,0,9.22599,16
200.5,ue_n043_0004,gNB_4G_2,-44,gNB_5G,-52,0.73728,7,29.6399,1,12.0174,23
200.5,ue_n001_0010,gNB_4G_1,-45,gNB_5G,-86,0.8192,0,-1,0,61.7976,28
200.5,ue_n043_0005,gNB_4G_2,-45,gNB_5G,-53,0.483328,5,49.8399,1,62.0396,28
200.5,ue_ujeongwon_0004,gNB_4G_2,-46,gNB_4G_1,-51,0.114688,1,7.83993,0,64.9538,28
200.5,ue_ujeongwon_0005,gNB_4G_1,-47,gNB_5G,-67,0.262144,0,-1,0,59.2192,28
200.5,ue_n001_0005,gNB_4G_1,-41,gNB_4G_2,-75,0.581632,0,-1,0,72.1132,28
200.5,ue_ujeongwon_0006,gNB_4G_2,-68,gNB_4G_1,-78,0,1,8.63993,0,42.9264,28
200.5,car_north_peak_008_rider,gNB_4G_1,-50,gNB_4G_2,-70,0.344064,0,-1,0,61.1622,28
200.5,ue_n043_0006,gNB_4G_2,-52,gNB_5G,-68,0.581632,5,37.6399,1,41.5193,28
200.5,ue_ujeongwon_0007,gNB_4G_1,-48,gNB_5G,-78,0.8192,0,-1,0,53.4233,28
200.5,ue_ujeongwon_0008,gNB_4G_1,-47,gNB_5G,-72,0.360448,0,-1,0,64.1303,28
200.5,ue_n043_0007,gNB_4G_2,-58,gNB_5G,-75,0.4096,7,32.6399,1,38.3662,28
200.5,ue_ujeongwon_0009,gNB_4G_1,-47,gNB_5G,-59,0.581632,0,-1,0,24.926,24
200.5,car_north_base_007_rider,gNB_4G_1,-54,gNB_5G,-76,0,0,-1,0,26.4792,26
200.5,ue_ujeongwon_0010,gNB_4G_1,-49,gNB_5G,-84,0.688128,0,-1,0,60.3211,28
200.5,car_north_base_008_rider,gNB_4G_2,-46,gNB_5G,-53,0.172032,1,34.4399,0,16.6827,28
200.5,ue_n043_0008,gNB_4G_2,-47,gNB_5G,-52,0.745472,5,0.239928,0,34.7014,28
200.5,ue_n001_0008,gNB_4G_1,-49,gNB_5G,-65,0.303104,0,-1,0,24.2767,27
200.5,car_north_peak_010_rider,gNB_4G_1,-49,gNB_4G_2,-79,0.188416,0,-1,0,62.7948,28
200.5,car_north_peak_007,gNB_4G_1,-43,gNB_4G_2,-63,0.262144,0,-1,0,29.382,22
201.5,car_north_peak_006,gNB_5G,0,,-140,0,0,-1,0,-20.1977,0
201.5,ue_n001_0006,gNB_4G_1,-36,gNB_5G,-68,0.679936,0,-1,0,79.1643,28
201.5,ue_n042_0008,gNB_4G_2,-57,gNB_5G,-68,0.745472,2,39.6399,1,41.9971,28
201.5,car_north_base_011,gNB_4G_1,-44,gNB_4G_2,-78,0.278528,0,-1,0,61.0997,28
201.5,ue_n042_0002,gNB_4G_2,-45,gNB_4G_1,-51,0.688128,2,27.0399,1,15.038,18
201.5,ue_ujeongwon_0001,gNB_4G_1,-47,gNB_5G,-65,0.385024,0,-1,0,24.8988,26
201.5,ue_n043_0009,gNB_4G_2,-49,gNB_5G,-49,0.745472,5,7.83993,1,21.1919,26
201.5,ue_n043_0010,gNB_4G_1,-56,gNB_4G_2,-58,0.196608,2,1.23993,0,2.90702,5
201.5,ue_n043_0001,gNB_4G_2,-45,gNB_5G,-53,0.352256,3,110.44,0,30.6825,26
201.5,ue_n001_0009,gNB_4G_1,-48,gNB_5G,-71,0.581632,0,-1,0,60.4027,28
201.5,ue_n001_0001,gNB_4G_2,-45,gNB_4G_1,-48,0.565248,3,25.6399,1,64.7802,28
201.5,car_north_base_010,gNB_4G_1,-40,gNB_5G,-77,0.212992,0,-1,0,74.1007,28
201.5,ue_ujeongwon_0002,gNB_4G_1,-44,gNB_5G,-70,0.8192,0,-1,0,28.677,28
201.5,ue_n001_0007,gNB_4G_1,-46,gNB_4G_2,-72,0.262144,0,-1,0,31.2443,26
201.5,ue_n001_0003,gNB_4G_2,-68,gNB_4G_1,-81,0,1,8.63993,0,42.9264,28
201.5,car_north_base_001_rider,gNB_4G_2,-47,gNB_4G_1,-72,0.8192,3,62.6399,1,28.5057,28
201.5,car_north_base_002_rider,gNB_4G_2,-48,gNB_4G_1,-92,0.8192,3,56.6399,1,50.4676,28
201.5,car_north_base_009,gNB_4G_1,-40,gNB_5G,-67,0.311296,2,24.6399,1,56.7533,26
201.5,car_north_peak_009,gNB_4G_1,-49,gNB_5G,-75,0.507904,0,-1,0,60.9796,28
201.5,ue_n043_0003,gNB_4G_2,-47,gNB_5G,-51,0.45056,5,82.4399,0,20.0786,22
201.5,ue_n042_0009,gNB_4G_2,-55,gNB_5G,-65,0.155648,0,-1,0,55.9986,28
201.5,ue_n042_0004,gNB_4G_2,-43,gNB_5G,-62,0.8192,0,-1,0,46.3764,28
201.5,ue_n001_0011,gNB_4G_1,-49,gNB_4G_2,-79,0.172032,0,-1,0,39.7141,28
201.5,ue_n042_0010,gNB_4G_2,-96,gNB_4G_1,-100,0.049152,0,-1,0,43.7344,28
201.5,ue_n043_0004,gNB_4G_2,-44,gNB_5G,-51,0.753664,7,30.6399,1,64.4412,28
201.5,ue_n001_0010,gNB_4G_1,-45,gNB_5G,-85,0.8192,0,-1,0,56.1785,28
201.5,ue_n043_0005,gNB_4G_2,-45,gNB_5G,-51,0.483328,5,50.8399,1,9.38615,15
201.5,ue_ujeongwon_0004,gNB_4G_2,-46,gNB_4G_1,-51,0.12288,1,8.83993,0,69.4337,28
201.5,ue_ujeongwon_0005,gNB_4G_1,-48,gNB_4G_2,-50,0.262144,0,-1,0,56.2194,28
201.5,ue_n001_0005,gNB_4G_1,-39,gNB_4G_2,-75,0.581632,0,-1,0,71.4342,28
201.5,ue_ujeongwon_0006,gNB_4G_2,-68,gNB_4G_1,-78,0,1,9.63993,0,42.9264,28
201.5,car_north_peak_008_rider,gNB_4G_1,-48,gNB_4G_2,-65,0.335872,0,-1,0,50.9647,28
201.5,ue_n043_0006,gNB_4G_2,-53,gNB_5G,-66,0.581632,5,38.6399,1,57.5811,28
201.5,ue_ujeongwon_0007,gNB_4G_1,-44,gNB_4G_2,-79,0.8192,0,-1,0,42.4112,28
201.5,ue_ujeongwon_0008,gNB_4G_1,-46,gNB_4G_2,-80,0.352256,0,-1,0,65.3233,28
201.5,ue_n043_0007,gNB_4G_2,-55,gNB_5G,-76,0.4096,7,33.6399,1,39.9229,28
201.5,ue_ujeongwon_0009,gNB_4G_1,-48,gNB_5G,-59,0.589824,0,-1,0,57.7571,28
201.5,car_north_base_007_rider,gNB_4G_1,-54,gNB_5G,-76,0,0,-1,0,26.4792,26
201.5,ue_ujeongwon_0010,gNB_4G_1,-49,gNB_5G,-84,0.679936,0,-1,0,47.1053,28
201.5,car_north_base_008_rider,gNB_4G_2,-46,gNB_5G,-49,0.172032,1,35.4399,0,64.4474,28
201.5,ue_n043_0008,gNB_4G_2,-48,gNB_5G,-48,0.745472,5,1.23993,0,62.1415,28
201.5,ue_n001_0008,gNB_4G_1,-49,gNB_5G,-65,0.303104,0,-1,0,36.5307,28
201.5,car_north_peak_010_rider,gNB_4G_1,-50,gNB_5G,-77,0.180224,0,-1,0,32.8926,27
201.5,car_north_peak_007,gNB_4G_1,-44,gNB_4G_2,-64,0.270336,0,-1,0,24.477,26
202.5,car_north_peak_006,gNB_5G,0,,-140,0,0,-1,0,-20.1977,0
202.5,ue_n001_0006,gNB_4G_1,-37,gNB_5G,-65,0.688128,0,-1,0,58.6721,28
202.5,ue_n042_0008,gNB_4G_2,-53,gNB_5G,-67,0.745472,2,40.6399,1,53.6488,28
202.5,car_north_base_011,gNB_4G_1,-45,gNB_4G_2,-78,0.28672,0,-1,0,64.5992,28
202.5,ue_n042_0002,gNB_4G_2,-42,gNB_4G_1,-51,0.679936,2,28.0399,1,66.886,28
202.5,ue_ujeongwon_0001,gNB_4G_1,-45,gNB_5G,-66,0.393216,0,-1,0,68.4209,28
202.5,ue_n043_0009,gNB_4G_2,-49,gNB_5G,-49,0.745472,5,8.83993,1,62.6426,28
202.5,ue_n043_0010,gNB_4G_1,-62,gNB_4G_2,-59,0.188416,2,2.23993,0,47.2181,28
202.5,ue_n043_0001,gNB_4G_2,-46,gNB_5G,-52,0.360448,3,111.44,0,63.4955,28
202.5,ue_n001_0009,gNB_4G_1,-47,gNB_5G,-67,0.589824,0,-1,0,29.3126,28
202.5,ue_n001_0001,gNB_4G_2,-46,gNB_4G_1,-46,0.589824,3,26.6399,1,66.6909,28
202.5,car_north_base_010,gNB_4G_1,-39,gNB_4G_2,-82,0.2048,0,-1,0,74.7959,28
202.5,ue_ujeongwon_0002,gNB_4G_1,-46,gNB_5G,-71,0.8192,0,-1,0,65.9111,28
202.5,ue_n001_0007,gNB_4G_1,-49,gNB_5G,-72,0.262144,0,-1,0,31.5577,28
202.5,ue_n001_0003,gNB_4G_2,-68,gNB_4G_1,-81,0,1,9.63993,0,42.9264,28
202.5,car_north_base_001_rider,gNB_4G_2,-48,gNB_5G,-70,0.8192,3,63.6399,1,61.2123,28
202.5,car_north_base_002_rider,gNB_4G_2,-48,gNB_4G_1,-92,0.8192,3,57.6399,1,49.9874,28
202.5,car_north_base_009,gNB_4G_1,-39,gNB_5G,-66,0.319488,2,25.6399,1,74.6332,21
202.5,car_north_peak_009,gNB_4G_1,-49,gNB_5G,-75,0.516096,0,-1,0,66.0811,28
202.5,ue_n043_0003,gNB_4G_2,-46,gNB_5G,-51,0.458752,5,83.4399,0,59.3056,28
202.5,ue_n042_0009,gNB_4G_2,-55,gNB_5G,-69,0.155648,0,-1,0,41.6146,28
202.5,ue_n042_0004,gNB_4G_2,-43,gNB_5G,-59,0.8192,0,-1,0,70.182,28
202.5,ue_n001_0011,gNB_4G_1,-47,gNB_5G,-79,0.172032,0,-1,0,64.7384,28
202.5,ue_n042_0010,gNB_4G_2,-69,gNB_4G_1,-82,0.090112,0,-1,0,43.3452,28
202.5,ue_n043_0004,gNB_4G_2,-46,gNB_5G,-51,0.745472,7,31.6399,1,37.6088,28
202.5,ue_n001_0010,gNB_4G_1,-43,gNB_5G,-79,0.8192,0,-1,0,58.739,28
202.5,ue_n043_0005,gNB_4G_2,-46,gNB_4G_1,-53,0.483328,5,51.8399,1,61.5958,28
202.5,ue_ujeongwon_0004,gNB_4G_2,-42,gNB_4G_1,-51,0.114688,1,9.83993,0,64.9538,28
202.5,ue_ujeongwon_0005,gNB_4G_1,-49,gNB_4G_2,-47,0.278528,0,-1,0,62.8083,28
202.5,ue_n001_0005,gNB_4G_1,-39,gNB_4G_2,-76,0.589824,0,-1,0,54.6858,28
202.5,ue_ujeongwon_0006,gNB_4G_2,-68,gNB_4G_1,-78,0,1,10.6399,0,42.9264,28
202.5,car_north_peak_008_rider,gNB_4G_1,-51,gNB_4G_2,-66,0.344064,0,-1,0,64.9279,28
202.5,ue_n043_0006,gNB_4G_2,-52,gNB_5G,-67,0.589824,5,39.6399,1,55.0389,28
202.5,ue_ujeongwon_0007,gNB_4G_1,-44,gNB_4G_2,-79,0.8192,0,-1,0,39.7052,28
202.5,ue_ujeongwon_0008,gNB_4G_1,-46,gNB_5G,-77,0.360448,0,-1,0,60.6784,28
202.5,ue_n043_0007,gNB_4G_2,-55,gNB_5G,-69,0.4096,7,34.6399,1,44.5028,28
202.5,ue_ujeongwon_0009,gNB_4G_1,-46,gNB_5G,-59,0.589824,0,-1,0,64.9718,28
202.5,car_north_base_007_rider,gNB_4G_1,-54,gNB_5G,-76,0,0,-1,0,26.4792,26
202.5,ue_ujeongwon_0010,gNB_4G_1,-48,gNB_4G_2,-90,0.679936,0,-1,0,66.0034,28
202.5,car_north_base_008_rider,gNB_4G_2,-46,gNB_5G,-49,0.172032,1,36.4399,0,23.4166,28
202.5,ue_n043_0008,gNB_4G_2,-47,gNB_5G,-49,0.745472,5,2.23993,0,38.2185,28
202.5,ue_n001_0008,gNB_4G_1,-48,gNB_5G,-70,0.303104,0,-1,0,65.8284,28
202.5,car_north_peak_010_rider,gNB_4G_1,-50,gNB_5G,-77,0.188416,0,-1,0,33.7093,28
202.5,car_north_peak_007,gNB_4G_1,-44,gNB_4G_2,-64,0.262144,0,-1,0,67.6782,26
203.5,car_north_peak_006,gNB_5G,0,,-140,0,0,-1,0,-20.1977,0
203.5,ue_n001_0006,gNB_4G_1,-39,gNB_5G,-67,0.679936,0,-1,0,56.7601,28
203.5,ue_n042_0008,gNB_4G_2,-53,gNB_5G,-67,0.376832,2,41.6399,1,36.1251,28
203.5,car_north_base_011,gNB_4G_1,-47,gNB_4G_2,-78,0.278528,0,-1,0,58.7384,28
203.5,ue_n042_0002,gNB_4G_2,-46,gNB_4G_1,-51,0.688128,2,29.0399,1,66.886,28
203.5,ue_ujeongwon_0001,gNB_4G_1,-51,gNB_5G,-61,0.385024,0,-1,0,67.215,28
203.5,ue_n043_0009,gNB_4G_2,-48,gNB_5G,-51,0.745472,5,9.83993,1,64.0035,28
203.5,ue_n043_0010,gNB_4G_2,-60,gNB_5G,-66,0.196608,3,0.639928,1,56.0991,28
203.5,ue_n043_0001,gNB_4G_2,-47,gNB_5G,-53,0.352256,3,112.44,0,66.635,28
203.5,ue_n001_0009,gNB_4G_1,-46,gNB_5G,-68,0.581632,0,-1,0,36.3318,28
203.5,ue_n001_0001,gNB_4G_2,-45,gNB_4G_1,-47,0.581632,3,27.6399,1,67.4893,28
203.5,car_north_base_010,gNB_4G_1,-39,gNB_4G_2,-84,0.212992,0,-1,0,56.6505,28
203.5,ue_ujeongwon_0002,gNB_4G_1,-45,gNB_4G_2,-67,0.8192,0,-1,0,27.2115,28
203.5,ue_n001_0007,gNB_4G_1,-52,gNB_5G,-70,0.270336,0,-1,0,66.9071,28
203.5,ue_n001_0003,gNB_4G_2,-68,gNB_4G_1,-81,0,1,10.6399,0,42.9264,28
203.5,car_north_base_001_rider,gNB_4G_2,-48,gNB_5G,-70,0.8192,3,64.6399,1,50.3311,28
203.5,car_north_base_002_rider,gNB_4G_2,-48,gNB_4G_1,-91,0.8192,3,58.6399,1,50.549,28
203.5,car_north_base_009,gNB_4G_1,-36,gNB_5G,-66,0.311296,2,26.6399,1,50.658,28
203.5,car_north_peak_009,gNB_4G_1,-44,gNB_4G_2,-65,0.507904,0,-1,0,21.9712,23
203.5,ue_n043_0003,gNB_4G_2,-47,gNB_5G,-51,0.458752,5,84.4399,0,64.4284,28
203.5,ue_n042_0009,gNB_4G_2,-55,gNB_5G,-68,0.155648,0,-1,0,52.0012,28
203.5,ue_n042_0004,gNB_4G_2,-42,gNB_5G,-62,0.8192,0,-1,0,42.2745,28
203.5,ue_n001_0011,gNB_4G_1,-48,gNB_5G,-77,0.16384,0,-1,0,59.1048,28
203.5,ue_n042_0010,gNB_4G_2,-67,gNB_5G,-71,0.090112,0,-1,0,40.0677,28
203.5,ue_n043_0004,gNB_4G_2,-44,gNB_5G,-55,0.745472,7,32.6399,1,66.7444,28
203.5,ue_n001_0010,gNB_4G_1,-47,gNB_5G,-100,0.8192,0,-1,0,35.1237,28
203.5,ue_n043_0005,gNB_4G_2,-44,gNB_5G,-53,0.483328,5,52.8399,1,64.4652,28
203.5,ue_ujeongwon_0004,gNB_4G_2,-46,gNB_4G_1,-51,0.12288,1,10.8399,0,64.9538,28
203.5,ue_ujeongwon_0005,gNB_4G_2,-45,gNB_4G_1,-48,0.311296,1,0.639928,0,65.7878,28
203.5,ue_n001_0005,gNB_4G_1,-38,gNB_4G_2,-83,0.581632,0,-1,0,71.3834,28
203.5,ue_ujeongwon_0006,gNB_4G_2,-68,gNB_4G_1,-78,0,1,11.6399,0,42.9264,28
203.5,car_north_peak_008_rider,gNB_4G_1,-45,gNB_4G_2,-67,0.344064,0,-1,0,62.6031,28
203.5,ue_n043_0006,gNB_4G_2,-54,gNB_5G,-67,0.581632,5,40.6399,1,57.2319,28
203.5,ue_ujeongwon_0007,gNB_4G_1,-46,gNB_5G,-76,0.8192,0,-1,0,39.3762,28
203.5,ue_ujeongwon_0008,gNB_4G_1,-44,gNB_4G_2,-80,0.352256,0,-1,0,70.5253,28
203.5,ue_n043_0007,gNB_4G_2,-53,gNB_5G,-69,0.4096,7,35.6399,1,57.7956,28
203.5,ue_ujeongwon_0009,gNB_4G_1,-49,gNB_5G,-63,0.581632,0,-1,0,26.9714,27
203.5,car_north_base_007_rider,gNB_4G_1,-54,gNB_5G,-76,0,0,-1,0,26.4792,26
203.5,ue_ujeongwon_0010,gNB_4G_1,-45,gNB_4G_2,-88,0.688128,0,-1,0,67.0469,28
203.5,car_north_base_008_rider,gNB_4G_2,-48,gNB_5G,-49,0.172032,1,37.4399,0,61.7805,28
203.5,ue_n043_0008,gNB_4G_2,-47,gNB_5G,-49,0.745472,5,3.23993,0,63.6966,28
203.5,ue_n001_0008,gNB_4G_1,-48,gNB_5G,-71,0.303104,0,-1,0,34.2074,28
203.5,car_north_peak_010_rider,gNB_4G_1,-51,gNB_5G,-78,0.188416,0,-1,0,38.6372,28
203.5,car_north_peak_007,gNB_4G_1,-43,gNB_4G_2,-75,0.262144,0,-1,0,49.689,19
204.5,car_north_peak_006,gNB_5G,0,,-140,0,0,-1,0,-20.1977,0
204.5,ue_n001_0006,gNB_4G_1,-37,gNB_5G,-67,0.679936,0,-1,0,54.42,28
204.5,ue_n042_0008,gNB_4G_2,-60,gNB_5G,-67,0,2,42.6399,1,36.1251,28
204.5,car_north_base_011,gNB_4G_1,-51,gNB_4G_2,-76,0.28672,0,-1,0,38.1864,28
204.5,ue_n042_0002,gNB_4G_2,-46,gNB_4G_1,-51,0.679936,2,30.0399,1,19.0359,22
204.5,ue_ujeongwon_0001,gNB_4G_1,-47,gNB_4G_2,-61,0.393216,0,-1,0,22.954,25
204.5,ue_n043_0009,gNB_4G_2,-47,gNB_5G,-47,0.745472,5,10.8399,1,63.2825,28
204.5,ue_n043_0010,gNB_4G_2,-55,gNB_4G_1,-62,0.2048,3,1.63993,1,54.3752,28
204.5,ue_n043_0001,gNB_4G_2,-44,gNB_4G_1,-54,0.360448,3,113.44,0,67.0171,28
204.5,ue_n001_0009,gNB_4G_1,-46,gNB_5G,-70,0.589824,0,-1,0,34.098,28
204.5,ue_n001_0001,gNB_4G_2,-43,gNB_4G_1,-48,0.589824,3,28.6399,1,64.7931,28
204.5,car_north_base_010,gNB_4G_1,-37,gNB_4G_2,-82,0.212992,0,-1,0,72.9419,28
204.5,ue_ujeongwon_0002,gNB_4G_1,-47,gNB_4G_2,-72,0.8192,0,-1,0,63.7203,28
204.5,ue_n001_0007,gNB_4G_1,-48,gNB_5G,-72,0.262144,0,-1,0,66.097,28
204.5,ue_n001_0003,gNB_4G_2,-68,gNB_4G_1,-81,0,1,11.6399,0,42.9264,28
204.5,car_north_base_001_rider,gNB_4G_2,-48,gNB_4G_1,-81,0.8192,3,65.6399,1,36.8443,28
204.5,car_north_base_002_rider,gNB_4G_2,-48,gNB_4G_1,-92,0.8192,3,59.6399,1,50.5834,28
204.5,car_north_base_009,gNB_4G_1,-36,gNB_5G,-66,0.319488,2,27.6399,1,53.9549,28
204.5,car_north_peak_009,gNB_4G_1,-44,gNB_4G_2,-62,0.507904,0,-1,0,29.1418,28
204.5,ue_n043_0003,gNB_4G_2,-46,gNB_5G,-52,0.45056,5,85.4399,0,65.6759,28
204.5,ue_n042_0009,gNB_4G_2,-58,gNB_5G,-75,0.16384,0,-1,0,45.82,28
204.5,ue_n042_0004,gNB_4G_2,-42,gNB_5G,-59,0.8192,0,-1,0,60.755,28
204.5,ue_n001_0011,gNB_4G_1,-43,gNB_4G_2,-78,0.172032,0,-1,0,66.7248,28
204.5,ue_n042_0010,gNB_4G_2,-66,gNB_5G,-66,0.090112,0,-1,0,28.4951,27
204.5,ue_n043_0004,gNB_4G_2,-44,gNB_5G,-52,0.745472,7,33.6399,1,41.3884,28
204.5,ue_n001_0010,gNB_4G_1,-47,gNB_4G_2,-78,0.8192,0,-1,0,33.5334,28
204.5,ue_n043_0005,gNB_4G_2,-46,gNB_5G,-52,0.475136,5,53.8399,1,65.6459,28
204.5,ue_ujeongwon_0004,gNB_4G_2,-46,gNB_4G_1,-51,0.114688,1,11.8399,0,64.9538,28
204.5,ue_ujeongwon_0005,gNB_4G_2,-45,gNB_4G_1,-48,0.32768,1,1.63993,0,67.6143,28
204.5,ue_n001_0005,gNB_4G_1,-40,gNB_4G_2,-65,0.589824,0,-1,0,24.9285,28
204.5,ue_ujeongwon_0006,gNB_4G_2,-68,gNB_4G_1,-78,0,1,12.6399,0,42.9264,28
204.5,car_north_peak_008_rider,gNB_4G_1,-42,gNB_4G_2,-64,0.344064,0,-1,0,48.9683,28
204.5,ue_n043_0006,gNB_4G_2,-54,gNB_5G,-67,0.589824,5,41.6399,1,53.9307,28
204.5,ue_ujeongwon_0007,gNB_4G_1,-48,gNB_4G_2,-80,0.8192,0,-1,0,34.272,28
204.5,ue_ujeongwon_0008,gNB_4G_1,-43,gNB_4G_2,-79,0.360448,0,-1,0,41.0403,28
204.5,ue_n043_0007,gNB_4G_2,-53,gNB_5G,-67,0.4096,7,36.6399,1,48.6918,28
204.5,ue_ujeongwon_0009,gNB_4G_1,-47,gNB_5G,-67,0.581632,0,-1,0,41.8252,28
204.5,car_north_base_007_rider,gNB_4G_1,-54,gNB_5G,-76,0,0,-1,0,26.4792,26
204.5,ue_ujeongwon_0010,gNB_4G_1,-44,gNB_4G_2,-88,0.679936,0,-1,0,52.1862,28
204.5,car_north_base_008_rider,gNB_4G_2,-49,gNB_5G,-46,0.16384,1,38.4399,0,34.9862,28
204.5,ue_n043_0008,gNB_4G_2,-46,gNB_5G,-53,0.745472,5,4.23993,0,38.9615,28
204.5,ue_n001_0008,gNB_4G_1,-49,gNB_5G,-69,0.303104,0,-1,0,37.4778,28
204.5,car_north_peak_010_rider,gNB_4G_1,-47,gNB_5G,-75,0.188416,0,-1,0,67.7608,28
204.5,car_north_peak_007,gNB_4G_1,-40,gNB_5G,-78,0.262144,0,-1,0,69.0943,28
205.5,car_north_peak_006,gNB_5G,0,,-140,0,0,-1,0,-20.1977,0
205.5,ue_n001_0006,gNB_4G_1,-37,gNB_5G,-66,0.688128,0,-1,0,59.0627,28
205.5,ue_n042_0008,gNB_4G_2,-61,gNB_5G,-69,0,2,43.6399,1,36.1251,28
205.5,car_north_base_011,gNB_4G_1,-46,gNB_4G_2,-77,0.278528,0,-1,0,34.6504,28
205.5,ue_n042_0002,gNB_4G_2,-46,gNB_4G_1,-51,0.679936,2,31.0399,1,17.7556,21
205.5,ue_ujeongwon_0001,gNB_4G_1,-47,gNB_4G_2,-60,0.393216,0,-1,0,17.6577,17
205.5,ue_n043_0009,gNB_4G_2,-47,gNB_5G,-49,0.745472,5,11.8399,1,61.9368,28
205.5,ue_n043_0010,gNB_4G_2,-56,gNB_4G_1,-70,0.196608,3,2.63993,1,50.5485,28
205.5,ue_n043_0001,gNB_4G_2,-44,gNB_5G,-56,0.352256,3,114.44,0,66.3243,28
205.5,ue_n001_0009,gNB_4G_1,-52,gNB_5G,-66,0.581632,0,-1,0,52.4962,28
205.5,ue_n001_0001,gNB_4G_2,-45,gNB_4G_1,-52,0.57344,3,29.6399,1,9.29754,14
205.5,car_north_base_010,gNB_4G_1,-37,gNB_5G,-77,0.2048,0,-1,0,55.732,28
205.5,ue_ujeongwon_0002,gNB_4G_1,-46,gNB_4G_2,-69,0.8192,0,-1,0,66.4946,28
205.5,ue_n001_0007,gNB_4G_1,-51,gNB_5G,-65,0.262144,0,-1,0,38.4027,28
205.5,ue_n001_0003,gNB_4G_2,-68,gNB_4G_1,-81,0,1,12.6399,0,42.9264,28
205.5,car_north_base_001_rider,gNB_4G_2,-48,gNB_4G_1,-87,0.8192,3,66.6399,1,38.0749,28
205.5,car_north_base_002_rider,gNB_4G_2,-48,gNB_4G_1,-92,0.8192,3,60.6399,1,47.5642,28
205.5,car_north_base_009,gNB_4G_1,-37,gNB_5G,-66,0.311296,2,28.6399,1,71.2271,28
205.5,car_north_peak_009,gNB_4G_1,-43,gNB_4G_2,-68,0.516096,0,-1,0,24.6609,27
205.5,ue_n043_0003,gNB_4G_2,-45,gNB_5G,-55,0.458752,5,86.4399,0,43.4945,28
205.5,ue_n042_0009,gNB_4G_2,-55,gNB_5G,-73,0.155648,0,-1,0,40.871,28
205.5,ue_n042_0004,gNB_4G_2,-46,gNB_5G,-59,0.8192,0,-1,0,48.8689,28
205.5,ue_n001_0011,gNB_4G_1,-44,gNB_4G_2,-79,0.172032,0,-1,0,63.0827,28
205.5,ue_n042_0010,gNB_4G_2,-67,gNB_5G,-67,0.08192,0,-1,0,25.0472,25
205.5,ue_n043_0004,gNB_4G_2,-44,gNB_5G,-57,0.745472,7,34.6399,1,64.1416,28
205.5,ue_n001_0010,gNB_4G_1,-45,gNB_4G_2,-77,0.8192,0,-1,0,39.9864,28
205.5,ue_n043_0005,gNB_4G_2,-45,gNB_5G,-51,0.483328,5,54.8399,1,66.7444,28
205.5,ue_ujeongwon_0004,gNB_4G_2,-46,gNB_4G_1,-51,0.12288,1,12.8399,0,64.9538,28
205.5,ue_ujeongwon_0005,gNB_4G_2,-43,gNB_4G_1,-47,0.32768,1,2.63993,0,59.0056,28
205.5,ue_n001_0005,gNB_4G_1,-41,gNB_4G_2,-63,0.581632,0,-1,0,65.1202,28
205.5,ue_ujeongwon_0006,gNB_4G_2,-68,gNB_4G_1,-78,0,1,13.6399,0,42.9264,28
205.5,car_north_peak_008_rider,gNB_4G_1,-41,gNB_5G,-74,0.335872,0,-1,0,74.8904,28
205.5,ue_n043_0006,gNB_4G_2,-56,gNB_5G,-66,0.581632,5,42.6399,1,45.676,28
205.5,ue_ujeongwon_0007,gNB_4G_1,-50,gNB_5G,-75,0.8192,0,-1,0,40.5546,28
205.5,ue_ujeongwon_0008,gNB_4G_1,-47,gNB_4G_2,-79,0.352256,0,-1,0,63.926,28
205.5,ue_n043_0007,gNB_4G_2,-52,gNB_5G,-66,0.4096,7,37.6399,1,41.6649,28
205.5,ue_ujeongwon_0009,gNB_4G_1,-46,gNB_5G,-64,0.589824,0,-1,0,40.6944,28
205.5,car_north_base_007_rider,gNB_4G_1,-54,gNB_5G,-76,0,0,-1,0,26.4792,26
205.5,ue_ujeongwon_0010,gNB_4G_1,-44,gNB_4G_2,-90,0.679936,0,-1,0,49.9598,28
205.5,car_north_base_008_rider,gNB_5G,-45,gNB_4G_2,-49,0.172032,2,0.839928,0,65.3244,28
205.5,ue_n043_0008,gNB_4G_2,-46,gNB_5G,-53,0.745472,5,5.23993,0,65.0903,28
205.5,ue_n001_0008,gNB_4G_1,-48,gNB_4G_2,-72,0.303104,0,-1,0,35.9676,25
205.5,car_north_peak_010_rider,gNB_4G_1,-44,gNB_5G,-75,0.180224,0,-1,0,27.5917,28
205.5,car_north_peak_007,gNB_4G_1,-38,gNB_5G,-79,0.270336,0,-1,0,55.2336,28
206.5,car_north_peak_006,gNB_5G,0,,-140,0,0,-1,0,-20.1977,0
206.5,ue_n001_0006,gNB_4G_1,-36,gNB_5G,-67,0.679936,0,-1,0,54.4894,28
206.5,ue_n042_0008,gNB_4G_2,-61,gNB_5G,-69,0,2,44.6399,1,36.1251,28
206.5,car_north_base_011,gNB_4G_1,-48,gNB_5G,-77,0.28672,0,-1,0,40.4642,28
206.5,ue_n042_0002,gNB_4G_2,-45,gNB_4G_1,-51,0.688128,2,32.0399,1,69.8455,28
206.5,ue_ujeongwon_0001,gNB_4G_1,-46,gNB_4G_2,-60,0.385024,0,-1,0,66.5517,28
206.5,ue_n043_0009,gNB_4G_2,-49,gNB_5G,-47,0.73728,5,12.8399,1,57.6282,28
206.5,ue_n043_0010,gNB_4G_2,-56,gNB_5G,-69,0.2048,3,3.63993,1,50.0258,28
206.5,ue_n043_0001,gNB_4G_2,-44,gNB_5G,-55,0.360448,3,115.44,0,62.8943,28
206.5,ue_n001_0009,gNB_4G_1,-51,gNB_5G,-67,0.589824,0,-1,0,28.0393,28
206.5,ue_n001_0001,gNB_4G_2,-46,gNB_4G_1,-49,0.589824,3,30.6399,1,68.8599,28
206.5,car_north_base_010,gNB_4G_1,-40,gNB_5G,-68,0.212992,0,-1,0,50.5098,28
206.5,ue_ujeongwon_0002,gNB_4G_1,-44,gNB_4G_2,-63,0.8192,0,-1,0,25.2687,28
206.5,ue_n001_0007,gNB_4G_1,-47,gNB_5G,-63,0.262144,0,-1,0,39.3878,28
206.5,ue_n001_0003,gNB_4G_2,-68,gNB_4G_1,-81,0,1,13.6399,0,42.9264,28
206.5,car_north_base_001_rider,gNB_4G_2,-49,gNB_4G_1,-82,0.647168,3,67.6399,1,1.32291,0
206.5,car_north_base_002_rider,gNB_4G_2,-48,gNB_4G_1,-92,0.8192,3,61.6399,1,50.6379,28
206.5,car_north_base_009,gNB_4G_1,-39,gNB_4G_2,-86,0.311296,2,29.6399,1,49.1728,28
206.5,car_north_peak_009,gNB_4G_1,-48,gNB_4G_2,-62,0.516096,0,-1,0,29.4935,28
206.5,ue_n043_0003,gNB_4G_2,-50,gNB_5G,-52,0.45056,5,87.4399,0,64.3102,28
206.5,ue_n042_0009,gNB_4G_2,-55,gNB_5G,-69,0.155648,0,-1,0,44.5751,28
206.5,ue_n042_0004,gNB_4G_2,-44,gNB_5G,-60,0.8192,0,-1,0,67.9032,28
206.5,ue_n001_0011,gNB_4G_1,-47,gNB_5G,-77,0.172032,0,-1,0,43.1203,20
206.5,ue_n042_0010,gNB_4G_2,-65,gNB_5G,-67,0.090112,0,-1,0,44.6081,28
206.5,ue_n043_0004,gNB_4G_2,-45,gNB_5G,-55,0.73728,7,35.6399,1,19.3063,16
206.5,ue_n001_0010,gNB_4G_1,-52,gNB_4G_2,-77,0.8192,0,-1,0,25.6768,25
206.5,ue_n043_0005,gNB_4G_2,-44,gNB_5G,-55,0.483328,5,55.8399,1,66.4692,28
206.5,ue_ujeongwon_0004,gNB_4G_2,-46,gNB_4G_1,-51,0.114688,1,13.8399,0,64.9538,28
206.5,ue_ujeongwon_0005,gNB_4G_2,-47,gNB_4G_1,-50,0.311296,1,3.63993,0,67.347,28
206.5,ue_n001_0005,gNB_4G_1,-43,gNB_4G_2,-80,0.589824,0,-1,0,45.6695,28
206.5,ue_ujeongwon_0006,gNB_4G_2,-68,gNB_4G_1,-78,0,1,14.6399,0,42.9264,28
206.5,car_north_peak_008_rider,gNB_4G_1,-37,gNB_5G,-77,0.344064,0,-1,0,72.8696,28
206.5,ue_n043_0006,gNB_4G_2,-54,gNB_5G,-68,0.589824,5,43.6399,1,46.8968,28
206.5,ue_ujeongwon_0007,gNB_4G_1,-45,gNB_5G,-76,0.8192,0,-1,0,36.7218,28
206.5,ue_ujeongwon_0008,gNB_4G_1,-47,gNB_4G_2,-80,0.360448,0,-1,0,44.0033,28
206.5,ue_n043_0007,gNB_4G_2,-53,gNB_5G,-68,0.4096,7,38.6399,1,41.036,28
206.5,ue_ujeongwon_0009,gNB_4G_1,-49,gNB_5G,-60,0.581632,0,-1,0,32.1434,28
206.5,car_north_base_007_rider,gNB_4G_1,-54,gNB_5G,-76,0,0,-1,0,26.4792,26
206.5,ue_ujeongwon_0010,gNB_4G_1,-43,gNB_4G_2,-89,0.688128,0,-1,0,50.5913,28
206.5,car_north_base_008_rider,gNB_5G,-46,gNB_4G_2,-50,0.172032,2,1.83993,0,64.14,28
206.5,ue_n043_0008,gNB_4G_2,-46,gNB_5G,-53,0.745472,5,6.23993,0,64.5639,28
206.5,ue_n001_0008,gNB_4G_1,-48,gNB_5G,-71,0.303104,0,-1,0,65.9868,28
206.5,car_north_peak_010_rider,gNB_4G_1,-42,gNB_4G_2,-71,0.188416,0,-1,0,67.3374,28
206.5,car_north_peak_007,gNB_4G_1,-40,gNB_5G,-83,0.262144,0,-1,0,71.8238,28
207.5,car_north_peak_006,gNB_5G,0,,-140,0,0,-1,0,-20.1977,0
207.5,ue_n001_0006,gNB_4G_1,-37,gNB_5G,-67,0.688128,0,-1,0,58.1546,28
207.5,ue_n042_0008,gNB_4G_2,-61,gNB_5G,-69,0,2,45.6399,1,36.1251,28
207.5,car_north_base_011,gNB_4G_1,-49,gNB_5G,-78,0.278528,0,-1,0,65.1525,28
207.5,ue_n042_0002,gNB_4G_2,-42,gNB_4G_1,-51,0.688128,2,33.0399,1,19.0226,22
207.5,ue_ujeongwon_0001,gNB_4G_1,-46,gNB_4G_2,-59,0.393216,0,-1,0,62.9045,28
207.5,ue_n043_0009,gNB_4G_2,-48,gNB_5G,-46,0.745472,5,13.8399,1,35.2034,28
207.5,ue_n043_0010,gNB_4G_2,-60,gNB_4G_1,-60,0.172032,3,4.63993,1,43.8208,28
207.5,ue_n043_0001,gNB_4G_2,-47,gNB_5G,-53,0.352256,3,116.44,0,66.4206,28
207.5,ue_n001_0009,gNB_4G_1,-51,gNB_5G,-66,0.581632,0,-1,0,57.7206,28
207.5,ue_n001_0001,gNB_4G_2,-43,gNB_4G_1,-47,0.589824,3,31.6399,1,8.40847,15
207.5,car_north_base_010,gNB_4G_1,-36,gNB_5G,-70,0.212992,0,-1,0,56.6655,28
207.5,ue_ujeongwon_0002,gNB_4G_1,-46,gNB_4G_2,-62,0.8192,0,-1,0,23.3026,28
207.5,ue_n001_0007,gNB_4G_1,-52,gNB_5G,-70,0.270336,0,-1,0,31.3505,28
207.5,ue_n001_0003,gNB_4G_2,-68,gNB_4G_1,-81,0,1,14.6399,0,42.9264,28
207.5,car_north_base_001_rider,gNB_4G_1,-61,gNB_4G_2,-78,0.720896,4,0.639928,0,23.1532,15
207.5,car_north_base_002_rider,gNB_4G_2,-48,gNB_4G_1,-92,0.8192,3,62.6399,1,63.1061,28
207.5,car_north_base_009,gNB_4G_1,-40,gNB_4G_2,-84,0.319488,2,30.6399,1,72.5848,28
207.5,car_north_peak_009,gNB_4G_1,-45,gNB_4G_2,-62,0.507904,0,-1,0,73.591,28
207.5,ue_n043_0003,gNB_4G_2,-47,gNB_5G,-51,0.458752,5,88.4399,0,43.6807,28
207.5,ue_n042_0009,gNB_4G_2,-53,gNB_5G,-69,0.155648,0,-1,0,42.232,28
207.5,ue_n042_0004,gNB_4G_2,-40,gNB_5G,-59,0.8192,0,-1,0,68.3821,28
207.5,ue_n001_0011,gNB_4G_1,-46,gNB_5G,-77,0.172032,0,-1,0,63.7087,28
207.5,ue_n042_0010,gNB_4G_2,-66,gNB_5G,-69,0.090112,0,-1,0,28.0916,26
207.5,ue_n043_0004,gNB_4G_2,-46,gNB_5G,-52,0.753664,7,36.6399,1,58.3261,28
207.5,ue_n001_0010,gNB_4G_1,-43,gNB_4G_2,-77,0.8192,0,-1,0,32.8104,28
207.5,ue_n043_0005,gNB_4G_2,-44,gNB_5G,-57,0.483328,5,56.8399,1,64.1415,28
207.5,ue_ujeongwon_0004,gNB_4G_2,-46,gNB_4G_1,-51,0.12288,1,14.8399,0,64.9538,28
207.5,ue_ujeongwon_0005,gNB_4G_2,-44,gNB_4G_1,-49,0.319488,1,4.63993,0,63.4741,28
207.5,ue_n001_0005,gNB_4G_1,-42,gNB_4G_2,-85,0.581632,0,-1,0,68.8837,28
207.5,ue_ujeongwon_0006,gNB_4G_2,-68,gNB_4G_1,-78,0,1,15.6399,0,42.9264,28
207.5,car_north_peak_008_rider,gNB_4G_1,-39,gNB_5G,-77,0.344064,0,-1,0,49.5836,28
207.5,ue_n043_0006,gNB_4G_2,-52,gNB_5G,-71,0.581632,5,44.6399,1,53.9643,28
207.5,ue_ujeongwon_0007,gNB_4G_1,-47,gNB_5G,-81,0.8192,0,-1,0,35.798,28
207.5,ue_ujeongwon_0008,gNB_4G_1,-48,gNB_4G_2,-79,0.352256,0,-1,0,59.0908,28
207.5,ue_n043_0007,gNB_4G_2,-52,gNB_5G,-68,0.4096,7,39.6399,1,44.7917,28
207.5,ue_ujeongwon_0009,gNB_4G_1,-51,gNB_5G,-59,0.589824,0,-1,0,59.3137,28
207.5,car_north_base_007_rider,gNB_4G_1,-54,gNB_5G,-76,0,0,-1,0,26.4792,26
207.5,ue_ujeongwon_0010,gNB_4G_1,-45,gNB_4G_2,-89,0.679936,0,-1,0,68.0153,28
207.5,car_north_base_008_rider,gNB_5G,-48,gNB_4G_2,-49,0.172032,2,2.83993,0,60.2809,28
207.5,ue_n043_0008,gNB_4G_2,-46,gNB_5G,-48,0.745472,5,7.23993,0,62.807,28
207.5,ue_n001_0008,gNB_4G_1,-50,gNB_5G,-70,0.303104,0,-1,0,36.0231,28
207.5,car_north_peak_010_rider,gNB_4G_1,-42,gNB_4G_2,-63,0.188416,0,-1,0,27.2399,28
207.5,car_north_peak_007,gNB_4G_1,-40,gNB_5G,-79,0.262144,0,-1,0,42.2346,28
208.5,car_north_peak_006,gNB_5G,0,,-140,0,0,-1,0,-20.1977,0
208.5,ue_n001_0006,gNB_4G_1,-38,gNB_5G,-62,0.679936,0,-1,0,61.2455,28
208.5,ue_n042_0008,gNB_4G_2,-61,gNB_5G,-69,0,2,46.6399,1,36.1251,28
208.5,car_north_base_011,gNB_4G_1,-48,gNB_4G_2,-73,0.278528,0,-1,0,25.0215,25
208.5,ue_n042_0002,gNB_4G_2,-46,gNB_4G_1,-51,0.679936,2,34.0399,1,18.3499,28
208.5,ue_ujeongwon_0001,gNB_4G_1,-47,gNB_4G_2,-58,0.393216,0,-1,0,61.6212,28
208.5,ue_n043_0009,gNB_4G_2,-47,gNB_5G,-47,0.745472,5,14.8399,1,30.6947,28
208.5,ue_n043_0010,gNB_4G_2,-59,gNB_4G_1,-59,0.172032,3,5.63993,1,6.55897,6
208.5,ue_n043_0001,gNB_4G_2,-45,gNB_5G,-54,0.352256,3,117.44,0,13.0993,18
208.5,ue_n001_0009,gNB_4G_1,-49,gNB_5G,-66,0.589824,0,-1,0,30.1641,28
208.5,ue_n001_0001,gNB_4G_2,-44,gNB_4G_1,-46,0.581632,3,32.6399,1,9.85713,14
208.5,car_north_base_010,gNB_4G_1,-36,gNB_5G,-69,0.2048,0,-1,0,77.269,28
208.5,ue_ujeongwon_0002,gNB_4G_1,-50,gNB_4G_2,-62,0.8192,0,-1,0,65.6008,28
208.5,ue_n001_0007,gNB_4G_1,-47,gNB_5G,-66,0.262144,0,-1,0,63.7202,28
208.5,ue_n001_0003,gNB_4G_2,-68,gNB_4G_1,-81,0,1,15.6399,0,42.9264,28
208.5,car_north_base_001_rider,gNB_4G_1,-61,gNB_4G_2,-80,0.704512,4,1.63993,0,45.7348,28
208.5,car_north_base_002_rider,gNB_4G_2,-48,gNB_4G_1,-92,0.8192,3,63.6399,1,48.1582,28
208.5,car_north_base_009,gNB_4G_1,-39,gNB_4G_2,-84,0.311296,2,31.6399,1,57.2623,28
208.5,car_north_peak_009,gNB_4G_1,-44,gNB_5G,-75,0.507904,0,-1,0,49.874,28
208.5,ue_n043_0003,gNB_4G_2,-46,gNB_5G,-53,0.45056,5,89.4399,0,42.1992,28
208.5,ue_n042_0009,gNB_4G_2,-53,gNB_5G,-67,0.16384,0,-1,0,44.3834,28
208.5,ue_n042_0004,gNB_4G_2,-41,gNB_5G,-58,0.8192,0,-1,0,50.7212,28
208.5,ue_n001_0011,gNB_4G_1,-46,gNB_5G,-73,0.172032,0,-1,0,40.4937,26
208.5,ue_n042_0010,gNB_4G_2,-65,gNB_5G,-66,0.090112,0,-1,0,43.4127,28
208.5,ue_n043_0004,gNB_4G_2,-46,gNB_5G,-51,0.73728,7,37.6399,1,24.7927,28
208.5,ue_n001_0010,gNB_4G_1,-45,gNB_4G_2,-75,0.8192,0,-1,0,37.3656,28
208.5,ue_n043_0005,gNB_4G_2,-45,gNB_5G,-54,0.483328,5,57.8399,1,62.306,28
208.5,ue_ujeongwon_0004,gNB_4G_2,-46,gNB_4G_1,-51,0.114688,1,15.8399,0,20.3837,15
208.5,ue_ujeongwon_0005,gNB_4G_2,-47,gNB_4G_1,-52,0.294912,1,5.63993,0,7.71029,14
208.5,ue_n001_0005,gNB_4G_1,-39,gNB_4G_2,-81,0.589824,0,-1,0,51.648,28
208.5,ue_ujeongwon_0006,gNB_4G_2,-68,gNB_4G_1,-78,0,1,16.6399,0,42.9264,28
208.5,car_north_peak_008_rider,gNB_4G_1,-45,gNB_5G,-74,0.335872,0,-1,0,54.0798,28
208.5,ue_n043_0006,gNB_4G_2,-56,gNB_5G,-68,0.581632,5,45.6399,1,32.5297,24
208.5,ue_ujeongwon_0007,gNB_4G_1,-46,gNB_5G,-79,0.8192,0,-1,0,40.6727,28
208.5,ue_ujeongwon_0008,gNB_4G_1,-44,gNB_4G_2,-78,0.360448,0,-1,0,42.6758,28
208.5,ue_n043_0007,gNB_4G_2,-52,gNB_5G,-70,0.4096,7,40.6399,1,42.1893,28
208.5,ue_ujeongwon_0009,gNB_4G_1,-48,gNB_5G,-62,0.483328,0,-1,0,60.9141,28
208.5,car_north_base_007_rider,gNB_4G_1,-54,gNB_5G,-76,0,0,-1,0,26.4792,26
208.5,ue_ujeongwon_0010,gNB_4G_1,-43,gNB_4G_2,-90,0.679936,0,-1,0,59.1453,28
208.5,car_north_base_008_rider,gNB_5G,-48,gNB_4G_2,-49,0.172032,2,3.83993,0,66.2075,28
208.5,ue_n043_0008,gNB_4G_2,-47,gNB_5G,-46,0.73728,5,8.23993,0,18.3629,22
208.5,ue_n001_0008,gNB_4G_1,-47,gNB_5G,-64,0.303104,0,-1,0,38.0131,28
208.5,car_north_peak_010_rider,gNB_4G_1,-41,gNB_4G_2,-64,0.180224,0,-1,0,20.7053,28
208.5,car_north_peak_007,gNB_4G_1,-39,gNB_4G_2,-82,0.262144,0,-1,0,51.5775,28
209.5,car_north_peak_006,gNB_5G,0,,-140,0,0,-1,0,-20.1977,0
209.5,ue_n001_0006,gNB_4G_1,-36,gNB_5G,-64,0.679936,0,-1,0,54.7675,28
209.5,ue_n042_0008,gNB_4G_2,-61,gNB_5G,-69,0,2,47.6399,1,36.1251,28
209.5,car_north_base_011,gNB_4G_1,-44,gNB_4G_2,-63,0.28672,0,-1,0,21.9493,23
209.5,ue_n042_0002,gNB_4G_2,-46,gNB_4G_1,-51,0.663552,2,35.0399,1,13.7986,16
209.5,ue_ujeongwon_0001,gNB_4G_1,-44,gNB_4G_2,-61,0.385024,0,-1,0,20.0479,26
209.5,ue_n043_0009,gNB_4G_2,-48,gNB_5G,-48,0.745472,5,15.8399,1,39.3042,28
209.5,ue_n043_0010,gNB_4G_1,-57,gNB_4G_2,-62,0.12288,4,0.639928,1,-5.33433,28
209.5,ue_n043_0001,gNB_4G_2,-45,gNB_4G_1,-56,0.360448,3,118.44,0,21.8506,27
209.5,ue_n001_0009,gNB_4G_1,-49,gNB_5G,-66,0.581632,0,-1,0,68.9609,28
209.5,ue_n001_0001,gNB_4G_2,-44,gNB_4G_1,-48,0.57344,3,33.6399,1,66.1415,28
209.5,car_north_base_010,gNB_4G_1,-37,gNB_5G,-66,0.212992,0,-1,0,54.938,28
209.5,ue_ujeongwon_0002,gNB_4G_1,-46,gNB_4G_2,-61,0.8192,0,-1,0,20.3427,23
209.5,ue_n001_0007,gNB_4G_1,-46,gNB_5G,-70,0.262144,0,-1,0,45.3954,28
209.5,ue_n001_0003,gNB_4G_2,-68,gNB_4G_1,-81,0,1,16.6399,0,42.9264,28
209.5,car_north_base_001_rider,gNB_4G_2,-57,gNB_4G_1,-63,0.434176,5,0.439928,1,-37.108,0
209.5,car_north_base_002_rider,gNB_4G_2,-48,gNB_4G_1,-92,0.8192,3,64.6399,1,46.7127,28
209.5,car_north_base_009,gNB_4G_1,-41,gNB_5G,-85,0.319488,2,32.6399,1,60.7444,28
209.5,car_north_peak_009,gNB_4G_1,-39,gNB_5G,-73,0.516096,0,-1,0,48.0915,28
209.5,ue_n043_0003,gNB_4G_2,-46,gNB_5G,-51,0.458752,5,90.4399,0,60.2187,28
209.5,ue_n042_0009,gNB_4G_2,-52,gNB_5G,-66,0.155648,0,-1,0,46.4715,28
209.5,ue_n042_0004,gNB_4G_2,-43,gNB_5G,-62,0.8192,0,-1,0,63.5375,28
209.5,ue_n001_0011,gNB_4G_1,-46,gNB_5G,-69,0.16384,0,-1,0,48.1787,28
209.5,ue_n042_0010,gNB_4G_2,-63,gNB_5G,-67,0.090112,0,-1,0,49.9686,28
209.5,ue_n043_0004,gNB_4G_2,-45,gNB_5G,-52,0.745472,7,38.6399,1,43.1327,28
209.5,ue_n001_0010,gNB_4G_1,-58,gNB_5G,-71,0.8192,0,-1,0,67.2972,28
209.5,ue_n043_0005,gNB_4G_2,-47,gNB_5G,-52,0.483328,5,58.8399,1,65.3138,28
209.5,ue_ujeongwon_0004,gNB_4G_2,-46,gNB_4G_1,-51,0.12288,1,16.8399,0,16.0775,20
209.5,ue_ujeongwon_0005,gNB_4G_2,-43,gNB_4G_1,-50,0.319488,1,6.63993,0,23.1593,8
209.5,ue_n001_0005,gNB_4G_1,-40,gNB_4G_2,-84,0.581632,0,-1,0,68.9981,28
209.5,ue_ujeongwon_0006,gNB_4G_2,-68,gNB_4G_1,-78,0,1,17.6399,0,42.9264,28
209.5,car_north_peak_008_rider,gNB_4G_1,-40,gNB_5G,-78,0.344064,0,-1,0,47.7335,28
209.5,ue_n043_0006,gNB_4G_2,-57,gNB_5G,-66,0.589824,5,46.6399,1,44.9987,28
209.5,ue_ujeongwon_0007,gNB_4G_1,-46,gNB_5G,-77,0.8192,0,-1,0,64.4344,28
209.5,ue_ujeongwon_0008,gNB_4G_1,-43,gNB_4G_2,-79,0.352256,0,-1,0,35.765,28
209.5,ue_n043_0007,gNB_4G_2,-54,gNB_5G,-67,0.4096,7,41.6399,1,45.9739,28
209.5,ue_ujeongwon_0009,gNB_4G_1,-51,gNB_4G_2,-58,0.417792,0,-1,0,37.7353,28
209.5,car_north_base_007_rider,gNB_4G_1,-54,gNB_5G,-76,0,0,-1,0,26.4792,26
209.5,ue_ujeongwon_0010,gNB_4G_1,-34,gNB_4G_2,-90,0.679936,0,-1,0,71.3189,28
209.5,car_north_base_008_rider,gNB_5G,-45,gNB_4G_2,-51,0.172032,2,4.83993,0,65.092,28
209.5,ue_n043_0008,gNB_4G_2,-48,gNB_5G,-48,0.745472,5,9.23993,0,23.7913,26
209.5,ue_n001_0008,gNB_4G_1,-51,gNB_5G,-64,0.303104,0,-1,0,38.4124,28
209.5,car_north_peak_010_rider,gNB_4G_1,-44,gNB_4G_2,-66,0.188416,0,-1,0,39.3575,28
209.5,car_north_peak_007,gNB_4G_1,-35,gNB_4G_2,-83,0.270336,0,-1,0,74.646,28
210.5,car_north_peak_006,gNB_5G,0,,-140,0,0,-1,0,-20.1977,0
210.5,ue_n001_0006,gNB_4G_1,-36,gNB_5G,-65,0.688128,0,-1,0,55.5544,28
210.5,ue_n042_0008,gNB_4G_2,-61,gNB_5G,-69,0,2,48.6399,1,36.1251,28
210.5,car_north_base_011,gNB_4G_1,-44,gNB_4G_2,-64,0.278528,0,-1,0,25.3473,28
210.5,ue_n042_0002,gNB_4G_2,-43,gNB_4G_1,-51,0.69632,2,36.0399,1,16.4779,20
210.5,ue_ujeongwon_0001,gNB_4G_1,-46,gNB_4G_2,-57,0.393216,0,-1,0,65.9416,28
210.5,ue_n043_0009,gNB_4G_2,-46,gNB_5G,-49,0.745472,5,16.8399,1,36.3203,28
210.5,ue_n043_0010,gNB_4G_2,-65,gNB_5G,-63,0.172032,5,0.839928,1,39.2161,28
210.5,ue_n043_0001,gNB_4G_2,-43,gNB_4G_1,-57,0.352256,3,119.44,0,64.3661,28
210.5,ue_n001_0009,gNB_4G_1,-44,gNB_5G,-70,0.581632,0,-1,0,35.1953,28
210.5,ue_n001_0001,gNB_4G_2,-44,gNB_4G_1,-49,0.598016,3,34.6399,1,66.2514,28
210.5,car_north_base_010,gNB_4G_1,-36,gNB_5G,-64,0.212992,0,-1,0,71.8966,28
210.5,ue_ujeongwon_0002,gNB_4G_1,-52,gNB_4G_2,-59,0.8192,0,-1,0,67.4214,28
210.5,ue_n001_0007,gNB_4G_1,-47,gNB_5G,-71,0.262144,0,-1,0,47.4881,24
210.5,ue_n001_0003,gNB_4G_2,-68,gNB_4G_1,-81,0,1,17.6399,0,42.9264,28
210.5,car_north_base_001_rider,gNB_4G_1,-67,gNB_5G,-92,0.688128,6,0.839928,1,39.3403,28
210.5,car_north_base_002_rider,gNB_4G_2,-49,gNB_5G,-78,0.8192,3,65.6399,1,21.2383,25
210.5,car_north_base_009,gNB_4G_1,-42,gNB_5G,-86,0.311296,2,33.6399,1,39.1102,28
210.5,car_north_peak_009,gNB_4G_1,-40,gNB_5G,-76,0.516096,0,-1,0,73.9459,28
210.5,ue_n043_0003,gNB_4G_2,-46,gNB_5G,-52,0.458752,5,91.4399,0,38.7894,28
210.5,ue_n042_0009,gNB_4G_2,-52,gNB_5G,-68,0.155648,0,-1,0,44.1751,28
210.5,ue_n042_0004,gNB_4G_2,-45,gNB_5G,-58,0.8192,0,-1,0,41.8717,28
210.5,ue_n001_0011,gNB_4G_1,-45,gNB_5G,-69,0.172032,0,-1,0,44.4791,28
210.5,ue_n042_0010,gNB_4G_2,-61,gNB_5G,-67,0.090112,0,-1,0,33.3444,27
210.5,ue_n043_0004,gNB_4G_2,-45,gNB_5G,-52,0.745472,7,39.6399,1,65.6054,18
210.5,ue_n001_0010,gNB_4G_1,-50,gNB_5G,-69,0.8192,0,-1,0,64.542,28
210.5,ue_n043_0005,gNB_4G_2,-45,gNB_5G,-52,0.475136,5,59.8399,1,25.7398,26
210.5,ue_ujeongwon_0004,gNB_4G_2,-46,gNB_4G_1,-51,0.114688,1,17.8399,0,64.9538,28
210.5,ue_ujeongwon_0005,gNB_4G_2,-44,gNB_4G_1,-49,0.335872,1,7.63993,0,68.2131,28
210.5,ue_n001_0005,gNB_4G_1,-42,gNB_5G,-93,0.581632,0,-1,0,69.6099,28
210.5,ue_n043_0011,gNB_4G_1,0,,-140,0,0,-1,0,42.9264,28
210.5,car_north_peak_008_rider,gNB_4G_1,-40,gNB_4G_2,-84,0.344064,0,-1,0,46.4646,28
210.5,ue_n043_0006,gNB_4G_2,-57,gNB_5G,-71,0.581632,5,47.6399,1,55.3719,28
210.5,ue_ujeongwon_0007,gNB_4G_1,-48,gNB_5G,-74,0.8192,0,-1,0,68.6376,28
210.5,ue_ujeongwon_0008,gNB_4G_1,-46,gNB_4G_2,-80,0.360448,0,-1,0,67.8578,28
210.5,ue_n043_0007,gNB_4G_2,-54,gNB_5G,-66,0.4096,7,42.6399,1,42.5022,28
210.5,ue_ujeongwon_0009,gNB_4G_2,-60,gNB_5G,-62,0.499712,1,0.839928,0,66.575,28
210.5,car_north_base_007_rider,gNB_4G_1,-54,gNB_5G,-76,0,0,-1,0,26.4792,26
210.5,ue_ujeongwon_0010,gNB_4G_1,-39,gNB_4G_2,-89,0.688128,0,-1,0,71.095,28
210.5,car_north_base_008_rider,gNB_5G,-45,gNB_4G_2,-51,0.172032,2,5.83993,0,65.7301,28
210.5,ue_n043_0008,gNB_4G_2,-46,gNB_5G,-49,0.745472,5,10.2399,0,63.403,28
210.5,ue_n001_0008,gNB_4G_1,-47,gNB_5G,-63,0.303104,0,-1,0,31.0198,27
210.5,car_north_peak_010_rider,gNB_4G_1,-44,gNB_4G_2,-63,0.188416,0,-1,0,42.2876,28
210.5,car_north_peak_007,gNB_4G_1,-36,gNB_4G_2,-83,0.262144,0,-1,0,68.5516,28
211.5,car_north_peak_006,gNB_5G,0,,-140,0,0,-1,0,-20.1977,0
211.5,ue_n001_0006,gNB_4G_1,-37,gNB_5G,-66,0.679936,0,-1,0,76.8334,28
211.5,ue_n042_0008,gNB_4G_2,-61,gNB_5G,-69,0,2,49.6399,1,36.1251,28
211.5,car_north_base_011,gNB_4G_1,-46,gNB_4G_2,-63,0.28672,0,-1,0,68.9008,28
211.5,ue_n042_0002,gNB_4G_2,-44,gNB_4G_1,-51,0.679936,2,37.0399,1,13.478,15
211.5,ue_ujeongwon_0001,gNB_4G_1,-48,gNB_4G_2,-56,0.385024,0,-1,0,32.3264,16
211.5,ue_n043_0009,gNB_4G_2,-49,gNB_5G,-52,0.745472,5,17.8399,1,33.197,27
211.5,ue_n043_0010,gNB_4G_2,-53,gNB_5G,-68,0.2048,5,1.83993,1,56.9056,28
211.5,ue_n043_0001,gNB_4G_2,-46,gNB_5G,-55,0.360448,3,120.44,0,67.2908,28
211.5,ue_n001_0009,gNB_4G_1,-45,gNB_5G,-70,0.589824,0,-1,0,38.0136,28
211.5,ue_n001_0001,gNB_4G_2,-44,gNB_4G_1,-48,0.589824,3,35.6399,1,68.0679,28
211.5,car_north_base_010,gNB_4G_1,-39,gNB_5G,-65,0.2048,0,-1,0,49.025,28
211.5,ue_ujeongwon_0002,gNB_4G_1,-47,gNB_4G_2,-60,0.8192,0,-1,0,63.8874,28
211.5,ue_n001_0007,gNB_4G_1,-48,gNB_4G_2,-64,0.262144,0,-1,0,22.5554,26
211.5,ue_n001_0012,gNB_4G_1,-66,gNB_4G_2,-74,0.344064,0,-1,0,38.4734,28
211.5,car_north_base_001_rider,gNB_4G_1,-67,gNB_5G,-86,0.8192,6,1.83993,1,20.9007,24
211.5,car_north_base_002_rider,gNB_4G_2,-49,gNB_4G_1,-65,0.8192,3,66.6399,1,45.8675,28
211.5,car_north_base_009,gNB_4G_1,-41,gNB_4G_2,-77,0.319488,2,34.6399,1,32.7581,28
211.5,car_north_peak_009,gNB_4G_1,-39,gNB_5G,-76,0.507904,0,-1,0,52.9841,28
211.5,ue_n043_0003,gNB_4G_2,-49,gNB_5G,-53,0.45056,5,92.4399,0,62.6119,28
211.5,ue_n042_0009,gNB_4G_2,-52,gNB_5G,-69,0.155648,0,-1,0,43.8876,28
211.5,ue_n042_0004,gNB_4G_2,-42,gNB_5G,-57,0.8192,0,-1,0,46.9965,28
211.5,ue_n001_0011,gNB_4G_1,-46,gNB_5G,-70,0.172032,0,-1,0,69.4819,28
211.5,ue_n042_0010,gNB_4G_2,-62,gNB_5G,-70,0.090112,0,-1,0,36.1766,28
211.5,ue_n043_0004,gNB_4G_2,-45,gNB_5G,-52,0.745472,7,40.6399,1,59.8454,19
211.5,ue_n001_0010,gNB_4G_1,-48,gNB_5G,-66,0.8192,0,-1,0,67.4768,28
211.5,ue_n043_0005,gNB_4G_2,-45,gNB_5G,-52,0.483328,5,60.8399,1,39.099,28
211.5,ue_ujeongwon_0004,gNB_4G_2,-46,gNB_4G_1,-51,0.12288,1,18.8399,0,58.9335,28
211.5,ue_ujeongwon_0005,gNB_4G_2,-43,gNB_4G_1,-51,0.32768,1,8.63993,0,63.2166,28
211.5,ue_n001_0005,gNB_4G_1,-39,gNB_5G,-91,0.589824,0,-1,0,58.5083,28
211.5,ue_n043_0011,gNB_4G_1,0,,-140,0,0,-1,0,42.9264,28
211.5,car_north_peak_008_rider,gNB_4G_1,-43,gNB_4G_2,-83,0.335872,0,-1,0,53.8231,28
211.5,ue_n043_0006,gNB_4G_2,-55,gNB_5G,-72,0.589824,5,48.6399,1,37.6771,28
211.5,ue_ujeongwon_0007,gNB_4G_1,-44,gNB_5G,-72,0.8192,0,-1,0,64.0433,28
211.5,ue_ujeongwon_0008,gNB_4G_1,-46,gNB_5G,-78,0.352256,0,-1,0,63.683,28
211.5,ue_n043_0007,gNB_4G_2,-54,gNB_5G,-69,0.4096,7,43.6399,1,48.5319,28
211.5,ue_ujeongwon_0009,gNB_4G_2,-46,gNB_5G,-63,0.581632,1,1.83993,0,65.3753,28
211.5,car_north_base_007_rider,gNB_4G_1,-54,gNB_5G,-76,0,0,-1,0,26.4792,26
211.5,ue_ujeongwon_0010,gNB_4G_1,-40,gNB_4G_2,-92,0.679936,0,-1,0,58.9857,28
211.5,car_north_base_008_rider,gNB_5G,-47,gNB_4G_2,-53,0.16384,2,6.83993,0,56.8034,28
211.5,ue_n043_0008,gNB_4G_2,-47,gNB_5G,-48,0.745472,5,11.2399,0,60.4366,28
211.5,ue_n001_0008,gNB_4G_1,-46,gNB_4G_2,-68,0.303104,0,-1,0,61.9932,28
211.5,car_north_peak_010_rider,gNB_4G_1,-39,gNB_5G,-74,0.188416,0,-1,0,71.8969,28
211.5,car_north_peak_007,gNB_4G_1,-39,gNB_5G,-74,0.262144,0,-1,0,52.5761,28
212.5,car_north_peak_006,gNB_5G,0,,-140,0,0,-1,0,-20.1977,0
212.5,ue_n001_0006,gNB_4G_1,-38,gNB_5G,-69,0.679936,0,-1,0,57.0683,28
212.5,ue_n043_0012,gNB_4G_2,-61,gNB_5G,-69,0.098304,1,0.0399283,0,50.2055,28
212.5,car_north_base_011,gNB_4G_1,-46,gNB_4G_2,-62,0.278528,0,-1,0,29.5032,28
212.5,ue_n042_0002,gNB_4G_2,-46,gNB_4G_1,-51,0.688128,2,38.0399,1,66.886,28
212.5,ue_ujeongwon_0001,gNB_4G_1,-46,gNB_4G_2,-54,0.393216,0,-1,0,67.8938,28
212.5,ue_n043_0009,gNB_4G_2,-49,gNB_5G,-48,0.745472,5,18.8399,1,64.4751,28
212.5,ue_n043_0010,gNB_4G_2,-54,gNB_5G,-72,0.196608,5,2.83993,1,55.6971,28
212.5,ue_n043_0001,gNB_4G_2,-44,gNB_5G,-58,0.352256,3,121.44,0,67.1259,28
212.5,ue_n001_0009,gNB_4G_1,-45,gNB_5G,-72,0.581632,0,-1,0,62.491,28
212.5,ue_n001_0001,gNB_4G_2,-43,gNB_4G_1,-48,0.581632,3,36.6399,1,63.5623,28
212.5,car_north_base_010,gNB_4G_1,-37,gNB_5G,-79,0.212992,0,-1,0,69.1347,28
212.5,ue_ujeongwon_0002,gNB_4G_1,-48,gNB_4G_2,-61,0.8192,0,-1,0,22.9961,23
212.5,ue_n001_0007,gNB_4G_1,-50,gNB_4G_2,-63,0.270336,0,-1,0,66.906,28
212.5,ue_n001_0012,gNB_4G_1,-51,gNB_4G_2,-80,0.679936,0,-1,0,41.0718,28
212.5,car_north_base_001_rider,gNB_5G,-71,gNB_4G_1,-84,0.745472,7,0.0399284,0,41.7583,28
212.5,car_north_base_002_rider,gNB_4G_2,-49,gNB_4G_1,-74,0.8192,3,67.6399,1,47.9805,28
212.5,car_north_base_009,gNB_4G_1,-43,gNB_4G_2,-70,0.311296,2,35.6399,1,44.747,21
212.5,car_north_peak_009,gNB_4G_1,-39,gNB_4G_2,-84,0.516096,0,-1,0,74.2446,28
212.5,ue_n043_0003,gNB_4G_2,-46,gNB_5G,-53,0.458752,5,93.4399,0,41.2576,28
212.5,ue_n042_0009,gNB_4G_2,-52,gNB_5G,-70,0.155648,0,-1,0,40.4708,28
212.5,ue_n042_0004,gNB_4G_2,-43,gNB_5G,-56,0.8192,0,-1,0,45.5532,28
212.5,ue_n001_0011,gNB_4G_1,-47,gNB_5G,-73,0.172032,0,-1,0,44.041,28
212.5,ue_n042_0010,gNB_4G_2,-60,gNB_5G,-71,0.08192,0,-1,0,40.6861,28
212.5,ue_n043_0004,gNB_4G_2,-49,gNB_5G,-53,0.745472,7,41.6399,1,62.292,28
212.5,ue_n001_0010,gNB_4G_1,-51,gNB_5G,-66,0.8192,0,-1,0,32.9863,28
212.5,ue_n043_0005,gNB_4G_2,-45,gNB_5G,-51,0.483328,5,61.8399,1,64.7648,28
212.5,ue_ujeongwon_0004,gNB_4G_2,-46,gNB_4G_1,-51,0.114688,1,19.8399,0,64.9538,28
212.5,ue_ujeongwon_0005,gNB_4G_2,-45,gNB_4G_1,-48,0.311296,1,9.63993,0,58.6126,28
212.5,ue_n001_0005,gNB_4G_1,-40,gNB_5G,-93,0.581632,0,-1,0,65.7187,28
212.5,ue_n043_0011,gNB_4G_1,0,,-140,0,0,-1,0,42.9264,28
212.5,car_north_peak_008_rider,gNB_4G_1,-39,gNB_4G_2,-83,0.344064,0,-1,0,48.714,28
212.5,ue_n043_0006,gNB_4G_2,-57,gNB_5G,-68,0.581632,5,49.6399,1,38.2979,28
212.5,ue_ujeongwon_0007,gNB_4G_1,-46,gNB_5G,-71,0.8192,0,-1,0,41.2499,28
212.5,ue_ujeongwon_0008,gNB_4G_1,-46,gNB_5G,-76,0.360448,0,-1,0,39.4492,28
212.5,ue_n043_0007,gNB_4G_2,-54,gNB_5G,-68,0.4096,7,44.6399,1,47.3227,28
212.5,ue_ujeongwon_0009,gNB_4G_2,-45,gNB_4G_1,-52,0.581632,1,2.83993,0,10.9925,16
212.5,car_north_base_012_rider,gNB_4G_1,-51,gNB_5G,-76,0.172032,0,-1,0,37.3747,28
212.5,ue_ujeongwon_0010,gNB_4G_1,-41,gNB_4G_2,-93,0.688128,0,-1,0,70.2435,28
212.5,car_north_base_008_rider,gNB_4G_2,-52,gNB_5G,-58,0.172032,3,0.239928,1,34.8482,28
212.5,ue_n043_0008,gNB_4G_2,-46,gNB_5G,-53,0.745472,5,12.2399,0,65.6808,28
212.5,ue_n001_0008,gNB_4G_1,-47,gNB_4G_2,-69,0.303104,0,-1,0,63.7203,28
212.5,car_north_peak_010_rider,gNB_4G_1,-41,gNB_5G,-77,0.188416,0,-1,0,72.6348,28
212.5,car_north_peak_007,gNB_4G_1,-37,gNB_5G,-68,0.262144,0,-1,0,49.3663,28
213.5,car_north_peak_006,gNB_5G,0,,-140,0,0,-1,0,-20.1977,0
213.5,ue_n001_0006,gNB_4G_1,-38,gNB_5G,-69,0.688128,0,-1,0,47.5092,28
213.5,ue_n043_0012,gNB_4G_2,-61,gNB_5G,-69,0.188416,1,1.03993,0,14.037,18
213.5,car_north_base_011,gNB_4G_1,-46,gNB_4G_2,-62,0.28672,0,-1,0,73.6638,28
213.5,ue_n042_0002,gNB_4G_2,-46,gNB_4G_1,-51,0.679936,2,39.0399,1,15.3173,15
213.5,ue_ujeongwon_0001,gNB_4G_1,-52,gNB_4G_2,-54,0.393216,0,-1,0,65.5289,28
213.5,ue_n043_0009,gNB_4G_2,-46,gNB_5G,-49,0.73728,5,19.8399,1,23.1302,25
213.5,ue_n043_0010,gNB_4G_2,-55,gNB_5G,-64,0.196608,5,3.83993,1,54.8105,28
213.5,ue_n043_0001,gNB_4G_2,-44,gNB_4G_1,-57,0.360448,3,122.44,0,66.6603,28
213.5,ue_n001_0009,gNB_4G_1,-46,gNB_5G,-72,0.589824,0,-1,0,32.294,28
213.5,ue_n001_0001,gNB_4G_2,-42,gNB_4G_1,-48,0.581632,3,37.6399,1,1.99946,7
213.5,car_north_base_010,gNB_4G_1,-38,gNB_4G_2,-72,0.212992,0,-1,0,72.773,28
213.5,ue_ujeongwon_0002,gNB_4G_1,-49,gNB_4G_2,-61,0.8192,0,-1,0,21.6136,22
213.5,ue_n001_0007,gNB_4G_1,-48,gNB_4G_2,-61,0.262144,0,-1,0,57.4217,28
213.5,ue_n001_0012,gNB_4G_1,-46,gNB_5G,-76,0.688128,0,-1,0,36.865,28
213.5,car_north_base_001_rider,gNB_5G,-70,gNB_4G_1,-84,0.8192,7,1.03993,0,38.6055,28
213.5,car_north_base_002_rider,gNB_4G_2,-50,gNB_5G,-59,0.8192,3,68.6399,1,61.0268,28
213.5,car_north_base_009,gNB_4G_1,-43,gNB_4G_2,-78,0.319488,2,36.6399,1,67.4752,27
213.5,car_north_peak_009,gNB_4G_1,-40,gNB_4G_2,-83,0.507904,0,-1,0,75.0105,28
213.5,ue_n043_0003,gNB_4G_2,-47,gNB_5G,-53,0.45056,5,94.4399,0,31.5126,28
213.5,ue_n042_0009,gNB_4G_2,-57,gNB_5G,-66,0.16384,0,-1,0,47.8055,28
213.5,ue_n042_0004,gNB_4G_2,-46,gNB_5G,-56,0.8192,0,-1,0,67.0515,28
213.5,ue_n001_0011,gNB_4G_1,-47,gNB_5G,-73,0.172032,0,-1,0,45.9603,28
213.5,ue_n042_0010,gNB_4G_2,-55,gNB_5G,-75,0.090112,0,-1,0,44.438,28
213.5,ue_n043_0004,gNB_4G_2,-49,gNB_5G,-54,0.745472,7,42.6399,1,66.1206,28
213.5,ue_n001_0010,gNB_4G_1,-47,gNB_5G,-69,0.8192,0,-1,0,33.5155,28
213.5,ue_n043_0005,gNB_4G_2,-46,gNB_5G,-54,0.483328,5,62.8399,1,24.1271,23
213.5,ue_ujeongwon_0004,gNB_4G_2,-46,gNB_4G_1,-51,0.12288,1,20.8399,0,64.9538,28
213.5,ue_ujeongwon_0005,gNB_4G_2,-52,gNB_4G_1,-51,0.303104,1,10.6399,0,69.308,28
213.5,ue_n001_0005,gNB_4G_1,-47,gNB_5G,-92,0.589824,0,-1,0,69.2781,28
213.5,ue_n043_0011,gNB_4G_2,0,,-140,0,0,-1,0,42.9264,28
213.5,car_north_peak_008_rider,gNB_4G_1,-41,gNB_5G,-83,0.344064,0,-1,0,46.9841,28
213.5,ue_n043_0006,gNB_4G_2,-55,gNB_5G,-69,0.589824,5,50.6399,1,39.4876,28
213.5,ue_ujeongwon_0007,gNB_4G_1,-47,gNB_5G,-69,0.8192,0,-1,0,43.4872,28
213.5,ue_ujeongwon_0008,gNB_4G_1,-43,gNB_5G,-76,0.352256,0,-1,0,68.6549,28
213.5,ue_n043_0007,gNB_4G_2,-53,gNB_5G,-70,0.4096,7,45.6399,1,34.0276,28
213.5,ue_ujeongwon_0009,gNB_4G_2,-44,gNB_4G_1,-47,0.589824,1,3.83993,0,66.8575,28
213.5,car_north_base_012_rider,gNB_4G_1,-44,gNB_4G_2,-77,0.344064,0,-1,0,64.1253,28
213.5,ue_ujeongwon_0010,gNB_4G_1,-41,gNB_4G_2,-92,0.679936,0,-1,0,73.6515,28
213.5,car_north_base_008_rider,gNB_4G_2,-52,gNB_5G,-62,0.172032,3,1.23993,1,12.3934,18
213.5,ue_n043_0008,gNB_4G_2,-45,gNB_5G,-50,0.745472,5,13.2399,0,37.3293,28
213.5,ue_n001_0008,gNB_4G_1,-47,gNB_4G_2,-70,0.303104,0,-1,0,26.8457,27
213.5,car_north_peak_010_rider,gNB_4G_1,-40,gNB_5G,-79,0.180224,0,-1,0,47.9271,28
213.5,car_north_peak_007,gNB_4G_1,-38,gNB_5G,-70,0.270336,0,-1,0,54.0067,28
213.5,ue_n043_0013,gNB_4G_2,-60,gNB_4G_1,-69,0.262144,1,0.0399284,0,9.7511,15
214.5,car_north_peak_006,gNB_5G,0,,-140,0,0,-1,0,-20.1977,0
214.5,ue_n001_0006,gNB_4G_1,-38,gNB_5G,-61,0.679936,0,-1,0,51.6242,28
214.5,ue_n043_0012,gNB_4G_2,-60,gNB_4G_1,-69,0.196608,1,2.03993,0,50.2244,28
214.5,car_north_base_011,gNB_4G_1,-44,gNB_4G_2,-72,0.278528,0,-1,0,76.2861,28
214.5,ue_n042_0002,gNB_4G_2,-46,gNB_4G_1,-52,0.679936,2,40.0399,1,66.886,28
214.5,ue_ujeongwon_0001,gNB_4G_1,-50,gNB_4G_2,-52,0.385024,0,-1,0,63.0705,28
214.5,ue_n043_0009,gNB_4G_2,-47,gNB_5G,-50,0.753664,5,20.8399,1,64.5639,28
214.5,ue_n043_0010,gNB_4G_2,-56,gNB_5G,-64,0.2048,5,4.83993,1,38.0866,28
214.5,ue_n043_0001,gNB_4G_2,-44,gNB_5G,-56,0.352256,3,123.44,0,63.9218,28
214.5,ue_n001_0009,gNB_4G_1,-49,gNB_5G,-72,0.581632,0,-1,0,25.8782,25
214.5,ue_n001_0001,gNB_4G_2,-45,gNB_4G_1,-47,0.589824,3,38.6399,1,18.3467,25
214.5,car_north_base_010,gNB_4G_1,-40,gNB_4G_2,-82,0.2048,0,-1,0,58.3453,28
214.5,ue_ujeongwon_0002,gNB_4G_1,-47,gNB_4G_2,-62,0.8192,0,-1,0,19.2069,22
214.5,ue_n001_0007,gNB_4G_1,-45,gNB_4G_2,-60,0.262144,0,-1,0,17.9403,20
214.5,ue_n001_0012,gNB_4G_1,-43,gNB_5G,-75,0.679936,0,-1,0,38.6188,28
214.5,car_north_base_001_rider,gNB_5G,-72,gNB_4G_1,-86,0.8192,7,2.03993,0,38.3737,28
214.5,car_north_base_002_rider,gNB_4G_2,-50,gNB_5G,-65,0.8192,3,69.6399,1,43.2424,28
214.5,car_north_base_009,gNB_4G_1,-43,gNB_4G_2,-69,0.311296,2,37.6399,1,37.9235,28
214.5,car_north_peak_009,gNB_4G_1,-36,gNB_4G_2,-83,0.516096,0,-1,0,76.2068,28
214.5,ue_n043_0003,gNB_4G_2,-47,gNB_5G,-53,0.458752,5,95.4399,0,45.6371,28
214.5,ue_n042_0009,gNB_4G_2,-54,gNB_5G,-67,0.155648,0,-1,0,40.9072,28
214.5,ue_n042_0004,gNB_4G_2,-44,gNB_5G,-57,0.8192,0,-1,0,66.9582,22
214.5,ue_n001_0011,gNB_4G_1,-46,gNB_5G,-71,0.172032,0,-1,0,63.1513,28
214.5,ue_n042_0010,gNB_4G_2,-55,gNB_5G,-71,0.090112,0,-1,0,38.7707,28
214.5,ue_n043_0004,gNB_4G_2,-45,gNB_5G,-56,0.745472,7,43.6399,1,64.4049,28
214.5,ue_n001_0010,gNB_4G_1,-50,gNB_5G,-72,0.8192,0,-1,0,35.5395,28
214.5,ue_n043_0005,gNB_4G_2,-43,gNB_5G,-56,0.483328,5,63.8399,1,65.3513,28
214.5,ue_ujeongwon_0004,gNB_4G_2,-46,gNB_4G_1,-51,0.114688,1,21.8399,0,64.9538,28
214.5,ue_ujeongwon_0005,gNB_4G_2,-42,gNB_4G_1,-51,0.32768,1,11.6399,0,60.5629,28
214.5,ue_n001_0005,gNB_4G_1,-40,gNB_5G,-90,0.581632,0,-1,0,69.7763,28
214.5,ue_n043_0011,gNB_4G_2,0,,-140,0,0,-1,0,42.9264,28
214.5,car_north_peak_008_rider,gNB_4G_1,-40,gNB_5G,-68,0.335872,0,-1,0,74.8386,28
214.5,ue_n043_0006,gNB_4G_2,-55,gNB_5G,-67,0.581632,5,51.6399,1,41.8148,28
214.5,ue_ujeongwon_0007,gNB_4G_1,-48,gNB_5G,-69,0.8192,0,-1,0,45.9594,28
214.5,ue_ujeongwon_0008,gNB_4G_1,-44,gNB_5G,-76,0.360448,0,-1,0,34.376,28
214.5,ue_n043_0007,gNB_4G_2,-57,gNB_5G,-68,0.4096,7,46.6399,1,43.5353,28
214.5,ue_ujeongwon_0009,gNB_4G_2,-44,gNB_4G_1,-48,0.589824,1,4.83993,0,66.9558,28
214.5,car_north_base_012_rider,gNB_4G_1,-48,gNB_4G_2,-78,0.344064,0,-1,0,58.6645,28
214.5,ue_ujeongwon_0010,gNB_4G_1,-37,gNB_4G_2,-92,0.679936,0,-1,0,70.1362,28
214.5,car_north_base_008_rider,gNB_4G_2,-54,gNB_5G,-65,0.172032,3,2.23993,1,28.4045,27
214.5,ue_n043_0008,gNB_4G_2,-46,gNB_5G,-49,0.745472,5,14.2399,0,66.1637,28
214.5,ue_n001_0008,gNB_4G_1,-44,gNB_4G_2,-64,0.303104,0,-1,0,67.0232,28
214.5,car_north_peak_010_rider,gNB_4G_1,-42,gNB_5G,-78,0.188416,0,-1,0,57.5042,28
214.5,car_north_peak_007,gNB_4G_1,-38,gNB_5G,-71,0.262144,0,-1,0,57.9802,28
214.5,ue_n043_0013,gNB_4G_2,-60,gNB_4G_1,-69,0.622592,1,1.03993,0,48.3469,28
214.5,ue_n001_0013,gNB_4G_1,-44,gNB_5G,-76,0.180224,0,-1,0,67.9709,28
215.5,car_north_peak_006,gNB_5G,0,,-140,0,0,-1,0,-20.1977,0
215.5,ue_n001_0006,gNB_4G_1,-39,gNB_5G,-65,0.679936,0,-1,0,49.7338,28
215.5,ue_n043_0012,gNB_4G_2,-60,gNB_5G,-70,0.196608,1,3.03993,0,51.862,28
215.5,car_north_base_011,gNB_4G_1,-43,gNB_5G,-77,0.28672,0,-1,0,46.7125,28
215.5,ue_n042_0002,gNB_4G_2,-46,gNB_4G_1,-51,0.688128,2,41.0399,1,15.6193,15
215.5,ue_ujeongwon_0001,gNB_4G_1,-46,gNB_4G_2,-55,0.393216,0,-1,0,22.5897,20
215.5,ue_n043_0009,gNB_4G_2,-46,gNB_5G,-47,0.745472,5,21.8399,1,62.807,28
215.5,ue_n043_0010,gNB_4G_2,-57,gNB_5G,-66,0.196608,5,5.83993,1,29.0699,28
215.5,ue_n043_0001,gNB_4G_2,-47,gNB_4G_1,-53,0.360448,3,124.44,0,61.6293,28
215.5,ue_n001_0009,gNB_4G_1,-52,gNB_5G,-68,0.589824,0,-1,0,29.0249,28
215.5,ue_n001_0001,gNB_4G_2,-44,gNB_4G_1,-47,0.581632,3,39.6399,1,2.0327,7
215.5,car_north_base_010,gNB_4G_1,-41,gNB_5G,-85,0.212992,0,-1,0,60.7027,28
215.5,ue_ujeongwon_0002,gNB_4G_1,-47,gNB_4G_2,-64,0.8192,0,-1,0,27.285,28
215.5,ue_n001_0007,gNB_4G_1,-45,gNB_4G_2,-61,0.270336,0,-1,0,60.2277,28
215.5,ue_n001_0012,gNB_4G_1,-45,gNB_4G_2,-80,0.679936,0,-1,0,34.5719,28
215.5,car_north_base_001_rider,gNB_5G,-72,gNB_4G_1,-83,0.8192,7,3.03993,0,33.1447,28
215.5,car_north_base_002_rider,gNB_4G_2,-49,gNB_5G,-65,0.8192,3,70.6399,1,59.4606,28
215.5,car_north_base_009,gNB_4G_1,-42,gNB_5G,-63,0.319488,2,38.6399,1,66.4869,28
215.5,car_north_peak_009,gNB_4G_1,-37,gNB_5G,-73,0.507904,0,-1,0,54.5311,28
215.5,ue_n043_0003,gNB_4G_2,-46,gNB_5G,-55,0.45056,5,96.4399,0,38.2678,28
215.5,ue_n042_0009,gNB_4G_2,-57,gNB_5G,-65,0.155648,0,-1,0,48.3444,28
215.5,ue_n042_0004,gNB_4G_2,-47,gNB_5G,-62,0.8192,0,-1,0,68.1799,28
215.5,ue_n001_0011,gNB_4G_1,-46,gNB_5G,-71,0.16384,0,-1,0,42.1479,28
215.5,ue_n042_0010,gNB_4G_2,-54,gNB_5G,-71,0.090112,0,-1,0,51.911,28
215.5,ue_n043_0004,gNB_4G_2,-46,gNB_5G,-53,0.745472,7,44.6399,1,64.2244,28
215.5,ue_n001_0010,gNB_4G_1,-47,gNB_5G,-69,0.8192,0,-1,0,33.1421,28
215.5,ue_n043_0005,gNB_4G_2,-45,gNB_5G,-56,0.483328,5,64.8399,1,37.3582,28
215.5,ue_ujeongwon_0004,gNB_4G_2,-46,gNB_4G_1,-51,0.12288,1,22.8399,0,64.9538,28
215.5,ue_ujeongwon_0005,gNB_4G_2,-47,gNB_4G_1,-52,0.32768,1,12.6399,0,69.8881,28
215.5,ue_n001_0005,gNB_4G_1,-41,gNB_5G,-93,0.589824,0,-1,0,61.0702,28
215.5,ue_n043_0011,gNB_4G_2,0,,-140,0,0,-1,0,42.9264,28
215.5,car_north_peak_008_rider,gNB_4G_1,-36,gNB_5G,-66,0.344064,0,-1,0,57.7508,28
215.5,ue_n043_0006,gNB_4G_2,-53,gNB_5G,-69,0.581632,5,52.6399,1,43.573,28
215.5,ue_ujeongwon_0007,gNB_4G_1,-46,gNB_5G,-71,0.8192,0,-1,0,35.5593,28
215.5,ue_ujeongwon_0008,gNB_4G_1,-42,gNB_5G,-69,0.352256,0,-1,0,45.2064,28
215.5,ue_n043_0007,gNB_4G_2,-55,gNB_5G,-69,0.4096,7,47.6399,1,33.6502,28
215.5,ue_ujeongwon_0009,gNB_4G_2,-44,gNB_4G_1,-48,0.581632,1,5.83993,0,66.9558,28
215.5,car_north_base_012_rider,gNB_4G_1,-49,gNB_4G_2,-78,0.335872,0,-1,0,28.9609,28
215.5,ue_ujeongwon_0010,gNB_4G_1,-40,gNB_4G_2,-90,0.679936,0,-1,0,68.4045,28
215.5,car_north_base_008_rider,gNB_4G_2,-56,gNB_4G_1,-66,0.155648,3,3.23993,1,48.0242,28
215.5,ue_n043_0008,gNB_4G_2,-45,gNB_5G,-51,0.745472,5,15.2399,0,64.8447,28
215.5,ue_n001_0008,gNB_4G_1,-50,gNB_4G_2,-64,0.303104,0,-1,0,23.5755,28
215.5,car_north_peak_010_rider,gNB_4G_1,-40,gNB_5G,-82,0.188416,0,-1,0,51.4059,28
215.5,car_north_peak_007,gNB_4G_1,-36,gNB_5G,-64,0.262144,0,-1,0,73.9165,28
215.5,ue_n043_0013,gNB_4G_2,-60,gNB_4G_1,-69,0.622592,1,2.03993,0,19.0975,21
215.5,ue_n001_0013,gNB_4G_1,-44,gNB_5G,-76,0.376832,0,-1,0,39.7066,28
216.5,car_north_peak_006,gNB_5G,0,,-140,0,0,-1,0,-20.1977,0
216.5,ue_n001_0006,gNB_4G_1,-39,gNB_5G,-63,0.679936,0,-1,0,51.6352,28
216.5,ue_n043_0012,gNB_4G_2,-59,gNB_4G_1,-63,0.196608,1,4.03993,0,54.4422,28
216.5,car_north_base_011,gNB_4G_1,-39,gNB_5G,-76,0.278528,0,-1,0,54.7111,28
216.5,ue_n042_0002,gNB_4G_2,-46,gNB_4G_1,-51,0.679936,2,42.0399,1,15.8577,15
216.5,ue_ujeongwon_0001,gNB_4G_1,-50,gNB_4G_2,-54,0.385024,0,-1,0,16.8211,20
216.5,ue_n043_0009,gNB_4G_2,-48,gNB_5G,-48,0.73728,5,22.8399,1,25.3389,23
216.5,ue_n043_0010,gNB_4G_2,-54,gNB_5G,-68,0.196608,5,6.83993,1,40.5619,28
216.5,ue_n043_0001,gNB_4G_2,-44,gNB_5G,-53,0.352256,3,125.44,0,63.9667,28
216.5,ue_n001_0009,gNB_4G_1,-48,gNB_5G,-71,0.581632,0,-1,0,31.8799,28
216.5,ue_n001_0001,gNB_4G_2,-45,gNB_4G_1,-48,0.589824,3,40.6399,1,67.6849,28
216.5,car_north_base_010,gNB_4G_1,-41,gNB_5G,-85,0.2048,0,-1,0,69.3206,28
216.5,ue_ujeongwon_0002,gNB_4G_1,-47,gNB_4G_2,-64,0.8192,0,-1,0,65.5678,26
216.5,ue_n001_0007,gNB_4G_1,-47,gNB_4G_2,-60,0.262144,0,-1,0,30.6222,24
216.5,ue_n001_0012,gNB_4G_1,-53,gNB_4G_2,-81,0.679936,0,-1,0,36.7396,28
216.5,car_north_base_001_rider,gNB_5G,-77,gNB_4G_1,-92,0.8192,7,4.03993,0,43.5181,28
216.5,car_north_base_002_rider,gNB_4G_2,-51,gNB_4G_1,-69,0.811008,3,71.6399,1,9.73356,16
216.5,car_north_base_009,gNB_4G_1,-44,gNB_5G,-62,0.311296,2,39.6399,1,29.3375,28
216.5,car_north_peak_009,gNB_4G_1,-41,gNB_5G,-66,0.507904,0,-1,0,55.7777,28
216.5,ue_n043_0003,gNB_4G_2,-47,gNB_5G,-52,0.458752,5,97.4399,0,43.9721,28
216.5,ue_n042_0009,gNB_4G_2,-54,gNB_5G,-66,0.155648,0,-1,0,58.8801,28
216.5,ue_n042_0004,gNB_4G_2,-61,gNB_5G,-65,0.69632,0,-1,0,-17.2712,0
216.5,ue_n001_0011,gNB_4G_1,-46,gNB_5G,-68,0.172032,0,-1,0,34.4906,19
216.5,ue_n042_0010,gNB_4G_2,-57,gNB_5G,-66,0.090112,0,-1,0,39.7588,28
216.5,ue_n043_0004,gNB_4G_2,-47,gNB_5G,-52,0.745472,7,45.6399,1,65.6944,28
216.5,ue_n001_0010,gNB_4G_1,-45,gNB_4G_2,-74,0.8192,0,-1,0,27.802,28
216.5,ue_n043_0005,gNB_4G_2,-46,gNB_5G,-51,0.475136,5,65.8399,1,63.0259,28
216.5,ue_ujeongwon_0004,gNB_4G_2,-46,gNB_4G_1,-51,0.114688,1,23.8399,0,64.9538,28
216.5,ue_ujeongwon_0005,gNB_4G_2,-41,gNB_4G_1,-47,0.32768,1,13.6399,0,15.8812,21
216.5,ue_n001_0005,gNB_4G_1,-41,gNB_5G,-95,0.581632,0,-1,0,56.8691,28
216.5,ue_n043_0011,gNB_4G_2,0,,-140,0,0,-1,0,42.9264,28
216.5,car_north_peak_008_rider,gNB_4G_1,-35,gNB_5G,-68,0.335872,0,-1,0,48.4147,28
216.5,ue_n043_0006,gNB_4G_2,-52,gNB_5G,-73,0.589824,5,53.6399,1,47.2243,28
216.5,ue_ujeongwon_0007,gNB_4G_1,-46,gNB_5G,-68,0.8192,0,-1,0,32.8199,28
216.5,ue_ujeongwon_0008,gNB_4G_1,-44,gNB_5G,-68,0.352256,0,-1,0,42.8338,28
216.5,ue_n043_0007,gNB_4G_2,-55,gNB_5G,-70,0.4096,7,48.6399,1,36.2317,28
216.5,ue_ujeongwon_0009,gNB_4G_2,-44,gNB_4G_1,-48,0.581632,1,6.83993,0,10.9838,8
216.5,car_north_base_012_rider,gNB_4G_1,-50,gNB_4G_2,-77,0.344064,0,-1,0,63.7245,28
216.5,ue_ujeongwon_0010,gNB_4G_1,-42,gNB_4G_2,-90,0.688128,0,-1,0,51.7026,28
216.5,car_north_base_008_rider,gNB_4G_2,-55,gNB_4G_1,-63,0.172032,3,4.23993,1,19.0958,21
216.5,ue_n043_0008,gNB_4G_2,-46,gNB_5G,-51,0.745472,5,16.2399,0,65.8793,28
216.5,ue_n001_0008,gNB_4G_1,-51,gNB_4G_2,-63,0.303104,0,-1,0,30.4518,23
216.5,car_north_peak_010_rider,gNB_4G_1,-39,gNB_4G_2,-82,0.180224,0,-1,0,53.035,28
216.5,car_north_peak_007,gNB_4G_1,-38,gNB_5G,-64,0.262144,0,-1,0,52.185,28
216.5,ue_n043_0013,gNB_4G_2,-60,gNB_5G,-70,0.622592,1,3.03993,0,50.1011,28
216.5,ue_n001_0013,gNB_4G_1,-46,gNB_5G,-80,0.36864,0,-1,0,33.7263,27
217.5,car_north_peak_006,gNB_5G,0,,-140,0,0,-1,0,-20.1977,0
217.5,ue_n001_0006,gNB_4G_1,-40,gNB_5G,-66,0.688128,0,-1,0,60.0973,28
217.5,ue_n043_0012,gNB_4G_2,-57,gNB_4G_1,-61,0.188416,1,5.03993,0,50.2454,28
217.5,car_north_base_011,gNB_4G_1,-37,gNB_5G,-76,0.28672,0,-1,0,74.8075,28
217.5,ue_n042_0002,gNB_4G_2,-46,gNB_4G_1,-51,0.679936,2,43.0399,1,14.3954,15
217.5,ue_ujeongwon_0001,gNB_4G_1,-44,gNB_4G_2,-59,0.393216,0,-1,0,7.85027,12
217.5,ue_n043_0009,gNB_4G_2,-48,gNB_5G,-49,0.745472,5,23.8399,1,65.1089,28
217.5,ue_n043_0010,gNB_4G_2,-53,gNB_5G,-65,0.2048,5,7.83993,1,25.1413,26
217.5,ue_n043_0001,gNB_4G_2,-47,gNB_5G,-53,0.360448,3,126.44,0,65.5431,28
217.5,ue_n001_0009,gNB_4G_1,-46,gNB_5G,-66,0.581632,0,-1,0,64.6966,28
217.5,ue_n001_0001,gNB_4G_2,-43,gNB_5G,-63,0.581632,3,41.6399,1,67.2556,28
217.5,car_north_base_010,gNB_4G_1,-40,gNB_4G_2,-80,0.212992,0,-1,0,28.685,27
217.5,ue_ujeongwon_0002,gNB_4G_1,-47,gNB_4G_2,-65,0.8192,0,-1,0,66.8829,0
217.5,ue_n001_0007,gNB_4G_1,-53,gNB_4G_2,-61,0.262144,0,-1,0,62.3665,28
217.5,ue_n001_0012,gNB_4G_1,-53,gNB_5G,-76,0.688128,0,-1,0,44.0459,28
217.5,car_north_base_001_rider,gNB_5G,-68,gNB_4G_1,-98,0.8192,7,5.03993,0,43.8358,28
217.5,car_north_base_002_rider,gNB_4G_2,-49,gNB_4G_1,-66,0.827392,3,72.6399,1,16.8131,22
217.5,car_north_base_009,gNB_4G_1,-46,gNB_5G,-62,0.319488,2,40.6399,1,64.8418,28
217.5,car_north_peak_009,gNB_4G_1,-40,gNB_5G,-67,0.516096,0,-1,0,77.4888,28
217.5,ue_n043_0003,gNB_4G_2,-47,gNB_5G,-52,0.45056,5,98.4399,0,49.8157,28
217.5,ue_n042_0009,gNB_4G_2,-52,gNB_5G,-70,0.16384,0,-1,0,39.0501,28
217.5,ue_n042_0004,gNB_4G_1,-51,gNB_5G,-63,0.761856,1,0.839928,0,59.2786,28
217.5,ue_n001_0011,gNB_4G_1,-47,gNB_5G,-71,0.172032,0,-1,0,37.036,28
217.5,ue_n042_0010,gNB_4G_2,-56,gNB_5G,-67,0.090112,0,-1,0,39.1179,28
217.5,ue_n043_0004,gNB_4G_2,-45,gNB_5G,-52,0.745472,7,46.6399,1,65.9881,28
217.5,ue_n001_0010,gNB_4G_1,-45,gNB_4G_2,-74,0.8192,0,-1,0,64.3047,28
217.5,ue_n043_0005,gNB_4G_2,-48,gNB_5G,-51,0.483328,5,66.8399,1,64.2244,28
217.5,ue_ujeongwon_0004,gNB_4G_2,-46,gNB_4G_1,-51,0.12288,1,24.8399,0,64.9538,28
217.5,ue_ujeongwon_0005,gNB_4G_2,-44,gNB_4G_1,-49,0.32768,1,14.6399,0,67.4714,28
217.5,ue_n001_0005,gNB_4G_1,-41,gNB_4G_2,-91,0.581632,0,-1,0,64.2713,28
217.5,ue_n043_0011,gNB_4G_2,0,,-140,0,0,-1,0,42.9264,28
217.5,car_north_peak_008_rider,gNB_4G_1,-39,gNB_5G,-70,0.344064,0,-1,0,53.9092,28
217.5,ue_n043_0006,gNB_4G_2,-52,gNB_5G,-67,0.581632,5,54.6399,1,52.9478,28
217.5,ue_ujeongwon_0007,gNB_4G_1,-42,gNB_5G,-70,0.8192,0,-1,0,34.8134,28
217.5,ue_ujeongwon_0008,gNB_4G_1,-48,gNB_5G,-72,0.360448,0,-1,0,31.4725,28
217.5,ue_n043_0007,gNB_4G_2,-57,gNB_5G,-68,0.4096,7,49.6399,1,42.9883,28
217.5,ue_ujeongwon_0009,gNB_4G_2,-44,gNB_4G_1,-49,0.581632,1,7.83993,0,8.70747,10
217.5,car_north_base_012_rider,gNB_4G_1,-48,gNB_5G,-76,0.344064,0,-1,0,62.3012,28
217.5,ue_ujeongwon_0010,gNB_4G_1,-41,gNB_4G_2,-88,0.679936,0,-1,0,70.5915,28
217.5,car_north_base_008_rider,gNB_4G_2,-55,gNB_4G_1,-63,0.172032,3,5.23993,1,15.1064,20
217.5,ue_n043_0008,gNB_4G_2,-45,gNB_5G,-52,0.745472,5,17.2399,0,64.1464,28
217.5,ue_n001_0008,gNB_4G_1,-46,gNB_4G_2,-62,0.311296,0,-1,0,66.5321,28
217.5,car_north_peak_010_rider,gNB_4G_1,-36,gNB_4G_2,-83,0.188416,0,-1,0,57.2087,28
217.5,car_north_peak_007,gNB_4G_1,-40,gNB_5G,-69,0.270336,0,-1,0,54.428,28
217.5,ue_n043_0013,gNB_4G_2,-59,gNB_4G_1,-63,0.540672,1,4.03993,0,52.6813,28
217.5,ue_n001_0013,gNB_4G_1,-42,gNB_5G,-76,0.36864,0,-1,0,63.1742,28
218.5,car_north_peak_006,gNB_5G,0,,-140,0,0,-1,0,-20.1977,0
218.5,ue_n001_0006,gNB_4G_1,-36,gNB_4G_2,-86,0.679936,0,-1,0,51.8965,28
218.5,ue_n043_0012,gNB_4G_2,-59,gNB_4G_1,-60,0.188416,1,6.03993,0,53.3294,28
218.5,car_north_base_011,gNB_4G_1,-39,gNB_4G_2,-84,0.278528,0,-1,0,56.645,28
218.5,ue_n042_0002,gNB_4G_2,-46,gNB_4G_1,-52,0.688128,2,44.0399,1,69.8455,28
218.5,ue_ujeongwon_0001,gNB_4G_1,-48,gNB_4G_2,-53,0.32768,0,-1,0,60.1716,28
218.5,ue_n043_0009,gNB_4G_2,-46,gNB_5G,-48,0.745472,5,24.8399,1,63.403,28
218.5,ue_n043_0010,gNB_4G_2,-66,gNB_5G,-64,0.196608,5,8.83993,1,44.9609,28
218.5,ue_n043_0001,gNB_4G_2,-45,gNB_4G_1,-51,0.352256,3,127.44,0,67.9051,28
218.5,ue_n001_0009,gNB_4G_1,-46,gNB_5G,-65,0.589824,0,-1,0,57.4389,28
218.5,ue_n001_0001,gNB_4G_2,-43,gNB_5G,-62,0.589824,3,42.6399,1,65.3783,28
218.5,car_north_base_010,gNB_4G_1,-44,gNB_4G_2,-68,0.212992,0,-1,0,37.2076,28
218.5,ue_ujeongwon_0002,gNB_4G_1,-47,gNB_5G,-65,0.8192,0,-1,0,63.7803,28
218.5,ue_n001_0007,gNB_4G_1,-49,gNB_4G_2,-60,0.262144,0,-1,0,63.8801,28
218.5,ue_n001_0012,gNB_4G_1,-44,gNB_5G,-79,0.679936,0,-1,0,44.1384,28
218.5,car_north_base_001_rider,gNB_5G,-67,gNB_4G_2,-94,0.4096,7,6.03993,0,42.2485,28
218.5,car_north_base_002_rider,gNB_4G_2,-49,gNB_4G_1,-57,0.8192,3,73.6399,1,17.5614,23
218.5,car_north_base_009,gNB_4G_1,-46,gNB_5G,-62,0.311296,2,41.6399,1,29.1123,28
218.5,car_north_peak_009,gNB_4G_1,-38,gNB_5G,-68,0.516096,0,-1,0,59.5583,28
218.5,ue_n043_0003,gNB_4G_2,-45,gNB_5G,-52,0.458752,5,99.4399,0,46.0928,28
218.5,ue_n042_0009,gNB_4G_2,-57,gNB_5G,-68,0.155648,0,-1,0,42.7805,28
218.5,ue_n042_0004,gNB_4G_1,-50,gNB_5G,-59,0.8192,1,1.83993,0,59.6028,28
218.5,ue_n001_0011,gNB_4G_1,-52,gNB_5G,-71,0.172032,0,-1,0,36.6711,28
218.5,ue_n042_0010,gNB_4G_2,-58,gNB_5G,-67,0.090112,0,-1,0,41.5053,28
218.5,ue_n043_0004,gNB_4G_2,-45,gNB_5G,-51,0.745472,7,47.6399,1,66.636,28
218.5,ue_n001_0010,gNB_4G_1,-46,gNB_5G,-67,0.8192,0,-1,0,62.7459,28
218.5,ue_n043_0005,gNB_4G_2,-47,gNB_5G,-52,0.483328,5,67.8399,1,29.19,28
218.5,ue_ujeongwon_0004,gNB_4G_2,-46,gNB_4G_1,-51,0.114688,1,25.8399,0,64.9538,28
218.5,ue_ujeongwon_0005,gNB_4G_2,-43,gNB_4G_1,-49,0.32768,1,15.6399,0,66.4188,28
218.5,ue_n001_0005,gNB_4G_1,-41,gNB_4G_2,-77,0.589824,0,-1,0,66.6508,28
218.5,ue_n043_0011,gNB_4G_2,0,,-140,0,0,-1,0,42.9264,28
218.5,car_north_peak_008_rider,gNB_4G_1,-36,gNB_5G,-67,0.344064,0,-1,0,68.004,28
218.5,ue_n043_0006,gNB_4G_2,-58,gNB_5G,-66,0.589824,5,55.6399,1,42.145,28
218.5,ue_ujeongwon_0007,gNB_4G_1,-44,gNB_5G,-71,0.8192,0,-1,0,35.1082,28
218.5,ue_ujeongwon_0008,gNB_4G_1,-51,gNB_5G,-69,0.352256,0,-1,0,37.7603,28
218.5,ue_n043_0007,gNB_4G_2,-54,gNB_5G,-66,0.4096,7,50.6399,1,40.276,28
218.5,ue_ujeongwon_0009,gNB_4G_2,-44,gNB_4G_1,-49,0.598016,1,8.83993,0,62.9765,28
218.5,car_north_base_012_rider,gNB_4G_1,-48,gNB_5G,-76,0.335872,0,-1,0,38.2193,28
218.5,ue_ujeongwon_0010,gNB_4G_1,-40,gNB_4G_2,-89,0.688128,0,-1,0,57.9732,28
218.5,car_north_base_008_rider,gNB_4G_2,-57,gNB_4G_1,-67,0.172032,3,6.23993,1,30.6103,28
218.5,ue_n043_0008,gNB_4G_2,-46,gNB_5G,-52,0.745472,5,18.2399,0,63.6684,28
218.5,ue_n001_0008,gNB_4G_1,-51,gNB_4G_2,-60,0.294912,0,-1,0,17.9391,20
218.5,car_north_peak_010_rider,gNB_4G_1,-42,gNB_5G,-83,0.188416,0,-1,0,56.5559,28
218.5,car_north_peak_007,gNB_4G_1,-41,gNB_4G_2,-85,0.262144,0,-1,0,47.8867,28
218.5,ue_n043_0013,gNB_4G_2,-57,gNB_4G_1,-61,0.606208,1,5.03993,0,50.2454,28
218.5,ue_n001_0013,gNB_4G_1,-49,gNB_5G,-76,0.376832,0,-1,0,42.6742,28
219.5,car_north_peak_006,gNB_5G,0,,-140,0,0,-1,0,-20.1977,0
219.5,ue_n001_0006,gNB_4G_1,-36,gNB_4G_2,-84,0.688128,0,-1,0,53.1319,28
219.5,ue_n043_0012,gNB_4G_2,-58,gNB_4G_1,-62,0.196608,1,7.03993,0,13.9852,19
219.5,car_north_base_011,gNB_4G_1,-37,gNB_4G_2,-83,0.28672,0,-1,0,57.9695,28
219.5,ue_n042_0002,gNB_4G_2,-42,gNB_4G_1,-51,0.679936,2,45.0399,1,17.1011,15
219.5,ue_ujeongwon_0001,gNB_4G_1,-44,gNB_4G_2,-50,0.36864,0,-1,0,18.4169,22
219.5,ue_n043_0009,gNB_4G_2,-47,gNB_5G,-53,0.745472,5,25.8399,1,38.7954,28
219.5,ue_n043_0010,gNB_4G_2,-66,gNB_5G,-67,0.2048,5,9.83993,1,43.3452,28
219.5,ue_n043_0001,gNB_4G_2,-43,gNB_4G_1,-51,0.360448,3,128.44,0,20.6736,24
219.5,ue_n001_0009,gNB_4G_1,-52,gNB_5G,-70,0.581632,0,-1,0,64.8748,28
219.5,ue_n001_0001,gNB_4G_2,-45,gNB_5G,-57,0.581632,3,43.6399,1,34.5432,28
219.5,car_north_base_010,gNB_4G_1,-44,gNB_4G_2,-73,0.2048,0,-1,0,61.2509,28
219.5,ue_ujeongwon_0002,gNB_4G_1,-47,gNB_4G_2,-66,0.8192,0,-1,0,41.049,28
219.5,ue_n001_0007,gNB_4G_1,-46,gNB_4G_2,-62,0.270336,0,-1,0,63.4065,28
219.5,ue_n001_0012,gNB_4G_1,-43,gNB_4G_2,-79,0.688128,0,-1,0,37.8947,28
219.5,car_north_base_001_rider,gNB_4G_1,-61,gNB_5G,-70,0,8,0.439928,1,42.2485,28
219.5,car_north_base_002_rider,gNB_4G_2,-51,gNB_4G_1,-55,0.8192,3,74.6399,1,62.6748,28
219.5,car_north_base_009,gNB_4G_1,-47,gNB_5G,-63,0.311296,2,42.6399,1,62.9597,28
219.5,car_north_peak_009,gNB_4G_1,-35,gNB_5G,-70,0.507904,0,-1,0,59.7643,28
219.5,ue_n043_0003,gNB_4G_2,-45,gNB_5G,-52,0.458752,5,100.44,0,60.2738,28
219.5,ue_n042_0009,gNB_4G_2,-55,gNB_5G,-69,0.155648,0,-1,0,49.9051,28
219.5,ue_n042_0004,gNB_4G_1,-49,gNB_5G,-58,0.8192,1,2.83993,0,42.8439,28
219.5,ue_n001_0011,gNB_4G_1,-48,gNB_5G,-71,0.172032,0,-1,0,40.9309,28
219.5,ue_n042_0010,gNB_4G_2,-57,gNB_5G,-69,0.090112,0,-1,0,37.5624,28
219.5,ue_n043_0004,gNB_4G_2,-44,gNB_5G,-52,0.73728,7,48.6399,1,42.7917,28
219.5,ue_n001_0010,gNB_4G_1,-47,gNB_4G_2,-73,0.8192,0,-1,0,35.5455,28
219.5,ue_n043_0005,gNB_4G_2,-45,gNB_5G,-52,0.483328,5,68.8399,1,66.1123,28
219.5,ue_ujeongwon_0004,gNB_4G_2,-46,gNB_4G_1,-51,0.12288,1,26.8399,0,64.9538,28
219.5,ue_ujeongwon_0005,gNB_4G_2,-44,gNB_4G_1,-49,0.32768,1,16.6399,0,67.24,28
219.5,ue_n001_0005,gNB_4G_1,-40,gNB_4G_2,-71,0.581632,0,-1,0,65.4031,28
219.5,ue_n043_0011,gNB_4G_2,0,,-140,0,0,-1,0,42.9264,28
219.5,car_north_peak_008_rider,gNB_4G_1,-40,gNB_5G,-64,0.344064,0,-1,0,56.3873,28
219.5,ue_n043_0006,gNB_4G_2,-58,gNB_5G,-66,0.581632,5,56.6399,1,36.1711,28
219.5,ue_ujeongwon_0007,gNB_4G_1,-52,gNB_5G,-71,0.8192,0,-1,0,43.0855,28
219.5,ue_ujeongwon_0008,gNB_4G_1,-47,gNB_5G,-67,0.360448,0,-1,0,68.8492,28
219.5,ue_n043_0007,gNB_4G_2,-55,gNB_5G,-66,0.4096,7,51.6399,1,46.6362,28
219.5,ue_ujeongwon_0009,gNB_4G_2,-44,gNB_4G_1,-48,0.57344,1,9.83993,0,9.70167,11
219.5,car_north_base_012_rider,gNB_4G_1,-48,gNB_5G,-79,0.344064,0,-1,0,31.8662,28
219.5,ue_ujeongwon_0010,gNB_4G_1,-39,gNB_4G_2,-88,0.679936,0,-1,0,72.7483,28
219.5,car_north_base_008_rider,gNB_4G_2,-58,gNB_4G_1,-71,0.172032,3,7.23993,1,27.3455,27
219.5,ue_n043_0008,gNB_4G_2,-47,gNB_5G,-49,0.73728,5,19.2399,0,67.0225,28
219.5,ue_n001_0008,gNB_4G_1,-46,gNB_4G_2,-61,0.311296,0,-1,0,65.1332,28
219.5,car_north_peak_010_rider,gNB_4G_1,-40,gNB_5G,-69,0.188416,0,-1,0,55.782,28
219.5,car_north_peak_007,gNB_4G_1,-37,gNB_4G_2,-81,0.262144,0,-1,0,53.5154,28
219.5,ue_n043_0013,gNB_4G_2,-59,gNB_4G_1,-60,0.622592,1,6.03993,0,55.8698,28
219.5,ue_n001_0013,gNB_4G_1,-44,gNB_4G_2,-79,0.36864,0,-1,0,36.744,28
220.5,car_north_peak_006,gNB_5G,0,,-140,0,0,-1,0,-20.1977,0
220.5,ue_n001_0006,gNB_4G_1,-37,gNB_4G_2,-83,0.679936,0,-1,0,68.5317,28
220.5,ue_n043_0012,gNB_4G_2,-56,gNB_4G_1,-67,0.196608,1,8.03993,0,10.9499,15
220.5,car_north_base_011,gNB_4G_1,-37,gNB_4G_2,-86,0.278528,0,-1,0,57.3492,28
220.5,ue_n042_0002,gNB_4G_2,-45,gNB_4G_1,-51,0.688128,2,46.0399,1,18.6228,22
220.5,ue_ujeongwon_0001,gNB_4G_1,-44,gNB_4G_2,-54,0.393216,0,-1,0,69.2248,28
220.5,ue_n043_0009,gNB_4G_2,-47,gNB_5G,-50,0.745472,5,26.8399,1,62.6186,28
220.5,ue_n043_0010,gNB_4G_2,-67,gNB_5G,-68,0.196608,5,10.8399,1,35.8717,28
220.5,ue_n043_0001,gNB_4G_2,-43,gNB_5G,-53,0.352256,3,129.44,0,65.5319,28
220.5,ue_n001_0009,gNB_4G_1,-47,gNB_5G,-67,0.589824,0,-1,0,40.2838,26
220.5,ue_n001_0001,gNB_4G_2,-45,gNB_5G,-62,0.589824,3,44.6399,1,43.1474,28
220.5,car_north_base_010,gNB_4G_1,-43,gNB_4G_2,-72,0.212992,0,-1,0,49.7161,28
220.5,ue_ujeongwon_0002,gNB_4G_1,-48,gNB_5G,-65,0.8192,0,-1,0,66.4237,28
220.5,ue_n001_0007,gNB_4G_1,-46,gNB_4G_2,-67,0.262144,0,-1,0,23.188,27
220.5,ue_n001_0012,gNB_4G_1,-51,gNB_4G_2,-81,0.679936,0,-1,0,43.3503,28
220.5,car_north_base_001_rider,gNB_4G_1,-61,gNB_5G,-70,0,8,1.43993,1,42.2485,28
220.5,car_north_base_002_rider,gNB_4G_2,-49,gNB_4G_1,-54,0.8192,3,75.6399,1,48.2853,28
220.5,car_north_base_009,gNB_4G_1,-48,gNB_5G,-61,0.319488,2,43.6399,1,40.7435,28
220.5,car_north_peak_009,gNB_4G_1,-37,gNB_5G,-71,0.507904,0,-1,0,74.9294,28
220.5,ue_n043_0003,gNB_4G_2,-46,gNB_5G,-52,0.45056,5,101.44,0,26.9422,28
220.5,ue_n042_0009,gNB_4G_2,-57,gNB_5G,-73,0.155648,0,-1,0,37.357,28
220.5,ue_n042_0004,gNB_4G_1,-47,gNB_5G,-61,0.8192,1,3.83993,0,61.3378,28
220.5,ue_n001_0011,gNB_4G_1,-44,gNB_5G,-70,0.172032,0,-1,0,43.3065,28
220.5,ue_n042_0010,gNB_4G_2,-56,gNB_5G,-69,0.08192,0,-1,0,54.1331,28
220.5,ue_n043_0004,gNB_4G_2,-47,gNB_5G,-53,0.745472,7,49.6399,1,45.6901,28
220.5,ue_n001_0010,gNB_4G_1,-50,gNB_5G,-65,0.8192,0,-1,0,65.6051,28
220.5,ue_n043_0005,gNB_4G_2,-45,gNB_5G,-51,0.483328,5,69.8399,1,49.5471,28
220.5,ue_ujeongwon_0004,gNB_4G_2,-46,gNB_4G_1,-51,0.114688,1,27.8399,0,15.09,14
220.5,ue_ujeongwon_0005,gNB_4G_2,-44,gNB_4G_1,-49,0.32768,1,17.6399,0,66.6187,28
220.5,ue_n001_0005,gNB_4G_1,-43,gNB_4G_2,-71,0.589824,0,-1,0,41.629,28
220.5,ue_n043_0011,gNB_4G_2,0,,-140,0,0,-1,0,42.9264,28
220.5,car_north_peak_008_rider,gNB_4G_1,-37,gNB_5G,-67,0.335872,0,-1,0,71.2271,28
220.5,ue_n043_0006,gNB_4G_2,-58,gNB_5G,-65,0.589824,5,57.6399,1,40.6223,28
220.5,ue_ujeongwon_0007,gNB_4G_1,-48,gNB_5G,-71,0.8192,0,-1,0,66.3835,28
220.5,ue_ujeongwon_0008,gNB_4G_1,-45,gNB_5G,-69,0.352256,0,-1,0,34.4993,28
220.5,ue_n043_0007,gNB_4G_2,-53,gNB_5G,-69,0.4096,7,52.6399,1,38.0218,28
220.5,ue_ujeongwon_0009,gNB_4G_2,-44,gNB_4G_1,-48,0.589824,1,10.8399,0,66.9558,28
220.5,car_north_base_012_rider,gNB_4G_1,-50,gNB_5G,-73,0.344064,0,-1,0,66.0375,28
220.5,ue_ujeongwon_0010,gNB_4G_1,-38,gNB_4G_2,-90,0.679936,0,-1,0,57.039,28
220.5,car_north_base_008_rider,gNB_4G_2,-57,gNB_5G,-74,0.172032,3,8.23993,1,33.4558,28
220.5,ue_n043_0008,gNB_4G_2,-44,gNB_5G,-51,0.745472,5,20.2399,0,64.2862,28
220.5,ue_n001_0008,gNB_4G_1,-44,gNB_4G_2,-60,0.294912,0,-1,0,24.9861,22
220.5,car_north_peak_010_rider,gNB_4G_1,-40,gNB_5G,-67,0.180224,0,-1,0,56.4592,28
220.5,car_north_peak_007,gNB_4G_1,-38,gNB_4G_2,-83,0.270336,0,-1,0,49.6465,28
220.5,ue_n043_0013,gNB_4G_2,-56,gNB_4G_1,-61,0.630784,1,7.03993,0,52.3274,28
220.5,ue_n001_0013,gNB_4G_1,-47,gNB_5G,-79,0.376832,0,-1,0,67.8453,28
221.5,car_north_peak_006,gNB_5G,0,,-140,0,0,-1,0,-20.1977,0
221.5,ue_n001_0006,gNB_4G_1,-39,gNB_5G,-68,0.679936,0,-1,0,75.9357,28
221.5,ue_n043_0012,gNB_4G_2,-58,gNB_4G_1,-67,0.196608,1,9.03993,0,54.2206,28
221.5,car_north_base_011,gNB_4G_1,-40,gNB_4G_2,-84,0.28672,0,-1,0,62.2241,28
221.5,ue_n042_0002,gNB_4G_2,-46,gNB_4G_1,-51,0.679936,2,47.0399,1,20.1411,24
221.5,ue_ujeongwon_0001,gNB_4G_1,-46,gNB_4G_2,-55,0.385024,0,-1,0,19.2925,25
221.5,ue_n043_0009,gNB_4G_2,-46,gNB_5G,-53,0.745472,5,27.8399,1,46.9901,28
221.5,ue_n043_0010,gNB_4G_2,-65,gNB_5G,-67,0.196608,5,11.8399,1,41.5933,28
221.5,ue_n043_0001,gNB_4G_2,-45,gNB_5G,-53,0.360448,3,130.44,0,10.3274,14
221.5,ue_n001_0009,gNB_4G_1,-46,gNB_5G,-70,0.581632,0,-1,0,63.5115,28
221.5,ue_n001_0001,gNB_4G_2,-44,gNB_5G,-61,0.581632,3,45.6399,1,38.6831,28
221.5,car_north_base_010,gNB_4G_1,-43,gNB_5G,-65,0.212992,0,-1,0,30.626,26
221.5,ue_ujeongwon_0002,gNB_4G_1,-55,gNB_5G,-66,0.8192,0,-1,0,64.6231,28
221.5,ue_n001_0007,gNB_4G_1,-55,gNB_5G,-65,0.262144,0,-1,0,32.1326,28
221.5,ue_n001_0012,gNB_4G_1,-48,gNB_5G,-79,0.679936,0,-1,0,69.2741,28
221.5,car_north_base_001_rider,gNB_4G_1,-61,gNB_5G,-70,0,8,2.43993,1,42.2485,28
221.5,car_north_base_002_rider,gNB_4G_2,-50,gNB_4G_1,-83,0.8192,3,76.6399,1,48.3121,28
221.5,car_north_base_009,gNB_4G_1,-49,gNB_5G,-59,0.311296,2,44.6399,1,61.9256,17
221.5,car_north_peak_009,gNB_4G_1,-37,gNB_5G,-65,0.516096,0,-1,0,74.4439,28
221.5,ue_n043_0003,gNB_4G_2,-50,gNB_5G,-53,0.458752,5,102.44,0,65.2384,28
221.5,ue_n042_0009,gNB_4G_2,-57,gNB_5G,-69,0.16384,0,-1,0,54.568,28
221.5,ue_n042_0004,gNB_4G_1,-49,gNB_5G,-61,0.8192,1,4.83993,0,45.8393,28
221.5,ue_n001_0011,gNB_4G_1,-46,gNB_5G,-71,0.16384,0,-1,0,64.9277,28
221.5,ue_n042_0010,gNB_4G_2,-56,gNB_5G,-69,0.090112,0,-1,0,40.2762,28
221.5,ue_n043_0004,gNB_4G_2,-45,gNB_5G,-52,0.745472,7,50.6399,1,43.9088,28
221.5,ue_n001_0010,gNB_4G_1,-51,gNB_5G,-69,0.8192,0,-1,0,63.5649,28
221.5,ue_n043_0005,gNB_4G_2,-46,gNB_5G,-53,0.475136,5,70.8399,1,46.6518,28
221.5,ue_ujeongwon_0004,gNB_4G_2,-46,gNB_4G_1,-51,0.12288,1,28.8399,0,64.9538,28
221.5,ue_ujeongwon_0005,gNB_4G_2,-44,gNB_4G_1,-49,0.32768,1,18.6399,0,66.4875,28
221.5,ue_n001_0005,gNB_4G_1,-41,gNB_4G_2,-68,0.581632,0,-1,0,70.6248,28
221.5,ue_n043_0011,gNB_4G_2,0,,-140,0,0,-1,0,42.9264,28
221.5,car_north_peak_008_rider,gNB_4G_1,-39,gNB_5G,-81,0.344064,0,-1,0,70.9336,28
221.5,ue_n043_0006,gNB_4G_2,-57,gNB_5G,-64,0.581632,5,58.6399,1,47.6111,28
221.5,ue_ujeongwon_0007,gNB_4G_1,-44,gNB_5G,-71,0.8192,0,-1,0,41.4873,28
221.5,ue_ujeongwon_0008,gNB_4G_1,-48,gNB_5G,-71,0.360448,0,-1,0,37.0471,28
221.5,ue_n043_0007,gNB_4G_2,-59,gNB_5G,-69,0.4096,7,53.6399,1,44.241,28
221.5,ue_ujeongwon_0009,gNB_4G_2,-44,gNB_4G_1,-48,0.589824,1,11.8399,0,66.9558,28
221.5,car_north_base_012_rider,gNB_4G_1,-45,gNB_4G_2,-71,0.335872,0,-1,0,30.0829,28
221.5,ue_ujeongwon_0010,gNB_4G_1,-37,gNB_4G_2,-88,0.688128,0,-1,0,31.1246,28
221.5,car_north_base_008_rider,gNB_4G_2,-57,gNB_5G,-74,0.172032,3,9.23993,1,55.2016,28
221.5,ue_n043_0008,gNB_4G_2,-46,gNB_5G,-50,0.745472,5,21.2399,0,65.8056,28
221.5,ue_n001_0008,gNB_4G_1,-53,gNB_4G_2,-61,0.311296,0,-1,0,65.3774,28
221.5,car_north_peak_010_rider,gNB_4G_1,-36,gNB_5G,-67,0.188416,0,-1,0,77.3384,28
221.5,car_north_peak_007,gNB_4G_1,-41,gNB_4G_2,-86,0.262144,0,-1,0,58.1162,28
221.5,ue_n043_0013,gNB_4G_2,-55,gNB_4G_1,-67,0.630784,1,8.03993,0,16.0029,17
221.5,ue_n001_0013,gNB_4G_1,-46,gNB_5G,-77,0.36864,0,-1,0,63.7096,28
222.5,car_north_peak_006,gNB_5G,0,,-140,0,0,-1,0,-20.1977,0
222.5,ue_n001_0006,gNB_4G_1,-36,gNB_5G,-67,0.679936,0,-1,0,73.091,28
222.5,ue_n043_0012,gNB_4G_2,-57,gNB_4G_1,-68,0.188416,1,10.0399,0,53.8227,28
222.5,car_north_base_011,gNB_4G_1,-37,gNB_5G,-69,0.278528,0,-1,0,53.6513,28
222.5,ue_n042_0002,gNB_4G_2,-46,gNB_4G_1,-52,0.679936,2,48.0399,1,17.6783,22
222.5,ue_ujeongwon_0001,gNB_4G_1,-46,gNB_4G_2,-60,0.393216,0,-1,0,66.8136,28
222.5,ue_n043_0009,gNB_4G_2,-45,gNB_5G,-51,0.745472,5,28.8399,1,39.8881,28
222.5,ue_n043_0010,gNB_4G_2,-67,gNB_5G,-68,0.2048,5,12.8399,1,43.1764,28
222.5,ue_n043_0001,gNB_4G_2,-44,gNB_4G_1,-50,0.352256,3,131.44,0,66.0761,28
222.5,ue_n001_0009,gNB_4G_1,-47,gNB_5G,-71,0.581632,0,-1,0,21.9955,24
222.5,ue_n001_0001,gNB_4G_2,-47,gNB_5G,-57,0.581632,3,46.6399,1,65.8088,28
222.5,car_north_base_010,gNB_4G_1,-45,gNB_5G,-64,0.2048,0,-1,0,64.0668,28
222.5,ue_ujeongwon_0002,gNB_4G_1,-46,gNB_5G,-69,0.8192,0,-1,0,65.9019,28
222.5,ue_n001_0007,gNB_4G_1,-48,gNB_4G_2,-66,0.262144,0,-1,0,63.7638,28
222.5,ue_n001_0012,gNB_4G_1,-45,gNB_5G,-75,0.679936,0,-1,0,42.9845,28
222.5,car_north_base_001_rider,gNB_4G_1,-61,gNB_5G,-70,0,8,3.43993,1,42.2485,28
222.5,car_north_base_002_rider,gNB_4G_2,-50,gNB_4G_1,-92,0.8192,3,77.6399,1,49.1425,28
222.5,car_north_base_009,gNB_4G_1,-49,gNB_5G,-60,0.270336,2,45.6399,1,2.98354,28
222.5,car_north_peak_009,gNB_4G_1,-40,gNB_4G_2,-81,0.507904,0,-1,0,73.8407,28
222.5,ue_n043_0003,gNB_4G_2,-48,gNB_5G,-52,0.45056,5,103.44,0,57.7304,28
222.5,ue_n042_0009,gNB_4G_2,-56,gNB_5G,-67,0.155648,0,-1,0,40.7671,28
222.5,ue_n042_0004,gNB_4G_1,-47,gNB_5G,-65,0.8192,1,5.83993,0,36.4639,28
222.5,ue_n001_0011,gNB_4G_1,-44,gNB_5G,-73,0.172032,0,-1,0,42.086,21
222.5,ue_n042_0010,gNB_4G_2,-55,gNB_5G,-65,0.090112,0,-1,0,46.5555,28
222.5,ue_n043_0004,gNB_4G_2,-47,gNB_5G,-55,0.745472,7,51.6399,1,18.6783,19
222.5,ue_n001_0010,gNB_4G_1,-45,gNB_5G,-71,0.8192,0,-1,0,38.0683,28
222.5,ue_n043_0005,gNB_4G_2,-46,gNB_5G,-51,0.483328,5,71.8399,1,64.1695,2
222.5,ue_ujeongwon_0004,gNB_4G_2,-46,gNB_4G_1,-51,0.114688,1,29.8399,0,63.7045,28
222.5,ue_ujeongwon_0005,gNB_4G_2,-45,gNB_4G_1,-48,0.32768,1,19.6399,0,64.8842,28
222.5,ue_n001_0005,gNB_4G_1,-40,gNB_4G_2,-68,0.581632,0,-1,0,26.1913,28
222.5,ue_n043_0011,gNB_4G_2,0,,-140,0,0,-1,0,42.9264,28
222.5,car_north_peak_008_rider,gNB_4G_1,-40,gNB_4G_2,-84,0.335872,0,-1,0,72.5848,28
222.5,ue_n043_0006,gNB_4G_2,-50,gNB_5G,-66,0.581632,5,59.6399,1,59.2325,28
222.5,ue_ujeongwon_0007,gNB_4G_1,-45,gNB_5G,-67,0.8192,0,-1,0,44.7548,28
222.5,ue_ujeongwon_0008,gNB_4G_1,-52,gNB_5G,-71,0.352256,0,-1,0,66.8242,28
222.5,ue_n043_0007,gNB_4G_2,-52,gNB_5G,-66,0.4096,7,54.6399,1,37.99,28
222.5,ue_ujeongwon_0009,gNB_4G_2,-44,gNB_4G_1,-48,0.581632,1,12.8399,0,66.9558,28
222.5,car_north_base_012_rider,gNB_4G_1,-43,gNB_4G_2,-65,0.344064,0,-1,0,64.7304,28
222.5,ue_ujeongwon_0010,gNB_4G_1,-77,gNB_4G_2,-88,0.442368,0,-1,0,31.1246,28
222.5,car_north_base_008_rider,gNB_4G_2,-56,gNB_4G_1,-61,0.16384,3,10.2399,1,39.8649,28
222.5,ue_n043_0008,gNB_4G_2,-45,gNB_5G,-50,0.745472,5,22.2399,0,45.5154,28
222.5,ue_n001_0008,gNB_4G_1,-49,gNB_4G_2,-60,0.303104,0,-1,0,60.3582,28
222.5,car_north_peak_010_rider,gNB_4G_1,-35,gNB_5G,-69,0.188416,0,-1,0,59.456,28
222.5,car_north_peak_007,gNB_4G_1,-40,gNB_5G,-88,0.262144,0,-1,0,57.7819,28
222.5,ue_n043_0013,gNB_4G_2,-58,gNB_4G_1,-67,0.630784,1,9.03993,0,54.6956,28
222.5,ue_n001_0013,gNB_4G_1,-46,gNB_5G,-74,0.376832,0,-1,0,64.4368,28
223.5,car_north_peak_006,gNB_5G,0,,-140,0,0,-1,0,-20.1977,0
223.5,ue_n001_0006,gNB_4G_1,-39,gNB_4G_2,-76,0.688128,0,-1,0,38.5485,28
223.5,ue_n043_0012,gNB_4G_2,-57,gNB_5G,-73,0.196608,1,11.0399,0,54.5648,28
223.5,car_north_base_011,gNB_4G_1,-36,gNB_5G,-64,0.28672,0,-1,0,56.6125,28
223.5,ue_n042_0002,gNB_4G_2,-46,gNB_4G_1,-51,0.679936,2,49.0399,1,66.886,28
223.5,ue_ujeongwon_0001,gNB_4G_1,-46,gNB_4G_2,-54,0.393216,0,-1,0,62.6589,28
223.5,ue_n043_0009,gNB_4G_2,-46,gNB_5G,-48,0.745472,5,29.8399,1,65.8793,28
223.5,ue_n043_0010,gNB_4G_2,-68,gNB_5G,-68,0.196608,5,13.8399,1,45.0695,28
223.5,ue_n043_0001,gNB_4G_2,-45,gNB_4G_1,-53,0.360448,3,132.44,0,65.7183,28
223.5,ue_n001_0009,gNB_4G_1,-48,gNB_4G_2,-65,0.581632,0,-1,0,16.9508,19
223.5,ue_n001_0001,gNB_4G_2,-45,gNB_5G,-59,0.589824,3,47.6399,1,67.3327,28
223.5,car_north_base_010,gNB_4G_1,-48,gNB_5G,-65,0.212992,0,-1,0,23.3015,22
223.5,ue_ujeongwon_0002,gNB_4G_1,-52,gNB_5G,-72,0.8192,0,-1,0,68.1779,28
223.5,ue_n001_0007,gNB_4G_1,-47,gNB_5G,-66,0.270336,0,-1,0,34.7962,28
223.5,ue_n001_0012,gNB_4G_1,-46,gNB_4G_2,-79,0.688128,0,-1,0,34.3687,28
223.5,car_north_base_001_rider,gNB_4G_1,-61,gNB_5G,-70,0,8,4.43993,1,42.2485,28
223.5,car_north_base_002_rider,gNB_4G_2,-50,gNB_4G_1,-91,0.8192,3,78.6399,1,29.6246,28
223.5,car_north_base_009,gNB_4G_2,-44,gNB_4G_1,-52,0.278528,3,0.439928,0,39.2357,28
223.5,car_north_peak_009,gNB_4G_1,-39,gNB_4G_2,-81,0.516096,0,-1,0,72.5865,28
223.5,ue_n043_0003,gNB_4G_2,-48,gNB_5G,-51,0.458752,5,104.44,0,63.4561,28
223.5,ue_n042_0009,gNB_4G_2,-55,gNB_5G,-70,0.155648,0,-1,0,42.346,28
223.5,ue_n042_0004,gNB_4G_1,-48,gNB_5G,-59,0.8192,1,6.83993,0,61.4401,28
223.5,ue_n001_0011,gNB_4G_1,-44,gNB_5G,-68,0.172032,0,-1,0,43.8402,28
223.5,ue_n042_0010,gNB_4G_2,-54,gNB_5G,-69,0.090112,0,-1,0,42.8081,28
223.5,ue_n043_0004,gNB_4G_2,-46,gNB_5G,-52,0.745472,7,52.6399,1,43.5499,28
223.5,ue_n001_0010,gNB_4G_1,-49,gNB_4G_2,-73,0.8192,0,-1,0,63.4761,28
223.5,ue_n043_0005,gNB_4G_2,-46,gNB_5G,-51,0.483328,5,72.8399,1,63.6186,28
223.5,ue_ujeongwon_0004,gNB_4G_2,-46,gNB_4G_1,-51,0.12288,1,30.8399,0,15.1428,14
223.5,ue_ujeongwon_0005,gNB_4G_2,-44,gNB_4G_1,-46,0.32768,1,20.6399,0,67.7905,28
223.5,ue_n001_0005,gNB_4G_1,-43,gNB_4G_2,-69,0.589824,0,-1,0,63.2136,28
223.5,ue_n043_0011,gNB_4G_2,0,,-140,0,0,-1,0,42.9264,28
223.5,car_north_peak_008_rider,gNB_4G_1,-38,gNB_4G_2,-84,0.344064,0,-1,0,72.1731,28
223.5,ue_n043_0006,gNB_4G_2,-52,gNB_5G,-64,0.589824,5,60.6399,1,58.7636,28
223.5,ue_ujeongwon_0007,gNB_4G_1,-44,gNB_5G,-67,0.8192,0,-1,0,42.0822,28
223.5,ue_ujeongwon_0008,gNB_4G_1,-47,gNB_5G,-71,0.360448,0,-1,0,66.3805,28
223.5,ue_n043_0007,gNB_4G_2,-58,gNB_5G,-65,0.4096,7,55.6399,1,40.7305,28
223.5,ue_ujeongwon_0009,gNB_4G_2,-44,gNB_4G_1,-48,0.589824,1,13.8399,0,66.9558,28
223.5,car_north_base_012_rider,gNB_4G_1,-41,gNB_4G_2,-64,0.344064,0,-1,0,64.1022,28
223.5,ue_ujeongwon_0010,gNB_4G_1,-78,gNB_4G_2,-88,0.229376,0,-1,0,16.6693,24
223.5,car_north_base_008_rider,gNB_4G_2,-52,gNB_5G,-74,0.16384,3,11.2399,1,34.9469,28
223.5,ue_n043_0008,gNB_4G_2,-44,gNB_5G,-51,0.745472,5,23.2399,0,63.738,28
223.5,ue_n001_0008,gNB_4G_1,-46,gNB_4G_2,-62,0.303104,0,-1,0,24.9537,25
223.5,car_north_peak_010_rider,gNB_4G_1,-37,gNB_5G,-71,0.188416,0,-1,0,74.248,28
223.5,car_north_peak_007,gNB_4G_1,-41,gNB_5G,-86,0.262144,0,-1,0,69.3398,28
223.5,ue_n043_0013,gNB_4G_2,-56,gNB_4G_1,-68,0.630784,1,10.0399,0,25.3328,24
223.5,ue_n001_0013,gNB_4G_1,-46,gNB_5G,-73,0.36864,0,-1,0,68.6403,28
224.5,car_north_peak_006,gNB_5G,0,,-140,0,0,-1,0,-20.1977,0
224.5,ue_n001_0006,gNB_4G_1,-41,gNB_4G_2,-75,0.679936,0,-1,0,45.8894,28
224.5,ue_n043_0012,gNB_4G_2,-56,gNB_5G,-74,0.196608,1,12.0399,0,50.7233,28
224.5,car_north_base_011,gNB_4G_1,-35,gNB_5G,-66,0.278528,0,-1,0,73.8728,28
224.5,ue_n042_0002,gNB_4G_2,-46,gNB_4G_1,-51,0.688128,2,50.0399,1,21.4058,26
224.5,ue_ujeongwon_0001,gNB_4G_1,-44,gNB_4G_2,-56,0.385024,0,-1,0,7.39118,12
224.5,ue_n043_0009,gNB_4G_2,-46,gNB_5G,-48,0.745472,5,30.8399,1,28.405,26
224.5,ue_n043_0010,gNB_4G_2,-66,gNB_5G,-67,0.2048,5,14.8399,1,45.9823,28
224.5,ue_n043_0001,gNB_4G_2,-45,gNB_5G,-52,0.352256,3,133.44,0,14.5006,19
224.5,ue_n001_0009,gNB_4G_1,-50,gNB_4G_2,-63,0.589824,0,-1,0,63.411,28
224.5,ue_n001_0001,gNB_4G_2,-44,gNB_5G,-59,0.581632,3,48.6399,1,46.9551,28
224.5,car_north_base_010,gNB_4G_1,-48,gNB_5G,-64,0.212992,0,-1,0,64.0482,28
224.5,ue_ujeongwon_0002,gNB_4G_1,-49,gNB_4G_2,-68,0.8192,0,-1,0,66.6499,28
224.5,ue_n001_0007,gNB_4G_1,-48,gNB_5G,-65,0.262144,0,-1,0,64.638,28
224.5,ue_n001_0012,gNB_4G_1,-46,gNB_4G_2,-79,0.679936,0,-1,0,35.8687,28
224.5,ue_n042_0011,gNB_4G_1,-77,gNB_5G,-70,0.212992,1,0.0399284,0,23.8162,28
224.5,car_north_base_002_rider,gNB_4G_2,-48,gNB_4G_1,-74,0.8192,3,79.6399,1,36.6267,28
224.5,car_north_base_009,gNB_4G_2,-44,gNB_5G,-63,0.319488,3,1.43993,0,31.9995,28
224.5,car_north_peak_009,gNB_4G_1,-39,gNB_4G_2,-83,0.507904,0,-1,0,72.7375,28
224.5,ue_n043_0003,gNB_4G_2,-48,gNB_5G,-53,0.45056,5,105.44,0,28.2401,26
224.5,ue_n042_0009,gNB_4G_2,-53,gNB_5G,-70,0.155648,0,-1,0,33.005,28
224.5,ue_n042_0004,gNB_4G_1,-49,gNB_5G,-58,0.8192,1,7.83993,0,38.5213,28
224.5,ue_n001_0011,gNB_4G_1,-43,gNB_5G,-69,0.172032,0,-1,0,67.8275,28
224.5,ue_n042_0010,gNB_4G_2,-55,gNB_5G,-68,0.090112,0,-1,0,34.543,28
224.5,ue_n043_0004,gNB_4G_2,-46,gNB_5G,-51,0.745472,7,53.6399,1,44.8061,28
224.5,ue_n001_0010,gNB_4G_1,-48,gNB_5G,-68,0.8192,0,-1,0,32.1591,28
224.5,ue_n043_0005,gNB_4G_2,-47,gNB_5G,-51,0.483328,5,73.8399,1,55.0537,28
224.5,ue_ujeongwon_0004,gNB_4G_2,-46,gNB_4G_1,-51,0.114688,1,31.8399,0,15.3267,14
224.5,ue_ujeongwon_0005,gNB_4G_2,-44,gNB_4G_1,-46,0.32768,1,21.6399,0,64.3581,28
224.5,ue_n001_0005,gNB_4G_1,-41,gNB_4G_2,-69,0.581632,0,-1,0,70.0969,28
224.5,ue_n043_0011,gNB_4G_2,0,,-140,0,0,-1,0,42.9264,28
224.5,car_north_peak_008_rider,gNB_4G_1,-39,gNB_5G,-86,0.344064,0,-1,0,59.7743,28
224.5,ue_n043_0006,gNB_4G_2,-52,gNB_5G,-64,0.581632,5,61.6399,1,43.2828,28
224.5,ue_ujeongwon_0007,gNB_4G_1,-44,gNB_5G,-69,0.8192,0,-1,0,43.8419,28
224.5,ue_ujeongwon_0008,gNB_4G_1,-44,gNB_5G,-71,0.352256,0,-1,0,69.4561,28
224.5,ue_n043_0007,gNB_4G_2,-54,gNB_5G,-64,0.4096,7,56.6399,1,44.414,28
224.5,ue_ujeongwon_0009,gNB_4G_2,-44,gNB_4G_1,-48,0.581632,1,14.8399,0,66.9558,28
224.5,car_north_base_012_rider,gNB_4G_1,-44,gNB_4G_2,-66,0.335872,0,-1,0,71.424,28
224.5,ue_ujeongwon_0010,gNB_4G_1,-94,gNB_4G_2,-88,0.303104,0,-1,0,16.4673,24
224.5,car_north_base_008_rider,gNB_4G_2,-54,gNB_5G,-71,0.172032,3,12.2399,1,55.4494,28
224.5,ue_n043_0008,gNB_4G_2,-47,gNB_5G,-53,0.745472,5,24.2399,0,62.5022,28
224.5,ue_n001_0008,gNB_4G_1,-46,gNB_4G_2,-66,0.303104,0,-1,0,23.19,27
224.5,car_north_peak_010_rider,gNB_4G_1,-35,gNB_5G,-68,0.180224,0,-1,0,54.7093,28
224.5,car_north_peak_007,gNB_4G_1,-40,gNB_4G_2,-74,0.270336,0,-1,0,64.6288,28
224.5,ue_n043_0013,gNB_4G_2,-57,gNB_5G,-73,0.630784,1,11.0399,0,54.5648,28
224.5,ue_n001_0013,gNB_4G_1,-45,gNB_5G,-71,0.376832,0,-1,0,68.732,28
224.5,car_north_base_013,gNB_4G_1,-44,gNB_4G_2,-79,0.147456,0,-1,0,35.7528,28
225.5,car_north_peak_006,gNB_5G,0,,-140,0,0,-1,0,-20.1977,0
225.5,ue_n001_0006,gNB_4G_1,-39,gNB_4G_2,-75,0.688128,0,-1,0,43.9991,28
225.5,ue_n043_0012,gNB_4G_2,-57,gNB_5G,-74,0.196608,1,13.0399,0,22.8236,25
225.5,car_north_base_011,gNB_4G_1,-35,gNB_5G,-64,0.28672,0,-1,0,73.9176,28
225.5,ue_n042_0002,gNB_4G_2,-42,gNB_4G_1,-52,0.679936,2,51.0399,1,14.3924,16
225.5,ue_ujeongwon_0001,gNB_4G_1,-45,gNB_4G_2,-55,0.393216,0,-1,0,62.7084,28
225.5,ue_n043_0009,gNB_4G_2,-46,gNB_5G,-53,0.745472,5,31.8399,1,28.568,26
225.5,ue_n043_0010,gNB_4G_2,-65,gNB_5G,-66,0.196608,5,15.8399,1,38.0902,28
225.5,ue_n043_0001,gNB_4G_2,-47,gNB_4G_1,-51,0.352256,3,134.44,0,15.0238,15
225.5,ue_n001_0009,gNB_4G_1,-48,gNB_4G_2,-60,0.581632,0,-1,0,19.7482,22
225.5,ue_n001_0001,gNB_4G_2,-43,gNB_5G,-62,0.589824,3,49.6399,1,40.6709,28
225.5,car_north_base_010,gNB_4G_1,-48,gNB_5G,-60,0.2048,0,-1,0,52.2973,28
225.5,ue_ujeongwon_0002,gNB_4G_1,-48,gNB_5G,-65,0.8192,0,-1,0,26.7927,24
225.5,ue_n001_0007,gNB_4G_1,-50,gNB_4G_2,-65,0.262144,0,-1,0,54.0416,28
225.5,ue_n001_0012,gNB_4G_1,-48,gNB_4G_2,-80,0.688128,0,-1,0,43.9742,28
225.5,ue_n042_0011,gNB_4G_2,-69,gNB_5G,-69,0.516096,2,0.639928,1,22.9211,24
225.5,car_north_base_002_rider,gNB_4G_2,-47,gNB_4G_1,-71,0.8192,3,80.6399,1,22.9463,27
225.5,car_north_base_009,gNB_4G_2,-48,gNB_5G,-59,0.311296,3,2.43993,0,23.0736,26
225.5,car_north_peak_009,gNB_4G_1,-39,gNB_4G_2,-67,0.516096,0,-1,0,62.0293,28
225.5,ue_n043_0003,gNB_4G_2,-46,gNB_5G,-52,0.458752,5,106.44,0,8.17797,14
225.5,ue_n042_0009,gNB_4G_2,-59,gNB_5G,-69,0.155648,0,-1,0,47.1635,28
225.5,ue_n042_0004,gNB_4G_1,-50,gNB_5G,-60,0.8192,1,8.83993,0,63.4446,28
225.5,ue_n001_0011,gNB_4G_1,-49,gNB_5G,-68,0.172032,0,-1,0,67.3547,28
225.5,ue_n042_0010,gNB_4G_2,-56,gNB_5G,-74,0.090112,0,-1,0,42.2609,28
225.5,ue_n043_0004,gNB_4G_2,-46,gNB_5G,-52,0.745472,7,54.6399,1,44.2375,28
225.5,ue_n001_0010,gNB_4G_1,-50,gNB_5G,-71,0.8192,0,-1,0,31.1625,28
225.5,ue_n043_0005,gNB_4G_2,-47,gNB_5G,-55,0.475136,5,74.8399,1,20.2807,22
225.5,ue_ujeongwon_0004,gNB_4G_2,-46,gNB_4G_1,-51,0.12288,1,32.8399,0,11.0123,11
225.5,ue_ujeongwon_0005,gNB_4G_2,-45,gNB_4G_1,-46,0.32768,1,22.6399,0,67.5624,28
225.5,ue_n001_0005,gNB_4G_1,-43,gNB_4G_2,-68,0.589824,0,-1,0,38.8425,28
225.5,ue_n043_0011,gNB_4G_2,0,,-140,0,0,-1,0,42.9264,28
225.5,car_north_peak_008_rider,gNB_4G_1,-41,gNB_5G,-89,0.344064,0,-1,0,31.5059,28
225.5,ue_n043_0006,gNB_4G_2,-51,gNB_5G,-62,0.589824,5,62.6399,1,42.0348,28
225.5,ue_ujeongwon_0007,gNB_4G_1,-43,gNB_5G,-68,0.8192,0,-1,0,62.0777,28
225.5,ue_ujeongwon_0008,gNB_4G_1,-47,gNB_5G,-72,0.360448,0,-1,0,64.6327,28
225.5,ue_n043_0007,gNB_4G_2,-54,gNB_5G,-64,0.4096,7,57.6399,1,36.0917,28
225.5,ue_ujeongwon_0009,gNB_4G_2,-44,gNB_4G_1,-49,0.581632,1,15.8399,0,16.6763,21
225.5,car_north_base_012_rider,gNB_4G_1,-44,gNB_4G_2,-64,0.344064,0,-1,0,72.8017,28
225.5,ue_ujeongwon_0010,gNB_4G_1,-94,gNB_4G_2,-88,0.516096,0,-1,0,-8.77254,0
225.5,car_north_base_008_rider,gNB_4G_2,-53,gNB_4G_1,-60,0.172032,3,13.2399,1,30.6082,28
225.5,ue_n043_0008,gNB_4G_2,-44,gNB_5G,-50,0.745472,5,25.2399,0,42.7656,28
225.5,ue_n001_0008,gNB_4G_1,-55,gNB_5G,-65,0.303104,0,-1,0,35.1884,28
225.5,car_north_peak_010_rider,gNB_4G_1,-37,gNB_5G,-83,0.188416,0,-1,0,47.5443,28
225.5,car_north_peak_007,gNB_4G_1,-43,gNB_4G_2,-68,0.262144,0,-1,0,68.2873,28
225.5,ue_n043_0013,gNB_4G_2,-56,gNB_5G,-74,0.630784,1,12.0399,0,24.7778,27
225.5,ue_n001_0013,gNB_4G_1,-46,gNB_5G,-70,0.36864,0,-1,0,69.482,28
225.5,car_north_base_013,gNB_4G_1,-44,gNB_4G_2,-77,0.303104,0,-1,0,42.204,28
226.5,car_north_peak_006,gNB_5G,0,,-140,0,0,-1,0,-20.1977,0
226.5,ue_n001_0006,gNB_4G_1,-39,gNB_4G_2,-76,0.679936,0,-1,0,52.3394,28
226.5,ue_n043_0012,gNB_4G_2,-57,gNB_5G,-74,0.196608,1,14.0399,0,20.7908,21
226.5,car_north_base_011,gNB_4G_1,-38,gNB_5G,-65,0.278528,0,-1,0,56.2208,28
226.5,ue_n042_0002,gNB_4G_2,-41,gNB_4G_1,-51,0.679936,2,52.0399,1,66.886,28
226.5,ue_ujeongwon_0001,gNB_4G_1,-45,gNB_4G_2,-55,0.393216,0,-1,0,28.8117,28
226.5,ue_n043_0009,gNB_4G_2,-46,gNB_5G,-48,0.745472,5,32.8399,1,60.9976,28
226.5,ue_n043_0010,gNB_4G_2,-61,gNB_5G,-66,0.196608,5,16.8399,1,48.7497,28
226.5,ue_n043_0001,gNB_4G_2,-47,gNB_5G,-55,0.360448,3,135.44,0,17.8802,21
226.5,ue_n001_0009,gNB_4G_1,-45,gNB_4G_2,-60,0.589824,0,-1,0,65.8491,28
226.5,ue_n001_0001,gNB_4G_2,-48,gNB_5G,-59,0.581632,3,50.6399,1,61.2079,28
226.5,car_north_base_010,gNB_4G_1,-51,gNB_5G,-61,0.212992,0,-1,0,53.5101,28
226.5,ue_ujeongwon_0002,gNB_4G_1,-47,gNB_5G,-66,0.8192,0,-1,0,24.7979,25
226.5,ue_n001_0007,gNB_4G_1,-54,gNB_5G,-71,0.262144,0,-1,0,48.739,28
226.5,ue_n001_0012,gNB_4G_1,-48,gNB_4G_2,-79,0.679936,0,-1,0,43.9935,28
226.5,ue_n042_0011,gNB_4G_2,-66,gNB_5G,-66,0.630784,2,1.63993,1,29.688,28
226.5,car_north_base_002_rider,gNB_4G_2,-48,gNB_4G_1,-70,0.8192,3,81.6399,1,19.538,22
226.5,car_north_base_009,gNB_4G_2,-42,gNB_4G_1,-50,0.311296,3,3.43993,0,23.586,25
226.5,car_north_peak_009,gNB_4G_1,-41,gNB_5G,-90,0.516096,0,-1,0,65.6801,28
226.5,ue_n043_0003,gNB_4G_2,-47,gNB_5G,-54,0.45056,5,107.44,0,16.4031,23
226.5,ue_n042_0009,gNB_4G_2,-53,gNB_5G,-73,0.16384,0,-1,0,52.9478,28
226.5,ue_n042_0004,gNB_4G_1,-47,gNB_5G,-60,0.622592,1,9.83993,0,4.63373,5
226.5,ue_n001_0011,gNB_4G_1,-46,gNB_5G,-75,0.16384,0,-1,0,65.9464,28
226.5,ue_n042_0010,gNB_4G_2,-55,gNB_5G,-76,0.090112,0,-1,0,39.9229,28
226.5,ue_n043_0004,gNB_4G_2,-45,gNB_5G,-52,0.745472,7,55.6399,1,63.255,28
226.5,ue_n001_0010,gNB_4G_1,-48,gNB_5G,-68,0.8192,0,-1,0,33.5862,27
226.5,ue_n043_0005,gNB_4G_2,-47,gNB_5G,-52,0.49152,5,75.8399,1,63.8762,28
226.5,ue_ujeongwon_0004,gNB_4G_2,-46,gNB_4G_1,-51,0.114688,1,33.8399,0,64.9538,28
226.5,ue_ujeongwon_0005,gNB_4G_2,-45,gNB_4G_1,-47,0.32768,1,23.6399,0,64.9984,28
226.5,ue_n001_0005,gNB_4G_1,-43,gNB_4G_2,-75,0.581632,0,-1,0,64.8723,28
226.5,ue_n043_0011,gNB_4G_2,0,,-140,0,0,-1,0,42.9264,28
226.5,car_north_peak_008_rider,gNB_4G_1,-41,gNB_4G_2,-71,0.335872,0,-1,0,23.1871,25
226.5,ue_n043_0006,gNB_4G_2,-50,gNB_5G,-64,0.581632,5,63.6399,1,52.8092,28
226.5,ue_ujeongwon_0007,gNB_4G_1,-42,gNB_5G,-75,0.8192,0,-1,0,40.3488,28
226.5,ue_ujeongwon_0008,gNB_4G_1,-46,gNB_5G,-68,0.352256,0,-1,0,40.2811,28
226.5,ue_n043_0007,gNB_4G_2,-57,gNB_5G,-64,0.4096,7,58.6399,1,45.2802,28
226.5,ue_ujeongwon_0009,gNB_4G_2,-44,gNB_4G_1,-48,0.589824,1,16.8399,0,62.1846,28
226.5,car_north_base_012_rider,gNB_4G_1,-43,gNB_4G_2,-78,0.344064,0,-1,0,63.7887,28
226.5,ue_ujeongwon_0010,gNB_4G_1,-113,gNB_4G_2,-88,0.385024,0,-1,0,62.1534,28
226.5,car_north_base_008_rider,gNB_4G_2,-51,gNB_5G,-62,0.172032,3,14.2399,1,54.6683,28
226.5,ue_n043_0008,gNB_4G_2,-44,gNB_5G,-50,0.745472,5,26.2399,0,66.7033,28
226.5,ue_n001_0008,gNB_4G_1,-48,gNB_4G_2,-66,0.303104,0,-1,0,28.7869,24
226.5,car_north_peak_010_rider,gNB_4G_1,-37,gNB_4G_2,-83,0.188416,0,-1,0,50.437,28
226.5,car_north_peak_007,gNB_4G_1,-41,gNB_4G_2,-66,0.262144,0,-1,0,60.5318,28
226.5,ue_n043_0013,gNB_4G_2,-57,gNB_5G,-74,0.630784,1,13.0399,0,53.8515,28
226.5,ue_n001_0013,gNB_4G_1,-47,gNB_5G,-73,0.376832,0,-1,0,43.4881,28
226.5,car_north_base_013,gNB_4G_1,-45,gNB_4G_2,-78,0.303104,0,-1,0,64.599,28
226.5,ue_n043_0014,gNB_4G_2,-60,gNB_4G_1,-69,0.229376,1,0.0399284,0,50.2055,28
227.5,car_north_peak_006,gNB_5G,0,,-140,0,0,-1,0,-20.1977,0
227.5,ue_n001_0006,gNB_4G_1,-38,gNB_4G_2,-83,0.679936,0,-1,0,56.6161,28
227.5,ue_n043_0012,gNB_4G_2,-56,gNB_4G_1,-71,0.188416,1,15.0399,0,27.5442,21
227.5,car_north_base_011,gNB_4G_1,-39,gNB_5G,-67,0.28672,0,-1,0,73.8538,28
227.5,ue_n042_0002,gNB_4G_2,-45,gNB_4G_1,-51,0.688128,2,53.0399,1,62.9068,28
227.5,ue_ujeongwon_0001,gNB_4G_1,-48,gNB_4G_2,-61,0.385024,0,-1,0,13.5423,14
227.5,ue_n043_0009,gNB_4G_2,-45,gNB_5G,-47,0.73728,5,33.8399,1,63.6475,28
227.5,ue_n043_0010,gNB_4G_2,-62,gNB_5G,-69,0.2048,5,17.8399,1,49.7969,28
227.5,ue_n043_0001,gNB_4G_2,-47,gNB_5G,-57,0.352256,3,136.44,0,20.6191,13
227.5,ue_n001_0009,gNB_4G_1,-45,gNB_4G_2,-61,0.589824,0,-1,0,64.357,28
227.5,ue_n001_0001,gNB_4G_2,-49,gNB_5G,-60,0.581632,3,51.6399,1,63.4545,28
227.5,car_north_base_010,gNB_4G_1,-50,gNB_5G,-62,0.196608,0,-1,0,4.22944,0
227.5,ue_ujeongwon_0002,gNB_4G_1,-47,gNB_5G,-63,0.8192,0,-1,0,67.2006,28
227.5,ue_n001_0007,gNB_4G_1,-52,gNB_5G,-69,0.270336,0,-1,0,65.5343,28
227.5,ue_n001_0012,gNB_4G_1,-49,gNB_4G_2,-79,0.679936,0,-1,0,41.9242,28
227.5,ue_n042_0011,gNB_4G_2,-65,gNB_5G,-65,0.622592,2,2.63993,1,45.7854,28
227.5,car_north_base_002_rider,gNB_4G_2,-50,gNB_4G_1,-69,0.8192,3,82.6399,1,30.813,28
227.5,car_north_base_009,gNB_4G_2,-42,gNB_4G_1,-53,0.319488,3,4.43993,0,18.6602,22
227.5,car_north_peak_009,gNB_4G_1,-42,gNB_4G_2,-82,0.507904,0,-1,0,32.2332,28
227.5,ue_n043_0003,gNB_4G_2,-47,gNB_5G,-53,0.458752,5,108.44,0,59.6771,28
227.5,ue_n042_0009,gNB_4G_2,-58,gNB_5G,-67,0.155648,0,-1,0,45.1771,28
227.5,ue_n042_0004,gNB_4G_1,-51,gNB_4G_2,-51,0.442368,1,10.8399,0,-17.5359,0
227.5,ue_n001_0011,gNB_4G_1,-50,gNB_4G_2,-78,0.172032,0,-1,0,64.1864,28
227.5,ue_n042_0010,gNB_4G_2,-55,gNB_5G,-70,0.090112,0,-1,0,40.2118,28
227.5,ue_n043_0004,gNB_4G_2,-47,gNB_5G,-51,0.745472,7,56.6399,1,46.5876,28
227.5,ue_n001_0010,gNB_4G_1,-46,gNB_5G,-69,0.8192,0,-1,0,64.499,28
227.5,ue_n043_0005,gNB_4G_2,-47,gNB_5G,-52,0.475136,5,76.8399,1,45.316,28
227.5,ue_ujeongwon_0004,gNB_4G_2,-46,gNB_4G_1,-51,0.12288,1,34.8399,0,64.9538,28
227.5,ue_ujeongwon_0005,gNB_4G_2,-44,gNB_4G_1,-47,0.32768,1,24.6399,0,66.2951,28
227.5,ue_n001_0005,gNB_4G_1,-47,gNB_4G_2,-83,0.589824,0,-1,0,34.1063,28
227.5,ue_n043_0011,gNB_4G_2,0,,-140,0,0,-1,0,42.9264,28
227.5,car_north_peak_008_rider,gNB_4G_1,-46,gNB_4G_2,-66,0.344064,0,-1,0,42.2545,28
227.5,ue_n043_0006,gNB_4G_2,-50,gNB_5G,-64,0.581632,5,64.6399,1,54.4378,28
227.5,ue_ujeongwon_0007,gNB_4G_1,-46,gNB_4G_2,-83,0.8192,0,-1,0,67.6401,28
227.5,ue_ujeongwon_0008,gNB_4G_1,-45,gNB_5G,-70,0.360448,0,-1,0,63.5463,28
227.5,ue_n043_0007,gNB_4G_2,-50,gNB_5G,-66,0.4096,7,59.6399,1,41.3404,28
227.5,ue_ujeongwon_0009,gNB_4G_2,-44,gNB_4G_1,-48,0.581632,1,17.8399,0,66.9558,28
227.5,car_north_base_012_rider,gNB_4G_1,-39,gNB_5G,-77,0.335872,0,-1,0,72.8233,28
227.5,ue_ujeongwon_0010,gNB_4G_1,-58,gNB_4G_2,-88,0.45056,0,-1,0,62.1534,28
227.5,car_north_base_008_rider,gNB_4G_2,-51,gNB_4G_1,-58,0.172032,3,15.2399,1,30.9884,28
227.5,ue_n043_0008,gNB_4G_2,-44,gNB_5G,-49,0.745472,5,27.2399,0,66.7082,28
227.5,ue_n001_0008,gNB_4G_1,-47,gNB_5G,-66,0.303104,0,-1,0,41.0164,28
227.5,car_north_peak_010_rider,gNB_4G_1,-40,gNB_4G_2,-83,0.180224,0,-1,0,49.1711,28
227.5,car_north_peak_007,gNB_4G_1,-51,gNB_4G_2,-68,0.262144,0,-1,0,50.9433,28
227.5,ue_n043_0013,gNB_4G_2,-57,gNB_5G,-74,0.630784,1,14.0399,0,20.7908,21
227.5,ue_n001_0013,gNB_4G_1,-47,gNB_5G,-73,0.36864,0,-1,0,46.9696,28
227.5,car_north_base_013,gNB_4G_1,-46,gNB_4G_2,-78,0.303104,0,-1,0,59.821,28
227.5,ue_n043_0014,gNB_4G_2,-60,gNB_4G_1,-69,0.466944,1,1.03993,0,30.557,22
228.5,car_north_peak_006,gNB_5G,0,,-140,0,0,-1,0,-20.1977,0
228.5,ue_n001_0006,gNB_4G_1,-39,gNB_4G_2,-84,0.688128,0,-1,0,24.9282,28
228.5,ue_n043_0012,gNB_4G_2,-55,gNB_4G_1,-69,0.196608,1,16.0399,0,54.895,28
228.5,car_north_base_011,gNB_4G_1,-39,gNB_4G_2,-81,0.278528,0,-1,0,49.3583,28
228.5,ue_n042_0002,gNB_4G_2,-46,gNB_4G_1,-51,0.679936,2,54.0399,1,9.53848,14
228.5,ue_ujeongwon_0001,gNB_4G_1,-46,gNB_4G_2,-58,0.360448,0,-1,0,8.69268,15
228.5,ue_n043_0009,gNB_4G_2,-46,gNB_5G,-49,0.745472,5,34.8399,1,65.7809,28
228.5,ue_n043_0010,gNB_4G_2,-61,gNB_5G,-71,0.196608,5,18.8399,1,54.6373,28
228.5,ue_n043_0001,gNB_4G_2,-48,gNB_4G_1,-54,0.360448,3,137.44,0,63.9224,28
228.5,ue_n001_0009,gNB_4G_1,-46,gNB_4G_2,-61,0.581632,0,-1,0,56.5267,28
228.5,ue_n001_0001,gNB_4G_2,-47,gNB_5G,-64,0.589824,3,52.6399,1,62.3739,28
228.5,car_north_base_010,gNB_4G_2,-44,gNB_4G_1,-50,0.2048,1,0.439928,0,67.8598,28
228.5,ue_ujeongwon_0002,gNB_4G_1,-47,gNB_4G_2,-60,0.8192,0,-1,0,23.3526,26
228.5,ue_n001_0007,gNB_4G_1,-44,gNB_4G_2,-65,0.262144,0,-1,0,64.475,28
228.5,ue_n001_0012,gNB_4G_1,-52,gNB_5G,-79,0.688128,0,-1,0,45.1751,28
228.5,ue_n042_0011,gNB_4G_2,-65,gNB_5G,-66,0.630784,2,3.63993,1,44.6081,28
228.5,car_north_base_002_rider,gNB_4G_2,-49,gNB_5G,-60,0.8192,3,83.6399,1,36.3128,28
228.5,car_north_base_009,gNB_4G_2,-44,gNB_4G_1,-49,0.311296,3,5.43993,0,9.95448,14
228.5,car_north_peak_009,gNB_4G_1,-44,gNB_4G_2,-68,0.507904,0,-1,0,28.8386,25
228.5,ue_n043_0003,gNB_4G_2,-50,gNB_5G,-53,0.45056,5,109.44,0,12.4104,13
228.5,ue_n042_0009,gNB_4G_2,-54,gNB_5G,-64,0.155648,0,-1,0,36.1035,28
228.5,ue_n042_0004,gNB_4G_2,-47,gNB_5G,-62,0.77824,2,0.839928,0,36.7879,28
228.5,ue_n001_0011,gNB_4G_1,-44,gNB_5G,-79,0.172032,0,-1,0,57.1301,16
228.5,ue_n042_0010,gNB_4G_2,-54,gNB_5G,-69,0.08192,0,-1,0,41.8051,28
228.5,ue_n043_0004,gNB_4G_2,-47,gNB_5G,-51,0.745472,7,57.6399,1,64.8624,28
228.5,ue_n001_0010,gNB_4G_1,-44,gNB_5G,-70,0.8192,0,-1,0,31.7812,28
228.5,ue_n043_0005,gNB_4G_2,-45,gNB_5G,-51,0.483328,5,77.8399,1,48.5355,28
228.5,ue_ujeongwon_0004,gNB_4G_2,-46,gNB_4G_1,-51,0.114688,1,35.8399,0,64.9538,28
228.5,ue_ujeongwon_0005,gNB_4G_2,-44,gNB_4G_1,-47,0.32768,1,25.6399,0,63.7068,28
228.5,ue_n001_0005,gNB_4G_1,-46,gNB_4G_2,-75,0.581632,0,-1,0,65.7103,28
228.5,ue_n043_0011,gNB_4G_2,0,,-140,0,0,-1,0,42.9264,28
228.5,car_north_peak_008_rider,gNB_4G_1,-46,gNB_4G_2,-78,0.335872,0,-1,0,32.4647,27
228.5,ue_n043_0006,gNB_4G_2,-46,gNB_5G,-62,0.589824,5,65.6399,1,52.1241,28
228.5,ue_ujeongwon_0007,gNB_4G_1,-47,gNB_5G,-76,0.8192,0,-1,0,42.2798,28
228.5,ue_ujeongwon_0008,gNB_4G_1,-43,gNB_5G,-68,0.352256,0,-1,0,40.2644,28
228.5,ue_n043_0007,gNB_4G_2,-52,gNB_5G,-64,0.4096,7,60.6399,1,44.1114,28
228.5,ue_ujeongwon_0009,gNB_4G_2,-44,gNB_4G_1,-48,0.581632,1,18.8399,0,7.93935,11
228.5,car_north_base_012_rider,gNB_4G_1,-40,gNB_5G,-79,0.344064,0,-1,0,74.0823,28
228.5,ue_ujeongwon_0010,gNB_4G_1,-41,gNB_4G_2,-87,0.229376,0,-1,0,73.2376,28
228.5,car_north_base_008_rider,gNB_4G_2,-52,gNB_5G,-64,0.139264,3,16.2399,1,19.4006,14
228.5,ue_n043_0008,gNB_4G_2,-44,gNB_5G,-50,0.745472,5,28.2399,0,66.692,28
228.5,ue_n001_0008,gNB_4G_1,-48,gNB_5G,-65,0.303104,0,-1,0,27.4341,25
228.5,car_north_peak_010_rider,gNB_4G_1,-38,gNB_4G_2,-84,0.188416,0,-1,0,65.1661,28
228.5,car_north_peak_007,gNB_4G_1,-43,gNB_5G,-65,0.270336,0,-1,0,28.8183,26
228.5,ue_n043_0013,gNB_4G_2,-56,gNB_4G_1,-71,0.622592,1,15.0399,0,20.2642,21
228.5,ue_n001_0013,gNB_4G_1,-46,gNB_5G,-71,0.36864,0,-1,0,35.5578,28
228.5,car_north_base_013,gNB_4G_1,-50,gNB_4G_2,-76,0.303104,0,-1,0,32.8919,27
228.5,ue_n043_0014,gNB_4G_2,-61,gNB_5G,-71,0.483328,1,2.03993,0,21.2891,28
228.5,ue_n042_0012,gNB_4G_2,-65,gNB_5G,-64,0.303104,0,-1,0,45.7146,28
229.5,car_north_peak_006,gNB_5G,0,,-140,0,0,-1,0,-20.1977,0
229.5,ue_n001_0006,gNB_4G_1,-41,gNB_4G_2,-65,0.679936,0,-1,0,46.4499,28
229.5,ue_n043_0012,gNB_4G_2,-56,gNB_5G,-76,0.172032,1,17.0399,0,52.2596,28
229.5,car_north_base_011,gNB_4G_1,-39,gNB_5G,-82,0.28672,0,-1,0,72.7473,28
229.5,ue_n042_0002,gNB_4G_2,-46,gNB_4G_1,-51,0.679936,2,55.0399,1,20.0564,21
229.5,ue_ujeongwon_0001,gNB_4G_1,-50,gNB_4G_2,-52,0.401408,0,-1,0,15.9831,22
229.5,ue_n043_0009,gNB_4G_2,-46,gNB_5G,-48,0.745472,5,35.8399,1,46.1851,28
229.5,ue_n043_0010,gNB_4G_2,-56,gNB_5G,-70,0.2048,5,19.8399,1,55.5132,28
229.5,ue_n043_0001,gNB_4G_2,-46,gNB_5G,-52,0.360448,3,138.44,0,65.5179,28
229.5,ue_n001_0009,gNB_4G_1,-53,gNB_4G_2,-61,0.589824,0,-1,0,59.8415,28
229.5,ue_n001_0001,gNB_4G_2,-47,gNB_5G,-56,0.581632,3,53.6399,1,66.6714,28
229.5,car_north_base_010,gNB_4G_2,-43,gNB_5G,-61,0.212992,1,1.43993,0,20.125,20
229.5,ue_ujeongwon_0002,gNB_4G_1,-51,gNB_4G_2,-63,0.8192,0,-1,0,22.1815,23
229.5,ue_n001_0007,gNB_4G_1,-47,gNB_4G_2,-65,0.262144,0,-1,0,27.1178,25
229.5,ue_n001_0012,gNB_4G_1,-53,gNB_5G,-79,0.679936,0,-1,0,58.4947,28
229.5,ue_n042_0011,gNB_4G_2,-66,gNB_5G,-68,0.630784,2,4.63993,1,41.5026,28
229.5,car_north_base_002_rider,gNB_4G_2,-49,gNB_5G,-60,0.8192,3,84.6399,1,31.692,28
229.5,car_north_base_009,gNB_4G_2,-44,gNB_4G_1,-52,0.319488,3,6.43993,0,67.2115,28
229.5,car_north_peak_009,gNB_4G_1,-43,gNB_4G_2,-66,0.516096,0,-1,0,63.8444,28
229.5,ue_n043_0003,gNB_4G_2,-50,gNB_5G,-52,0.458752,5,110.44,0,64.474,28
229.5,ue_n042_0009,gNB_4G_2,-54,gNB_5G,-64,0.155648,0,-1,0,49.4557,28
229.5,ue_n042_0004,gNB_4G_2,-45,gNB_5G,-64,0.8192,2,1.83993,0,16.0821,20
229.5,ue_n001_0011,gNB_4G_1,-44,gNB_5G,-78,0.172032,0,-1,0,61.7175,28
229.5,ue_n042_0010,gNB_4G_2,-53,gNB_5G,-70,0.090112,0,-1,0,44.3834,28
229.5,ue_n043_0004,gNB_4G_2,-46,gNB_5G,-52,0.745472,7,58.6399,1,38.7743,28
229.5,ue_n001_0010,gNB_4G_1,-47,gNB_5G,-72,0.8192,0,-1,0,24.5079,27
229.5,ue_n043_0005,gNB_4G_2,-47,gNB_5G,-52,0.483328,5,78.8399,1,63.1238,28
229.5,ue_ujeongwon_0004,gNB_4G_2,-46,gNB_4G_1,-51,0.12288,1,36.8399,0,64.9538,28
229.5,ue_ujeongwon_0005,gNB_4G_2,-46,gNB_4G_1,-49,0.32768,1,26.6399,0,60.6382,28
229.5,ue_n001_0005,gNB_4G_1,-43,gNB_4G_2,-69,0.589824,0,-1,0,68.9116,28
229.5,ue_n043_0011,gNB_4G_2,0,,-140,0,0,-1,0,42.9264,28
229.5,car_north_peak_008_rider,gNB_4G_1,-43,gNB_4G_2,-68,0.344064,0,-1,0,37.9235,28
229.5,ue_n043_0006,gNB_4G_2,-42,gNB_5G,-63,0.581632,5,66.6399,1,66.8327,28
229.5,ue_ujeongwon_0007,gNB_4G_1,-44,gNB_5G,-80,0.8192,0,-1,0,62.0379,28
229.5,ue_ujeongwon_0008,gNB_4G_1,-49,gNB_5G,-74,0.360448,0,-1,0,65.604,28
229.5,ue_n043_0007,gNB_4G_2,-52,gNB_5G,-64,0.4096,7,61.6399,1,45.6486,28
229.5,ue_ujeongwon_0009,gNB_4G_2,-44,gNB_4G_1,-48,0.589824,1,19.8399,0,66.9558,28
229.5,car_north_base_012_rider,gNB_4G_1,-39,gNB_5G,-77,0.344064,0,-1,0,76.5152,28
229.5,ue_ujeongwon_0010,gNB_4G_1,-40,gNB_4G_2,-86,0.679936,0,-1,0,69.6375,28
229.5,car_north_base_008_rider,gNB_4G_2,-55,gNB_4G_1,-60,0.180224,3,17.2399,1,53.3614,28
229.5,ue_n043_0008,gNB_4G_2,-44,gNB_5G,-50,0.745472,5,29.2399,0,66.4666,28
229.5,ue_n001_0008,gNB_4G_1,-50,gNB_4G_2,-66,0.303104,0,-1,0,68.2596,28
229.5,car_north_peak_010_rider,gNB_4G_1,-41,gNB_5G,-86,0.188416,0,-1,0,69.9914,28
229.5,car_north_peak_007,gNB_4G_1,-45,gNB_5G,-65,0.262144,0,-1,0,39.546,28
229.5,ue_n043_0013,gNB_4G_2,-55,gNB_4G_1,-69,0.630784,1,16.0399,0,54.895,28
229.5,ue_n001_0013,gNB_4G_1,-46,gNB_5G,-71,0.376832,0,-1,0,67.0853,28
229.5,car_north_base_013,gNB_4G_1,-51,gNB_5G,-78,0.303104,0,-1,0,62.2962,28
229.5,ue_n043_0014,gNB_4G_2,-57,gNB_5G,-70,0.475136,1,3.03993,0,8.64289,11
229.5,ue_n042_0012,gNB_4G_2,-65,gNB_5G,-64,0.630784,0,-1,0,41.7051,28
230.5,car_north_peak_006,gNB_5G,0,,-140,0,0,-1,0,-20.1977,0
230.5,ue_n001_0006,gNB_4G_1,-43,gNB_4G_2,-81,0.679936,0,-1,0,46.4613,28
230.5,ue_n043_0012,gNB_4G_2,-58,gNB_4G_1,-56,0.188416,1,18.0399,0,52.7848,28
230.5,car_north_base_011,gNB_4G_1,-39,gNB_4G_2,-68,0.278528,0,-1,0,62.0284,28
230.5,ue_n042_0002,gNB_4G_2,-46,gNB_4G_1,-52,0.688128,2,56.0399,1,21.8384,21
230.5,ue_ujeongwon_0001,gNB_4G_1,-50,gNB_4G_2,-54,0.385024,0,-1,0,65.149,28
230.5,ue_n043_0009,gNB_4G_2,-44,gNB_5G,-52,0.745472,5,36.8399,1,59.1653,28
230.5,ue_n043_0010,gNB_4G_2,-55,gNB_5G,-74,0.196608,5,20.8399,1,31.073,28
230.5,ue_n043_0001,gNB_4G_2,-48,gNB_4G_1,-55,0.352256,3,139.44,0,58.147,28
230.5,ue_n001_0009,gNB_4G_1,-51,gNB_4G_2,-60,0.581632,0,-1,0,20.66,22
230.5,ue_n001_0001,gNB_4G_2,-44,gNB_5G,-57,0.589824,3,54.6399,1,63.4773,28
230.5,car_north_base_010,gNB_4G_2,-42,gNB_4G_1,-49,0.2048,1,2.43993,0,68.1702,28
230.5,ue_ujeongwon_0002,gNB_4G_1,-47,gNB_4G_2,-60,0.8192,0,-1,0,61.4523,28
230.5,ue_n001_0007,gNB_4G_1,-47,gNB_4G_2,-64,0.262144,0,-1,0,23.7172,25
230.5,ue_n001_0012,gNB_4G_1,-48,gNB_4G_2,-71,0.679936,0,-1,0,40.7356,28
230.5,ue_n042_0011,gNB_4G_2,-67,gNB_5G,-68,0.630784,2,5.63993,1,45.7365,28
230.5,car_north_base_002_rider,gNB_4G_2,-48,gNB_5G,-61,0.8192,3,85.6399,1,34.3276,28
230.5,car_north_base_009,gNB_4G_2,-42,gNB_4G_1,-49,0.319488,3,7.43993,0,30.3166,28
230.5,car_north_peak_009,gNB_4G_1,-43,gNB_4G_2,-66,0.516096,0,-1,0,23.7394,26
230.5,ue_n043_0003,gNB_4G_2,-47,gNB_5G,-52,0.458752,5,111.44,0,65.2193,28
230.5,ue_n042_0009,gNB_4G_2,-53,gNB_5G,-64,0.16384,0,-1,0,60.656,28
230.5,ue_n042_0004,gNB_4G_2,-44,gNB_4G_1,-50,0.8192,2,2.83993,0,61.7805,28
230.5,ue_n001_0011,gNB_4G_1,-47,gNB_5G,-78,0.172032,0,-1,0,63.2711,28
230.5,ue_n042_0010,gNB_4G_2,-52,gNB_5G,-64,0.090112,0,-1,0,47.2623,28
230.5,ue_n043_0004,gNB_4G_2,-46,gNB_5G,-51,0.745472,7,59.6399,1,47.5541,28
230.5,ue_n001_0010,gNB_4G_1,-46,gNB_4G_2,-67,0.8192,0,-1,0,26.7736,25
230.5,ue_n043_0005,gNB_4G_2,-48,gNB_5G,-52,0.483328,5,79.8399,1,22.1483,24
230.5,ue_ujeongwon_0004,gNB_4G_2,-46,gNB_4G_1,-51,0.114688,1,37.8399,0,64.9538,28
230.5,ue_ujeongwon_0005,gNB_4G_2,-49,gNB_4G_1,-50,0.319488,1,27.6399,0,69.3442,28
230.5,ue_n001_0005,gNB_4G_1,-45,gNB_4G_2,-69,0.581632,0,-1,0,32.2521,28
230.5,ue_n043_0011,gNB_4G_2,0,,-140,0,0,-1,0,42.9264,28
230.5,car_north_peak_008_rider,gNB_4G_1,-43,gNB_5G,-60,0.344064,0,-1,0,40.7666,28
230.5,ue_n043_0006,gNB_4G_2,-43,gNB_5G,-61,0.589824,5,67.6399,1,63.7849,28
230.5,ue_ujeongwon_0007,gNB_4G_1,-44,gNB_5G,-80,0.8192,0,-1,0,62.4204,28
230.5,ue_ujeongwon_0008,gNB_4G_1,-45,gNB_4G_2,-83,0.352256,0,-1,0,48.4546,28
230.5,ue_n043_0007,gNB_4G_2,-51,gNB_5G,-62,0.4096,7,62.6399,1,45.374,28
230.5,ue_ujeongwon_0009,gNB_4G_2,-44,gNB_4G_1,-48,0.589824,1,20.8399,0,66.8575,28
230.5,car_north_base_012_rider,gNB_4G_1,-39,gNB_4G_2,-81,0.335872,0,-1,0,54.1675,28
230.5,ue_ujeongwon_0010,gNB_4G_1,-41,gNB_4G_2,-76,0.688128,0,-1,0,37.4025,28
230.5,car_north_base_008_rider,gNB_4G_2,-57,gNB_5G,-63,0.172032,3,18.2399,1,25.819,26
230.5,ue_n043_0008,gNB_4G_2,-44,gNB_5G,-48,0.73728,5,30.2399,0,66.8774,28
230.5,ue_n001_0008,gNB_4G_1,-54,gNB_5G,-71,0.303104,0,-1,0,65.899,28
230.5,car_north_peak_010_rider,gNB_4G_1,-41,gNB_5G,-89,0.180224,0,-1,0,28.6853,28
230.5,car_north_peak_007,gNB_4G_1,-45,gNB_5G,-62,0.262144,0,-1,0,27.4846,28
230.5,ue_n043_0013,gNB_4G_2,-56,gNB_5G,-76,0.622592,1,17.0399,0,52.2596,28
230.5,ue_n001_0013,gNB_4G_1,-46,gNB_5G,-67,0.36864,0,-1,0,40.5176,28
230.5,car_north_base_013,gNB_4G_1,-48,gNB_5G,-79,0.303104,0,-1,0,36.6346,28
230.5,ue_n043_0014,gNB_4G_2,-56,gNB_4G_1,-59,0.49152,1,4.03993,0,52.4629,28
230.5,ue_n042_0012,gNB_5G,-66,gNB_4G_2,-67,0.630784,1,0.639928,0,42.1842,28
231.5,car_north_peak_006,gNB_5G,0,,-140,0,0,-1,0,-20.1977,0
231.5,ue_n001_0006,gNB_4G_1,-42,gNB_4G_2,-83,0.688128,0,-1,0,48.2086,28
231.5,ue_n043_0012,gNB_4G_2,-56,gNB_4G_1,-57,0.180224,1,19.0399,0,55.5539,28
231.5,car_north_base_011,gNB_4G_1,-41,gNB_4G_2,-95,0.28672,0,-1,0,70.4127,28
231.5,ue_n042_0002,gNB_4G_2,-46,gNB_4G_1,-52,0.679936,2,57.0399,1,18.1311,22
231.5,ue_ujeongwon_0001,gNB_4G_1,-49,gNB_4G_2,-56,0.393216,0,-1,0,67.358,28
231.5,ue_n043_0009,gNB_4G_2,-46,gNB_5G,-54,0.745472,5,37.8399,1,67.2668,28
231.5,ue_n043_0010,gNB_4G_2,-54,gNB_5G,-70,0.196608,5,21.8399,1,48.5602,28
231.5,ue_n043_0001,gNB_4G_2,-49,gNB_4G_1,-53,0.352256,3,140.44,0,60.5274,28
231.5,ue_n001_0009,gNB_4G_1,-48,gNB_4G_2,-63,0.581632,0,-1,0,23.6124,26
231.5,ue_n001_0001,gNB_4G_2,-47,gNB_5G,-58,0.581632,3,55.6399,1,61.8402,28
231.5,car_north_base_010,gNB_4G_2,-43,gNB_4G_1,-51,0.212992,1,3.43993,0,63.5631,28
231.5,ue_ujeongwon_0002,gNB_4G_1,-44,gNB_4G_2,-59,0.811008,0,-1,0,21.1544,22
231.5,ue_n001_0007,gNB_4G_1,-47,gNB_5G,-61,0.270336,0,-1,0,29.0512,24
231.5,ue_n001_0012,gNB_4G_1,-50,gNB_5G,-74,0.688128,0,-1,0,47.5073,28
231.5,ue_n042_0011,gNB_4G_2,-64,gNB_5G,-67,0.630784,2,6.63993,1,35.8755,28
231.5,car_north_base_002_rider,gNB_4G_2,-47,gNB_4G_1,-72,0.8192,3,86.6399,1,28.6662,28
231.5,car_north_base_009,gNB_4G_2,-40,gNB_5G,-59,0.311296,3,8.43993,0,67.7323,28
231.5,car_north_peak_009,gNB_4G_1,-43,gNB_4G_2,-68,0.507904,0,-1,0,43.1886,28
231.5,ue_n043_0003,gNB_4G_2,-46,gNB_4G_1,-54,0.45056,5,112.44,0,12.6344,16
231.5,ue_n042_0009,gNB_4G_2,-51,gNB_5G,-66,0.155648,0,-1,0,39.7046,28
231.5,ue_n042_0004,gNB_4G_2,-44,gNB_4G_1,-50,0.8192,2,3.83993,0,67.4028,28
231.5,ue_n001_0011,gNB_4G_1,-44,gNB_5G,-80,0.172032,0,-1,0,60.6581,28
231.5,ue_n042_0010,gNB_4G_2,-53,gNB_5G,-69,0.090112,0,-1,0,59.0524,28
231.5,ue_n043_0004,gNB_4G_2,-45,gNB_5G,-52,0.73728,7,60.6399,1,64.2751,28
231.5,ue_n001_0010,gNB_4G_1,-47,gNB_4G_2,-69,0.8192,0,-1,0,46.5023,28
231.5,ue_n043_0005,gNB_4G_2,-47,gNB_5G,-50,0.483328,5,80.8399,1,63.9485,28
231.5,ue_ujeongwon_0004,gNB_4G_2,-46,gNB_4G_1,-51,0.12288,1,38.8399,0,60.1827,28
231.5,ue_ujeongwon_0005,gNB_4G_2,-43,gNB_4G_1,-50,0.32768,1,28.6399,0,62.1424,28
231.5,ue_n001_0005,gNB_4G_1,-45,gNB_4G_2,-69,0.581632,0,-1,0,33.2781,28
231.5,ue_n043_0011,gNB_4G_2,0,,-140,0,0,-1,0,42.9264,28
231.5,car_north_peak_008_rider,gNB_4G_1,-44,gNB_5G,-63,0.344064,0,-1,0,30.2554,28
231.5,ue_n043_0006,gNB_4G_2,-43,gNB_5G,-61,0.581632,5,68.6399,1,66.535,28
231.5,ue_ujeongwon_0007,gNB_4G_1,-44,gNB_5G,-79,0.8192,0,-1,0,57.195,28
231.5,ue_ujeongwon_0008,gNB_4G_1,-42,gNB_5G,-78,0.360448,0,-1,0,42.2792,28
231.5,ue_n043_0007,gNB_4G_2,-50,gNB_5G,-64,0.4096,7,63.6399,1,46.9176,28
231.5,ue_ujeongwon_0009,gNB_4G_2,-44,gNB_4G_1,-48,0.581632,1,21.8399,0,66.9558,28
231.5,car_north_base_012_rider,gNB_4G_1,-42,gNB_4G_2,-82,0.344064,0,-1,0,57.9676,28
231.5,ue_ujeongwon_0010,gNB_4G_1,-39,gNB_4G_2,-71,0.679936,0,-1,0,72.6216,28
231.5,car_north_base_008_rider,gNB_4G_2,-56,gNB_5G,-63,0.172032,3,19.2399,1,47.453,28
231.5,ue_n043_0008,gNB_4G_2,-44,gNB_5G,-50,0.745472,5,31.2399,0,68.0869,28
231.5,ue_n001_0008,gNB_4G_1,-52,gNB_5G,-70,0.303104,0,-1,0,35.6026,25
231.5,car_north_peak_010_rider,gNB_4G_1,-41,gNB_4G_2,-71,0.188416,0,-1,0,28.1366,28
231.5,car_north_peak_007,gNB_4G_1,-46,gNB_5G,-62,0.262144,0,-1,0,60.5802,28
231.5,ue_n043_0013,gNB_4G_2,-58,gNB_4G_1,-56,0.548864,1,18.0399,0,-0.153474,4
231.5,ue_n001_0013,gNB_4G_1,-47,gNB_5G,-71,0.376832,0,-1,0,37.0261,28
231.5,car_north_base_013,gNB_4G_1,-49,gNB_5G,-74,0.303104,0,-1,0,60.3913,28
231.5,ue_n043_0014,gNB_4G_2,-57,gNB_4G_1,-61,0.45056,1,5.03993,0,12.8044,16
231.5,ue_n042_0012,gNB_5G,-67,gNB_4G_2,-65,0.622592,1,1.63993,0,45.0972,28
231.5,ue_ujeongwon_0011,gNB_4G_1,-56,gNB_4G_2,-76,0.139264,0,-1,0,54.4283,28
232.5,car_north_peak_006,gNB_5G,0,,-140,0,0,-1,0,-20.1977,0
232.5,ue_n001_0006,gNB_4G_1,-39,gNB_4G_2,-81,0.679936,0,-1,0,47.7407,28
232.5,ue_n043_0012,gNB_4G_2,-55,gNB_4G_1,-56,0.196608,1,20.0399,0,33.1425,28
232.5,car_north_base_011,gNB_4G_1,-40,gNB_5G,-89,0.278528,0,-1,0,69.0557,28
232.5,ue_n042_0002,gNB_4G_2,-46,gNB_4G_1,-51,0.679936,2,58.0399,1,13.7944,16
232.5,ue_ujeongwon_0001,gNB_4G_1,-49,gNB_4G_2,-55,0.385024,0,-1,0,12.2313,18
232.5,ue_n043_0009,gNB_4G_2,-44,gNB_5G,-50,0.745472,5,38.8399,1,43.4426,28
232.5,ue_n043_0010,gNB_4G_2,-62,gNB_5G,-66,0.2048,5,22.8399,1,51.911,28
232.5,ue_n043_0001,gNB_4G_2,-49,gNB_4G_1,-53,0.360448,3,141.44,0,66.1317,28
232.5,ue_n001_0009,gNB_4G_1,-46,gNB_5G,-67,0.589824,0,-1,0,61.8341,28
232.5,ue_n001_0001,gNB_4G_2,-49,gNB_5G,-57,0.589824,3,56.6399,1,65.4479,28
232.5,car_north_base_010,gNB_4G_2,-47,gNB_4G_1,-50,0.212992,1,4.43993,0,60.6631,28
232.5,ue_ujeongwon_0002,gNB_4G_1,-45,gNB_4G_2,-59,0.827392,0,-1,0,22.0283,22
232.5,ue_n001_0007,gNB_4G_1,-47,gNB_4G_2,-61,0.262144,0,-1,0,21.5117,21
232.5,ue_n001_0012,gNB_4G_1,-46,gNB_5G,-77,0.679936,0,-1,0,45.8879,28
232.5,ue_n042_0011,gNB_4G_2,-61,gNB_5G,-67,0.630784,2,7.63993,1,48.7497,28
232.5,car_north_base_002_rider,gNB_4G_2,-46,gNB_5G,-69,0.8192,3,87.6399,1,56.4514,28
232.5,car_north_base_009,gNB_4G_2,-43,gNB_4G_1,-52,0.311296,3,9.43993,0,24.4567,20
232.5,car_north_peak_009,gNB_4G_1,-43,gNB_4G_2,-68,0.516096,0,-1,0,33.2187,28
232.5,ue_n043_0003,gNB_4G_2,-49,gNB_5G,-53,0.45056,5,113.44,0,16.5418,16
232.5,ue_n042_0009,gNB_4G_2,-52,gNB_5G,-64,0.155648,0,-1,0,43.6923,28
232.5,ue_n042_0004,gNB_4G_2,-45,gNB_4G_1,-48,0.8192,2,4.83993,0,17.2044,21
232.5,ue_n001_0011,gNB_4G_1,-46,gNB_5G,-80,0.16384,0,-1,0,67.0511,28
232.5,ue_n042_0010,gNB_4G_2,-52,gNB_5G,-66,0.090112,0,-1,0,42.5448,28
232.5,ue_n043_0004,gNB_4G_2,-47,gNB_5G,-52,0.745472,7,61.6399,1,63.7659,28
232.5,ue_n001_0010,gNB_4G_1,-47,gNB_5G,-72,0.8192,0,-1,0,42.4461,26
232.5,ue_n043_0005,gNB_4G_2,-47,gNB_5G,-52,0.483328,5,81.8399,1,43.43,28
232.5,ue_ujeongwon_0004,gNB_4G_2,-46,gNB_4G_1,-51,0.114688,1,39.8399,0,64.9538,28
232.5,ue_ujeongwon_0005,gNB_4G_2,-47,gNB_4G_1,-48,0.32768,1,29.6399,0,65.9699,28
232.5,ue_n001_0005,gNB_4G_1,-45,gNB_4G_2,-70,0.589824,0,-1,0,57.7516,28
232.5,ue_n043_0011,gNB_4G_2,0,,-140,0,0,-1,0,42.9264,28
232.5,car_north_peak_008_rider,gNB_4G_1,-46,gNB_5G,-61,0.335872,0,-1,0,64.8418,28
232.5,ue_n043_0006,gNB_4G_2,-44,gNB_5G,-65,0.589824,5,69.6399,1,70.2283,28
232.5,ue_ujeongwon_0007,gNB_4G_1,-44,gNB_5G,-81,0.8192,0,-1,0,60.6534,28
232.5,ue_ujeongwon_0008,gNB_4G_1,-44,gNB_5G,-81,0.352256,0,-1,0,63.3134,28
232.5,ue_n043_0007,gNB_4G_2,-50,gNB_5G,-64,0.4096,7,64.6399,1,52.3485,28
232.5,ue_ujeongwon_0009,gNB_4G_2,-44,gNB_4G_1,-48,0.581632,1,22.8399,0,10.55,14
232.5,car_north_base_012_rider,gNB_4G_1,-38,gNB_4G_2,-86,0.344064,0,-1,0,57.3526,28
232.5,ue_ujeongwon_0010,gNB_4G_1,-39,gNB_4G_2,-85,0.679936,0,-1,0,55.8036,28
232.5,car_north_base_008_rider,gNB_4G_2,-62,gNB_5G,-65,0.172032,3,20.2399,1,35.931,28
232.5,ue_n043_0008,gNB_4G_2,-43,gNB_5G,-54,0.745472,5,32.2399,0,64.9345,28
232.5,ue_n001_0008,gNB_4G_1,-44,gNB_4G_2,-65,0.303104,0,-1,0,66.6488,28
232.5,car_north_peak_010_rider,gNB_4G_1,-46,gNB_4G_2,-66,0.188416,0,-1,0,62.4932,28
232.5,car_north_peak_007,gNB_4G_1,-44,gNB_5G,-63,0.270336,0,-1,0,57.5436,28
232.5,ue_n043_0013,gNB_4G_2,-56,gNB_4G_1,-57,0.598016,1,19.0399,0,54.7414,28
232.5,ue_n001_0013,gNB_4G_1,-52,gNB_5G,-71,0.36864,0,-1,0,60.4109,28
232.5,car_north_base_013,gNB_4G_1,-49,gNB_5G,-76,0.303104,0,-1,0,65.1509,28
232.5,ue_n043_0014,gNB_4G_2,-56,gNB_4G_1,-62,0.483328,1,6.03993,0,16.3019,19
232.5,ue_n042_0012,gNB_5G,-67,gNB_4G_2,-67,0.630784,1,2.63993,0,42.1421,28
232.5,ue_ujeongwon_0011,gNB_4G_1,-54,gNB_4G_2,-76,0.311296,0,-1,0,53.9436,28
232.5,ue_n001_0014,gNB_4G_1,-43,gNB_4G_2,-78,0.262144,0,-1,0,63.3179,28
233.5,car_north_peak_006,gNB_5G,0,,-140,0,0,-1,0,-20.1977,0
233.5,ue_n001_0006,gNB_4G_1,-38,gNB_4G_2,-83,0.679936,0,-1,0,65.0197,28
233.5,ue_n043_0012,gNB_4G_2,-57,gNB_5G,-73,0.188416,1,21.0399,0,54.4002,28
233.5,car_north_base_011,gNB_4G_1,-41,gNB_4G_2,-70,0.28672,0,-1,0,63.7731,28
233.5,ue_n042_0002,gNB_4G_2,-46,gNB_4G_1,-51,0.688128,2,59.0399,1,16.27,18
233.5,ue_ujeongwon_0001,gNB_4G_1,-49,gNB_4G_2,-55,0.393216,0,-1,0,66.6318,28
233.5,ue_n043_0009,gNB_4G_2,-45,gNB_5G,-50,0.745472,5,39.8399,1,63.9281,28
233.5,ue_n043_0010,gNB_4G_2,-59,gNB_5G,-65,0.196608,5,23.8399,1,34.4556,28
233.5,ue_n043_0001,gNB_4G_2,-45,gNB_5G,-53,0.352256,3,142.44,0,66.6097,28
233.5,ue_n001_0009,gNB_4G_1,-49,gNB_4G_2,-66,0.581632,0,-1,0,63.3033,28
233.5,ue_n001_0001,gNB_4G_2,-45,gNB_5G,-56,0.581632,3,57.6399,1,67.6289,28
233.5,car_north_base_010,gNB_4G_2,-44,gNB_4G_1,-50,0.2048,1,5.43993,0,68.1463,28
233.5,ue_ujeongwon_0002,gNB_4G_1,-44,gNB_4G_2,-59,0.8192,0,-1,0,18.8423,22
233.5,ue_n001_0007,gNB_4G_1,-51,gNB_4G_2,-63,0.262144,0,-1,0,66.1801,28
233.5,ue_n001_0012,gNB_4G_1,-52,gNB_5G,-72,0.679936,0,-1,0,46.7295,28
233.5,ue_n042_0011,gNB_4G_2,-62,gNB_5G,-69,0.630784,2,8.63993,1,35.5024,28
233.5,car_north_base_002_rider,gNB_4G_2,-49,gNB_4G_1,-75,0.8192,3,88.6399,1,47.2246,28
233.5,car_north_base_009,gNB_4G_2,-45,gNB_4G_1,-52,0.311296,3,10.4399,0,9.14691,12
233.5,car_north_peak_009,gNB_4G_1,-41,gNB_5G,-68,0.507904,0,-1,0,50.0093,28
233.5,ue_n043_0003,gNB_4G_2,-51,gNB_5G,-53,0.45056,5,114.44,0,65.2414,28
233.5,ue_n042_0009,gNB_4G_2,-52,gNB_5G,-64,0.155648,0,-1,0,42.8543,28
233.5,ue_n042_0004,gNB_4G_2,-45,gNB_4G_1,-48,0.811008,2,5.83993,0,13.1546,12
233.5,ue_n001_0011,gNB_4G_1,-53,gNB_5G,-81,0.172032,0,-1,0,66.7221,28
233.5,ue_n042_0010,gNB_4G_2,-52,gNB_5G,-72,0.090112,0,-1,0,38.5142,24
233.5,ue_n043_0004,gNB_4G_2,-48,gNB_5G,-53,0.745472,7,62.6399,1,61.438,28
233.5,ue_n001_0010,gNB_4G_1,-49,gNB_4G_2,-67,0.8192,0,-1,0,60.1476,28
233.5,ue_n043_0005,gNB_4G_2,-47,gNB_5G,-50,0.475136,5,82.8399,1,39.1348,28
233.5,ue_ujeongwon_0004,gNB_4G_2,-46,gNB_4G_1,-51,0.114688,1,40.8399,0,11.0123,11
233.5,ue_ujeongwon_0005,gNB_4G_2,-46,gNB_4G_1,-48,0.32768,1,30.6399,0,65.366,28
233.5,ue_n001_0005,gNB_4G_1,-43,gNB_4G_2,-70,0.581632,0,-1,0,60.3169,28
233.5,ue_n043_0011,gNB_4G_2,0,,-140,0,0,-1,0,42.9264,28
233.5,car_north_peak_008_rider,gNB_4G_1,-46,gNB_5G,-62,0.344064,0,-1,0,32.0044,28
233.5,ue_n043_0006,gNB_4G_2,-41,gNB_5G,-62,0.581632,5,70.6399,1,68.2775,28
233.5,ue_ujeongwon_0007,gNB_4G_1,-50,gNB_5G,-80,0.8192,0,-1,0,60.5234,28
233.5,ue_ujeongwon_0008,gNB_4G_1,-44,gNB_5G,-80,0.360448,0,-1,0,62.7492,28
233.5,ue_n043_0007,gNB_4G_2,-46,gNB_5G,-62,0.4096,7,65.6399,1,51.433,28
233.5,ue_ujeongwon_0009,gNB_4G_2,-44,gNB_4G_1,-48,0.589824,1,23.8399,0,62.1846,28
233.5,car_north_base_012_rider,gNB_4G_1,-40,gNB_4G_2,-84,0.335872,0,-1,0,62.2368,28
233.5,ue_ujeongwon_0010,gNB_4G_1,-40,gNB_4G_2,-85,0.688128,0,-1,0,60.687,28
233.5,car_north_base_008_rider,gNB_4G_2,-62,gNB_5G,-64,0.172032,3,21.2399,1,56.5675,28
233.5,ue_n043_0008,gNB_4G_2,-46,gNB_5G,-53,0.745472,5,33.2399,0,62.3351,28
233.5,ue_n001_0008,gNB_4G_1,-48,gNB_5G,-65,0.303104,0,-1,0,66.1005,28
233.5,car_north_peak_010_rider,gNB_4G_1,-43,gNB_4G_2,-79,0.188416,0,-1,0,61.2933,28
233.5,car_north_peak_007,gNB_4G_1,-48,gNB_5G,-58,0.24576,0,-1,0,55.587,28
233.5,ue_n043_0013,gNB_4G_2,-56,gNB_4G_1,-62,0.6144,1,20.0399,0,54.7903,28
233.5,ue_n001_0013,gNB_4G_1,-48,gNB_5G,-71,0.376832,0,-1,0,40.9319,28
233.5,car_north_base_013,gNB_4G_1,-47,gNB_4G_2,-71,0.303104,0,-1,0,30.5707,27
233.5,ue_n043_0014,gNB_4G_2,-56,gNB_4G_1,-65,0.475136,1,7.03993,0,17.16,19
233.5,ue_n042_0012,gNB_4G_2,-64,gNB_5G,-68,0.630784,2,0.639928,1,43.5774,28
233.5,ue_ujeongwon_0011,gNB_4G_1,-55,gNB_5G,-71,0.319488,0,-1,0,52.8851,28
233.5,ue_n001_0014,gNB_4G_1,-43,gNB_4G_2,-79,0.540672,0,-1,0,64.5687,28
234.5,car_north_peak_006,gNB_5G,0,,-140,0,0,-1,0,-20.1977,0
234.5,ue_n001_0006,gNB_4G_1,-41,gNB_5G,-89,0.679936,0,-1,0,60.2143,28
234.5,ue_n043_0012,gNB_4G_2,-56,gNB_5G,-75,0.196608,1,22.0399,0,32.0437,28
234.5,car_north_base_011,gNB_4G_1,-46,gNB_4G_2,-67,0.278528,0,-1,0,30.6873,27
234.5,ue_n042_0002,gNB_4G_2,-42,gNB_4G_1,-51,0.679936,2,60.0399,1,13.6111,14
234.5,ue_ujeongwon_0001,gNB_4G_1,-47,gNB_4G_2,-53,0.393216,0,-1,0,65.595,28
234.5,ue_n043_0009,gNB_4G_2,-47,gNB_5G,-48,0.73728,5,40.8399,1,23.3755,24
234.5,ue_n043_0010,gNB_4G_2,-58,gNB_5G,-68,0.196608,5,24.8399,1,39.6564,28
234.5,ue_n043_0001,gNB_4G_2,-44,gNB_5G,-53,0.360448,3,143.44,0,62.4603,28
234.5,ue_n001_0009,gNB_4G_1,-48,gNB_4G_2,-66,0.589824,0,-1,0,56.5084,28
234.5,ue_n001_0001,gNB_4G_2,-43,gNB_4G_1,-51,0.581632,3,58.6399,1,0.816617,6
234.5,car_north_base_010,gNB_4G_2,-43,gNB_4G_1,-50,0.212992,1,6.43993,0,65.8344,28
234.5,ue_ujeongwon_0002,gNB_4G_1,-48,gNB_4G_2,-59,0.8192,0,-1,0,66.2666,28
234.5,ue_n001_0007,gNB_4G_1,-47,gNB_4G_2,-60,0.262144,0,-1,0,19.9142,21
234.5,ue_n001_0012,gNB_4G_1,-47,gNB_5G,-80,0.679936,0,-1,0,46.569,28
234.5,ue_n042_0011,gNB_4G_2,-60,gNB_5G,-71,0.630784,2,9.63993,1,39.892,28
234.5,car_north_base_002_rider,gNB_4G_2,-45,gNB_4G_1,-81,0.8192,3,89.6399,1,38.6357,28
234.5,car_north_base_009,gNB_4G_2,-45,gNB_4G_1,-51,0.319488,3,11.4399,0,69.5845,28
234.5,car_north_peak_009,gNB_4G_1,-43,gNB_5G,-64,0.507904,0,-1,0,33.6344,28
234.5,ue_n043_0003,gNB_4G_2,-46,gNB_5G,-53,0.458752,5,115.44,0,17.7711,25
234.5,ue_n042_0009,gNB_4G_2,-52,gNB_5G,-64,0.155648,0,-1,0,44.1967,28
234.5,ue_n042_0004,gNB_4G_2,-45,gNB_4G_1,-49,0.827392,2,6.83993,0,60.4134,28
234.5,ue_n001_0011,gNB_4G_1,-55,gNB_5G,-87,0.172032,0,-1,0,66.6774,28
234.5,ue_n042_0010,gNB_4G_2,-54,gNB_5G,-67,0.090112,0,-1,0,47.0421,28
234.5,ue_n043_0004,gNB_4G_2,-48,gNB_5G,-56,0.745472,7,63.6399,1,62.987,28
234.5,ue_n001_0010,gNB_4G_1,-46,gNB_4G_2,-62,0.8192,0,-1,0,59.3518,28
234.5,ue_n043_0005,gNB_4G_2,-45,gNB_5G,-52,0.483328,5,83.8399,1,60.8466,28
234.5,ue_ujeongwon_0004,gNB_4G_2,-46,gNB_4G_1,-51,0.12288,1,41.8399,0,64.9538,28
234.5,ue_ujeongwon_0005,gNB_4G_2,-45,gNB_4G_1,-49,0.319488,1,31.6399,0,56.2756,28
234.5,ue_n001_0005,gNB_4G_1,-44,gNB_4G_2,-71,0.589824,0,-1,0,60.3648,28
234.5,ue_n043_0011,gNB_4G_2,0,,-140,0,0,-1,0,42.9264,28
234.5,car_north_peak_008_rider,gNB_4G_1,-47,gNB_5G,-65,0.335872,0,-1,0,18.7571,22
234.5,ue_n043_0006,gNB_4G_2,-42,gNB_5G,-64,0.581632,5,71.6399,1,58.944,28
234.5,ue_ujeongwon_0007,gNB_4G_1,-54,gNB_5G,-92,0.8192,0,-1,0,61.0927,28
234.5,ue_ujeongwon_0008,gNB_4G_1,-47,gNB_5G,-79,0.352256,0,-1,0,57.2021,28
234.5,ue_n043_0007,gNB_4G_2,-42,gNB_5G,-63,0.4096,7,66.6399,1,50.5825,28
234.5,ue_ujeongwon_0009,gNB_4G_2,-44,gNB_4G_1,-48,0.581632,1,24.8399,0,9.45053,11
234.5,car_north_base_012_rider,gNB_4G_1,-37,gNB_5G,-68,0.344064,0,-1,0,66.6846,28
234.5,ue_ujeongwon_0010,gNB_4G_1,-47,gNB_4G_2,-76,0.679936,0,-1,0,33.3454,28
234.5,car_north_base_008_rider,gNB_4G_2,-55,gNB_5G,-66,0.16384,3,22.2399,1,34.6581,28
234.5,ue_n043_0008,gNB_4G_2,-48,gNB_5G,-53,0.745472,5,34.2399,0,66.9715,28
234.5,ue_n001_0008,gNB_4G_1,-47,gNB_5G,-64,0.303104,0,-1,0,25.1587,26
234.5,car_north_peak_010_rider,gNB_4G_1,-42,gNB_5G,-68,0.180224,0,-1,0,29.0912,28
234.5,car_north_peak_007,gNB_4G_2,-46,gNB_4G_1,-50,0.147456,1,0.239928,0,61.9215,28
234.5,ue_n043_0013,gNB_4G_2,-56,gNB_5G,-75,0.630784,1,21.0399,0,54.4002,28
234.5,ue_n001_0013,gNB_4G_1,-44,gNB_5G,-71,0.36864,0,-1,0,41.4873,28
234.5,car_north_base_013,gNB_4G_1,-43,gNB_4G_2,-64,0.303104,0,-1,0,26.6749,26
234.5,ue_n043_0014,gNB_4G_2,-55,gNB_4G_1,-64,0.483328,1,8.03993,0,53.7498,28
234.5,ue_n042_0012,gNB_4G_2,-67,gNB_5G,-67,0.630784,2,1.63993,1,41.0327,28
234.5,ue_ujeongwon_0011,gNB_4G_1,-55,gNB_4G_2,-75,0.311296,0,-1,0,29.1009,28
234.5,ue_n001_0014,gNB_4G_1,-48,gNB_4G_2,-79,0.548864,0,-1,0,35.656,28
235.5,car_north_peak_006,gNB_5G,0,,-140,0,0,-1,0,-20.1977,0
235.5,ue_n001_0006,gNB_4G_1,-39,gNB_5G,-89,0.688128,0,-1,0,59.31,28
235.5,ue_n043_0012,gNB_4G_2,-57,gNB_5G,-75,0.196608,1,23.0399,0,59.5035,28
235.5,car_north_base_011,gNB_4G_1,-44,gNB_4G_2,-70,0.278528,0,-1,0,20.1954,23
235.5,ue_n042_0002,gNB_4G_2,-46,gNB_4G_1,-51,0.688128,2,61.0399,1,16.9683,15
235.5,ue_ujeongwon_0001,gNB_4G_1,-45,gNB_4G_2,-55,0.385024,0,-1,0,12.4695,16
235.5,ue_n043_0009,gNB_4G_2,-47,gNB_5G,-51,0.745472,5,41.8399,1,28.5755,25
235.5,ue_n043_0010,gNB_4G_2,-58,gNB_5G,-67,0.2048,5,25.8399,1,34.0875,28
235.5,ue_n043_0001,gNB_4G_2,-45,gNB_5G,-54,0.352256,3,144.44,0,11.6002,14
235.5,ue_n001_0009,gNB_4G_1,-54,gNB_5G,-64,0.581632,0,-1,0,62.7282,28
235.5,ue_n001_0001,gNB_4G_2,-47,gNB_4G_1,-47,0.581632,3,59.6399,1,58.6425,28
235.5,car_north_base_010,gNB_4G_2,-45,gNB_4G_1,-53,0.212992,1,7.43993,0,62.3059,28
235.5,ue_ujeongwon_0002,gNB_4G_1,-46,gNB_4G_2,-56,0.8192,0,-1,0,19.192,23
235.5,ue_n001_0007,gNB_4G_1,-45,gNB_5G,-59,0.270336,0,-1,0,22.8756,27
235.5,ue_n001_0012,gNB_4G_1,-48,gNB_5G,-77,0.688128,0,-1,0,27.9004,28
235.5,ue_n042_0011,gNB_4G_2,-57,gNB_5G,-70,0.630784,2,10.6399,1,55.7969,28
235.5,car_north_base_002_rider,gNB_4G_2,-50,gNB_4G_1,-87,0.8192,3,90.6399,1,38.4023,28
235.5,car_north_base_009,gNB_4G_2,-43,gNB_4G_1,-51,0.319488,3,12.4399,0,24.0435,27
235.5,car_north_peak_009,gNB_4G_1,-47,gNB_5G,-63,0.516096,0,-1,0,58.3022,28
235.5,ue_n043_0003,gNB_4G_2,-44,gNB_5G,-53,0.442368,5,116.44,0,2.34946,7
235.5,ue_n042_0009,gNB_4G_2,-52,gNB_5G,-64,0.16384,0,-1,0,62.3103,28
235.5,ue_n042_0004,gNB_4G_2,-45,gNB_4G_1,-48,0.8192,2,7.83993,0,67.4028,28
235.5,ue_n001_0011,gNB_4G_1,-47,gNB_5G,-77,0.172032,0,-1,0,68.4903,28
235.5,ue_n042_0010,gNB_4G_2,-54,gNB_5G,-65,0.08192,0,-1,0,49.4544,28
235.5,ue_n043_0004,gNB_4G_2,-48,gNB_5G,-56,0.745472,7,64.6399,1,46.2761,28
235.5,ue_n001_0010,gNB_4G_1,-47,gNB_4G_2,-60,0.8192,0,-1,0,22.3484,28
235.5,ue_n043_0005,gNB_4G_2,-49,gNB_5G,-55,0.483328,5,84.8399,1,42.473,28
235.5,ue_ujeongwon_0004,gNB_4G_2,-46,gNB_4G_1,-51,0.12288,1,42.8399,0,18.0799,28
235.5,ue_ujeongwon_0005,gNB_4G_1,-46,gNB_4G_2,-53,0.2048,2,0.639928,0,44.9141,22
235.5,ue_n001_0005,gNB_4G_1,-46,gNB_4G_2,-70,0.581632,0,-1,0,28.7029,25
235.5,ue_n043_0011,gNB_4G_2,0,,-140,0,0,-1,0,42.9264,28
235.5,car_north_peak_008_rider,gNB_4G_1,-48,gNB_5G,-62,0.344064,0,-1,0,44.341,28
235.5,ue_n043_0006,gNB_4G_2,-41,gNB_5G,-65,0.589824,5,72.6399,1,72.2633,28
235.5,ue_ujeongwon_0007,gNB_4G_1,-50,gNB_5G,-82,0.8192,0,-1,0,62.6267,28
235.5,ue_ujeongwon_0008,gNB_4G_1,-45,gNB_5G,-81,0.360448,0,-1,0,59.429,28
235.5,ue_n043_0007,gNB_4G_2,-43,gNB_5G,-61,0.4096,7,67.6399,1,52.9141,28
235.5,ue_ujeongwon_0009,gNB_4G_2,-44,gNB_4G_1,-48,0.581632,1,25.8399,0,9.47772,12
235.5,car_north_base_012_rider,gNB_4G_1,-38,gNB_5G,-65,0.344064,0,-1,0,54.7126,28
235.5,ue_ujeongwon_0010,gNB_4G_1,-40,gNB_4G_2,-66,0.679936,0,-1,0,73.3504,28
235.5,car_north_base_008_rider,gNB_4G_2,-57,gNB_5G,-70,0.172032,3,23.2399,1,40.2167,28
235.5,ue_n043_0008,gNB_4G_2,-42,gNB_5G,-51,0.73728,5,35.2399,0,16.2596,19
235.5,ue_n001_0008,gNB_4G_1,-47,gNB_5G,-61,0.303104,0,-1,0,24.3517,22
235.5,car_north_peak_010_rider,gNB_4G_1,-41,gNB_5G,-65,0.188416,0,-1,0,33.9957,28
235.5,car_north_peak_007,gNB_4G_2,-48,gNB_4G_1,-49,0.253952,1,1.23993,0,63.6125,28
235.5,ue_n043_0013,gNB_4G_2,-56,gNB_5G,-75,0.630784,1,22.0399,0,55.8784,28
235.5,ue_n001_0013,gNB_4G_1,-45,gNB_5G,-71,0.376832,0,-1,0,44.7559,28
235.5,car_north_base_013,gNB_4G_1,-50,gNB_4G_2,-65,0.303104,0,-1,0,22.838,28
235.5,ue_n043_0014,gNB_4G_2,-57,gNB_4G_1,-67,0.483328,1,9.03993,0,53.8227,28
235.5,ue_n042_0012,gNB_4G_2,-65,gNB_5G,-66,0.630784,2,2.63993,1,34.1016,28
235.5,ue_ujeongwon_0011,gNB_4G_1,-55,gNB_4G_2,-78,0.311296,0,-1,0,55.1137,28
235.5,ue_n001_0014,gNB_4G_1,-47,gNB_4G_2,-80,0.548864,0,-1,0,33.1097,28
235.5,car_north_base_014_rider,gNB_4G_1,-44,gNB_4G_2,-79,0.08192,0,-1,0,63.0417,28
236.5,car_north_peak_006,gNB_5G,0,,-140,0,0,-1,0,-20.1977,0
236.5,ue_n001_0006,gNB_4G_1,-39,gNB_5G,-91,0.679936,0,-1,0,57.7637,28
236.5,ue_n043_0012,gNB_4G_2,-52,gNB_5G,-75,0.172032,1,24.0399,0,54.7114,28
236.5,car_north_base_011,gNB_4G_1,-45,gNB_4G_2,-66,0.28672,0,-1,0,66.3335,28
236.5,ue_n042_0002,gNB_4G_2,-46,gNB_4G_1,-51,0.589824,2,62.0399,1,13.0314,14
236.5,ue_ujeongwon_0001,gNB_4G_1,-44,gNB_4G_2,-54,0.393216,0,-1,0,20.1184,19
236.5,ue_n043_0009,gNB_4G_2,-46,gNB_5G,-50,0.679936,5,42.8399,1,59.7192,28
236.5,ue_n043_0010,gNB_4G_2,-56,gNB_5G,-69,0.196608,5,26.8399,1,42.4279,28
236.5,ue_n043_0001,gNB_4G_2,-46,gNB_5G,-54,0.344064,3,145.44,0,16.8437,22
236.5,ue_n001_0009,gNB_4G_1,-48,gNB_5G,-64,0.589824,0,-1,0,52.8743,28
236.5,ue_n001_0001,gNB_4G_2,-47,gNB_4G_1,-49,0.466944,3,60.6399,1,63.05,28
236.5,car_north_base_010,gNB_4G_2,-48,gNB_4G_1,-50,0.2048,1,8.43993,0,65.8486,28
236.5,ue_ujeongwon_0002,gNB_4G_1,-46,gNB_4G_2,-54,0.811008,0,-1,0,17.9451,22
236.5,ue_n001_0007,gNB_4G_1,-45,gNB_4G_2,-59,0.262144,0,-1,0,15.113,20
236.5,ue_n001_0012,gNB_4G_1,-42,gNB_4G_2,-66,0.679936,0,-1,0,28.2931,28
236.5,ue_n042_0011,gNB_4G_2,-55,gNB_5G,-70,0.630784,2,11.6399,1,57.1939,28
236.5,car_north_base_002_rider,gNB_4G_2,-49,gNB_4G_1,-80,0.720896,3,91.6399,1,-13.1196,0
236.5,car_north_base_009,gNB_4G_2,-43,gNB_4G_1,-51,0.294912,3,13.4399,0,27.1626,25
236.5,car_north_peak_009,gNB_4G_1,-48,gNB_5G,-64,0.507904,0,-1,0,56.9202,28
236.5,ue_n043_0003,gNB_4G_2,-51,gNB_5G,-53,0.376832,5,117.44,0,58.3675,28
236.5,ue_n042_0009,gNB_4G_2,-51,gNB_5G,-65,0.155648,0,-1,0,60.2665,28
236.5,ue_n042_0004,gNB_4G_2,-45,gNB_4G_1,-48,0.69632,2,8.83993,0,58.3723,28
236.5,ue_n001_0011,gNB_4G_1,-45,gNB_5G,-79,0.172032,0,-1,0,69.4104,28
236.5,ue_n042_0010,gNB_4G_2,-56,gNB_5G,-67,0.090112,0,-1,0,56.4598,27
236.5,ue_n043_0004,gNB_4G_2,-47,gNB_5G,-53,0.745472,7,65.6399,1,64.3409,28
236.5,ue_n001_0010,gNB_4G_1,-54,gNB_4G_2,-61,0.8192,0,-1,0,20.3514,23
236.5,ue_n043_0005,gNB_4G_2,-47,gNB_5G,-52,0.483328,5,85.8399,1,63.4838,28
236.5,ue_ujeongwon_0004,gNB_4G_2,-46,gNB_4G_1,-51,0.114688,1,43.8399,0,64.9538,0
236.5,ue_ujeongwon_0005,gNB_4G_1,-47,gNB_4G_2,-45,0.106496,2,1.63993,0,-6.08781,0
236.5,ue_n001_0005,gNB_4G_1,-47,gNB_4G_2,-69,0.589824,0,-1,0,63.3559,28
236.5,ue_n043_0011,gNB_4G_1,0,,-140,0,0,-1,0,42.9264,28
236.5,car_north_peak_008_rider,gNB_4G_1,-52,gNB_5G,-62,0.262144,0,-1,0,8.78735,14
236.5,ue_n043_0006,gNB_4G_2,-39,gNB_5G,-65,0.581632,5,73.6399,1,51.7827,28
236.5,ue_ujeongwon_0007,gNB_4G_1,-46,gNB_5G,-75,0.8192,0,-1,0,64.0457,28
236.5,ue_ujeongwon_0008,gNB_4G_1,-48,gNB_5G,-80,0.352256,0,-1,0,68.5872,28
236.5,ue_n043_0007,gNB_4G_2,-43,gNB_5G,-61,0.4096,7,68.6399,1,57.6707,28
236.5,ue_ujeongwon_0009,gNB_4G_2,-44,gNB_4G_1,-48,0.524288,1,26.8399,0,62.1848,28
236.5,car_north_base_012_rider,gNB_4G_1,-37,gNB_5G,-69,0.335872,0,-1,0,78.1111,28
236.5,ue_ujeongwon_0010,gNB_4G_1,-38,gNB_4G_2,-71,0.679936,0,-1,0,71.2804,28
236.5,car_north_base_008_rider,gNB_4G_2,-57,gNB_5G,-70,0.172032,3,24.2399,1,37.8817,28
236.5,ue_n043_0008,gNB_4G_2,-47,gNB_5G,-50,0.663552,5,36.2399,0,64.9832,28
236.5,ue_n001_0008,gNB_4G_1,-47,gNB_4G_2,-61,0.303104,0,-1,0,25.3316,25
236.5,car_north_peak_010_rider,gNB_4G_1,-44,gNB_5G,-63,0.188416,0,-1,0,35.1524,28
236.5,car_north_peak_007,gNB_4G_2,-45,gNB_5G,-58,0.237568,1,2.23993,0,67.8598,28
236.5,ue_n043_0013,gNB_4G_2,-55,gNB_5G,-75,0.630784,1,23.0399,0,54.4081,28
236.5,ue_n001_0013,gNB_4G_1,-44,gNB_5G,-66,0.36864,0,-1,0,61.2704,28
236.5,car_north_base_013,gNB_4G_1,-57,gNB_4G_2,-67,0.303104,0,-1,0,24.5131,28
236.5,ue_n043_0014,gNB_4G_2,-57,gNB_4G_1,-73,0.483328,1,10.0399,0,21.5483,25
236.5,ue_n042_0012,gNB_4G_2,-63,gNB_5G,-66,0.630784,2,3.63993,1,47.1678,28
236.5,ue_ujeongwon_0011,gNB_4G_1,-56,gNB_4G_2,-78,0.319488,0,-1,0,29.7396,28
236.5,ue_n001_0014,gNB_4G_1,-48,gNB_5G,-76,0.540672,0,-1,0,-16.4715,0
236.5,car_north_base_014_rider,gNB_4G_1,-44,gNB_4G_2,-77,0.188416,0,-1,0,59.3764,28
237.5,car_north_peak_006,gNB_5G,0,,-140,0,0,-1,0,-20.1977,0
237.5,ue_n001_0006,gNB_4G_1,-47,gNB_5G,-91,0.688128,0,-1,0,57.0009,28
237.5,ue_n043_0012,gNB_4G_2,-56,gNB_4G_1,-60,0.2048,1,25.0399,0,55.3918,28
237.5,car_north_base_011,gNB_4G_1,-43,gNB_4G_2,-68,0.278528,0,-1,0,57.2423,28
237.5,ue_n042_0002,gNB_4G_2,-46,gNB_4G_1,-51,0.663552,2,63.0399,1,21.9301,26
237.5,ue_ujeongwon_0001,gNB_4G_1,-43,gNB_4G_2,-53,0.385024,0,-1,0,15.2264,21
237.5,ue_n043_0009,gNB_4G_2,-46,gNB_5G,-50,0.802816,5,43.8399,1,62.4106,25
237.5,ue_n043_0010,gNB_4G_2,-55,gNB_5G,-67,0.2048,5,27.8399,1,37.1051,28
237.5,ue_n043_0001,gNB_4G_2,-46,gNB_4G_1,-52,0.352256,3,146.44,0,66.1721,28
237.5,ue_n001_0009,gNB_4G_1,-57,gNB_5G,-66,0.581632,0,-1,0,12.3281,13
237.5,ue_n001_0001,gNB_4G_2,-48,gNB_4G_1,-47,0.565248,3,61.6399,1,61.6026,28
237.5,car_north_base_010,gNB_4G_2,-43,gNB_4G_1,-53,0.196608,1,9.43993,0,68.1204,28
237.5,ue_ujeongwon_0002,gNB_4G_1,-48,gNB_4G_2,-55,0.827392,0,-1,0,20.0608,20
237.5,ue_n001_0007,gNB_4G_1,-45,gNB_4G_2,-59,0.262144,0,-1,0,18.7994,21
237.5,ue_n001_0012,gNB_4G_1,-55,gNB_4G_2,-67,0.679936,0,-1,0,28.5937,28
237.5,ue_n042_0011,gNB_4G_2,-54,gNB_5G,-71,0.630784,2,12.6399,1,43.9587,28
237.5,car_north_base_002_rider,gNB_4G_1,-61,gNB_4G_2,-78,0.622592,4,0.639928,0,24.072,28
237.5,car_north_base_009,gNB_4G_2,-44,gNB_4G_1,-51,0.303104,3,14.4399,0,31.8114,28
237.5,car_north_peak_009,gNB_4G_1,-45,gNB_5G,-62,0.516096,0,-1,0,43.9402,28
237.5,ue_n043_0003,gNB_4G_2,-47,gNB_5G,-53,0.483328,5,118.44,0,14.2005,19
237.5,ue_n042_0009,gNB_4G_2,-49,gNB_5G,-63,0.155648,0,-1,0,51.8684,28
237.5,ue_n042_0004,gNB_4G_2,-45,gNB_4G_1,-48,0.868352,2,9.83993,0,19.701,23
237.5,ue_n001_0011,gNB_4G_1,-45,gNB_5G,-81,0.172032,0,-1,0,64.2894,28
237.5,ue_n042_0010,gNB_4G_2,-55,gNB_5G,-65,0.090112,0,-1,0,58.8801,28
237.5,ue_n043_0004,gNB_4G_2,-46,gNB_5G,-53,0.745472,7,66.6399,1,64.1716,28
237.5,ue_n001_0010,gNB_4G_1,-52,gNB_4G_2,-60,0.8192,0,-1,0,65.5278,28
237.5,ue_n043_0005,gNB_4G_2,-47,gNB_5G,-51,0.483328,5,86.8399,1,44.4384,28
237.5,ue_ujeongwon_0004,gNB_4G_2,-46,gNB_4G_1,-51,0.114688,1,44.8399,0,19.5037,25
237.5,ue_ujeongwon_0005,gNB_4G_2,-43,gNB_4G_1,-46,0.28672,3,0.839928,1,68.5848,28
237.5,ue_n001_0005,gNB_4G_1,-45,gNB_5G,-60,0.581632,0,-1,0,63.3744,28
237.5,ue_n043_0011,gNB_4G_1,0,,-140,0,0,-1,0,42.9264,28
237.5,car_north_peak_008_rider,gNB_4G_2,-46,gNB_4G_1,-52,0.24576,1,0.0399283,0,63.3807,28
237.5,ue_n043_0006,gNB_4G_2,-43,gNB_5G,-68,0.589824,5,74.6399,1,67.4901,28
237.5,ue_ujeongwon_0007,gNB_4G_1,-46,gNB_5G,-75,0.8192,0,-1,0,69.4111,28
237.5,ue_ujeongwon_0008,gNB_4G_1,-53,gNB_5G,-94,0.360448,0,-1,0,65.5406,28
237.5,ue_n043_0007,gNB_4G_2,-44,gNB_5G,-65,0.4096,7,69.6399,1,55.7461,28
237.5,ue_ujeongwon_0009,gNB_4G_2,-44,gNB_4G_1,-48,0.589824,1,27.8399,0,18.1159,22
237.5,car_north_base_012_rider,gNB_4G_1,-37,gNB_5G,-65,0.344064,0,-1,0,74.2456,28
237.5,ue_ujeongwon_0010,gNB_4G_1,-39,gNB_4G_2,-84,0.688128,0,-1,0,51.0228,28
237.5,car_north_base_008_rider,gNB_4G_2,-58,gNB_5G,-67,0.172032,3,25.2399,1,38.2773,28
237.5,ue_n043_0008,gNB_4G_2,-46,gNB_5G,-50,0.761856,5,37.2399,0,65.5165,28
237.5,ue_n001_0008,gNB_4G_1,-51,gNB_4G_2,-63,0.303104,0,-1,0,23.6585,24
237.5,car_north_peak_010_rider,gNB_4G_1,-46,gNB_5G,-66,0.188416,0,-1,0,15.0212,18
237.5,car_north_peak_007,gNB_4G_2,-42,gNB_4G_1,-58,0.262144,1,3.23993,0,19.7326,25
237.5,ue_n043_0013,gNB_4G_2,-56,gNB_5G,-75,0.598016,1,24.0399,0,56.0278,28
237.5,ue_n001_0013,gNB_4G_1,-44,gNB_5G,-68,0.36864,0,-1,0,63.5449,28
237.5,car_north_base_013,gNB_4G_1,-57,gNB_4G_2,-67,0.303104,0,-1,0,26.3613,28
237.5,ue_n043_0014,gNB_4G_2,-56,gNB_5G,-74,0.466944,1,11.0399,0,52.1998,28
237.5,ue_n042_0012,gNB_4G_2,-62,gNB_5G,-69,0.630784,2,4.63993,1,29.4688,28
237.5,ue_ujeongwon_0011,gNB_4G_1,-57,gNB_4G_2,-78,0.311296,0,-1,0,29.8147,27
237.5,ue_n001_0014,gNB_4G_1,-43,gNB_4G_2,-78,0.548864,0,-1,0,-19.2339,0
237.5,car_north_base_014_rider,gNB_4G_1,-47,gNB_4G_2,-78,0.196608,0,-1,0,32.9316,28
237.5,ue_n001_0015,gNB_4G_1,-46,gNB_5G,-77,0.278528,0,-1,0,35.6146,28
237.5,ue_n042_0013,gNB_5G,-63,gNB_4G_2,-68,0.352256,1,0.0399284,0,47.3657,28
238.5,car_north_peak_006,gNB_5G,0,,-140,0,0,-1,0,-20.1977,0
238.5,ue_n001_0006,gNB_4G_1,-41,gNB_5G,-92,0.679936,0,-1,0,58.4496,28
238.5,ue_n043_0012,gNB_4G_2,-55,gNB_4G_1,-57,0.180224,1,26.0399,0,8.83427,8
238.5,car_north_base_011,gNB_4G_1,-46,gNB_5G,-67,0.28672,0,-1,0,20.0083,20
238.5,ue_n042_0002,gNB_4G_2,-42,gNB_4G_1,-51,0.671744,2,64.0399,1,18.3944,22
238.5,ue_ujeongwon_0001,gNB_4G_1,-46,gNB_4G_2,-55,0.393216,0,-1,0,66.4582,28
238.5,ue_n043_0009,gNB_4G_2,-47,gNB_5G,-51,0.73728,5,44.8399,1,12.9108,23
238.5,ue_n043_0010,gNB_4G_2,-55,gNB_5G,-65,0.196608,5,28.8399,1,42.3723,28
238.5,ue_n043_0001,gNB_4G_2,-45,gNB_4G_1,-51,0.360448,3,147.44,0,64.6727,28
238.5,ue_n001_0009,gNB_4G_1,-57,gNB_4G_2,-66,0.581632,0,-1,0,56.0552,28
238.5,ue_n001_0001,gNB_4G_2,-48,gNB_4G_1,-47,0.565248,3,62.6399,1,14.6682,20
238.5,car_north_base_010,gNB_4G_2,-43,gNB_4G_1,-51,0.2048,1,10.4399,0,17.0915,22
238.5,ue_ujeongwon_0002,gNB_4G_1,-52,gNB_4G_2,-54,0.8192,0,-1,0,11.8422,16
238.5,ue_n001_0007,gNB_4G_1,-46,gNB_4G_2,-58,0.262144,0,-1,0,66.2664,28
238.5,ue_n001_0012,gNB_4G_1,-43,gNB_4G_2,-67,0.688128,0,-1,0,30.9021,25
238.5,ue_n042_0011,gNB_4G_2,-61,gNB_5G,-66,0.630784,2,13.6399,1,38.3007,28
238.5,car_north_base_002_rider,gNB_4G_1,-61,gNB_4G_2,-82,0.622592,4,1.63993,0,16.3571,4
238.5,car_north_base_009,gNB_4G_2,-41,gNB_4G_1,-50,0.311296,3,15.4399,0,69.0444,28
238.5,car_north_peak_009,gNB_4G_1,-49,gNB_5G,-63,0.425984,0,-1,0,3.44208,8
238.5,ue_n043_0003,gNB_4G_2,-48,gNB_5G,-53,0.45056,5,119.44,0,19.5204,18
238.5,ue_n042_0009,gNB_4G_2,-47,gNB_5G,-62,0.155648,0,-1,0,50.3378,28
238.5,ue_n042_0004,gNB_4G_2,-45,gNB_4G_1,-48,0.786432,2,10.8399,0,11.2834,14
238.5,ue_n001_0011,gNB_4G_1,-43,gNB_5G,-79,0.16384,0,-1,0,64.687,28
238.5,ue_n042_0010,gNB_4G_2,-52,gNB_5G,-67,0.090112,0,-1,0,39.8389,28
238.5,ue_n043_0004,gNB_4G_2,-46,gNB_5G,-53,0.745472,7,67.6399,1,35.6425,28
238.5,ue_n001_0010,gNB_4G_1,-45,gNB_4G_2,-61,0.811008,0,-1,0,17.4342,20
238.5,ue_n043_0005,gNB_4G_2,-47,gNB_5G,-52,0.475136,5,87.8399,1,40.5751,28
238.5,ue_ujeongwon_0004,gNB_4G_2,-42,gNB_4G_1,-51,0.114688,1,45.8399,0,17.5557,13
238.5,ue_ujeongwon_0005,gNB_4G_2,-42,gNB_4G_1,-52,0.32768,3,1.83993,1,20.9795,24
238.5,ue_n001_0005,gNB_4G_1,-45,gNB_5G,-61,0.581632,0,-1,0,33.5339,28
238.5,ue_n043_0011,gNB_4G_1,0,,-140,0,0,-1,0,42.9264,28
238.5,car_north_peak_008_rider,gNB_4G_2,-46,gNB_4G_1,-53,0.311296,1,1.03993,0,25.8571,24
238.5,ue_n043_0006,gNB_4G_2,-43,gNB_5G,-68,0.581632,5,75.6399,1,54.9236,28
238.5,ue_ujeongwon_0007,gNB_4G_1,-45,gNB_5G,-87,0.8192,0,-1,0,66.4725,28
238.5,ue_ujeongwon_0008,gNB_4G_1,-48,gNB_5G,-82,0.352256,0,-1,0,67.5383,28
238.5,ue_n043_0007,gNB_4G_2,-41,gNB_5G,-62,0.4096,7,70.6399,1,56.8629,28
238.5,ue_ujeongwon_0009,gNB_4G_2,-44,gNB_4G_1,-48,0.589824,1,28.8399,0,66.9558,28
238.5,car_north_base_012_rider,gNB_4G_1,-35,gNB_5G,-70,0.335872,0,-1,0,73.1144,28
238.5,ue_ujeongwon_0010,gNB_4G_1,-39,gNB_4G_2,-84,0.679936,0,-1,0,30.2272,28
238.5,car_north_base_008_rider,gNB_4G_2,-54,gNB_5G,-67,0.172032,3,26.2399,1,44.2038,28
238.5,ue_n043_0008,gNB_4G_2,-44,gNB_5G,-51,0.712704,5,38.2399,0,14.6923,28
238.5,ue_n001_0008,gNB_4G_1,-47,gNB_4G_2,-60,0.303104,0,-1,0,61.4536,28
238.5,car_north_peak_010_rider,gNB_4G_1,-48,gNB_4G_2,-64,0.180224,0,-1,0,66.7765,28
238.5,car_north_peak_007,gNB_4G_2,-43,gNB_4G_1,-50,0.262144,1,4.23993,0,29.1915,23
238.5,ue_n043_0013,gNB_4G_2,-55,gNB_4G_1,-57,0.565248,1,25.0399,0,5.49596,8
238.5,ue_n001_0013,gNB_4G_1,-43,gNB_5G,-70,0.376832,0,-1,0,37.9296,28
238.5,car_north_base_013,gNB_4G_1,-52,gNB_4G_2,-64,0.303104,0,-1,0,72.0317,28
238.5,ue_n043_0014,gNB_4G_2,-58,gNB_5G,-74,0.483328,1,12.0399,0,18.1029,23
238.5,ue_n042_0012,gNB_4G_2,-61,gNB_5G,-71,0.630784,2,5.63993,1,36.3699,28
238.5,ue_ujeongwon_0011,gNB_4G_1,-58,gNB_5G,-78,0.319488,0,-1,0,32.8811,28
238.5,ue_n001_0014,gNB_4G_1,-43,gNB_4G_2,-79,0.548864,0,-1,0,-21.0485,0
238.5,car_north_base_014_rider,gNB_4G_1,-48,gNB_4G_2,-79,0.188416,0,-1,0,33.595,28
238.5,ue_n001_0015,gNB_4G_1,-46,gNB_5G,-77,0.630784,0,-1,0,38.9019,16
238.5,ue_n042_0013,gNB_5G,-63,gNB_4G_2,-67,0.8192,1,1.03993,0,47.3657,28
238.5,ue_n042_0014,gNB_5G,-63,gNB_4G_2,-68,0.32768,1,0.0399284,0,47.3657,28
239.5,car_north_peak_006,gNB_5G,0,,-140,0,0,-1,0,-20.1977,0
239.5,ue_n001_0006,gNB_4G_1,-41,gNB_5G,-96,0.679936,0,-1,0,61.0826,28
239.5,ue_n043_0012,gNB_4G_2,-60,gNB_4G_1,-58,0.180224,1,27.0399,0,54.5067,28
239.5,car_north_base_011,gNB_4G_1,-46,gNB_5G,-63,0.278528,0,-1,0,25.9844,26
239.5,ue_n042_0002,gNB_4G_2,-46,gNB_4G_1,-51,0.598016,2,65.0399,1,66.886,28
239.5,ue_ujeongwon_0001,gNB_4G_1,-46,gNB_4G_2,-56,0.393216,0,-1,0,18.1579,24
239.5,ue_n043_0009,gNB_4G_2,-45,gNB_5G,-50,0.65536,5,45.8399,1,66.8477,4
239.5,ue_n043_0010,gNB_4G_2,-56,gNB_5G,-69,0.196608,5,29.8399,1,32.1366,28
239.5,ue_n043_0001,gNB_4G_2,-46,gNB_4G_1,-50,0.294912,3,148.44,0,20.6981,19
239.5,ue_n001_0009,gNB_4G_1,-53,gNB_5G,-69,0.589824,0,-1,0,30.0223,25
239.5,ue_n001_0001,gNB_4G_2,-45,gNB_4G_1,-49,0.458752,3,63.6399,1,12.518,14
239.5,car_north_base_010,gNB_4G_2,-43,gNB_4G_1,-51,0.212992,1,11.4399,0,67.7597,28
239.5,ue_ujeongwon_0002,gNB_4G_1,-50,gNB_4G_2,-52,0.8192,0,-1,0,22.5527,19
239.5,ue_n001_0007,gNB_4G_1,-46,gNB_4G_2,-58,0.270336,0,-1,0,15.4614,19
239.5,ue_n001_0012,gNB_4G_1,-50,gNB_4G_2,-62,0.679936,0,-1,0,17.2991,22
239.5,ue_n042_0011,gNB_4G_2,-55,gNB_5G,-66,0.622592,2,14.6399,1,53.2256,28
239.5,car_north_base_002_rider,gNB_4G_2,-57,gNB_4G_1,-62,0.360448,5,0.439928,1,-7.81261,0
239.5,car_north_base_009,gNB_4G_2,-40,gNB_4G_1,-50,0.319488,3,16.4399,0,67.9689,28
239.5,car_north_peak_009,gNB_4G_2,-43,gNB_4G_1,-49,0.270336,1,0.239928,0,69.1239,28
239.5,ue_n043_0003,gNB_4G_2,-48,gNB_5G,-53,0.376832,5,120.44,0,62.6092,28
239.5,ue_n042_0009,gNB_4G_2,-45,gNB_5G,-63,0.16384,0,-1,0,66.9748,28
239.5,ue_n042_0004,gNB_4G_2,-44,gNB_4G_1,-48,0.69632,2,11.8399,0,13.8189,15
239.5,ue_n001_0011,gNB_4G_1,-47,gNB_5G,-97,0.172032,0,-1,0,26.4165,28
239.5,ue_n042_0010,gNB_4G_2,-57,gNB_5G,-70,0.090112,0,-1,0,39.8252,28
239.5,ue_n043_0004,gNB_4G_2,-45,gNB_5G,-53,0.745472,7,68.6399,1,48.528,28
239.5,ue_n001_0010,gNB_4G_1,-44,gNB_4G_2,-60,0.827392,0,-1,0,21.7144,22
239.5,ue_n043_0005,gNB_4G_2,-46,gNB_5G,-50,0.483328,5,88.8399,1,67.1123,28
239.5,ue_ujeongwon_0004,gNB_4G_2,-45,gNB_4G_1,-51,0.12288,1,46.8399,0,64.9538,28
239.5,ue_ujeongwon_0005,gNB_4G_2,-45,gNB_4G_1,-48,0.278528,3,2.83993,1,16.9407,18
239.5,ue_n001_0005,gNB_4G_1,-44,gNB_5G,-66,0.589824,0,-1,0,28.8558,28
239.5,ue_n043_0011,gNB_4G_1,0,,-140,0,0,-1,0,42.9264,28
239.5,car_north_peak_008_rider,gNB_4G_2,-43,gNB_4G_1,-52,0.36864,1,2.03993,0,70.3739,28
239.5,ue_n043_0006,gNB_4G_2,-42,gNB_5G,-65,0.589824,5,76.6399,1,65.9431,28
239.5,ue_ujeongwon_0007,gNB_4G_1,-48,gNB_5G,-84,0.8192,0,-1,0,52.3048,28
239.5,ue_ujeongwon_0008,gNB_4G_1,-48,gNB_5G,-82,0.360448,0,-1,0,63.5704,28
239.5,ue_n043_0007,gNB_4G_2,-42,gNB_5G,-63,0.4096,7,71.6399,1,70.4885,28
239.5,ue_ujeongwon_0009,gNB_4G_2,-44,gNB_4G_1,-48,0.49152,1,29.8399,0,13.8807,12
239.5,car_north_base_012_rider,gNB_4G_1,-41,gNB_5G,-68,0.344064,0,-1,0,52.4382,28
239.5,ue_ujeongwon_0010,gNB_4G_1,-39,gNB_4G_2,-72,0.688128,0,-1,0,29.717,28
239.5,car_north_base_008_rider,gNB_4G_2,-54,gNB_5G,-67,0.172032,3,27.2399,1,57.3589,28
239.5,ue_n043_0008,gNB_4G_2,-46,gNB_5G,-51,0.6144,5,39.2399,0,17.2086,21
239.5,ue_n001_0008,gNB_4G_1,-45,gNB_5G,-59,0.303104,0,-1,0,22.3776,26
239.5,car_north_peak_010_rider,gNB_4G_1,-46,gNB_5G,-62,0.188416,0,-1,0,40.6346,28
239.5,car_north_peak_007,gNB_4G_2,-43,gNB_4G_1,-50,0.24576,1,5.23993,0,13.7674,15
239.5,ue_n043_0013,gNB_4G_2,-55,gNB_4G_1,-57,0.557056,1,26.0399,0,-1.06488,4
239.5,ue_n001_0013,gNB_4G_1,-42,gNB_5G,-68,0.36864,0,-1,0,40.333,28
239.5,car_north_base_013,gNB_4G_1,-46,gNB_4G_2,-62,0.303104,0,-1,0,56.3134,28
239.5,ue_n043_0014,gNB_4G_2,-61,gNB_4G_1,-77,0.466944,1,13.0399,0,49.209,28
239.5,ue_n042_0012,gNB_4G_2,-56,gNB_5G,-70,0.630784,2,6.63993,1,54.6221,28
239.5,ue_ujeongwon_0011,gNB_4G_1,-54,gNB_5G,-72,0.311296,0,-1,0,28.0795,27
239.5,ue_n001_0014,gNB_4G_1,-44,gNB_4G_2,-79,0.540672,0,-1,0,-19.107,0
239.5,car_north_base_014_rider,gNB_4G_1,-46,gNB_4G_2,-79,0.188416,0,-1,0,36.2168,28
239.5,ue_n001_0015,gNB_4G_1,-49,gNB_5G,-77,0.630784,0,-1,0,38.4677,28
239.5,ue_n042_0013,gNB_5G,-63,gNB_4G_2,-66,0.8192,1,2.03993,0,43.59,28
239.5,ue_n042_0014,gNB_5G,-63,gNB_4G_2,-68,0.679936,1,1.03993,0,47.3657,28
240.5,car_north_peak_006,gNB_5G,0,,-140,0,0,-1,0,-20.1977,0
240.5,ue_n001_0006,gNB_4G_1,-41,gNB_4G_2,-95,0.688128,0,-1,0,55.1646,28
240.5,ue_n043_0012,gNB_4G_2,-56,gNB_5G,-72,0.196608,1,28.0399,0,53.7564,28
240.5,car_north_base_011,gNB_4G_1,-45,gNB_5G,-64,0.28672,0,-1,0,28.1553,22
240.5,ue_n042_0002,gNB_4G_2,-46,gNB_4G_1,-52,0.688128,2,66.0399,1,66.886,28
240.5,ue_ujeongwon_0001,gNB_4G_1,-45,gNB_4G_2,-54,0.385024,0,-1,0,68.8891,28
240.5,ue_n043_0009,gNB_4G_2,-44,gNB_5G,-48,0.770048,5,46.8399,1,64.3977,28
240.5,ue_n043_0010,gNB_4G_2,-56,gNB_5G,-69,0.2048,5,30.8399,1,56.0226,28
240.5,ue_n043_0001,gNB_4G_2,-46,gNB_4G_1,-51,0.376832,3,149.44,0,66.2476,28
240.5,ue_n001_0009,gNB_4G_1,-44,gNB_4G_2,-65,0.581632,0,-1,0,63.5332,28
240.5,ue_n001_0001,gNB_4G_2,-45,gNB_4G_1,-49,0.589824,3,64.6399,1,66.4586,28
240.5,car_north_base_010,gNB_4G_2,-42,gNB_5G,-52,0.212992,1,12.4399,0,68.8445,28
240.5,ue_ujeongwon_0002,gNB_4G_1,-50,gNB_4G_2,-53,0.811008,0,-1,0,18.4617,22
240.5,ue_n001_0007,gNB_4G_1,-46,gNB_4G_2,-55,0.262144,0,-1,0,68.0624,28
240.5,ue_n001_0012,gNB_4G_1,-42,gNB_4G_2,-62,0.688128,0,-1,0,40.5702,28
240.5,ue_n042_0011,gNB_4G_2,-57,gNB_5G,-68,0.630784,2,15.6399,1,43.1476,28
240.5,car_north_base_002_rider,gNB_4G_1,-67,gNB_5G,-94,0.688128,6,0.839928,1,36.687,28
240.5,car_north_base_009,gNB_4G_2,-42,gNB_5G,-55,0.311296,3,17.4399,0,45.716,28
240.5,car_north_peak_009,gNB_4G_2,-43,gNB_4G_1,-49,0.507904,1,1.23993,0,13.6897,11
240.5,ue_n043_0003,gNB_4G_2,-48,gNB_5G,-55,0.466944,5,121.44,0,62.513,28
240.5,ue_n042_0009,gNB_4G_2,-44,gNB_5G,-62,0.155648,0,-1,0,66.535,28
240.5,ue_n042_0004,gNB_4G_2,-45,gNB_4G_1,-48,0.868352,2,12.8399,0,19.9677,23
240.5,ue_n001_0011,gNB_4G_1,-42,gNB_4G_2,-77,0.172032,0,-1,0,64.5637,28
240.5,ue_n042_0010,gNB_4G_2,-56,gNB_5G,-67,0.090112,0,-1,0,52.3475,27
240.5,ue_n043_0004,gNB_4G_2,-43,gNB_5G,-52,0.745472,7,69.6399,1,58.9586,28
240.5,ue_n001_0010,gNB_4G_1,-51,gNB_4G_2,-60,0.8192,0,-1,0,23.3003,26
240.5,ue_n043_0005,gNB_4G_2,-44,gNB_5G,-51,0.483328,5,89.8399,1,39.5674,28
240.5,ue_ujeongwon_0004,gNB_4G_2,-46,gNB_4G_1,-51,0.106496,1,47.8399,0,64.9538,28
240.5,ue_ujeongwon_0005,gNB_4G_2,-46,gNB_4G_1,-46,0.335872,3,3.83993,1,63.2311,28
240.5,ue_n001_0005,gNB_4G_1,-47,gNB_5G,-68,0.581632,0,-1,0,58.4621,28
240.5,ue_n043_0011,gNB_4G_1,0,,-140,0,0,-1,0,42.9264,28
240.5,car_north_peak_008_rider,gNB_4G_2,-46,gNB_5G,-58,0.335872,1,3.03993,0,32.6757,22
240.5,ue_n043_0006,gNB_4G_2,-44,gNB_5G,-64,0.581632,5,77.6399,1,51.9109,28
240.5,ue_ujeongwon_0007,gNB_4G_1,-46,gNB_5G,-82,0.811008,0,-1,0,26.3948,24
240.5,ue_ujeongwon_0008,gNB_4G_1,-44,gNB_5G,-78,0.352256,0,-1,0,61.7977,28
240.5,ue_n043_0007,gNB_4G_2,-41,gNB_5G,-65,0.4096,7,72.6399,1,60.3534,28
240.5,ue_ujeongwon_0009,gNB_4G_2,-44,gNB_4G_1,-48,0.598016,1,30.8399,0,66.9558,28
240.5,car_north_base_012_rider,gNB_4G_1,-40,gNB_4G_2,-86,0.344064,0,-1,0,66.5371,28
240.5,ue_ujeongwon_0010,gNB_4G_1,-41,gNB_4G_2,-69,0.679936,0,-1,0,70.3617,28
240.5,car_north_base_008_rider,gNB_4G_2,-53,gNB_5G,-68,0.16384,3,28.2399,1,57.2962,28
240.5,ue_n043_0008,gNB_4G_2,-46,gNB_5G,-51,0.786432,5,40.2399,0,20.5893,23
240.5,ue_n001_0008,gNB_4G_1,-45,gNB_4G_2,-59,0.303104,0,-1,0,59.9748,28
240.5,car_north_peak_010_rider,gNB_4G_1,-49,gNB_5G,-62,0.180224,0,-1,0,55.5589,28
240.5,car_north_peak_007,gNB_4G_2,-43,gNB_4G_1,-51,0.253952,1,6.23993,0,17.0826,21
240.5,ue_n043_0013,gNB_4G_2,-61,gNB_4G_1,-58,0.622592,1,27.0399,0,54.5067,28
240.5,ue_n001_0013,gNB_4G_1,-45,gNB_5G,-78,0.376832,0,-1,0,42.6262,28
240.5,car_north_base_013,gNB_4G_1,-43,gNB_4G_2,-67,0.303104,0,-1,0,42.5716,28
240.5,ue_n043_0014,gNB_4G_2,-61,gNB_4G_1,-70,0.466944,1,14.0399,0,20.3105,14
240.5,ue_n042_0012,gNB_4G_2,-55,gNB_5G,-73,0.630784,2,7.63993,1,56.8223,28
240.5,ue_ujeongwon_0011,gNB_4G_1,-53,gNB_5G,-78,0.319488,0,-1,0,55.2858,28
240.5,ue_n001_0014,gNB_4G_1,-46,gNB_5G,-78,0.548864,0,-1,0,-1.01275,4
240.5,car_north_base_014_rider,gNB_4G_1,-50,gNB_5G,-77,0.188416,0,-1,0,37.3151,28
240.5,ue_n001_0015,gNB_4G_1,-44,gNB_4G_2,-77,0.622592,0,-1,0,35.0273,25
240.5,ue_n042_0013,gNB_4G_2,-65,gNB_5G,-68,0.8192,2,0.239928,1,23.768,25
240.5,ue_n042_0014,gNB_5G,-63,gNB_4G_2,-66,0.688128,1,2.03993,0,43.59,28
241.5,car_north_peak_006,gNB_5G,0,,-140,0,0,-1,0,-20.1977,0
241.5,ue_n001_0006,gNB_4G_1,-43,gNB_4G_2,-91,0.679936,0,-1,0,35.8982,28
241.5,ue_n043_0012,gNB_4G_2,-57,gNB_5G,-72,0.196608,1,29.0399,0,37.563,28
241.5,car_north_base_011,gNB_4G_1,-47,gNB_5G,-61,0.278528,0,-1,0,56.2589,28
241.5,ue_n042_0002,gNB_4G_2,-46,gNB_4G_1,-51,0.69632,2,67.0399,1,12.2306,14
241.5,ue_ujeongwon_0001,gNB_4G_1,-46,gNB_4G_2,-53,0.393216,0,-1,0,61.5825,28
241.5,ue_n043_0009,gNB_4G_2,-44,gNB_5G,-51,0.745472,5,47.8399,1,68.7324,28
241.5,ue_n043_0010,gNB_4G_2,-56,gNB_5G,-69,0.196608,5,31.8399,1,40.6469,28
241.5,ue_n043_0001,gNB_4G_2,-45,gNB_4G_1,-51,0.352256,3,150.44,0,15.5998,20
241.5,ue_n001_0009,gNB_4G_1,-47,gNB_4G_2,-65,0.589824,0,-1,0,24.208,23
241.5,ue_n001_0001,gNB_4G_2,-44,gNB_4G_1,-49,0.581632,3,65.6399,1,18.2149,24
241.5,car_north_base_010,gNB_4G_2,-42,gNB_5G,-52,0.2048,1,13.4399,0,67.7967,28
241.5,ue_ujeongwon_0002,gNB_4G_1,-44,gNB_4G_2,-59,0.811008,0,-1,0,68.396,28
241.5,ue_n001_0007,gNB_4G_1,-47,gNB_4G_2,-54,0.262144,0,-1,0,14.9325,20
241.5,ue_n001_0012,gNB_4G_1,-43,gNB_4G_2,-63,0.679936,0,-1,0,37.3887,28
241.5,ue_n042_0011,gNB_4G_2,-57,gNB_5G,-67,0.630784,2,16.6399,1,55.0657,28
241.5,car_north_base_002_rider,gNB_4G_1,-67,gNB_5G,-84,0.638976,6,1.83993,1,-2.80739,2
241.5,car_north_base_009,gNB_4G_2,-42,gNB_5G,-54,0.319488,3,18.4399,0,42.8455,28
241.5,car_north_peak_009,gNB_4G_2,-44,gNB_5G,-57,0.524288,1,2.23993,0,41.1581,28
241.5,ue_n043_0003,gNB_4G_2,-48,gNB_4G_1,-56,0.442368,5,122.44,0,20.1694,22
241.5,ue_n042_0009,gNB_4G_2,-44,gNB_5G,-66,0.155648,0,-1,0,56.8929,28
241.5,ue_n042_0004,gNB_4G_2,-44,gNB_4G_1,-48,0.8192,2,13.8399,0,11.1592,14
241.5,ue_n001_0011,gNB_4G_1,-45,gNB_4G_2,-77,0.172032,0,-1,0,45.3835,28
241.5,ue_n042_0010,gNB_4G_2,-57,gNB_5G,-71,0.090112,0,-1,0,34.2991,28
241.5,ue_n043_0004,gNB_4G_2,-49,gNB_5G,-52,0.73728,7,70.6399,1,48.6903,28
241.5,ue_n001_0010,gNB_4G_1,-48,gNB_4G_2,-61,0.802816,0,-1,0,25.8568,25
241.5,ue_n043_0005,gNB_4G_2,-44,gNB_5G,-53,0.483328,5,90.8399,1,39.6585,28
241.5,ue_ujeongwon_0004,gNB_4G_2,-46,gNB_4G_1,-51,0.12288,1,48.8399,0,14.3329,19
241.5,ue_ujeongwon_0005,gNB_4G_2,-45,gNB_4G_1,-46,0.32768,3,4.83993,1,60.0963,28
241.5,ue_n001_0005,gNB_4G_1,-45,gNB_5G,-61,0.57344,0,-1,0,10.1992,14
241.5,ue_n043_0011,gNB_4G_2,0,,-140,0,0,-1,0,42.9264,28
241.5,car_north_peak_008_rider,gNB_4G_2,-44,gNB_4G_1,-53,0.344064,1,4.03993,0,12.3372,15
241.5,ue_n043_0006,gNB_4G_2,-42,gNB_5G,-62,0.589824,5,78.6399,1,59.2215,28
241.5,ue_ujeongwon_0007,gNB_4G_1,-43,gNB_4G_2,-91,0.827392,0,-1,0,36.0457,28
241.5,ue_ujeongwon_0008,gNB_4G_1,-45,gNB_5G,-88,0.352256,0,-1,0,56.8329,28
241.5,ue_n043_0007,gNB_4G_2,-39,gNB_5G,-65,0.4096,7,73.6399,1,45.3487,28
241.5,ue_ujeongwon_0009,gNB_4G_2,-44,gNB_4G_1,-48,0.581632,1,31.8399,0,12.5351,15
241.5,car_north_base_012_rider,gNB_4G_1,-40,gNB_4G_2,-84,0.335872,0,-1,0,49.3952,28
241.5,ue_ujeongwon_0010,gNB_4G_1,-39,gNB_4G_2,-68,0.679936,0,-1,0,57.6897,28
241.5,car_north_base_008_rider,gNB_4G_2,-53,gNB_5G,-68,0.172032,3,29.2399,1,57.6777,28
241.5,ue_n043_0008,gNB_4G_2,-44,gNB_5G,-50,0.745472,5,41.2399,0,23.3956,24
241.5,ue_n001_0008,gNB_4G_1,-46,gNB_4G_2,-59,0.303104,0,-1,0,19.3551,20
241.5,car_north_peak_010_rider,gNB_4G_2,-46,gNB_4G_1,-50,0.106496,1,0.239928,0,13.7301,28
241.5,car_north_peak_007,gNB_4G_2,-42,gNB_4G_1,-50,0.270336,1,7.23993,0,21.2645,25
241.5,ue_n043_0013,gNB_4G_2,-56,gNB_5G,-72,0.622592,1,28.0399,0,17.0891,23
241.5,ue_n001_0013,gNB_4G_1,-50,gNB_4G_2,-78,0.36864,0,-1,0,40.2512,28
241.5,car_north_base_013,gNB_4G_1,-40,gNB_5G,-77,0.311296,0,-1,0,51.9219,28
241.5,ue_n043_0014,gNB_4G_2,-61,gNB_4G_1,-68,0.49152,1,15.0399,0,53.0175,28
241.5,ue_n042_0012,gNB_4G_2,-54,gNB_5G,-72,0.622592,2,8.63993,1,29.9416,27
241.5,ue_ujeongwon_0011,gNB_4G_1,-54,gNB_4G_2,-81,0.311296,0,-1,0,58.3623,28
241.5,ue_n001_0014,gNB_4G_1,-44,gNB_5G,-74,0.548864,0,-1,0,65.9703,28
241.5,car_north_base_014_rider,gNB_4G_1,-48,gNB_4G_2,-75,0.196608,0,-1,0,38.2635,28
241.5,ue_n001_0015,gNB_4G_1,-52,gNB_5G,-75,0.630784,0,-1,0,42.6281,28
241.5,ue_n042_0013,gNB_4G_2,-65,gNB_5G,-70,0.8192,2,1.23993,1,26.7163,26
241.5,ue_n042_0014,gNB_4G_2,-65,gNB_5G,-68,0.679936,2,0.239928,1,24.3927,25
241.5,car_north_base_015_rider,gNB_4G_1,-44,gNB_4G_2,-79,0.16384,0,-1,0,58.2858,28
242.5,car_north_peak_006,gNB_5G,0,,-140,0,0,-1,0,-20.1977,0
242.5,ue_n001_0006,gNB_4G_1,-39,gNB_4G_2,-72,0.679936,0,-1,0,33.0033,26
242.5,ue_n043_0012,gNB_4G_2,-53,gNB_5G,-73,0.196608,1,30.0399,0,57.7647,28
242.5,car_north_base_011,gNB_4G_1,-47,gNB_5G,-60,0.28672,0,-1,0,66.9144,28
242.5,ue_n042_0002,gNB_4G_2,-46,gNB_4G_1,-51,0.679936,2,68.0399,1,62.1149,28
242.5,ue_ujeongwon_0001,gNB_4G_1,-44,gNB_4G_2,-51,0.385024,0,-1,0,7.8216,11
242.5,ue_n043_0009,gNB_4G_2,-42,gNB_5G,-54,0.745472,5,48.8399,1,63.3822,28
242.5,ue_n043_0010,gNB_4G_2,-56,gNB_5G,-74,0.2048,5,32.8399,1,56.6047,28
242.5,ue_n043_0001,gNB_4G_2,-47,gNB_4G_1,-54,0.360448,3,151.44,0,21.9436,24
242.5,ue_n001_0009,gNB_4G_1,-47,gNB_5G,-64,0.581632,0,-1,0,63.5256,28
242.5,ue_n001_0001,gNB_4G_2,-44,gNB_4G_1,-47,0.581632,3,66.6399,1,10.8142,16
242.5,car_north_base_010,gNB_4G_2,-42,gNB_4G_1,-51,0.212992,1,14.4399,0,62.87,28
242.5,ue_ujeongwon_0002,gNB_4G_1,-50,gNB_4G_2,-60,0.835584,0,-1,0,17.2417,21
242.5,ue_n001_0007,gNB_4G_1,-50,gNB_4G_2,-55,0.270336,0,-1,0,67.9824,28
242.5,ue_n001_0012,gNB_4G_1,-43,gNB_5G,-66,0.679936,0,-1,0,31.3994,28
242.5,ue_n042_0011,gNB_4G_2,-54,gNB_5G,-69,0.630784,2,17.6399,1,57.4299,28
242.5,car_north_base_002_rider,gNB_5G,-70,gNB_4G_1,-83,0.278528,7,0.0399284,0,42.9897,28
242.5,car_north_base_009,gNB_4G_2,-44,gNB_5G,-56,0.311296,3,19.4399,0,69.3115,28
242.5,car_north_peak_009,gNB_4G_2,-42,gNB_4G_1,-57,0.507904,1,3.23993,0,3.76659,9
242.5,ue_n043_0003,gNB_4G_2,-46,gNB_5G,-56,0.458752,5,123.44,0,60.2845,28
242.5,ue_n042_0009,gNB_4G_2,-41,gNB_5G,-63,0.155648,0,-1,0,52.6325,28
242.5,ue_n042_0004,gNB_4G_2,-45,gNB_4G_1,-48,0.8192,2,14.8399,0,67.4028,28
242.5,ue_n001_0011,gNB_4G_1,-56,gNB_4G_2,-77,0.172032,0,-1,0,57.9502,28
242.5,ue_n042_0010,gNB_4G_2,-57,gNB_5G,-70,0.090112,0,-1,0,54.568,28
242.5,ue_n043_0004,gNB_4G_2,-46,gNB_5G,-51,0.745472,7,71.6399,1,65.5106,28
242.5,ue_n001_0010,gNB_4G_1,-46,gNB_4G_2,-62,0.835584,0,-1,0,25.3682,28
242.5,ue_n043_0005,gNB_4G_2,-44,gNB_5G,-52,0.483328,5,91.8399,1,65.9525,28
242.5,ue_ujeongwon_0004,gNB_4G_2,-46,gNB_4G_1,-51,0.114688,1,49.8399,0,64.3739,28
242.5,ue_ujeongwon_0005,gNB_4G_2,-44,gNB_4G_1,-48,0.32768,3,5.83993,1,66.1415,28
242.5,ue_n001_0005,gNB_4G_1,-45,gNB_5G,-60,0.598016,0,-1,0,24.8449,22
242.5,ue_n043_0011,gNB_4G_2,0,,-140,0,0,-1,0,42.9264,28
242.5,car_north_peak_008_rider,gNB_4G_2,-43,gNB_4G_1,-52,0.344064,1,5.03993,0,17.152,19
242.5,ue_n043_0006,gNB_4G_2,-40,gNB_5G,-60,0.581632,5,79.6399,1,69.495,28
242.5,ue_ujeongwon_0007,gNB_4G_1,-44,gNB_4G_2,-77,0.8192,0,-1,0,37.4693,28
242.5,ue_ujeongwon_0008,gNB_4G_1,-43,gNB_5G,-84,0.360448,0,-1,0,58.7379,28
242.5,ue_n043_0007,gNB_4G_2,-43,gNB_5G,-68,0.4096,7,74.6399,1,52.2384,28
242.5,ue_ujeongwon_0009,gNB_4G_2,-44,gNB_4G_1,-48,0.581632,1,32.8399,0,11.2624,14
242.5,car_north_base_012_rider,gNB_4G_1,-56,gNB_4G_2,-86,0.344064,0,-1,0,59.4083,28
242.5,ue_ujeongwon_0010,gNB_4G_1,-38,gNB_4G_2,-78,0.688128,0,-1,0,68.6394,28
242.5,car_north_base_008_rider,gNB_4G_2,-53,gNB_5G,-68,0.172032,3,30.2399,1,57.0385,28
242.5,ue_n043_0008,gNB_4G_2,-45,gNB_5G,-52,0.745472,5,42.2399,0,20.5139,19
242.5,ue_n001_0008,gNB_4G_1,-47,gNB_4G_2,-58,0.303104,0,-1,0,64.5063,28
242.5,car_north_peak_010_rider,gNB_4G_2,-47,gNB_4G_1,-49,0.188416,1,1.23993,0,17.8712,22
242.5,car_north_peak_007,gNB_4G_2,-43,gNB_4G_1,-50,0.262144,1,8.23993,0,9.02223,13
242.5,ue_n043_0013,gNB_4G_2,-64,gNB_5G,-72,0.630784,1,29.0399,0,42.2573,28
242.5,ue_n001_0013,gNB_4G_1,-44,gNB_5G,-80,0.376832,0,-1,0,57.1299,28
242.5,car_north_base_013,gNB_4G_1,-39,gNB_5G,-79,0.303104,0,-1,0,52.3244,28
242.5,ue_n043_0014,gNB_4G_2,-58,gNB_5G,-76,0.483328,1,16.0399,0,56.5967,28
242.5,ue_n042_0012,gNB_4G_2,-62,gNB_5G,-66,0.638976,2,9.63993,1,35.5241,28
242.5,ue_ujeongwon_0011,gNB_4G_1,-53,gNB_4G_2,-81,0.319488,0,-1,0,34.8745,28
242.5,ue_n001_0014,gNB_4G_1,-43,gNB_5G,-79,0.540672,0,-1,0,57.2707,28
242.5,car_north_base_014_rider,gNB_4G_1,-50,gNB_5G,-74,0.188416,0,-1,0,27.1013,28
242.5,ue_n001_0015,gNB_4G_1,-47,gNB_5G,-78,0.630784,0,-1,0,27.4418,22
242.5,ue_n042_0013,gNB_4G_2,-64,gNB_5G,-66,0.8192,2,2.23993,1,46.7218,28
242.5,ue_n042_0014,gNB_4G_2,-67,gNB_5G,-70,0.679936,2,1.23993,1,21.6538,25
242.5,car_north_base_015_rider,gNB_4G_1,-44,gNB_4G_2,-77,0.376832,0,-1,0,66.7959,28
242.5,ue_ujeongwon_0012,gNB_4G_1,-56,gNB_4G_2,-76,0.131072,0,-1,0,27.5507,27
243.5,car_north_peak_006,gNB_5G,0,,-140,0,0,-1,0,-20.1977,0
243.5,ue_n001_0006,gNB_4G_1,-40,gNB_4G_2,-71,0.679936,0,-1,0,31.279,28
243.5,ue_n043_0012,gNB_4G_2,-53,gNB_5G,-71,0.188416,1,31.0399,0,56.6477,28
243.5,car_north_base_011,gNB_4G_1,-52,gNB_5G,-61,0.237568,0,-1,0,12.251,17
243.5,ue_n042_0002,gNB_4G_2,-45,gNB_4G_1,-51,0.679936,2,69.0399,1,14.5246,18
243.5,ue_ujeongwon_0001,gNB_4G_1,-41,gNB_4G_2,-52,0.385024,0,-1,0,15.6596,18
243.5,ue_n043_0009,gNB_4G_2,-47,gNB_5G,-50,0.73728,5,49.8399,1,16.4667,16
243.5,ue_n043_0010,gNB_4G_2,-56,gNB_5G,-70,0.196608,5,33.8399,1,53.8677,28
243.5,ue_n043_0001,gNB_4G_2,-47,gNB_4G_1,-51,0.352256,3,152.44,0,65.7222,28
243.5,ue_n001_0009,gNB_4G_1,-47,gNB_5G,-62,0.581632,0,-1,0,20.7103,22
243.5,ue_n001_0001,gNB_4G_2,-44,gNB_4G_1,-47,0.581632,3,67.6399,1,64.4181,28
243.5,car_north_base_010,gNB_4G_2,-44,gNB_4G_1,-54,0.212992,1,15.4399,0,63.7374,28
243.5,ue_ujeongwon_0002,gNB_4G_1,-48,gNB_4G_2,-55,0.8192,0,-1,0,19.6074,20
243.5,ue_n001_0007,gNB_4G_1,-51,gNB_4G_2,-53,0.262144,0,-1,0,66.533,28
243.5,ue_n001_0012,gNB_4G_1,-44,gNB_5G,-64,0.679936,0,-1,0,37.6825,28
243.5,ue_n042_0011,gNB_4G_2,-54,gNB_5G,-67,0.630784,2,18.6399,1,56.6022,28
243.5,car_north_base_002_rider,gNB_5G,-69,gNB_4G_1,-83,0.8192,7,1.03993,0,38.8978,28
243.5,car_north_base_009,gNB_4G_2,-42,gNB_5G,-53,0.311296,3,20.4399,0,30.7839,28
243.5,car_north_peak_009,gNB_4G_2,-42,gNB_4G_1,-50,0.516096,1,4.23993,0,66.9836,28
243.5,ue_n043_0003,gNB_4G_2,-46,gNB_5G,-55,0.458752,5,124.44,0,12.7011,17
243.5,ue_n042_0009,gNB_4G_2,-43,gNB_5G,-63,0.16384,0,-1,0,55.4802,28
243.5,ue_n042_0004,gNB_4G_2,-45,gNB_4G_1,-48,0.811008,2,15.8399,0,67.4028,28
243.5,ue_n001_0011,gNB_4G_1,-46,gNB_4G_2,-76,0.172032,0,-1,0,42.2043,28
243.5,ue_n042_0010,gNB_4G_2,-56,gNB_5G,-67,0.08192,0,-1,0,39.7359,28
243.5,ue_n043_0004,gNB_4G_2,-44,gNB_5G,-55,0.745472,7,72.6399,1,66.4378,28
243.5,ue_n001_0010,gNB_4G_1,-49,gNB_4G_2,-66,0.8192,0,-1,0,23.204,27
243.5,ue_n043_0005,gNB_4G_2,-45,gNB_5G,-53,0.483328,5,92.8399,1,66.4201,28
243.5,ue_ujeongwon_0004,gNB_4G_2,-46,gNB_4G_1,-51,0.114688,1,50.8399,0,11.5857,12
243.5,ue_ujeongwon_0005,gNB_4G_2,-44,gNB_4G_1,-49,0.32768,3,6.83993,1,16.0066,22
243.5,ue_n001_0005,gNB_4G_1,-45,gNB_5G,-57,0.581632,0,-1,0,26.8181,23
243.5,ue_n043_0011,gNB_4G_2,0,,-140,0,0,-1,0,42.9264,28
243.5,car_north_peak_008_rider,gNB_4G_2,-42,gNB_4G_1,-50,0.335872,1,6.03993,0,22.6016,28
243.5,ue_n043_0006,gNB_4G_2,-41,gNB_5G,-61,0.581632,5,80.6399,1,68.2134,28
243.5,ue_ujeongwon_0007,gNB_4G_1,-56,gNB_4G_2,-76,0.8192,0,-1,0,34.4532,28
243.5,ue_ujeongwon_0008,gNB_4G_1,-45,gNB_5G,-78,0.352256,0,-1,0,35.1588,28
243.5,ue_n043_0007,gNB_4G_2,-43,gNB_5G,-68,0.4096,7,75.6399,1,55.7592,28
243.5,ue_ujeongwon_0009,gNB_4G_2,-44,gNB_4G_1,-48,0.589824,1,33.8399,0,66.9558,28
243.5,car_north_base_012_rider,gNB_4G_1,-40,gNB_5G,-88,0.344064,0,-1,0,30.2635,28
243.5,ue_ujeongwon_0010,gNB_4G_1,-42,gNB_4G_2,-85,0.679936,0,-1,0,54.2651,28
243.5,car_north_base_008_rider,gNB_4G_2,-54,gNB_5G,-68,0.172032,3,31.2399,1,56.4984,28
243.5,ue_n043_0008,gNB_4G_2,-44,gNB_5G,-50,0.745472,5,43.2399,0,67.0675,28
243.5,ue_n001_0008,gNB_4G_1,-47,gNB_4G_2,-58,0.303104,0,-1,0,21.6953,23
243.5,car_north_peak_010_rider,gNB_4G_2,-44,gNB_5G,-59,0.188416,1,2.23993,0,46.0647,28
243.5,car_north_peak_007,gNB_4G_2,-44,gNB_4G_1,-51,0.253952,1,9.23993,0,59.2956,28
243.5,ue_n043_0013,gNB_4G_2,-54,gNB_5G,-73,0.630784,1,30.0399,0,57.7647,28
243.5,ue_n001_0013,gNB_4G_1,-44,gNB_5G,-81,0.36864,0,-1,0,61.2579,28
243.5,car_north_base_013,gNB_4G_1,-39,gNB_5G,-78,0.303104,0,-1,0,53.4324,28
243.5,ue_n043_0014,gNB_4G_2,-55,gNB_4G_1,-62,0.393216,1,17.0399,0,54.7041,28
243.5,ue_n042_0012,gNB_4G_2,-59,gNB_5G,-65,0.622592,2,10.6399,1,39.9806,28
243.5,ue_ujeongwon_0011,gNB_4G_1,-54,gNB_4G_2,-78,0.311296,0,-1,0,57.6084,28
243.5,ue_n001_0014,gNB_4G_1,-45,gNB_5G,-72,0.548864,0,-1,0,46.5168,28
243.5,car_north_base_014_rider,gNB_4G_1,-53,gNB_4G_2,-75,0.188416,0,-1,0,30.2197,28
243.5,ue_n001_0015,gNB_4G_1,-51,gNB_5G,-73,0.630784,0,-1,0,37.4626,28
243.5,ue_n042_0013,gNB_4G_2,-64,gNB_5G,-67,0.8192,2,3.23993,1,35.096,28
243.5,ue_n042_0014,gNB_4G_2,-66,gNB_5G,-67,0.679936,2,2.23993,1,33.4088,28
243.5,car_north_base_015_rider,gNB_4G_1,-45,gNB_4G_2,-79,0.36864,0,-1,0,33.478,28
243.5,ue_ujeongwon_0012,gNB_4G_1,-54,gNB_4G_2,-76,0.262144,0,-1,0,23.9763,27
244.5,car_north_peak_006,gNB_5G,0,,-140,0,0,-1,0,-20.1977,0
244.5,ue_n001_0006,gNB_4G_1,-43,gNB_4G_2,-71,0.688128,0,-1,0,32.6726,28
244.5,ue_n043_0012,gNB_4G_2,-54,gNB_4G_1,-59,0.196608,1,32.0399,0,11.8642,17
244.5,car_north_base_011,gNB_4G_2,-46,gNB_4G_1,-49,0.278528,1,0.0399283,0,11.1521,11
244.5,ue_n042_0002,gNB_4G_2,-42,gNB_4G_1,-51,0.663552,2,70.0399,1,66.886,28
244.5,ue_ujeongwon_0001,gNB_4G_1,-43,gNB_4G_2,-52,0.393216,0,-1,0,67.4177,28
244.5,ue_n043_0009,gNB_4G_2,-46,gNB_5G,-50,0.73728,5,50.8399,1,63.3896,28
244.5,ue_n043_0010,gNB_4G_2,-55,gNB_5G,-69,0.196608,5,34.8399,1,60.153,28
244.5,ue_n043_0001,gNB_4G_2,-46,gNB_5G,-53,0.294912,3,153.44,0,10.1606,16
244.5,ue_n001_0009,gNB_4G_1,-46,gNB_5G,-62,0.589824,0,-1,0,19.0437,19
244.5,ue_n001_0001,gNB_4G_2,-44,gNB_4G_1,-47,0.565248,3,68.6399,1,61.9918,28
244.5,car_north_base_010,gNB_4G_2,-46,gNB_4G_1,-54,0.2048,1,16.4399,0,41.6324,28
244.5,ue_ujeongwon_0002,gNB_4G_1,-48,gNB_4G_2,-56,0.8192,0,-1,0,18.9512,23
244.5,ue_n001_0007,gNB_4G_1,-50,gNB_4G_2,-53,0.262144,0,-1,0,20.3512,27
244.5,ue_n001_0012,gNB_4G_1,-44,gNB_4G_2,-64,0.688128,0,-1,0,25.4163,25
244.5,ue_n042_0011,gNB_4G_2,-54,gNB_5G,-69,0.630784,2,19.6399,1,56.8402,28
244.5,car_north_base_002_rider,gNB_5G,-72,gNB_4G_1,-86,0.8192,7,2.03993,0,44.2779,28
244.5,car_north_base_009,gNB_4G_2,-43,gNB_5G,-56,0.319488,3,21.4399,0,66.1726,28
244.5,car_north_peak_009,gNB_4G_2,-42,gNB_4G_1,-50,0.499712,1,5.23993,0,21.089,23
244.5,ue_n043_0003,gNB_4G_2,-46,gNB_4G_1,-52,0.442368,5,125.44,0,63.7883,28
244.5,ue_n042_0009,gNB_4G_2,-43,gNB_5G,-66,0.155648,0,-1,0,72.2633,28
244.5,ue_n042_0004,gNB_4G_2,-45,gNB_4G_1,-48,0.786432,2,16.8399,0,67.4028,28
244.5,ue_n001_0011,gNB_4G_1,-44,gNB_4G_2,-77,0.16384,0,-1,0,34.8375,28
244.5,ue_n042_0010,gNB_4G_2,-55,gNB_5G,-69,0.090112,0,-1,0,57.7215,27
244.5,ue_n043_0004,gNB_4G_2,-44,gNB_5G,-52,0.745472,7,73.6399,1,48.2131,28
244.5,ue_n001_0010,gNB_4G_1,-56,gNB_4G_2,-65,0.8192,0,-1,0,31.924,28
244.5,ue_n043_0005,gNB_4G_2,-44,gNB_5G,-55,0.475136,5,93.8399,1,47.3759,28
244.5,ue_ujeongwon_0004,gNB_4G_2,-46,gNB_4G_1,-51,0.12288,1,51.8399,0,11.068,12
244.5,ue_ujeongwon_0005,gNB_4G_2,-44,gNB_4G_1,-48,0.319488,3,7.83993,1,22.9558,28
244.5,ue_n001_0005,gNB_4G_1,-48,gNB_5G,-59,0.589824,0,-1,0,26.3878,28
244.5,ue_n043_0011,gNB_4G_2,0,,-140,0,0,-1,0,42.9264,28
244.5,car_north_peak_008_rider,gNB_4G_2,-47,gNB_4G_1,-53,0.335872,1,7.03993,0,17.8252,20
244.5,ue_n043_0006,gNB_4G_2,-41,gNB_5G,-63,0.589824,5,81.6399,1,64.9951,28
244.5,ue_ujeongwon_0007,gNB_4G_1,-48,gNB_4G_2,-76,0.8192,0,-1,0,42.201,28
244.5,ue_ujeongwon_0008,gNB_4G_1,-48,gNB_4G_2,-84,0.360448,0,-1,0,34.5852,28
244.5,ue_n043_0007,gNB_4G_2,-42,gNB_5G,-65,0.4096,7,76.6399,1,65.9431,28
244.5,ue_ujeongwon_0009,gNB_4G_2,-44,gNB_4G_1,-48,0.589824,1,34.8399,0,62.1847,28
244.5,car_north_base_012_rider,gNB_4G_1,-40,gNB_4G_2,-70,0.344064,0,-1,0,33.2358,28
244.5,ue_ujeongwon_0010,gNB_4G_1,-38,gNB_4G_2,-84,0.679936,0,-1,0,52.8996,28
244.5,car_north_base_008_rider,gNB_4G_2,-54,gNB_5G,-68,0.172032,3,32.2399,1,54.4812,28
244.5,ue_n043_0008,gNB_4G_2,-45,gNB_5G,-52,0.745472,5,44.2399,0,8.71645,15
244.5,ue_n001_0008,gNB_4G_1,-46,gNB_4G_2,-55,0.311296,0,-1,0,20.6496,26
244.5,car_north_peak_010_rider,gNB_4G_2,-45,gNB_5G,-60,0.188416,1,3.23993,0,61.8821,28
244.5,car_north_peak_007,gNB_4G_2,-47,gNB_4G_1,-50,0.262144,1,10.2399,0,19.2389,24
244.5,ue_n043_0013,gNB_4G_2,-53,gNB_5G,-71,0.630784,1,31.0399,0,51.8766,28
244.5,ue_n001_0013,gNB_4G_1,-46,gNB_5G,-79,0.376832,0,-1,0,57.199,28
244.5,car_north_base_013,gNB_4G_1,-39,gNB_5G,-77,0.303104,0,-1,0,61.8774,28
244.5,ue_n043_0014,gNB_4G_1,-53,gNB_4G_2,-56,0.516096,2,0.0399284,0,4.30103,9
244.5,ue_n042_0012,gNB_4G_2,-55,gNB_5G,-67,0.630784,2,11.6399,1,53.7818,28
244.5,ue_ujeongwon_0011,gNB_4G_1,-54,gNB_4G_2,-78,0.319488,0,-1,0,25.5865,27
244.5,ue_n001_0014,gNB_4G_1,-46,gNB_5G,-70,0.548864,0,-1,0,46.0786,28
244.5,car_north_base_014_rider,gNB_4G_1,-46,gNB_4G_2,-70,0.188416,0,-1,0,29.9404,26
244.5,ue_n001_0015,gNB_4G_1,-47,gNB_4G_2,-77,0.630784,0,-1,0,45.196,19
244.5,ue_n042_0013,gNB_4G_2,-63,gNB_5G,-68,0.802816,2,4.23993,1,35.4016,28
244.5,ue_n042_0014,gNB_4G_2,-64,gNB_5G,-67,0.688128,2,3.23993,1,46.3101,28
244.5,car_north_base_015_rider,gNB_4G_1,-46,gNB_4G_2,-80,0.36864,0,-1,0,62.7875,28
244.5,ue_ujeongwon_0012,gNB_4G_1,-55,gNB_5G,-71,0.262144,0,-1,0,29.1355,28
245.5,car_north_peak_006,gNB_5G,0,,-140,0,0,-1,0,-20.1977,0
245.5,ue_n001_0006,gNB_4G_1,-41,gNB_4G_2,-71,0.679936,0,-1,0,57.3925,28
245.5,ue_n043_0012,gNB_4G_2,-53,gNB_5G,-63,0.16384,1,33.0399,0,56.1915,28
245.5,car_north_base_011,gNB_4G_2,-45,gNB_4G_1,-49,0.278528,1,1.03993,0,16.0177,15
245.5,ue_n042_0002,gNB_4G_2,-46,gNB_4G_1,-51,0.704512,2,71.0399,1,9.53848,14
245.5,ue_ujeongwon_0001,gNB_4G_1,-44,gNB_4G_2,-52,0.385024,0,-1,0,67.9041,28
245.5,ue_n043_0009,gNB_4G_2,-44,gNB_5G,-51,0.753664,5,51.8399,1,21.5794,25
245.5,ue_n043_0010,gNB_4G_2,-52,gNB_5G,-69,0.2048,5,35.8399,1,42.3878,4
245.5,ue_n043_0001,gNB_4G_2,-49,gNB_4G_1,-52,0.335872,3,154.44,0,63.7584,28
245.5,ue_n001_0009,gNB_4G_1,-51,gNB_5G,-63,0.581632,0,-1,0,59.9349,28
245.5,ue_n001_0001,gNB_4G_2,-45,gNB_4G_1,-47,0.606208,3,69.6399,1,66.1793,28
245.5,car_north_base_010,gNB_4G_2,-46,gNB_5G,-59,0.212992,1,17.4399,0,67.5718,28
245.5,ue_ujeongwon_0002,gNB_4G_1,-44,gNB_4G_2,-58,0.8192,0,-1,0,19.7786,24
245.5,ue_n001_0007,gNB_4G_1,-51,gNB_4G_2,-54,0.262144,0,-1,0,21.4137,26
245.5,ue_n001_0012,gNB_4G_1,-45,gNB_4G_2,-62,0.679936,0,-1,0,50.944,28
245.5,ue_n042_0011,gNB_4G_2,-54,gNB_5G,-65,0.630784,2,20.6399,1,40.6511,28
245.5,car_north_base_002_rider,gNB_5G,-67,gNB_4G_1,-86,0.8192,7,3.03993,0,41.1345,28
245.5,car_north_base_009,gNB_4G_2,-44,gNB_5G,-55,0.311296,3,22.4399,0,69.9973,28
245.5,car_north_peak_009,gNB_4G_2,-43,gNB_4G_1,-51,0.516096,1,6.23993,0,66.1315,28
245.5,ue_n043_0003,gNB_4G_2,-47,gNB_5G,-53,0.458752,5,126.44,0,7.37646,13
245.5,ue_n042_0009,gNB_4G_2,-40,gNB_5G,-65,0.155648,0,-1,0,51.961,28
245.5,ue_n042_0004,gNB_4G_2,-45,gNB_4G_1,-48,0.86016,2,17.8399,0,67.4028,28
245.5,ue_n001_0011,gNB_4G_1,-57,gNB_4G_2,-76,0.172032,0,-1,0,67.292,28
245.5,ue_n042_0010,gNB_4G_2,-53,gNB_5G,-70,0.090112,0,-1,0,51.2569,28
245.5,ue_n043_0004,gNB_5G,-52,gNB_4G_2,-53,0.745472,8,0.239928,0,60.6042,28
245.5,ue_n001_0010,gNB_4G_1,-52,gNB_5G,-67,0.8192,0,-1,0,28.2323,26
245.5,ue_n043_0005,gNB_4G_2,-44,gNB_5G,-53,0.483328,5,94.8399,1,48.7375,28
245.5,ue_ujeongwon_0004,gNB_4G_2,-46,gNB_4G_1,-51,0.12288,1,52.8399,0,64.9538,28
245.5,ue_ujeongwon_0005,gNB_4G_2,-43,gNB_4G_1,-48,0.335872,3,8.83993,1,68.3334,28
245.5,ue_n001_0005,gNB_4G_1,-48,gNB_5G,-62,0.581632,0,-1,0,21.8496,24
245.5,ue_n043_0011,gNB_4G_2,0,,-140,0,0,-1,0,42.9264,28
245.5,car_north_peak_008_rider,gNB_4G_2,-44,gNB_4G_1,-50,0.352256,1,8.03993,0,69.1971,28
245.5,ue_n043_0006,gNB_4G_2,-44,gNB_5G,-61,0.581632,5,82.6399,1,66.8539,28
245.5,ue_ujeongwon_0007,gNB_4G_1,-44,gNB_4G_2,-77,0.8192,0,-1,0,33.1776,28
245.5,ue_ujeongwon_0008,gNB_4G_1,-46,gNB_4G_2,-77,0.352256,0,-1,0,65.5654,28
245.5,ue_n043_0007,gNB_4G_2,-44,gNB_5G,-64,0.4096,7,77.6399,1,50.1406,28
245.5,ue_ujeongwon_0009,gNB_4G_2,-44,gNB_4G_1,-49,0.581632,1,35.8399,0,10.3621,13
245.5,car_north_base_012_rider,gNB_4G_1,-40,gNB_4G_2,-72,0.335872,0,-1,0,29.6512,27
245.5,ue_ujeongwon_0010,gNB_4G_1,-40,gNB_4G_2,-84,0.688128,0,-1,0,59.9708,28
245.5,car_north_base_008_rider,gNB_4G_2,-56,gNB_5G,-68,0.172032,3,33.2399,1,62.0699,28
245.5,ue_n043_0008,gNB_4G_2,-45,gNB_5G,-52,0.745472,5,45.2399,0,38.0489,28
245.5,ue_n001_0008,gNB_4G_1,-47,gNB_4G_2,-54,0.303104,0,-1,0,63.1557,28
245.5,car_north_peak_010_rider,gNB_4G_2,-46,gNB_4G_1,-50,0.188416,1,4.23993,0,66.9577,28
245.5,car_north_peak_007,gNB_4G_2,-45,gNB_4G_1,-53,0.262144,1,11.2399,0,21.5226,23
245.5,ue_n043_0013,gNB_4G_2,-54,gNB_4G_1,-62,0.630784,1,32.0399,0,58.067,28
245.5,ue_n001_0013,gNB_4G_1,-44,gNB_5G,-77,0.36864,0,-1,0,63.6277,28
245.5,car_north_base_013,gNB_4G_1,-39,gNB_4G_2,-82,0.303104,0,-1,0,75.526,28
245.5,ue_n043_0014,gNB_4G_1,-53,gNB_4G_2,-56,0.335872,2,1.03993,0,-0.00334703,9
245.5,ue_n042_0012,gNB_4G_2,-57,gNB_5G,-67,0.630784,2,12.6399,1,38.3751,28
245.5,ue_ujeongwon_0011,gNB_4G_1,-51,gNB_4G_2,-75,0.311296,0,-1,0,57.7343,28
245.5,ue_n001_0014,gNB_4G_1,-46,gNB_5G,-70,0.540672,0,-1,0,36.6858,28
245.5,car_north_base_014_rider,gNB_4G_1,-44,gNB_4G_2,-63,0.196608,0,-1,0,65.9257,28
245.5,ue_n001_0015,gNB_4G_1,-47,gNB_4G_2,-79,0.630784,0,-1,0,45.4357,28
245.5,ue_n042_0013,gNB_4G_2,-63,gNB_5G,-68,0.835584,2,5.23993,1,25.3994,27
245.5,ue_n042_0014,gNB_4G_2,-63,gNB_5G,-68,0.671744,2,4.23993,1,37.9147,28
245.5,car_north_base_015_rider,gNB_4G_1,-48,gNB_4G_2,-78,0.376832,0,-1,0,37.4667,28
245.5,ue_ujeongwon_0012,gNB_4G_1,-54,gNB_5G,-77,0.262144,0,-1,0,24.0748,27
246.5,car_north_peak_006,gNB_5G,0,,-140,0,0,-1,0,-20.1977,0
246.5,ue_n001_0006,gNB_4G_1,-48,gNB_4G_2,-68,0.679936,0,-1,0,22.1752,26
246.5,ue_n043_0012,gNB_4G_2,-55,gNB_4G_1,-55,0.196608,1,34.0399,0,52.3575,28
246.5,car_north_base_011,gNB_4G_2,-42,gNB_4G_1,-50,0.28672,1,2.03993,0,67.9678,28
246.5,ue_n042_0002,gNB_4G_2,-46,gNB_4G_1,-51,0.679936,2,72.0399,1,66.886,28
246.5,ue_ujeongwon_0001,gNB_4G_1,-43,gNB_4G_2,-53,0.393216,0,-1,0,16.973,22
246.5,ue_n043_0009,gNB_4G_2,-46,gNB_5G,-52,0.753664,5,52.8399,1,59.1659,28
246.5,ue_n043_0010,gNB_4G_2,-52,gNB_5G,-69,0.196608,5,36.8399,1,58.9275,8
246.5,ue_n043_0001,gNB_4G_2,-47,gNB_4G_1,-51,0.352256,3,155.44,0,21.2864,26
246.5,ue_n001_0009,gNB_4G_1,-47,gNB_4G_2,-60,0.589824,0,-1,0,63.2668,28
246.5,ue_n001_0001,gNB_4G_2,-44,gNB_4G_1,-46,0.589824,3,70.6399,1,63.9777,28
246.5,car_north_base_010,gNB_4G_2,-44,gNB_5G,-54,0.212992,1,18.4399,0,64.3718,28
246.5,ue_ujeongwon_0002,gNB_4G_1,-43,gNB_4G_2,-60,0.8192,0,-1,0,21.009,25
246.5,ue_n001_0007,gNB_4G_1,-50,gNB_4G_2,-59,0.262144,0,-1,0,17.2365,21
246.5,ue_n001_0012,gNB_4G_1,-44,gNB_5G,-69,0.688128,0,-1,0,46.7647,28
246.5,ue_n042_0011,gNB_4G_2,-54,gNB_5G,-65,0.630784,2,21.6399,1,52.5426,28
246.5,car_north_base_002_rider,gNB_5G,-69,gNB_4G_1,-93,0.8192,7,4.03993,0,39.004,28
246.5,car_north_base_009,gNB_4G_2,-42,gNB_5G,-54,0.319488,3,23.4399,0,69.977,28
246.5,car_north_peak_009,gNB_4G_2,-43,gNB_4G_1,-50,0.516096,1,7.23993,0,12.5816,16
246.5,ue_n043_0003,gNB_4G_2,-47,gNB_5G,-53,0.458752,5,127.44,0,17.179,15
246.5,ue_n042_0009,gNB_4G_2,-43,gNB_5G,-68,0.155648,0,-1,0,53.3196,28
246.5,ue_n042_0004,gNB_4G_2,-45,gNB_4G_1,-48,0.8192,2,18.8399,0,11.2517,13
246.5,ue_n001_0011,gNB_4G_1,-49,gNB_5G,-70,0.172032,0,-1,0,63.8263,28
246.5,ue_n042_0010,gNB_4G_2,-59,gNB_5G,-70,0.090112,0,-1,0,58.28,28
246.5,ue_n043_0004,gNB_4G_2,-48,gNB_5G,-53,0.745472,9,0.239928,1,36.536,28
246.5,ue_n001_0010,gNB_4G_1,-47,gNB_5G,-66,0.8192,0,-1,0,51.3853,28
246.5,ue_n043_0005,gNB_4G_2,-47,gNB_5G,-52,0.483328,5,95.8399,1,67.3485,28
246.5,ue_ujeongwon_0004,gNB_4G_2,-46,gNB_4G_1,-51,0.114688,1,53.8399,0,17.7968,15
246.5,ue_ujeongwon_0005,gNB_4G_2,-42,gNB_4G_1,-48,0.32768,3,9.83993,1,60.556,28
246.5,ue_n001_0005,gNB_4G_1,-48,gNB_5G,-68,0.589824,0,-1,0,28.157,27
246.5,ue_n043_0011,gNB_4G_2,0,,-140,0,0,-1,0,42.9264,28
246.5,car_north_peak_008_rider,gNB_4G_2,-44,gNB_4G_1,-50,0.335872,1,9.03993,0,23.3342,28
246.5,ue_n043_0006,gNB_4G_2,-44,gNB_5G,-65,0.589824,5,83.6399,1,68.2876,28
246.5,ue_ujeongwon_0007,gNB_4G_1,-56,gNB_4G_2,-76,0.8192,0,-1,0,66.9173,28
246.5,ue_ujeongwon_0008,gNB_4G_1,-54,gNB_4G_2,-77,0.360448,0,-1,0,25.6989,25
246.5,ue_n043_0007,gNB_4G_2,-42,gNB_5G,-62,0.4096,7,78.6399,1,70.7041,28
246.5,ue_ujeongwon_0009,gNB_4G_2,-44,gNB_4G_1,-48,0.57344,1,36.8399,0,17.5723,16
246.5,car_north_base_012_rider,gNB_4G_1,-41,gNB_4G_2,-67,0.344064,0,-1,0,58.1703,28
246.5,ue_ujeongwon_0010,gNB_4G_1,-42,gNB_5G,-90,0.679936,0,-1,0,71.505,28
246.5,car_north_base_008_rider,gNB_4G_2,-49,gNB_5G,-66,0.16384,3,34.2399,1,57.5882,28
246.5,ue_n043_0008,gNB_4G_2,-46,gNB_5G,-51,0.745472,5,46.2399,0,25.044,28
246.5,ue_n001_0008,gNB_4G_1,-50,gNB_4G_2,-55,0.303104,0,-1,0,16.825,21
246.5,car_north_peak_010_rider,gNB_4G_2,-46,gNB_4G_1,-50,0.180224,1,5.23993,0,17.5592,21
246.5,car_north_peak_007,gNB_4G_2,-43,gNB_4G_1,-53,0.262144,1,12.2399,0,66.0504,28
246.5,ue_n043_0013,gNB_4G_2,-53,gNB_5G,-63,0.581632,1,33.0399,0,6.48105,7
246.5,ue_n001_0013,gNB_4G_1,-46,gNB_5G,-81,0.376832,0,-1,0,62.9105,28
246.5,car_north_base_013,gNB_4G_1,-38,gNB_4G_2,-82,0.303104,0,-1,0,73.2887,28
246.5,ue_n043_0014,gNB_4G_2,-57,gNB_4G_1,-62,0.458752,3,0.439928,1,27.8037,27
246.5,ue_n042_0012,gNB_4G_2,-58,gNB_5G,-69,0.630784,2,13.6399,1,57.8229,28
246.5,ue_ujeongwon_0011,gNB_4G_1,-52,gNB_4G_2,-73,0.319488,0,-1,0,40.4103,27
246.5,ue_n001_0014,gNB_4G_1,-47,gNB_5G,-73,0.548864,0,-1,0,45.745,28
246.5,car_north_base_014_rider,gNB_4G_1,-44,gNB_4G_2,-64,0.188416,0,-1,0,30.6274,28
246.5,ue_n001_0015,gNB_4G_1,-47,gNB_4G_2,-78,0.630784,0,-1,0,37.8147,28
246.5,ue_n042_0013,gNB_4G_2,-63,gNB_5G,-66,0.8192,2,6.23993,1,43.7718,28
246.5,ue_n042_0014,gNB_4G_2,-63,gNB_5G,-68,0.688128,2,5.23993,1,27.3843,26
246.5,car_north_base_015_rider,gNB_4G_1,-46,gNB_4G_2,-77,0.36864,0,-1,0,50.3993,28
246.5,ue_ujeongwon_0012,gNB_4G_1,-55,gNB_4G_2,-76,0.270336,0,-1,0,54.5545,28
246.5,ue_n043_0015,gNB_4G_2,-55,gNB_5G,-71,0.12288,1,0.0399284,0,53.9344,28
247.5,car_north_peak_006,gNB_5G,0,,-140,0,0,-1,0,-20.1977,0
247.5,ue_n001_0006,gNB_4G_1,-44,gNB_4G_2,-69,0.688128,0,-1,0,28.6241,27
247.5,ue_n043_0012,gNB_4G_1,-55,gNB_4G_2,-58,0.139264,2,0.439928,0,-13.8874,0
247.5,car_north_base_011,gNB_4G_2,-43,gNB_5G,-59,0.278528,1,3.03993,0,11.1929,14
247.5,ue_n042_0002,gNB_4G_2,-46,gNB_4G_1,-51,0.630784,2,73.0399,1,20.8617,24
247.5,ue_ujeongwon_0001,gNB_4G_1,-45,gNB_4G_2,-54,0.385024,0,-1,0,20.992,20
247.5,ue_n043_0009,gNB_4G_2,-46,gNB_5G,-51,0.73728,5,53.8399,1,14.5422,20
247.5,ue_n043_0010,gNB_4G_2,-52,gNB_5G,-64,0.2048,5,37.8399,1,41.5503,28
247.5,ue_n043_0001,gNB_4G_2,-43,gNB_4G_1,-52,0.32768,3,156.44,0,63.1827,28
247.5,ue_n001_0009,gNB_4G_1,-46,gNB_4G_2,-59,0.581632,0,-1,0,65.085,28
247.5,ue_n001_0001,gNB_4G_2,-45,gNB_4G_1,-46,0.540672,3,71.6399,1,6.02242,12
247.5,car_north_base_010,gNB_4G_2,-46,gNB_5G,-52,0.2048,1,19.4399,0,64.2036,28
247.5,ue_ujeongwon_0002,gNB_4G_1,-44,gNB_4G_2,-57,0.811008,0,-1,0,20.4553,25
247.5,ue_n001_0007,gNB_4G_1,-49,gNB_4G_2,-56,0.24576,0,-1,0,9.84789,16
247.5,ue_n001_0012,gNB_4G_1,-41,gNB_5G,-69,0.679936,0,-1,0,72.8518,28
247.5,ue_n042_0011,gNB_4G_2,-54,gNB_5G,-66,0.630784,2,22.6399,1,38.9074,28
247.5,car_north_base_002_rider,gNB_5G,-72,gNB_4G_2,-93,0.8192,7,5.03993,0,35.709,28
247.5,car_north_base_009,gNB_4G_2,-41,gNB_5G,-54,0.311296,3,24.4399,0,68.2864,28
247.5,car_north_peak_009,gNB_4G_2,-45,gNB_4G_1,-50,0.516096,1,8.23993,0,26.9155,26
247.5,ue_n043_0003,gNB_4G_2,-48,gNB_4G_1,-51,0.458752,5,128.44,0,13.4671,19
247.5,ue_n042_0009,gNB_4G_2,-43,gNB_5G,-68,0.16384,0,-1,0,66.0325,28
247.5,ue_n042_0004,gNB_4G_2,-44,gNB_4G_1,-48,0.753664,2,19.8399,0,13.8751,15
247.5,ue_n001_0011,gNB_4G_1,-45,gNB_5G,-70,0.172032,0,-1,0,32.7245,28
247.5,ue_n042_0010,gNB_4G_2,-53,gNB_5G,-72,0.090112,0,-1,0,52.9478,28
247.5,ue_n043_0004,gNB_4G_2,-47,gNB_5G,-55,0.745472,9,1.23993,1,43.1691,28
247.5,ue_n001_0010,gNB_4G_1,-55,gNB_5G,-64,0.8192,0,-1,0,24.1706,26
247.5,ue_n043_0005,gNB_4G_2,-44,gNB_5G,-52,0.483328,5,96.8399,1,26.7815,28
247.5,ue_ujeongwon_0004,gNB_4G_2,-46,gNB_4G_1,-51,0.114688,1,54.8399,0,16.3446,21
247.5,ue_ujeongwon_0005,gNB_4G_2,-45,gNB_4G_1,-47,0.32768,3,10.8399,1,67.1508,28
247.5,ue_n001_0005,gNB_4G_1,-45,gNB_5G,-63,0.581632,0,-1,0,25.8998,24
247.5,ue_n043_0011,gNB_4G_2,0,,-140,0,0,-1,0,42.9264,28
247.5,car_north_peak_008_rider,gNB_4G_2,-47,gNB_4G_1,-51,0.344064,1,10.0399,0,22.2553,23
247.5,ue_n043_0006,gNB_4G_2,-43,gNB_5G,-63,0.581632,5,84.6399,1,70.3584,28
247.5,ue_ujeongwon_0007,gNB_4G_1,-51,gNB_4G_2,-74,0.8192,0,-1,0,36.4799,28
247.5,ue_ujeongwon_0008,gNB_4G_1,-45,gNB_4G_2,-77,0.352256,0,-1,0,32.8123,28
247.5,ue_n043_0007,gNB_4G_2,-40,gNB_5G,-60,0.4096,7,79.6399,1,69.495,28
247.5,ue_ujeongwon_0009,gNB_4G_2,-44,gNB_4G_1,-48,0.557056,1,37.8399,0,15.8045,28
247.5,car_north_base_012_rider,gNB_4G_1,-44,gNB_4G_2,-67,0.344064,0,-1,0,28.8498,28
247.5,ue_ujeongwon_0010,gNB_4G_1,-39,gNB_5G,-94,0.679936,0,-1,0,46.0247,28
247.5,car_north_base_008_rider,gNB_4G_2,-53,gNB_5G,-67,0.172032,3,35.2399,1,45.6818,28
247.5,ue_n043_0008,gNB_4G_2,-46,gNB_5G,-51,0.729088,5,47.2399,0,24.6648,28
247.5,ue_n001_0008,gNB_4G_1,-48,gNB_4G_2,-54,0.294912,0,-1,0,12.2289,16
247.5,car_north_peak_010_rider,gNB_4G_2,-44,gNB_4G_1,-50,0.172032,1,6.23993,0,19.362,24
247.5,car_north_peak_007,gNB_4G_2,-44,gNB_4G_1,-53,0.262144,1,13.2399,0,62.9923,28
247.5,ue_n043_0013,gNB_4G_2,-54,gNB_4G_1,-55,0.466944,1,34.0399,0,1.58997,5
247.5,ue_n001_0013,gNB_4G_1,-53,gNB_5G,-80,0.36864,0,-1,0,65.5383,28
247.5,car_north_base_013,gNB_4G_1,-36,gNB_4G_2,-83,0.303104,0,-1,0,57.2101,28
247.5,ue_n043_0014,gNB_4G_2,-56,gNB_5G,-76,0.483328,3,1.43993,1,35.9545,28
247.5,ue_n042_0012,gNB_4G_2,-53,gNB_5G,-67,0.630784,2,14.6399,1,33.554,27
247.5,ue_ujeongwon_0011,gNB_4G_1,-50,gNB_4G_2,-73,0.311296,0,-1,0,60.6267,28
247.5,ue_n001_0014,gNB_4G_1,-47,gNB_5G,-71,0.548864,0,-1,0,39.9787,28
247.5,car_north_base_014_rider,gNB_4G_1,-43,gNB_4G_2,-64,0.188416,0,-1,0,33.2634,27
247.5,ue_n001_0015,gNB_4G_1,-48,gNB_4G_2,-75,0.630784,0,-1,0,35.2877,22
247.5,ue_n042_0013,gNB_4G_2,-60,gNB_5G,-67,0.8192,2,7.23993,1,34.0065,28
247.5,ue_n042_0014,gNB_4G_2,-63,gNB_5G,-66,0.688128,2,6.23993,1,33.2164,28
247.5,car_north_base_015_rider,gNB_4G_1,-46,gNB_5G,-72,0.376832,0,-1,0,34.9831,28
247.5,ue_ujeongwon_0012,gNB_4G_1,-55,gNB_4G_2,-78,0.262144,0,-1,0,25.2948,24
247.5,ue_n043_0015,gNB_4G_2,-56,gNB_5G,-71,0.253952,1,1.03993,0,50.4915,28
248.5,car_north_peak_006,gNB_5G,0,,-140,0,0,-1,0,-20.1977,0
248.5,ue_n001_0006,gNB_4G_1,-41,gNB_4G_2,-69,0.679936,0,-1,0,34.1423,28
248.5,ue_n043_0012,gNB_4G_2,-59,gNB_5G,-63,0.172032,3,0.839928,1,30.9511,27
248.5,car_north_base_011,gNB_4G_2,-44,gNB_4G_1,-55,0.28672,1,4.03993,0,15.9355,12
248.5,ue_n042_0002,gNB_4G_2,-46,gNB_4G_1,-51,0.69632,2,74.0399,1,66.886,28
248.5,ue_ujeongwon_0001,gNB_4G_1,-47,gNB_4G_2,-55,0.385024,0,-1,0,13.6866,13
248.5,ue_n043_0009,gNB_4G_2,-46,gNB_5G,-51,0.745472,5,54.8399,1,11.566,18
248.5,ue_n043_0010,gNB_4G_2,-53,gNB_5G,-69,0.196608,5,38.8399,1,40.8038,28
248.5,ue_n043_0001,gNB_4G_2,-47,gNB_4G_1,-50,0.376832,3,157.44,0,67.9952,28
248.5,ue_n001_0009,gNB_4G_1,-48,gNB_4G_2,-58,0.589824,0,-1,0,16.7213,21
248.5,ue_n001_0001,gNB_4G_2,-48,gNB_4G_1,-46,0.565248,3,72.6399,1,11.6582,14
248.5,car_north_base_010,gNB_4G_2,-43,gNB_5G,-54,0.212992,1,20.4399,0,67.9555,28
248.5,ue_ujeongwon_0002,gNB_4G_1,-46,gNB_4G_2,-56,0.827392,0,-1,0,20.2609,27
248.5,ue_n001_0007,gNB_4G_1,-45,gNB_4G_2,-51,0.270336,0,-1,0,24.6666,27
248.5,ue_n001_0012,gNB_4G_1,-42,gNB_5G,-68,0.679936,0,-1,0,54.1355,28
248.5,ue_n042_0011,gNB_4G_2,-55,gNB_5G,-71,0.630784,2,23.6399,1,55.3237,28
248.5,car_north_base_002_rider,gNB_5G,-75,gNB_4G_2,-93,0.4096,7,6.03993,0,37.2275,28
248.5,car_north_base_009,gNB_4G_2,-42,gNB_5G,-57,0.319488,3,25.4399,0,66.3095,28
248.5,car_north_peak_009,gNB_4G_2,-45,gNB_4G_1,-54,0.499712,1,9.23993,0,16.0444,20
248.5,ue_n043_0003,gNB_4G_2,-46,gNB_5G,-56,0.458752,5,129.44,0,63.4391,28
248.5,ue_n042_0009,gNB_4G_2,-43,gNB_5G,-65,0.155648,0,-1,0,53.5843,28
248.5,ue_n042_0004,gNB_4G_2,-45,gNB_4G_1,-49,0.835584,2,20.8399,0,12.9712,15
248.5,ue_n001_0011,gNB_4G_1,-44,gNB_5G,-70,0.172032,0,-1,0,38.0136,28
248.5,ue_n042_0010,gNB_4G_2,-57,gNB_5G,-69,0.090112,0,-1,0,44.0516,28
248.5,ue_n043_0004,gNB_4G_2,-47,gNB_5G,-52,0.745472,9,2.23993,1,36.9968,28
248.5,ue_n001_0010,gNB_4G_1,-47,gNB_4G_2,-65,0.802816,0,-1,0,23.4457,24
248.5,ue_n043_0005,gNB_4G_2,-48,gNB_5G,-52,0.483328,5,97.8399,1,28.5609,28
248.5,ue_ujeongwon_0004,gNB_4G_2,-46,gNB_4G_1,-51,0.12288,1,55.8399,0,17.6854,21
248.5,ue_ujeongwon_0005,gNB_4G_2,-44,gNB_4G_1,-47,0.32768,3,11.8399,1,26.4368,24
248.5,ue_n001_0005,gNB_4G_1,-47,gNB_5G,-63,0.589824,0,-1,0,25.8997,26
248.5,ue_n043_0011,gNB_4G_2,0,,-140,0,0,-1,0,42.9264,28
248.5,car_north_peak_008_rider,gNB_4G_2,-47,gNB_4G_1,-50,0.335872,1,11.0399,0,9.13569,10
248.5,ue_n043_0006,gNB_4G_2,-41,gNB_5G,-58,0.581632,5,85.6399,1,65.2983,28
248.5,ue_ujeongwon_0007,gNB_4G_1,-47,gNB_5G,-71,0.8192,0,-1,0,33.8618,28
248.5,ue_ujeongwon_0008,gNB_4G_1,-44,gNB_4G_2,-76,0.360448,0,-1,0,36.2333,28
248.5,ue_n043_0007,gNB_4G_2,-41,gNB_5G,-61,0.4096,7,80.6399,1,56.7396,28
248.5,ue_ujeongwon_0009,gNB_4G_2,-44,gNB_4G_1,-48,0.6144,1,38.8399,0,15.8727,16
248.5,car_north_base_012_rider,gNB_4G_1,-43,gNB_4G_2,-68,0.32768,0,-1,0,25.0264,25
248.5,ue_ujeongwon_0010,gNB_4G_1,-54,gNB_5G,-93,0.688128,0,-1,0,65.7021,28
248.5,car_north_base_008_rider,gNB_4G_2,-54,gNB_5G,-72,0.172032,3,36.2399,1,40.5624,28
248.5,ue_n043_0008,gNB_4G_2,-45,gNB_5G,-52,0.761856,5,48.2399,0,62.5202,24
248.5,ue_n001_0008,gNB_4G_1,-49,gNB_4G_2,-54,0.303104,0,-1,0,19.7827,15
248.5,car_north_peak_010_rider,gNB_4G_2,-46,gNB_4G_1,-50,0.188416,1,7.23993,0,20.2511,24
248.5,car_north_peak_007,gNB_4G_2,-43,gNB_4G_1,-53,0.262144,1,14.2399,0,14.8974,20
248.5,ue_n043_0013,gNB_4G_1,-66,gNB_4G_2,-58,0.475136,2,0.239928,0,-12.4184,0
248.5,ue_n001_0013,gNB_4G_1,-55,gNB_5G,-90,0.376832,0,-1,0,60.7014,28
248.5,car_north_base_013,gNB_4G_1,-41,gNB_4G_2,-87,0.303104,0,-1,0,56.2936,28
248.5,ue_n043_0014,gNB_4G_2,-57,gNB_5G,-75,0.483328,3,2.43993,1,39.0729,28
248.5,ue_n042_0012,gNB_4G_2,-56,gNB_5G,-65,0.630784,2,15.6399,1,58.4898,28
248.5,ue_ujeongwon_0011,gNB_4G_1,-49,gNB_4G_2,-80,0.311296,0,-1,0,62.8233,28
248.5,ue_n001_0014,gNB_4G_1,-46,gNB_5G,-71,0.540672,0,-1,0,38.1751,28
248.5,car_north_base_014_rider,gNB_4G_1,-43,gNB_4G_2,-64,0.188416,0,-1,0,29.2198,28
248.5,ue_n001_0015,gNB_4G_1,-48,gNB_4G_2,-70,0.630784,0,-1,0,18.5712,28
248.5,ue_n042_0013,gNB_4G_2,-56,gNB_5G,-68,0.811008,2,8.23993,1,32.5539,28
248.5,ue_n042_0014,gNB_4G_2,-60,gNB_5G,-67,0.679936,2,7.23993,1,44.2,28
248.5,car_north_base_015_rider,gNB_4G_1,-46,gNB_5G,-70,0.36864,0,-1,0,40.3961,28
248.5,ue_ujeongwon_0012,gNB_4G_1,-56,gNB_4G_2,-82,0.262144,0,-1,0,31.08,28
248.5,ue_n043_0015,gNB_4G_2,-59,gNB_4G_1,-69,0.253952,1,2.03993,0,16.3059,19
249.5,car_north_peak_006,gNB_5G,0,,-140,0,0,-1,0,-20.1977,0
249.5,ue_n001_0006,gNB_4G_1,-42,gNB_4G_2,-68,0.688128,0,-1,0,41.6437,28
249.5,ue_n043_0012,gNB_4G_2,-56,gNB_5G,-64,0.196608,3,1.83993,1,31.3597,28
249.5,car_north_base_011,gNB_4G_2,-46,gNB_4G_1,-51,0.278528,1,5.03993,0,67.9306,28
249.5,ue_n042_0002,gNB_4G_2,-46,gNB_4G_1,-51,0.720896,2,75.0399,1,66.886,28
249.5,ue_ujeongwon_0001,gNB_4G_1,-46,gNB_4G_2,-55,0.401408,0,-1,0,67.2481,28
249.5,ue_n043_0009,gNB_4G_2,-44,gNB_5G,-51,0.745472,5,55.8399,1,65.7885,28
249.5,ue_n043_0010,gNB_4G_2,-52,gNB_5G,-66,0.196608,5,39.8399,1,41.9173,28
249.5,ue_n043_0001,gNB_4G_2,-43,gNB_4G_1,-52,0.36864,3,158.44,0,63.2297,28
249.5,ue_n001_0009,gNB_4G_1,-48,gNB_4G_2,-59,0.581632,0,-1,0,64.2023,28
249.5,ue_n001_0001,gNB_4G_2,-48,gNB_4G_1,-47,0.598016,3,73.6399,1,56.8379,28
249.5,car_north_base_010,gNB_4G_2,-43,gNB_5G,-57,0.2048,1,21.4399,0,25.883,25
249.5,ue_ujeongwon_0002,gNB_4G_1,-48,gNB_4G_2,-51,0.811008,0,-1,0,7.39174,12
249.5,ue_n001_0007,gNB_4G_1,-44,gNB_4G_2,-56,0.262144,0,-1,0,66.8769,28
249.5,ue_n001_0012,gNB_4G_1,-45,gNB_5G,-70,0.688128,0,-1,0,47.3104,28
249.5,ue_n042_0011,gNB_4G_2,-55,gNB_5G,-65,0.630784,2,24.6399,1,39.374,28
249.5,car_north_base_002_rider,gNB_5G,-74,gNB_4G_2,-94,0,7,7.03993,0,37.2275,28
249.5,car_north_base_009,gNB_4G_2,-44,gNB_5G,-52,0.311296,3,26.4399,0,29.8202,28
249.5,car_north_peak_009,gNB_4G_2,-45,gNB_4G_1,-48,0.516096,1,10.2399,0,19.4629,19
249.5,ue_n043_0003,gNB_4G_2,-47,gNB_4G_1,-54,0.45056,5,130.44,0,17.7703,20
249.5,ue_n042_0009,gNB_4G_2,-44,gNB_5G,-64,0.155648,0,-1,0,69.5091,28
249.5,ue_n042_0004,gNB_4G_2,-45,gNB_4G_1,-48,0.868352,2,21.8399,0,18.0929,22
249.5,ue_n001_0011,gNB_4G_1,-47,gNB_5G,-68,0.172032,0,-1,0,63.4735,28
249.5,ue_n042_0010,gNB_4G_2,-54,gNB_5G,-65,0.090112,0,-1,0,57.0349,28
249.5,ue_n043_0004,gNB_4G_2,-47,gNB_5G,-53,0.745472,9,3.23993,1,42.3734,28
249.5,ue_n001_0010,gNB_4G_1,-44,gNB_4G_2,-64,0.835584,0,-1,0,65.3625,28
249.5,ue_n043_0005,gNB_4G_2,-49,gNB_5G,-52,0.475136,5,98.8399,1,61.6444,28
249.5,ue_ujeongwon_0004,gNB_4G_2,-46,gNB_4G_1,-51,0.114688,1,56.8399,0,64.9538,28
249.5,ue_ujeongwon_0005,gNB_4G_2,-46,gNB_4G_1,-48,0.32768,3,12.8399,1,62.9162,28
249.5,ue_n001_0005,gNB_4G_1,-48,gNB_5G,-60,0.475136,0,-1,0,37.5402,28
249.5,ue_n043_0011,gNB_4G_2,0,,-140,0,0,-1,0,42.9264,28
249.5,car_north_peak_008_rider,gNB_4G_2,-43,gNB_4G_1,-50,0.344064,1,12.0399,0,19.3365,23
249.5,ue_n043_0006,gNB_4G_2,-45,gNB_5G,-62,0.589824,5,86.6399,1,56.7683,28
249.5,ue_ujeongwon_0007,gNB_4G_1,-45,gNB_5G,-72,0.8192,0,-1,0,65.3391,28
249.5,ue_ujeongwon_0008,gNB_4G_1,-57,gNB_5G,-72,0.352256,0,-1,0,41.5637,28
249.5,ue_n043_0007,gNB_4G_2,-41,gNB_5G,-63,0.4096,7,81.6399,1,49.2514,28
249.5,ue_ujeongwon_0009,gNB_4G_2,-44,gNB_4G_1,-48,0.589824,1,39.8399,0,12.7613,14
249.5,car_north_base_012_rider,gNB_4G_1,-46,gNB_5G,-68,0.352256,0,-1,0,53.8874,28
249.5,ue_ujeongwon_0010,gNB_4G_1,-38,gNB_5G,-95,0.679936,0,-1,0,60.383,28
249.5,car_north_base_008_rider,gNB_4G_2,-55,gNB_5G,-69,0.172032,3,37.2399,1,55.9041,28
249.5,ue_n043_0008,gNB_4G_2,-44,gNB_5G,-51,0.73728,5,49.2399,0,65.1941,28
249.5,ue_n001_0008,gNB_4G_1,-45,gNB_4G_2,-58,0.311296,0,-1,0,15.1593,22
249.5,car_north_peak_010_rider,gNB_4G_2,-44,gNB_4G_1,-51,0.188416,1,8.23993,0,18.5507,23
249.5,car_north_peak_007,gNB_4G_2,-45,gNB_5G,-52,0.270336,1,15.2399,0,29.4314,28
249.5,ue_n043_0013,gNB_4G_2,-59,gNB_5G,-63,0.45056,3,0.639928,1,31.3211,27
249.5,ue_n001_0013,gNB_4G_1,-45,gNB_5G,-77,0.36864,0,-1,0,68.4892,28
249.5,car_north_base_013,gNB_4G_1,-39,gNB_5G,-71,0.303104,0,-1,0,74.2653,28
249.5,ue_n043_0014,gNB_4G_2,-53,gNB_4G_1,-74,0.483328,3,3.43993,1,54.7114,28
249.5,ue_n042_0012,gNB_4G_2,-54,gNB_5G,-64,0.630784,2,16.6399,1,38.6506,28
249.5,ue_ujeongwon_0011,gNB_4G_1,-51,gNB_5G,-81,0.319488,0,-1,0,62.5776,28
249.5,ue_n001_0014,gNB_4G_1,-46,gNB_5G,-67,0.548864,0,-1,0,63.8977,28
249.5,car_north_base_014_rider,gNB_4G_1,-44,gNB_4G_2,-64,0.196608,0,-1,0,56.1019,28
249.5,ue_n001_0015,gNB_4G_1,-46,gNB_4G_2,-67,0.630784,0,-1,0,26.8838,28
249.5,ue_n042_0013,gNB_4G_2,-55,gNB_5G,-70,0.827392,2,9.23993,1,35.7055,28
249.5,ue_n042_0014,gNB_4G_2,-56,gNB_5G,-68,0.679936,2,8.23993,1,36.0633,28
249.5,car_north_base_015_rider,gNB_4G_1,-49,gNB_5G,-76,0.376832,0,-1,0,66.7045,28
249.5,ue_ujeongwon_0012,gNB_4G_1,-54,gNB_4G_2,-79,0.262144,0,-1,0,52.4195,28
249.5,ue_n043_0015,gNB_4G_2,-60,gNB_4G_1,-69,0.262144,1,3.03993,0,56.3682,28
250.5,car_north_peak_006,gNB_5G,0,,-140,0,0,-1,0,-20.1977,0
250.5,ue_n001_0006,gNB_4G_1,-43,gNB_4G_2,-75,0.679936,0,-1,0,36.2627,26
250.5,ue_n043_0012,gNB_4G_2,-53,gNB_5G,-68,0.196608,3,2.83993,1,55.9126,28
250.5,car_north_base_011,gNB_4G_2,-44,gNB_4G_1,-49,0.28672,1,6.03993,0,68.175,28
250.5,ue_n042_0002,gNB_4G_2,-46,gNB_4G_1,-52,0.671744,2,76.0399,1,13,14
250.5,ue_ujeongwon_0001,gNB_4G_1,-47,gNB_4G_2,-54,0.393216,0,-1,0,65.1088,28
250.5,ue_n043_0009,gNB_4G_2,-45,gNB_5G,-51,0.745472,5,56.8399,1,67.0675,28
250.5,ue_n043_0010,gNB_4G_2,-54,gNB_5G,-72,0.2048,5,40.8399,1,56.6407,28
250.5,ue_n043_0001,gNB_4G_2,-47,gNB_5G,-56,0.180224,3,159.44,0,63.2297,28
250.5,ue_n001_0009,gNB_4G_1,-46,gNB_4G_2,-58,0.581632,0,-1,0,12.7006,16
250.5,ue_n001_0001,gNB_4G_2,-49,gNB_5G,-52,0.565248,3,74.6399,1,65.1437,28
250.5,car_north_base_010,gNB_4G_2,-42,gNB_5G,-52,0.212992,1,22.4399,0,67.5279,28
250.5,ue_ujeongwon_0002,gNB_4G_1,-45,gNB_4G_2,-54,0.794624,0,-1,0,60.3613,28
250.5,ue_n001_0007,gNB_4G_1,-43,gNB_4G_2,-59,0.262144,0,-1,0,12.5361,18
250.5,ue_n001_0012,gNB_4G_1,-40,gNB_5G,-71,0.679936,0,-1,0,44.9675,28
250.5,ue_n042_0011,gNB_4G_2,-56,gNB_5G,-65,0.630784,2,25.6399,1,57.571,28
250.5,car_north_base_002_rider,gNB_5G,-69,gNB_4G_2,-94,0,7,8.03993,0,37.2275,28
250.5,car_north_base_009,gNB_4G_2,-43,gNB_5G,-53,0.319488,3,27.4399,0,27.0498,27
250.5,car_north_peak_009,gNB_4G_2,-46,gNB_4G_1,-48,0.499712,1,11.2399,0,17.1746,23
250.5,ue_n043_0003,gNB_4G_2,-46,gNB_5G,-56,0.442368,5,131.44,0,2.65336,8
250.5,ue_n042_0009,gNB_4G_2,-42,gNB_5G,-62,0.155648,0,-1,0,43.9213,28
250.5,ue_n042_0004,gNB_4G_2,-45,gNB_4G_1,-48,0.802816,2,22.8399,0,12.5019,15
250.5,ue_n001_0011,gNB_4G_1,-46,gNB_5G,-68,0.16384,0,-1,0,35.543,28
250.5,ue_n042_0010,gNB_4G_2,-54,gNB_5G,-64,0.08192,0,-1,0,38.0158,28
250.5,ue_n043_0004,gNB_4G_2,-47,gNB_5G,-53,0.745472,9,4.23993,1,24.86,27
250.5,ue_n001_0010,gNB_4G_1,-46,gNB_5G,-69,0.8192,0,-1,0,26.7489,26
250.5,ue_n043_0005,gNB_4G_2,-46,gNB_5G,-52,0.483328,5,99.8399,1,54.8868,28
250.5,ue_ujeongwon_0004,gNB_4G_2,-46,gNB_4G_1,-51,0.12288,1,57.8399,0,64.9538,28
250.5,ue_ujeongwon_0005,gNB_4G_2,-43,gNB_5G,-63,0.32768,3,13.8399,1,64.6075,28
250.5,ue_n001_0005,gNB_4G_1,-51,gNB_5G,-59,0.630784,0,-1,0,37.0432,28
250.5,ue_n043_0011,gNB_4G_2,0,,-140,0,0,-1,0,42.9264,28
250.5,car_north_peak_008_rider,gNB_4G_2,-46,gNB_4G_1,-50,0.344064,1,13.0399,0,9.71628,16
250.5,ue_n043_0006,gNB_4G_2,-42,gNB_5G,-63,0.581632,5,87.6399,1,59.0779,28
250.5,ue_ujeongwon_0007,gNB_4G_1,-47,gNB_5G,-70,0.8192,0,-1,0,32.417,28
250.5,ue_ujeongwon_0008,gNB_4G_1,-52,gNB_5G,-71,0.360448,0,-1,0,35.9181,28
250.5,ue_n043_0007,gNB_4G_2,-44,gNB_5G,-61,0.4096,7,82.6399,1,52.6737,28
250.5,ue_ujeongwon_0009,gNB_4G_2,-44,gNB_4G_1,-48,0.589824,1,40.8399,0,66.9558,28
250.5,car_north_base_012_rider,gNB_4G_1,-46,gNB_5G,-62,0.335872,0,-1,0,15.0275,18
250.5,ue_ujeongwon_0010,gNB_4G_1,-40,gNB_5G,-91,0.679936,0,-1,0,60.2286,28
250.5,car_north_base_008_rider,gNB_4G_2,-55,gNB_5G,-68,0.172032,3,38.2399,1,42.3973,28
250.5,ue_n043_0008,gNB_4G_2,-45,gNB_5G,-51,0.753664,5,50.2399,0,59.7257,28
250.5,ue_n001_0008,gNB_4G_1,-46,gNB_4G_2,-60,0.303104,0,-1,0,20.3362,27
250.5,car_north_peak_010_rider,gNB_4G_2,-45,gNB_4G_1,-51,0.188416,1,9.23993,0,7.19546,14
250.5,car_north_peak_007,gNB_4G_2,-44,gNB_4G_1,-52,0.262144,1,16.2399,0,13.9435,18
250.5,ue_n043_0013,gNB_4G_2,-56,gNB_5G,-66,0.630784,3,1.63993,1,35.4682,28
250.5,ue_n001_0013,gNB_4G_1,-45,gNB_5G,-82,0.36864,0,-1,0,68.0104,28
250.5,car_north_base_013,gNB_4G_1,-36,gNB_5G,-67,0.303104,0,-1,0,75.1602,28
250.5,ue_n043_0014,gNB_4G_2,-56,gNB_4G_1,-60,0.466944,3,4.43993,1,15.5054,14
250.5,ue_n042_0012,gNB_4G_2,-54,gNB_5G,-66,0.630784,2,17.6399,1,52.4243,28
250.5,ue_ujeongwon_0011,gNB_4G_1,-48,gNB_4G_2,-90,0.311296,0,-1,0,51.8076,28
250.5,ue_n001_0014,gNB_4G_1,-47,gNB_5G,-71,0.548864,0,-1,0,52.2419,28
250.5,car_north_base_014_rider,gNB_4G_1,-43,gNB_4G_2,-72,0.188416,0,-1,0,48.717,28
250.5,ue_n001_0015,gNB_4G_1,-46,gNB_4G_2,-67,0.630784,0,-1,0,26.3944,28
250.5,ue_n042_0013,gNB_4G_2,-56,gNB_5G,-69,0.8192,2,10.2399,1,38.5242,28
250.5,ue_n042_0014,gNB_4G_2,-56,gNB_5G,-70,0.688128,2,9.23993,1,53.3114,28
250.5,car_north_base_015_rider,gNB_4G_1,-44,gNB_4G_2,-64,0.36864,0,-1,0,23.231,25
250.5,ue_ujeongwon_0012,gNB_4G_1,-53,gNB_5G,-73,0.270336,0,-1,0,24.6756,28
250.5,ue_n043_0015,gNB_4G_2,-56,gNB_4G_1,-68,0.24576,1,4.03993,0,50.203,28
251.5,car_north_peak_006,gNB_5G,0,,-140,0,0,-1,0,-20.1977,0
251.5,ue_n001_0006,gNB_4G_1,-43,gNB_4G_2,-69,0.679936,0,-1,0,38.1557,28
251.5,ue_n043_0012,gNB_4G_2,-55,gNB_5G,-66,0.196608,3,3.83993,1,58.5661,28
251.5,car_north_base_011,gNB_4G_2,-42,gNB_4G_1,-48,0.278528,1,7.03993,0,68.3582,28
251.5,ue_n042_0002,gNB_4G_2,-46,gNB_4G_1,-51,0.69632,2,77.0399,1,20.2754,22
251.5,ue_ujeongwon_0001,gNB_4G_1,-45,gNB_4G_2,-59,0.385024,0,-1,0,13.9928,19
251.5,ue_n043_0009,gNB_4G_2,-44,gNB_5G,-52,0.745472,5,57.8399,1,9.60822,16
251.5,ue_n043_0010,gNB_4G_2,-54,gNB_5G,-68,0.196608,5,41.8399,1,45.8476,28
251.5,ue_n043_0001,gNB_4G_2,-49,gNB_5G,-53,0,3,160.44,0,63.2297,28
251.5,ue_n001_0009,gNB_4G_1,-46,gNB_4G_2,-58,0.581632,0,-1,0,8.89089,12
251.5,ue_n001_0001,gNB_4G_2,-47,gNB_4G_1,-51,0.589824,3,75.6399,1,62.15,28
251.5,car_north_base_010,gNB_4G_2,-42,gNB_5G,-51,0.212992,1,23.4399,0,66.4614,28
251.5,ue_ujeongwon_0002,gNB_4G_1,-49,gNB_4G_2,-56,0.8192,0,-1,0,20.7453,25
251.5,ue_n001_0007,gNB_4G_1,-44,gNB_4G_2,-58,0.270336,0,-1,0,18.4155,18
251.5,ue_n001_0012,gNB_4G_1,-42,gNB_5G,-70,0.679936,0,-1,0,46.5422,28
251.5,ue_n042_0011,gNB_4G_2,-54,gNB_5G,-66,0.630784,2,26.6399,1,59.5139,28
251.5,car_north_base_002_rider,gNB_5G,-68,gNB_4G_2,-94,0,7,9.03993,0,37.2275,28
251.5,car_north_base_009,gNB_4G_2,-43,gNB_5G,-52,0.311296,3,28.4399,0,66.0322,28
251.5,car_north_peak_009,gNB_4G_2,-43,gNB_4G_1,-52,0.524288,1,12.2399,0,27.6681,25
251.5,ue_n043_0003,gNB_4G_2,-48,gNB_5G,-55,0.425984,5,132.44,0,65.0042,28
251.5,ue_n042_0009,gNB_4G_2,-51,gNB_5G,-60,0.155648,0,-1,0,53.7444,28
251.5,ue_n042_0004,gNB_4G_2,-45,gNB_4G_1,-48,0.835584,2,23.8399,0,9.33931,12
251.5,ue_n001_0011,gNB_4G_1,-48,gNB_5G,-71,0.172032,0,-1,0,64.3363,28
251.5,ue_n042_0010,gNB_4G_2,-57,gNB_5G,-64,0.090112,0,-1,0,60.656,28
251.5,ue_n043_0004,gNB_4G_2,-47,gNB_5G,-53,0.745472,9,5.23993,1,59.2974,28
251.5,ue_n001_0010,gNB_4G_1,-43,gNB_4G_2,-64,0.8192,0,-1,0,26.092,28
251.5,ue_n043_0005,gNB_4G_2,-52,gNB_5G,-51,0.483328,5,100.84,1,63.5448,28
251.5,ue_ujeongwon_0004,gNB_4G_2,-46,gNB_4G_1,-51,0.114688,1,58.8399,0,64.9538,28
251.5,ue_ujeongwon_0005,gNB_4G_2,-46,gNB_5G,-58,0.32768,3,14.8399,1,65.3783,28
251.5,ue_n001_0005,gNB_4G_1,-49,gNB_5G,-63,0.581632,0,-1,0,29.3037,28
251.5,ue_n043_0011,gNB_4G_2,0,,-140,0,0,-1,0,42.9264,28
251.5,car_north_peak_008_rider,gNB_4G_2,-43,gNB_4G_1,-49,0.344064,1,14.0399,0,70.7331,28
251.5,ue_n043_0006,gNB_4G_2,-51,gNB_5G,-62,0.589824,5,88.6399,1,70.0702,28
251.5,ue_ujeongwon_0007,gNB_4G_1,-46,gNB_5G,-68,0.8192,0,-1,0,38.6733,28
251.5,ue_ujeongwon_0008,gNB_4G_1,-48,gNB_5G,-69,0.352256,0,-1,0,65.7445,28
251.5,ue_n043_0007,gNB_4G_2,-44,gNB_5G,-65,0.4096,7,83.6399,1,71.9194,28
251.5,ue_ujeongwon_0009,gNB_4G_2,-44,gNB_4G_1,-48,0.589824,1,41.8399,0,63.9455,28
251.5,car_north_base_012_rider,gNB_4G_1,-48,gNB_5G,-64,0.344064,0,-1,0,35.9369,28
251.5,ue_ujeongwon_0010,gNB_4G_1,-41,gNB_5G,-90,0.688128,0,-1,0,53.8184,28
251.5,car_north_base_008_rider,gNB_4G_2,-51,gNB_5G,-64,0.172032,3,39.2399,1,53.0245,28
251.5,ue_n043_0008,gNB_4G_2,-46,gNB_5G,-55,0.745472,5,51.2399,0,66.1247,28
251.5,ue_n001_0008,gNB_4G_1,-48,gNB_4G_2,-56,0.303104,0,-1,0,19.6076,20
251.5,car_north_peak_010_rider,gNB_4G_2,-41,gNB_5G,-59,0.188416,1,10.2399,0,10.4374,14
251.5,car_north_peak_007,gNB_4G_2,-44,gNB_4G_1,-56,0.270336,1,17.2399,0,63.7374,28
251.5,ue_n043_0013,gNB_4G_2,-53,gNB_5G,-66,0.630784,3,2.63993,1,28.6404,28
251.5,ue_n001_0013,gNB_4G_1,-45,gNB_5G,-86,0.376832,0,-1,0,56.1755,28
251.5,car_north_base_013,gNB_4G_1,-36,gNB_5G,-64,0.303104,0,-1,0,54.7237,28
251.5,ue_n043_0014,gNB_4G_2,-53,gNB_4G_1,-59,0.401408,3,5.43993,1,45.2525,28
251.5,ue_n042_0012,gNB_4G_2,-53,gNB_5G,-71,0.630784,2,18.6399,1,55.1426,28
251.5,ue_ujeongwon_0011,gNB_4G_1,-47,gNB_4G_2,-89,0.319488,0,-1,0,50.434,28
251.5,ue_n001_0014,gNB_4G_1,-52,gNB_5G,-71,0.540672,0,-1,0,41.4383,28
251.5,car_north_base_014_rider,gNB_4G_1,-41,gNB_5G,-78,0.188416,0,-1,0,72.7913,28
251.5,ue_n001_0015,gNB_4G_1,-45,gNB_4G_2,-70,0.630784,0,-1,0,35.6343,17
251.5,ue_n042_0013,gNB_4G_2,-57,gNB_5G,-67,0.8192,2,11.2399,1,32.0946,28
251.5,ue_n042_0014,gNB_4G_2,-57,gNB_5G,-69,0.679936,2,10.2399,1,35.8032,28
251.5,car_north_base_015_rider,gNB_4G_1,-44,gNB_4G_2,-64,0.376832,0,-1,0,25.3454,28
251.5,ue_ujeongwon_0012,gNB_4G_1,-53,gNB_4G_2,-77,0.262144,0,-1,0,35.9832,28
251.5,ue_n043_0015,gNB_4G_2,-59,gNB_4G_1,-61,0.212992,1,5.03993,0,50.1136,28
252.5,car_north_peak_006,gNB_5G,0,,-140,0,0,-1,0,-20.1977,0
252.5,ue_n001_0006,gNB_4G_1,-43,gNB_4G_2,-74,0.688128,0,-1,0,28.7218,28
252.5,ue_n043_0012,gNB_4G_2,-52,gNB_5G,-63,0.188416,3,4.83993,1,54.8701,28
252.5,car_north_base_011,gNB_4G_2,-42,gNB_4G_1,-50,0.278528,1,8.03993,0,9.09621,15
252.5,ue_n042_0002,gNB_4G_2,-46,gNB_4G_1,-52,0.679936,2,78.0399,1,66.886,28
252.5,ue_ujeongwon_0001,gNB_4G_1,-43,gNB_4G_2,-50,0.36864,0,-1,0,16.824,19
252.5,ue_n043_0009,gNB_4G_2,-46,gNB_5G,-52,0.745472,5,58.8399,1,66.3751,28
252.5,ue_n043_0010,gNB_4G_2,-54,gNB_5G,-65,0.2048,5,42.8399,1,57.0567,28
252.5,ue_n043_0001,gNB_4G_2,-50,gNB_5G,-53,0,3,161.44,0,63.2297,28
252.5,ue_n001_0009,gNB_4G_1,-47,gNB_4G_2,-56,0.589824,0,-1,0,10.8703,14
252.5,ue_n001_0001,gNB_4G_2,-48,gNB_5G,-57,0.581632,3,76.6399,1,62.836,28
252.5,car_north_base_010,gNB_4G_2,-44,gNB_5G,-58,0.212992,1,24.4399,0,67.0602,28
252.5,ue_ujeongwon_0002,gNB_4G_1,-47,gNB_4G_2,-55,0.8192,0,-1,0,21.3744,24
252.5,ue_n001_0007,gNB_4G_1,-46,gNB_4G_2,-56,0.262144,0,-1,0,67.6816,28
252.5,ue_n001_0012,gNB_4G_1,-40,gNB_5G,-70,0.688128,0,-1,0,52.6104,28
252.5,ue_n042_0011,gNB_4G_2,-52,gNB_5G,-69,0.622592,2,27.6399,1,57.455,28
252.5,car_north_base_002_rider,gNB_5G,-68,gNB_4G_2,-94,0,7,10.0399,0,37.2275,28
252.5,car_north_base_009,gNB_4G_2,-44,gNB_5G,-53,0.319488,3,29.4399,0,67.3565,28
252.5,car_north_peak_009,gNB_4G_2,-43,gNB_4G_1,-50,0.507904,1,13.2399,0,19.4769,19
252.5,ue_n043_0003,gNB_4G_2,-46,gNB_5G,-55,0.45056,5,133.44,0,18.3493,20
252.5,ue_n042_0009,gNB_4G_2,-43,gNB_5G,-62,0.16384,0,-1,0,69.9612,28
252.5,ue_n042_0004,gNB_4G_2,-44,gNB_4G_1,-49,0.8192,2,24.8399,0,67.4028,28
252.5,ue_n001_0011,gNB_4G_1,-51,gNB_5G,-72,0.172032,0,-1,0,33.8866,28
252.5,ue_n042_0010,gNB_4G_2,-50,gNB_5G,-66,0.090112,0,-1,0,40.7059,28
252.5,ue_n043_0004,gNB_4G_2,-46,gNB_5G,-53,0.73728,9,6.23993,1,17.4347,20
252.5,ue_n001_0010,gNB_4G_1,-48,gNB_5G,-65,0.8192,0,-1,0,26.8047,24
252.5,ue_n043_0005,gNB_4G_2,-48,gNB_5G,-52,0.483328,5,101.84,1,63.2691,28
252.5,ue_ujeongwon_0004,gNB_4G_2,-46,gNB_4G_1,-51,0.12288,1,59.8399,0,64.9538,28
252.5,ue_ujeongwon_0005,gNB_4G_2,-45,gNB_5G,-55,0.32768,3,15.8399,1,62.8856,28
252.5,ue_n001_0005,gNB_4G_1,-47,gNB_5G,-67,0.581632,0,-1,0,49.8523,28
252.5,ue_n043_0011,gNB_4G_2,0,,-140,0,0,-1,0,42.9264,28
252.5,car_north_peak_008_rider,gNB_4G_2,-42,gNB_4G_1,-54,0.335872,1,15.0399,0,31.2172,28
252.5,ue_n043_0006,gNB_4G_2,-41,gNB_5G,-63,0.581632,5,89.6399,1,60.4061,28
252.5,ue_ujeongwon_0007,gNB_4G_1,-45,gNB_5G,-69,0.8192,0,-1,0,44.4753,28
252.5,ue_ujeongwon_0008,gNB_4G_1,-51,gNB_5G,-66,0.360448,0,-1,0,33.3698,28
252.5,ue_n043_0007,gNB_4G_2,-39,gNB_5G,-64,0.4096,7,84.6399,1,46.3626,28
252.5,ue_ujeongwon_0009,gNB_4G_2,-44,gNB_4G_1,-49,0.57344,1,42.8399,0,66.9558,28
252.5,car_north_base_012_rider,gNB_4G_1,-46,gNB_5G,-62,0.344064,0,-1,0,36.3325,28
252.5,ue_ujeongwon_0010,gNB_4G_1,-43,gNB_4G_2,-92,0.679936,0,-1,0,43.295,28
252.5,car_north_base_008_rider,gNB_4G_2,-42,gNB_5G,-62,0.16384,3,40.2399,1,63.9568,28
252.5,ue_n043_0008,gNB_4G_2,-45,gNB_5G,-51,0.73728,5,52.2399,0,13.4406,19
252.5,ue_n001_0008,gNB_4G_1,-48,gNB_4G_2,-56,0.303104,0,-1,0,67.5986,28
252.5,car_north_peak_010_rider,gNB_4G_2,-42,gNB_4G_1,-53,0.188416,1,11.2399,0,68.4439,28
252.5,car_north_peak_007,gNB_4G_2,-47,gNB_4G_1,-52,0.262144,1,18.2399,0,65.5788,28
252.5,ue_n043_0013,gNB_4G_2,-55,gNB_5G,-64,0.630784,3,3.63993,1,58.5661,28
252.5,ue_n001_0013,gNB_4G_1,-43,gNB_5G,-80,0.36864,0,-1,0,64.6877,28
252.5,car_north_base_013,gNB_4G_1,-35,gNB_5G,-67,0.303104,0,-1,0,75.5529,28
252.5,ue_n043_0014,gNB_4G_2,-60,gNB_4G_1,-58,0.45056,3,6.43993,1,26.7877,27
252.5,ue_n042_0012,gNB_4G_2,-54,gNB_5G,-67,0.630784,2,19.6399,1,56.2046,28
252.5,ue_ujeongwon_0011,gNB_4G_1,-44,gNB_4G_2,-89,0.311296,0,-1,0,63.0649,28
252.5,ue_n001_0014,gNB_4G_1,-48,gNB_5G,-71,0.548864,0,-1,0,41.39,28
252.5,car_north_base_014_rider,gNB_4G_1,-40,gNB_5G,-75,0.188416,0,-1,0,50.2137,28
252.5,ue_n001_0015,gNB_4G_1,-45,gNB_4G_2,-73,0.622592,0,-1,0,27.1704,23
252.5,ue_n042_0013,gNB_4G_2,-59,gNB_5G,-67,0.8192,2,12.2399,1,29.9168,28
252.5,ue_n042_0014,gNB_4G_2,-57,gNB_5G,-68,0.679936,2,11.2399,1,34.3533,28
252.5,car_north_base_015_rider,gNB_4G_1,-46,gNB_4G_2,-64,0.36864,0,-1,0,68.9147,28
252.5,ue_ujeongwon_0012,gNB_4G_1,-54,gNB_4G_2,-81,0.262144,0,-1,0,55.745,28
252.5,ue_n043_0015,gNB_4G_2,-56,gNB_4G_1,-58,0.221184,1,6.03993,0,9.36569,11
253.5,car_north_peak_006,gNB_5G,0,,-140,0,0,-1,0,-20.1977,0
253.5,ue_n001_0006,gNB_4G_1,-43,gNB_4G_2,-68,0.679936,0,-1,0,30.1113,28
253.5,ue_n043_0012,gNB_4G_2,-55,gNB_4G_1,-59,0.196608,3,5.83993,1,51.879,28
253.5,car_north_base_011,gNB_4G_2,-42,gNB_4G_1,-53,0.28672,1,9.03993,0,64.7704,28
253.5,ue_n042_0002,gNB_4G_2,-46,gNB_4G_1,-51,0.679936,2,79.0399,1,18.0347,22
253.5,ue_ujeongwon_0001,gNB_4G_1,-47,gNB_4G_2,-54,0.385024,0,-1,0,66.4584,28
253.5,ue_n043_0009,gNB_4G_2,-44,gNB_5G,-51,0.745472,5,59.8399,1,64.7004,28
253.5,ue_n043_0010,gNB_4G_2,-54,gNB_5G,-68,0.196608,5,43.8399,1,41.6368,28
253.5,ue_n043_0001,gNB_4G_2,-50,gNB_5G,-53,0,3,162.44,0,63.2297,28
253.5,ue_n001_0009,gNB_4G_1,-48,gNB_4G_2,-55,0.57344,0,-1,0,58.7665,28
253.5,ue_n001_0001,gNB_4G_2,-48,gNB_5G,-54,0.589824,3,77.6399,1,62.772,28
253.5,car_north_base_010,gNB_4G_2,-44,gNB_5G,-55,0.2048,1,25.4399,0,62.9168,28
253.5,ue_ujeongwon_0002,gNB_4G_1,-49,gNB_4G_2,-61,0.8192,0,-1,0,14.0888,15
253.5,ue_n001_0007,gNB_4G_1,-48,gNB_4G_2,-52,0.262144,0,-1,0,59.7035,28
253.5,ue_n001_0012,gNB_4G_1,-46,gNB_5G,-70,0.679936,0,-1,0,49.0943,28
253.5,ue_n042_0011,gNB_4G_2,-53,gNB_5G,-69,0.630784,2,28.6399,1,58.7173,28
253.5,car_north_base_002_rider,gNB_5G,-68,gNB_4G_2,-94,0,7,11.0399,0,37.2275,28
253.5,car_north_base_009,gNB_4G_2,-44,gNB_5G,-50,0.311296,3,30.4399,0,66.7436,28
253.5,car_north_peak_009,gNB_4G_2,-44,gNB_4G_1,-52,0.45056,1,14.2399,0,64.7775,28
253.5,ue_n043_0003,gNB_4G_2,-47,gNB_5G,-55,0.442368,5,134.44,0,10.7743,16
253.5,ue_n042_0009,gNB_4G_2,-41,gNB_5G,-59,0.155648,0,-1,0,66.4102,28
253.5,ue_n042_0004,gNB_4G_2,-45,gNB_4G_1,-48,0.802816,2,25.8399,0,18.0968,22
253.5,ue_n001_0011,gNB_4G_1,-52,gNB_5G,-67,0.172032,0,-1,0,34.7645,28
253.5,ue_n042_0010,gNB_4G_2,-51,gNB_5G,-64,0.090112,0,-1,0,58.7636,28
253.5,ue_n043_0004,gNB_4G_2,-47,gNB_5G,-53,0.745472,9,7.23993,1,63.9126,28
253.5,ue_n001_0010,gNB_4G_1,-47,gNB_5G,-64,0.8192,0,-1,0,20.679,23
253.5,ue_n043_0005,gNB_4G_2,-47,gNB_5G,-53,0.483328,5,102.84,1,28.6955,25
253.5,ue_ujeongwon_0004,gNB_4G_2,-46,gNB_4G_1,-51,0.114688,1,60.8399,0,64.9538,28
253.5,ue_ujeongwon_0005,gNB_4G_2,-43,gNB_5G,-55,0.32768,3,16.8399,1,66.3863,28
253.5,ue_n001_0005,gNB_4G_1,-49,gNB_5G,-61,0.589824,0,-1,0,57.9397,28
253.5,ue_n043_0011,gNB_4G_2,0,,-140,0,0,-1,0,42.9264,28
253.5,car_north_peak_008_rider,gNB_4G_2,-41,gNB_4G_1,-54,0.344064,1,16.0399,0,12.4835,17
253.5,ue_n043_0006,gNB_4G_2,-50,gNB_5G,-62,0.589824,5,90.6399,1,71.9164,28
253.5,ue_ujeongwon_0007,gNB_4G_1,-48,gNB_5G,-67,0.8192,0,-1,0,65.0181,28
253.5,ue_ujeongwon_0008,gNB_4G_1,-48,gNB_5G,-66,0.352256,0,-1,0,34.2175,28
253.5,ue_n043_0007,gNB_4G_2,-44,gNB_5G,-62,0.4096,7,85.6399,1,65.2983,28
253.5,ue_ujeongwon_0009,gNB_4G_2,-44,gNB_4G_1,-48,0.581632,1,43.8399,0,17.9107,22
253.5,car_north_base_012_rider,gNB_4G_1,-48,gNB_5G,-58,0.262144,0,-1,0,7.43521,13
253.5,ue_ujeongwon_0010,gNB_4G_1,-41,gNB_4G_2,-72,0.679936,0,-1,0,40.6323,28
253.5,car_north_base_008_rider,gNB_4G_2,-44,gNB_5G,-64,0.172032,3,41.2399,1,72.9171,28
253.5,ue_n043_0008,gNB_4G_2,-45,gNB_5G,-56,0.745472,5,53.2399,0,67.9959,28
253.5,ue_n001_0008,gNB_4G_1,-45,gNB_4G_2,-57,0.303104,0,-1,0,17.173,20
253.5,car_north_peak_010_rider,gNB_4G_2,-42,gNB_4G_1,-52,0.180224,1,12.2399,0,9.18412,12
253.5,car_north_peak_007,gNB_4G_2,-45,gNB_5G,-59,0.262144,1,19.2399,0,70.1787,28
253.5,ue_n043_0013,gNB_4G_2,-52,gNB_5G,-63,0.589824,3,4.63993,1,50.0993,28
253.5,ue_n001_0013,gNB_4G_1,-47,gNB_5G,-97,0.376832,0,-1,0,53.9724,28
253.5,car_north_base_013,gNB_4G_1,-37,gNB_5G,-71,0.303104,0,-1,0,52.3067,28
253.5,ue_n043_0014,gNB_4G_2,-56,gNB_5G,-72,0.483328,3,7.43993,1,54.3042,28
253.5,ue_n042_0012,gNB_4G_2,-56,gNB_5G,-65,0.630784,2,20.6399,1,54.1843,28
253.5,ue_ujeongwon_0011,gNB_4G_1,-45,gNB_4G_2,-90,0.319488,0,-1,0,66.9931,28
253.5,ue_n001_0014,gNB_4G_1,-44,gNB_5G,-71,0.548864,0,-1,0,37.8025,28
253.5,car_north_base_014_rider,gNB_4G_1,-39,gNB_5G,-77,0.196608,0,-1,0,52.9926,28
253.5,ue_n001_0015,gNB_4G_1,-47,gNB_4G_2,-71,0.630784,0,-1,0,27.69,28
253.5,ue_n042_0013,gNB_4G_2,-61,gNB_5G,-69,0.8192,2,13.2399,1,40.6826,28
253.5,ue_n042_0014,gNB_4G_2,-59,gNB_5G,-67,0.688128,2,12.2399,1,33.3612,28
253.5,car_north_base_015_rider,gNB_4G_1,-46,gNB_4G_2,-62,0.376832,0,-1,0,30.1827,28
253.5,ue_ujeongwon_0012,gNB_4G_1,-53,gNB_4G_2,-79,0.262144,0,-1,0,23.6842,28
253.5,ue_n043_0015,gNB_4G_2,-54,gNB_4G_1,-59,0.262144,1,7.03993,0,22.6448,12
254.5,car_north_peak_006,gNB_5G,0,,-140,0,0,-1,0,-20.1977,0
254.5,ue_n001_0006,gNB_4G_1,-45,gNB_4G_2,-69,0.679936,0,-1,0,32.1285,28
254.5,ue_n043_0012,gNB_4G_2,-54,gNB_4G_1,-60,0.172032,3,6.83993,1,7.14589,12
254.5,car_north_base_011,gNB_4G_2,-44,gNB_4G_1,-53,0.278528,1,10.0399,0,63.9578,28
254.5,ue_n042_0002,gNB_4G_2,-46,gNB_4G_1,-51,0.688128,2,80.0399,1,66.886,28
254.5,ue_ujeongwon_0001,gNB_4G_1,-48,gNB_4G_2,-58,0.196608,0,-1,0,17.3795,21
254.5,ue_n043_0009,gNB_4G_2,-46,gNB_5G,-48,0.745472,5,60.8399,1,21.1148,27
254.5,ue_n043_0010,gNB_4G_2,-54,gNB_5G,-70,0.196608,5,44.8399,1,53.9643,28
254.5,ue_n043_0001,gNB_4G_2,-50,gNB_5G,-53,0,3,163.44,0,63.2297,28
254.5,ue_n001_0009,gNB_4G_1,-50,gNB_4G_2,-55,0.425984,0,-1,0,53.5704,28
254.5,ue_n001_0001,gNB_4G_2,-48,gNB_5G,-54,0.581632,3,78.6399,1,62.6323,28
254.5,car_north_base_010,gNB_4G_2,-43,gNB_5G,-53,0.212992,1,26.4399,0,63.3243,28
254.5,ue_ujeongwon_0002,gNB_4G_1,-45,gNB_4G_2,-53,0.8192,0,-1,0,16.9153,20
254.5,ue_n001_0007,gNB_4G_1,-45,gNB_4G_2,-54,0.270336,0,-1,0,12.9003,18
254.5,ue_n001_0012,gNB_4G_1,-45,gNB_5G,-65,0.679936,0,-1,0,51.6934,28
254.5,ue_n042_0011,gNB_4G_2,-52,gNB_5G,-68,0.630784,2,29.6399,1,45.0603,28
254.5,car_north_base_002_rider,gNB_5G,-68,gNB_4G_2,-94,0,7,12.0399,0,37.2275,28
254.5,car_north_base_009,gNB_4G_2,-44,gNB_5G,-52,0.319488,3,31.4399,0,63.9667,28
254.5,car_north_peak_009,gNB_4G_2,-46,gNB_4G_1,-57,0.548864,1,15.2399,0,68.2029,28
254.5,ue_n043_0003,gNB_4G_2,-49,gNB_4G_1,-53,0.45056,5,135.44,0,63.308,28
254.5,ue_n042_0009,gNB_4G_2,-44,gNB_5G,-61,0.155648,0,-1,0,65.8992,28
254.5,ue_n042_0004,gNB_4G_2,-44,gNB_4G_1,-48,0.835584,2,26.8399,0,66.8659,28
254.5,ue_n001_0011,gNB_4G_1,-51,gNB_5G,-68,0.172032,0,-1,0,59.5015,28
254.5,ue_n042_0010,gNB_4G_2,-52,gNB_5G,-64,0.090112,0,-1,0,59.4016,28
254.5,ue_n043_0004,gNB_4G_2,-46,gNB_5G,-52,0.745472,9,8.23993,1,60.0385,28
254.5,ue_n001_0010,gNB_4G_1,-46,gNB_4G_2,-60,0.8192,0,-1,0,24.9189,24
254.5,ue_n043_0005,gNB_4G_2,-44,gNB_5G,-52,0.483328,5,103.84,1,62.5103,28
254.5,ue_ujeongwon_0004,gNB_4G_2,-46,gNB_4G_1,-51,0.12288,1,61.8399,0,64.9538,28
254.5,ue_ujeongwon_0005,gNB_4G_2,-44,gNB_5G,-58,0.32768,3,17.8399,1,67.8642,28
254.5,ue_n001_0005,gNB_4G_1,-49,gNB_5G,-59,0.581632,0,-1,0,48.8878,28
254.5,ue_n043_0011,gNB_4G_2,0,,-140,0,0,-1,0,42.9264,28
254.5,car_north_peak_008_rider,gNB_4G_2,-44,gNB_4G_1,-53,0.344064,1,17.0399,0,66.4475,28
254.5,ue_n043_0006,gNB_4G_2,-40,gNB_5G,-60,0.581632,5,91.6399,1,73.0703,28
254.5,ue_ujeongwon_0007,gNB_4G_1,-45,gNB_5G,-65,0.8192,0,-1,0,35.1476,28
254.5,ue_ujeongwon_0008,gNB_4G_1,-49,gNB_5G,-69,0.360448,0,-1,0,35.5416,28
254.5,ue_n043_0007,gNB_4G_2,-45,gNB_5G,-63,0.4096,7,86.6399,1,54.2078,28
254.5,ue_ujeongwon_0009,gNB_4G_2,-44,gNB_4G_1,-48,0.581632,1,44.8399,0,7.85903,11
254.5,car_north_base_012_rider,gNB_4G_2,-45,gNB_4G_1,-49,0.270336,1,0.0399284,0,4.1196,8
254.5,ue_ujeongwon_0010,gNB_4G_1,-45,gNB_4G_2,-78,0.688128,0,-1,0,33.3037,28
254.5,car_north_base_008_rider,gNB_4G_2,-38,gNB_5G,-65,0.172032,3,42.2399,1,68.6084,28
254.5,ue_n043_0008,gNB_4G_2,-43,gNB_5G,-52,0.745472,5,54.2399,0,20.14,22
254.5,ue_n001_0008,gNB_4G_1,-40,gNB_4G_2,-55,0.303104,0,-1,0,65.5143,28
254.5,car_north_peak_010_rider,gNB_4G_2,-46,gNB_4G_1,-52,0.188416,1,13.2399,0,23.2561,28
254.5,car_north_peak_007,gNB_4G_2,-41,gNB_5G,-54,0.262144,1,20.2399,0,46.4769,28
254.5,ue_n043_0013,gNB_4G_2,-56,gNB_4G_1,-58,0.606208,3,5.63993,1,53.6398,28
254.5,ue_n001_0013,gNB_4G_1,-42,gNB_4G_2,-77,0.36864,0,-1,0,33.58,28
254.5,car_north_base_013,gNB_4G_1,-36,gNB_5G,-66,0.303104,0,-1,0,53.4783,28
254.5,ue_n043_0014,gNB_4G_2,-56,gNB_5G,-72,0.483328,3,8.43993,1,27.5669,28
254.5,ue_n042_0012,gNB_4G_2,-56,gNB_5G,-65,0.630784,2,21.6399,1,58.7438,28
254.5,ue_ujeongwon_0011,gNB_4G_1,-43,gNB_4G_2,-89,0.311296,0,-1,0,49.2234,28
254.5,ue_n001_0014,gNB_4G_1,-46,gNB_5G,-71,0.540672,0,-1,0,61.0781,28
254.5,car_north_base_014_rider,gNB_4G_1,-39,gNB_5G,-76,0.188416,0,-1,0,50.9226,28
254.5,ue_n001_0015,gNB_4G_1,-46,gNB_4G_2,-68,0.630784,0,-1,0,26.5299,24
254.5,ue_n042_0013,gNB_4G_2,-57,gNB_5G,-70,0.8192,2,14.2399,1,38.1063,28
254.5,ue_n042_0014,gNB_4G_2,-61,gNB_5G,-69,0.679936,2,13.2399,1,56.1482,28
254.5,car_north_base_015_rider,gNB_4G_1,-46,gNB_4G_2,-62,0.36864,0,-1,0,73.6733,28
254.5,ue_ujeongwon_0012,gNB_4G_1,-58,gNB_4G_2,-77,0.270336,0,-1,0,12.1755,18
254.5,ue_n043_0015,gNB_4G_2,-55,gNB_4G_1,-56,0.237568,1,8.03993,0,56.8413,28
255.5,car_north_peak_006,gNB_5G,0,,-140,0,0,-1,0,-20.1977,0
255.5,ue_n001_0006,gNB_4G_1,-45,gNB_4G_2,-70,0.688128,0,-1,0,31.012,28
255.5,ue_n043_0012,gNB_4G_2,-53,gNB_4G_1,-58,0.196608,3,7.83993,1,18.9914,16
255.5,car_north_base_011,gNB_4G_2,-46,gNB_4G_1,-49,0.278528,1,11.0399,0,64.0301,28
255.5,ue_n042_0002,gNB_4G_2,-43,gNB_4G_1,-51,0.679936,2,81.0399,1,16.0427,18
255.5,ue_ujeongwon_0001,gNB_4G_1,-48,gNB_4G_2,-58,0,0,-1,0,17.3795,21
255.5,ue_n043_0009,gNB_4G_2,-47,gNB_5G,-51,0.745472,5,61.8399,1,19.6334,22
255.5,ue_n043_0010,gNB_4G_2,-56,gNB_5G,-67,0.2048,5,45.8399,1,53.3311,28
255.5,ue_n043_0001,gNB_4G_2,-50,gNB_5G,-53,0,3,164.44,0,63.2297,28
255.5,ue_n001_0009,gNB_4G_1,-51,gNB_4G_2,-53,0.548864,0,-1,0,53.8565,28
255.5,ue_n001_0001,gNB_4G_2,-48,gNB_5G,-68,0.581632,3,79.6399,1,62.5517,28
255.5,car_north_base_010,gNB_4G_2,-45,gNB_5G,-55,0.2048,1,27.4399,0,62.1035,28
255.5,ue_ujeongwon_0002,gNB_4G_1,-47,gNB_4G_2,-52,0.8192,0,-1,0,18.536,25
255.5,ue_n001_0007,gNB_4G_1,-49,gNB_4G_2,-56,0.262144,0,-1,0,68.1973,28
255.5,ue_n001_0012,gNB_4G_1,-39,gNB_5G,-67,0.688128,0,-1,0,49.626,28
255.5,ue_n042_0011,gNB_4G_2,-53,gNB_5G,-68,0.630784,2,30.6399,1,39.7647,28
255.5,car_north_base_002_rider,gNB_5G,-69,gNB_4G_2,-94,0,7,13.0399,0,37.2275,28
255.5,car_north_base_009,gNB_4G_2,-46,gNB_5G,-52,0.311296,3,32.4399,0,32.4584,28
255.5,car_north_peak_009,gNB_4G_2,-43,gNB_5G,-55,0.516096,1,16.2399,0,66.9742,28
255.5,ue_n043_0003,gNB_4G_2,-47,gNB_5G,-55,0.45056,5,136.44,0,61.9023,28
255.5,ue_n042_0009,gNB_4G_2,-45,gNB_5G,-61,0.155648,0,-1,0,60.0018,28
255.5,ue_n042_0004,gNB_4G_2,-44,gNB_4G_1,-48,0.802816,2,27.8399,0,61.3823,28
255.5,ue_n001_0011,gNB_4G_1,-52,gNB_5G,-70,0.172032,0,-1,0,36.7621,28
255.5,ue_n042_0010,gNB_4G_2,-51,gNB_5G,-62,0.090112,0,-1,0,58.1846,28
255.5,ue_n043_0004,gNB_4G_2,-46,gNB_5G,-52,0.745472,9,9.23993,1,64.4134,28
255.5,ue_n001_0010,gNB_4G_1,-47,gNB_4G_2,-60,0.8192,0,-1,0,22.2563,23
255.5,ue_n043_0005,gNB_4G_2,-48,gNB_5G,-52,0.475136,5,104.84,1,16.7211,23
255.5,ue_ujeongwon_0004,gNB_4G_2,-46,gNB_4G_1,-51,0.114688,1,62.8399,0,16.9226,21
255.5,ue_ujeongwon_0005,gNB_4G_2,-43,gNB_5G,-55,0.32768,3,18.8399,1,27.6801,28
255.5,ue_n001_0005,gNB_4G_1,-50,gNB_5G,-61,0.589824,0,-1,0,54.5927,28
255.5,ue_n043_0011,gNB_4G_2,0,,-140,0,0,-1,0,42.9264,28
255.5,car_north_peak_008_rider,gNB_4G_2,-42,gNB_5G,-52,0.335872,1,18.0399,0,42.0633,28
255.5,ue_n043_0006,gNB_4G_2,-38,gNB_5G,-61,0.581632,5,92.6399,1,69.3088,28
255.5,ue_ujeongwon_0007,gNB_4G_1,-48,gNB_5G,-68,0.8192,0,-1,0,65.4041,28
255.5,ue_ujeongwon_0008,gNB_4G_1,-52,gNB_5G,-67,0.352256,0,-1,0,32.4544,28
255.5,ue_n043_0007,gNB_4G_2,-40,gNB_5G,-62,0.4096,7,87.6399,1,46.6887,28
255.5,ue_ujeongwon_0009,gNB_4G_2,-44,gNB_4G_1,-48,0.589824,1,45.8399,0,22.204,24
255.5,car_north_base_012_rider,gNB_4G_2,-45,gNB_4G_1,-48,0.344064,1,1.03993,0,63.0248,28
255.5,ue_ujeongwon_0010,gNB_4G_1,-43,gNB_4G_2,-71,0.679936,0,-1,0,69.8765,28
255.5,car_north_base_008_rider,gNB_4G_2,-42,gNB_5G,-65,0.172032,3,43.2399,1,68.3351,28
255.5,ue_n043_0008,gNB_4G_2,-44,gNB_5G,-52,0.745472,5,55.2399,0,68.3963,28
255.5,ue_n001_0008,gNB_4G_1,-43,gNB_4G_2,-56,0.303104,0,-1,0,19.9914,22
255.5,car_north_peak_010_rider,gNB_4G_2,-43,gNB_4G_1,-51,0.188416,1,14.2399,0,30.6251,27
255.5,car_north_peak_007,gNB_4G_2,-39,gNB_5G,-59,0.270336,1,21.2399,0,69.3115,28
255.5,ue_n043_0013,gNB_4G_2,-54,gNB_4G_1,-60,0.589824,3,6.63993,1,12.8283,14
255.5,ue_n001_0013,gNB_4G_1,-45,gNB_4G_2,-77,0.376832,0,-1,0,63.7929,28
255.5,car_north_base_013,gNB_4G_1,-36,gNB_5G,-68,0.303104,0,-1,0,51.8699,28
255.5,ue_n043_0014,gNB_4G_2,-59,gNB_5G,-72,0.483328,3,9.43993,1,57.7647,28
255.5,ue_n042_0012,gNB_4G_2,-54,gNB_5G,-66,0.622592,2,22.6399,1,58.682,28
255.5,ue_ujeongwon_0011,gNB_4G_1,-45,gNB_4G_2,-89,0.319488,0,-1,0,69.3,28
255.5,ue_n001_0014,gNB_4G_1,-46,gNB_5G,-72,0.548864,0,-1,0,36.7991,28
255.5,car_north_base_014_rider,gNB_4G_1,-40,gNB_4G_2,-83,0.188416,0,-1,0,55.698,28
255.5,ue_n001_0015,gNB_4G_1,-45,gNB_4G_2,-71,0.630784,0,-1,0,27.9033,27
255.5,ue_n042_0013,gNB_4G_2,-54,gNB_5G,-69,0.8192,2,15.2399,1,41.7672,28
255.5,ue_n042_0014,gNB_4G_2,-57,gNB_5G,-70,0.679936,2,14.2399,1,39.1017,28
255.5,car_north_base_015_rider,gNB_4G_1,-44,gNB_4G_2,-66,0.36864,0,-1,0,69.6845,28
255.5,ue_ujeongwon_0012,gNB_4G_1,-58,gNB_4G_2,-77,0.262144,0,-1,0,27.0967,27
255.5,ue_n043_0015,gNB_4G_2,-54,gNB_4G_1,-64,0.253952,1,9.03993,0,56.7667,28
256.5,car_north_peak_006,gNB_5G,0,,-140,0,0,-1,0,-20.1977,0
256.5,ue_n001_0006,gNB_4G_1,-45,gNB_4G_2,-70,0.679936,0,-1,0,29.0675,27
256.5,ue_n043_0012,gNB_4G_2,-53,gNB_5G,-63,0.196608,3,8.83993,1,55.9595,28
256.5,car_north_base_011,gNB_4G_2,-47,gNB_4G_1,-50,0.278528,1,12.0399,0,4.56175,8
256.5,ue_n042_0002,gNB_4G_2,-43,gNB_4G_1,-51,0.688128,2,82.0399,1,66.886,28
256.5,ue_ujeongwon_0001,gNB_4G_1,-48,gNB_4G_2,-58,0,0,-1,0,17.3795,21
256.5,ue_n043_0009,gNB_4G_2,-44,gNB_5G,-51,0.745472,5,62.8399,1,65.5304,28
256.5,ue_n043_0010,gNB_4G_2,-57,gNB_5G,-67,0.196608,5,46.8399,1,55.4249,28
256.5,ue_n043_0001,gNB_4G_2,-50,gNB_5G,-53,0,3,165.44,0,63.2297,28
256.5,ue_n001_0009,gNB_4G_1,-55,gNB_4G_2,-53,0.393216,0,-1,0,6.57341,11
256.5,ue_n001_0001,gNB_4G_2,-46,gNB_5G,-59,0.589824,3,80.6399,1,47.8048,28
256.5,car_north_base_010,gNB_4G_2,-44,gNB_5G,-54,0.212992,1,28.4399,0,66.6941,28
256.5,ue_ujeongwon_0002,gNB_4G_1,-48,gNB_4G_2,-55,0.8192,0,-1,0,14.2016,20
256.5,ue_n001_0007,gNB_4G_1,-51,gNB_4G_2,-55,0.262144,0,-1,0,65.2689,28
256.5,ue_n001_0012,gNB_4G_1,-37,gNB_5G,-67,0.679936,0,-1,0,50.7635,28
256.5,ue_n042_0011,gNB_4G_2,-55,gNB_5G,-68,0.630784,2,31.6399,1,56.6407,28
256.5,car_north_base_002_rider,gNB_5G,-73,gNB_4G_2,-94,0,7,14.0399,0,37.2275,28
256.5,car_north_base_009,gNB_4G_2,-45,gNB_5G,-51,0.311296,3,33.4399,0,66.7477,28
256.5,car_north_peak_009,gNB_4G_2,-43,gNB_5G,-53,0.507904,1,17.2399,0,65.6699,28
256.5,ue_n043_0003,gNB_4G_2,-48,gNB_5G,-52,0.442368,5,137.44,0,63.0945,28
256.5,ue_n042_0009,gNB_4G_2,-39,gNB_5G,-62,0.16384,0,-1,0,68.2876,28
256.5,ue_n042_0004,gNB_4G_2,-45,gNB_4G_1,-48,0.835584,2,28.8399,0,67.4028,28
256.5,ue_n001_0011,gNB_4G_1,-52,gNB_5G,-70,0.172032,0,-1,0,33.5537,28
256.5,ue_n042_0010,gNB_4G_2,-53,gNB_5G,-64,0.090112,0,-1,0,45.3039,28
256.5,ue_n043_0004,gNB_4G_2,-45,gNB_5G,-52,0.745472,9,10.2399,1,62.1575,28
256.5,ue_n001_0010,gNB_4G_1,-46,gNB_4G_2,-60,0.8192,0,-1,0,17.6639,17
256.5,ue_n043_0005,gNB_4G_2,-46,gNB_5G,-52,0.483328,5,105.84,1,19.293,20
256.5,ue_ujeongwon_0004,gNB_4G_2,-46,gNB_4G_1,-51,0.12288,1,63.8399,0,64.9538,28
256.5,ue_ujeongwon_0005,gNB_4G_2,-47,gNB_5G,-54,0.32768,3,19.8399,1,40.3771,28
256.5,ue_n001_0005,gNB_4G_1,-47,gNB_5G,-60,0.483328,0,-1,0,8.02819,6
256.5,ue_n043_0011,gNB_4G_2,0,,-140,0,0,-1,0,42.9264,28
256.5,car_north_peak_008_rider,gNB_4G_2,-42,gNB_5G,-52,0.344064,1,19.0399,0,69.904,28
256.5,ue_n043_0006,gNB_4G_2,-41,gNB_5G,-61,0.589824,5,93.6399,1,51.4503,28
256.5,ue_ujeongwon_0007,gNB_4G_1,-52,gNB_5G,-73,0.8192,0,-1,0,24.1741,27
256.5,ue_ujeongwon_0008,gNB_4G_1,-45,gNB_5G,-69,0.360448,0,-1,0,32.2951,28
256.5,ue_n043_0007,gNB_4G_2,-51,gNB_5G,-62,0.4096,7,88.6399,1,58.9235,28
256.5,ue_ujeongwon_0009,gNB_4G_2,-44,gNB_4G_1,-49,0.589824,1,46.8399,0,66.9558,28
256.5,car_north_base_012_rider,gNB_4G_2,-47,gNB_4G_1,-49,0.335872,1,2.03993,0,66.9619,28
256.5,ue_ujeongwon_0010,gNB_4G_1,-41,gNB_4G_2,-71,0.679936,0,-1,0,47.0773,28
256.5,car_north_base_008_rider,gNB_4G_2,-42,gNB_5G,-63,0.172032,3,44.2399,1,57.7322,28
256.5,ue_n043_0008,gNB_4G_2,-43,gNB_5G,-51,0.745472,5,56.2399,0,63.885,28
256.5,ue_n001_0008,gNB_4G_1,-46,gNB_4G_2,-56,0.303104,0,-1,0,14.8038,16
256.5,car_north_peak_010_rider,gNB_4G_2,-43,gNB_4G_1,-51,0.180224,1,15.2399,0,25.7973,28
256.5,car_north_peak_007,gNB_4G_2,-41,gNB_5G,-51,0.262144,1,22.2399,0,36.8089,28
256.5,ue_n043_0013,gNB_4G_2,-54,gNB_4G_1,-59,0.630784,3,7.63993,1,57.7006,28
256.5,ue_n001_0013,gNB_4G_1,-56,gNB_4G_2,-77,0.36864,0,-1,0,41.4177,28
256.5,car_north_base_013,gNB_4G_1,-35,gNB_5G,-64,0.303104,0,-1,0,54.4343,28
256.5,ue_n043_0014,gNB_4G_2,-54,gNB_4G_1,-68,0.466944,3,10.4399,1,12.8909,15
256.5,ue_n042_0012,gNB_4G_2,-51,gNB_5G,-69,0.630784,2,23.6399,1,57.1067,28
256.5,ue_ujeongwon_0011,gNB_4G_1,-43,gNB_4G_2,-90,0.311296,0,-1,0,61.9845,28
256.5,ue_n001_0014,gNB_4G_1,-45,gNB_5G,-71,0.548864,0,-1,0,68.641,28
256.5,car_north_base_014_rider,gNB_4G_1,-36,gNB_4G_2,-83,0.188416,0,-1,0,57.2038,28
256.5,ue_n001_0015,gNB_4G_1,-47,gNB_4G_2,-71,0.630784,0,-1,0,32.9518,28
256.5,ue_n042_0013,gNB_4G_2,-55,gNB_5G,-71,0.8192,2,16.2399,1,32.8119,27
256.5,ue_n042_0014,gNB_4G_2,-56,gNB_5G,-69,0.688128,2,15.2399,1,51.2644,28
256.5,car_north_base_015_rider,gNB_4G_1,-41,gNB_5G,-76,0.376832,0,-1,0,61.3387,28
256.5,ue_ujeongwon_0012,gNB_4G_1,-55,gNB_4G_2,-78,0.262144,0,-1,0,56.4538,28
256.5,ue_n043_0015,gNB_4G_2,-54,gNB_4G_1,-65,0.253952,1,10.0399,0,55.6199,28
257.5,car_north_peak_006,gNB_5G,0,,-140,0,0,-1,0,-20.1977,0
257.5,ue_n001_0006,gNB_4G_1,-44,gNB_4G_2,-70,0.679936,0,-1,0,28.8927,23
257.5,ue_n043_0012,gNB_4G_2,-55,gNB_4G_1,-62,0.196608,3,9.83993,1,21.7798,22
257.5,car_north_base_011,gNB_4G_2,-46,gNB_4G_1,-52,0.28672,1,13.0399,0,27.3137,24
257.5,ue_n042_0002,gNB_4G_2,-44,gNB_4G_1,-51,0.671744,2,83.0399,1,66.886,28
257.5,ue_ujeongwon_0001,gNB_4G_1,-48,gNB_4G_2,-58,0,0,-1,0,17.3795,21
257.5,ue_n043_0009,gNB_4G_2,-45,gNB_5G,-51,0.745472,5,63.8399,1,15.3821,20
257.5,ue_n043_0010,gNB_4G_2,-56,gNB_5G,-66,0.196608,5,47.8399,1,31.9321,28
257.5,ue_n043_0001,gNB_4G_2,-50,gNB_5G,-53,0,3,166.44,0,63.2297,28
257.5,ue_n001_0009,gNB_4G_1,-53,gNB_4G_2,-54,0.6144,0,-1,0,60.7819,28
257.5,ue_n001_0001,gNB_4G_2,-46,gNB_5G,-52,0.581632,3,81.6399,1,48.2741,28
257.5,car_north_base_010,gNB_4G_2,-44,gNB_5G,-50,0.212992,1,29.4399,0,16.2646,20
257.5,ue_ujeongwon_0002,gNB_4G_1,-51,gNB_4G_2,-56,0.8192,0,-1,0,14.1602,15
257.5,ue_n001_0007,gNB_4G_1,-50,gNB_4G_2,-61,0.262144,0,-1,0,17.3842,22
257.5,ue_n001_0012,gNB_4G_1,-38,gNB_5G,-70,0.679936,0,-1,0,50.0468,28
257.5,ue_n042_0011,gNB_4G_2,-54,gNB_5G,-69,0.630784,2,32.6399,1,57.2319,28
257.5,car_north_base_002_rider,gNB_5G,-69,gNB_4G_2,-94,0,7,15.0399,0,37.2275,28
257.5,car_north_base_009,gNB_4G_2,-44,gNB_5G,-52,0.319488,3,34.4399,0,36.3072,28
257.5,car_north_peak_009,gNB_4G_2,-42,gNB_5G,-54,0.516096,1,18.2399,0,48.7709,28
257.5,ue_n043_0003,gNB_4G_2,-47,gNB_5G,-53,0.458752,5,138.44,0,19.2007,24
257.5,ue_n042_0009,gNB_4G_2,-42,gNB_5G,-60,0.155648,0,-1,0,50.1856,28
257.5,ue_n042_0004,gNB_4G_2,-45,gNB_4G_1,-48,0.8192,2,29.8399,0,11.7586,15
257.5,ue_n001_0011,gNB_4G_1,-50,gNB_5G,-70,0.16384,0,-1,0,33.1023,28
257.5,ue_n042_0010,gNB_4G_2,-49,gNB_5G,-63,0.090112,0,-1,0,48.8583,28
257.5,ue_n043_0004,gNB_4G_2,-46,gNB_5G,-52,0.745472,9,11.2399,1,13.305,14
257.5,ue_n001_0010,gNB_4G_1,-46,gNB_4G_2,-59,0.811008,0,-1,0,20.6579,22
257.5,ue_n043_0005,gNB_4G_2,-47,gNB_5G,-52,0.483328,5,106.84,1,21.8059,25
257.5,ue_ujeongwon_0004,gNB_4G_2,-46,gNB_4G_1,-51,0.114688,1,64.8399,0,11.0123,11
257.5,ue_ujeongwon_0005,gNB_4G_2,-45,gNB_5G,-57,0.32768,3,20.8399,1,36.4945,28
257.5,ue_n001_0005,gNB_4G_1,-51,gNB_4G_2,-51,0.401408,0,-1,0,34.5479,28
257.5,ue_n043_0011,gNB_4G_2,0,,-140,0,0,-1,0,42.9264,28
257.5,car_north_peak_008_rider,gNB_4G_2,-41,gNB_5G,-52,0.344064,1,20.0399,0,44.2559,28
257.5,ue_n043_0006,gNB_4G_2,-41,gNB_5G,-62,0.581632,5,94.6399,1,54.5902,28
257.5,ue_ujeongwon_0007,gNB_4G_1,-47,gNB_5G,-65,0.8192,0,-1,0,33.4831,28
257.5,ue_ujeongwon_0008,gNB_4G_1,-47,gNB_5G,-74,0.352256,0,-1,0,66.5913,28
257.5,ue_n043_0007,gNB_4G_2,-41,gNB_5G,-63,0.4096,7,89.6399,1,53.6592,28
257.5,ue_ujeongwon_0009,gNB_4G_2,-44,gNB_4G_1,-48,0.57344,1,47.8399,0,15.4124,15
257.5,car_north_base_012_rider,gNB_4G_2,-45,gNB_5G,-59,0.344064,1,3.03993,0,18.552,22
257.5,ue_ujeongwon_0010,gNB_4G_1,-40,gNB_4G_2,-68,0.688128,0,-1,0,71.2632,28
257.5,car_north_base_008_rider,gNB_4G_2,-44,gNB_5G,-64,0.172032,3,45.2399,1,43.4794,28
257.5,ue_n043_0008,gNB_4G_2,-44,gNB_5G,-52,0.745472,5,57.2399,0,38.1769,28
257.5,ue_n001_0008,gNB_4G_1,-48,gNB_4G_2,-52,0.303104,0,-1,0,7.39183,12
257.5,car_north_peak_010_rider,gNB_4G_2,-46,gNB_4G_1,-51,0.188416,1,16.2399,0,19.7753,26
257.5,car_north_peak_007,gNB_4G_2,-43,gNB_5G,-60,0.262144,1,23.2399,0,13.7873,15
257.5,ue_n043_0013,gNB_4G_2,-53,gNB_5G,-63,0.622592,3,8.63993,1,16.6627,19
257.5,ue_n001_0013,gNB_4G_1,-46,gNB_4G_2,-76,0.376832,0,-1,0,42.2156,28
257.5,car_north_base_013,gNB_4G_1,-40,gNB_4G_2,-84,0.303104,0,-1,0,47.9723,28
257.5,ue_n043_0014,gNB_4G_2,-54,gNB_4G_1,-59,0.483328,3,11.4399,1,13.5809,14
257.5,ue_n042_0012,gNB_4G_2,-52,gNB_5G,-69,0.630784,2,24.6399,1,58.7805,28
257.5,ue_ujeongwon_0011,gNB_4G_1,-35,gNB_4G_2,-89,0.319488,0,-1,0,55.9174,28
257.5,ue_n001_0014,gNB_4G_1,-43,gNB_5G,-70,0.540672,0,-1,0,33.6352,28
257.5,car_north_base_014_rider,gNB_4G_1,-41,gNB_4G_2,-87,0.196608,0,-1,0,56.555,28
257.5,ue_n001_0015,gNB_4G_1,-44,gNB_4G_2,-73,0.630784,0,-1,0,20.5288,28
257.5,ue_n042_0013,gNB_4G_2,-60,gNB_5G,-69,0.8192,2,17.2399,1,35.7067,28
257.5,ue_n042_0014,gNB_4G_2,-55,gNB_5G,-68,0.671744,2,16.2399,1,34.9318,27
257.5,car_north_base_015_rider,gNB_4G_1,-43,gNB_5G,-74,0.36864,0,-1,0,75.7315,28
257.5,ue_ujeongwon_0012,gNB_4G_1,-52,gNB_4G_2,-78,0.262144,0,-1,0,27.9119,28
257.5,ue_n043_0015,gNB_4G_2,-55,gNB_4G_1,-66,0.262144,1,11.0399,0,32.8041,28
258.5,car_north_peak_006,gNB_5G,0,,-140,0,0,-1,0,-20.1977,0
258.5,ue_n001_0006,gNB_4G_1,-45,gNB_4G_2,-71,0.688128,0,-1,0,22.8318,26
258.5,ue_n043_0012,gNB_4G_2,-52,gNB_5G,-66,0.196608,3,10.8399,1,60.7335,28
258.5,car_north_base_011,gNB_4G_2,-43,gNB_4G_1,-53,0.278528,1,14.0399,0,20.6789,25
258.5,ue_n042_0002,gNB_4G_2,-46,gNB_4G_1,-52,0.688128,2,84.0399,1,66.886,28
258.5,ue_ujeongwon_0001,gNB_4G_1,-48,gNB_4G_2,-58,0,0,-1,0,17.3795,21
258.5,ue_n043_0009,gNB_4G_2,-46,gNB_5G,-55,0.745472,5,64.8399,1,63.8262,28
258.5,ue_n043_0010,gNB_4G_2,-55,gNB_5G,-70,0.2048,5,48.8399,1,53.9016,28
258.5,ue_n043_0001,gNB_4G_2,-50,gNB_5G,-53,0,3,167.44,0,63.2297,28
258.5,ue_n001_0009,gNB_4G_1,-50,gNB_4G_2,-59,0.57344,0,-1,0,62.3697,28
258.5,ue_n001_0001,gNB_4G_2,-47,gNB_5G,-60,0.294912,3,82.6399,1,47.387,28
258.5,car_north_base_010,gNB_4G_2,-47,gNB_5G,-55,0.2048,1,30.4399,0,16.6071,21
258.5,ue_ujeongwon_0002,gNB_4G_1,-51,gNB_4G_2,-56,0.8192,0,-1,0,16.2129,19
258.5,ue_n001_0007,gNB_4G_1,-47,gNB_4G_2,-55,0.262144,0,-1,0,62.6292,28
258.5,ue_n001_0012,gNB_4G_1,-38,gNB_5G,-69,0.688128,0,-1,0,42.677,28
258.5,ue_n042_0011,gNB_4G_2,-54,gNB_5G,-65,0.630784,2,33.6399,1,57.5529,28
258.5,car_north_base_002_rider,gNB_5G,-68,gNB_4G_2,-94,0,7,16.0399,0,37.2275,28
258.5,car_north_base_009,gNB_4G_2,-47,gNB_5G,-54,0.311296,3,35.4399,0,64.5976,28
258.5,car_north_peak_009,gNB_4G_2,-42,gNB_5G,-59,0.507904,1,19.2399,0,41.2522,28
258.5,ue_n043_0003,gNB_4G_2,-47,gNB_5G,-53,0.45056,5,139.44,0,6.19427,12
258.5,ue_n042_0009,gNB_4G_2,-42,gNB_5G,-60,0.155648,0,-1,0,54.3647,28
258.5,ue_n042_0004,gNB_4G_2,-45,gNB_4G_1,-48,0.8192,2,30.8399,0,62.6317,28
258.5,ue_n001_0011,gNB_4G_1,-46,gNB_5G,-70,0.172032,0,-1,0,34.4153,28
258.5,ue_n042_0010,gNB_4G_2,-50,gNB_5G,-62,0.08192,0,-1,0,66.7361,28
258.5,ue_n043_0004,gNB_4G_2,-49,gNB_5G,-53,0.745472,9,12.2399,1,17.5757,22
258.5,ue_n001_0010,gNB_4G_1,-47,gNB_4G_2,-58,0.8192,0,-1,0,18.2425,24
258.5,ue_n043_0005,gNB_4G_2,-45,gNB_5G,-52,0.483328,5,107.84,1,62.7131,28
258.5,ue_ujeongwon_0004,gNB_4G_2,-46,gNB_4G_1,-51,0.12288,1,65.8399,0,60.1827,28
258.5,ue_ujeongwon_0005,gNB_4G_2,-46,gNB_5G,-59,0.32768,3,21.8399,1,32.6543,28
258.5,ue_n001_0005,gNB_4G_2,-47,gNB_5G,-61,0.507904,1,0.839928,0,41.9274,28
258.5,ue_n043_0011,gNB_4G_2,0,,-140,0,0,-1,0,42.9264,28
258.5,car_north_peak_008_rider,gNB_4G_2,-45,gNB_5G,-52,0.335872,1,21.0399,0,25.4964,26
258.5,ue_n043_0006,gNB_4G_2,-41,gNB_5G,-64,0.589824,5,95.6399,1,56.5801,28
258.5,ue_ujeongwon_0007,gNB_4G_1,-49,gNB_5G,-70,0.8192,0,-1,0,38.5914,28
258.5,ue_ujeongwon_0008,gNB_4G_1,-48,gNB_5G,-67,0.360448,0,-1,0,30.2243,28
258.5,ue_n043_0007,gNB_4G_2,-42,gNB_5G,-62,0.4096,7,90.6399,1,71.9164,28
258.5,ue_ujeongwon_0009,gNB_4G_2,-44,gNB_4G_1,-48,0.598016,1,48.8399,0,9.62712,11
258.5,car_north_base_012_rider,gNB_4G_2,-45,gNB_4G_1,-55,0.344064,1,4.03993,0,68.4053,28
258.5,ue_ujeongwon_0010,gNB_4G_1,-40,gNB_4G_2,-68,0.679936,0,-1,0,33.9762,28
258.5,car_north_base_008_rider,gNB_4G_2,-48,gNB_5G,-62,0.172032,3,46.2399,1,60.4084,28
258.5,ue_n043_0008,gNB_4G_2,-44,gNB_5G,-51,0.745472,5,58.2399,0,61.7082,28
258.5,ue_n001_0008,gNB_4G_1,-45,gNB_4G_2,-54,0.294912,0,-1,0,17.1854,22
258.5,car_north_peak_010_rider,gNB_4G_2,-41,gNB_4G_1,-49,0.188416,1,17.2399,0,19.479,24
258.5,car_north_peak_007,gNB_4G_2,-44,gNB_5G,-54,0.262144,1,24.2399,0,32.1692,28
258.5,ue_n043_0013,gNB_4G_2,-55,gNB_4G_1,-62,0.638976,3,9.63993,1,59.2379,28
258.5,ue_n001_0013,gNB_4G_1,-44,gNB_4G_2,-77,0.36864,0,-1,0,37.1621,28
258.5,car_north_base_013,gNB_4G_1,-37,gNB_4G_2,-81,0.303104,0,-1,0,70.1449,28
258.5,ue_n043_0014,gNB_4G_2,-55,gNB_4G_1,-55,0.4096,3,12.4399,1,1.56748,4
258.5,ue_n042_0012,gNB_4G_2,-53,gNB_5G,-68,0.630784,2,25.6399,1,59.4095,28
258.5,ue_ujeongwon_0011,gNB_4G_1,-39,gNB_4G_2,-89,0.311296,0,-1,0,58.4039,28
258.5,ue_n001_0014,gNB_4G_1,-49,gNB_5G,-68,0.548864,0,-1,0,28.3793,28
258.5,car_north_base_014_rider,gNB_4G_1,-40,gNB_5G,-71,0.188416,0,-1,0,53.3717,28
258.5,ue_n001_0015,gNB_4G_1,-47,gNB_4G_2,-69,0.630784,0,-1,0,36.911,25
258.5,ue_n042_0013,gNB_4G_2,-59,gNB_5G,-68,0.8192,2,18.2399,1,38.7063,28
258.5,ue_n042_0014,gNB_4G_2,-61,gNB_5G,-69,0.688128,2,17.2399,1,33.6745,28
258.5,car_north_base_015_rider,gNB_4G_1,-45,gNB_5G,-77,0.376832,0,-1,0,54.1203,28
258.5,ue_ujeongwon_0012,gNB_4G_1,-50,gNB_4G_2,-77,0.270336,0,-1,0,48.4502,28
258.5,ue_n043_0015,gNB_4G_2,-55,gNB_5G,-70,0.24576,1,12.0399,0,7.46428,8
259.5,car_north_peak_006,gNB_5G,0,,-140,0,0,-1,0,-20.1977,0
259.5,ue_n001_0006,gNB_4G_1,-45,gNB_4G_2,-71,0.679936,0,-1,0,42.7705,28
259.5,ue_n043_0012,gNB_4G_2,-50,gNB_5G,-66,0.188416,3,11.8399,1,37.7055,28
259.5,car_north_base_011,gNB_4G_2,-44,gNB_4G_1,-52,0.28672,1,15.0399,0,65.2291,28
259.5,ue_n042_0002,gNB_4G_2,-46,gNB_4G_1,-51,0.688128,2,85.0399,1,66.886,28
259.5,ue_ujeongwon_0001,gNB_4G_1,-48,gNB_4G_2,-58,0,0,-1,0,17.3795,21
259.5,ue_n043_0009,gNB_4G_2,-47,gNB_5G,-55,0.745472,5,65.8399,1,65.6968,28
259.5,ue_n043_0010,gNB_4G_2,-57,gNB_5G,-71,0.196608,5,49.8399,1,52.3531,28
259.5,ue_n043_0001,gNB_4G_2,-50,gNB_5G,-53,0,3,168.44,0,63.2297,28
259.5,ue_n001_0009,gNB_4G_1,-49,gNB_4G_2,-56,0.589824,0,-1,0,56.357,28
259.5,ue_n001_0001,gNB_4G_2,-46,gNB_5G,-61,0,3,83.6399,1,47.387,28
259.5,car_north_base_010,gNB_4G_2,-47,gNB_5G,-55,0.212992,1,31.4399,0,65.061,28
259.5,ue_ujeongwon_0002,gNB_4G_1,-49,gNB_4G_2,-55,0.802816,0,-1,0,62.0528,28
259.5,ue_n001_0007,gNB_4G_1,-45,gNB_4G_2,-51,0.270336,0,-1,0,62.2325,28
259.5,ue_n001_0012,gNB_4G_1,-36,gNB_5G,-71,0.679936,0,-1,0,53.0251,28
259.5,ue_n042_0011,gNB_4G_2,-53,gNB_5G,-68,0.630784,2,34.6399,1,45.4059,28
259.5,car_north_base_002_rider,gNB_5G,-68,gNB_4G_2,-94,0,7,17.0399,0,37.2275,28
259.5,car_north_base_009,gNB_4G_2,-46,gNB_5G,-51,0.319488,3,36.4399,0,65.508,28
259.5,car_north_peak_009,gNB_4G_2,-43,gNB_5G,-62,0.516096,1,20.2399,0,64.3718,28
259.5,ue_n043_0003,gNB_4G_2,-49,gNB_5G,-53,0.417792,5,140.44,0,60.1137,28
259.5,ue_n042_0009,gNB_4G_2,-39,gNB_5G,-62,0.155648,0,-1,0,68.6392,28
259.5,ue_n042_0004,gNB_4G_2,-45,gNB_4G_1,-48,0.802816,2,31.8399,0,11.5745,14
259.5,ue_n001_0011,gNB_4G_1,-46,gNB_5G,-72,0.172032,0,-1,0,37.4599,28
259.5,ue_n042_0010,gNB_4G_2,-44,gNB_5G,-63,0.090112,0,-1,0,66.8327,28
259.5,ue_n043_0004,gNB_4G_2,-47,gNB_5G,-53,0.745472,9,13.2399,1,66.0893,28
259.5,ue_n001_0010,gNB_4G_1,-45,gNB_4G_2,-59,0.827392,0,-1,0,15.1393,20
259.5,ue_n043_0005,gNB_4G_2,-46,gNB_5G,-55,0.483328,5,108.84,1,65.2193,28
259.5,ue_ujeongwon_0004,gNB_4G_2,-46,gNB_4G_1,-51,0.114688,1,66.8399,0,64.9538,28
259.5,ue_ujeongwon_0005,gNB_4G_2,-48,gNB_5G,-58,0.32768,3,22.8399,1,66.0014,28
259.5,ue_n001_0005,gNB_4G_2,-45,gNB_5G,-66,0.581632,1,1.83993,0,66.8972,28
259.5,ue_n043_0011,gNB_4G_2,0,,-140,0,0,-1,0,42.9264,28
259.5,car_north_peak_008_rider,gNB_4G_2,-43,gNB_4G_1,-54,0.344064,1,22.0399,0,43.8866,28
259.5,ue_n043_0006,gNB_4G_2,-41,gNB_5G,-64,0.581632,5,96.6399,1,73.6709,28
259.5,ue_ujeongwon_0007,gNB_4G_1,-48,gNB_5G,-70,0.8192,0,-1,0,35.9365,28
259.5,ue_ujeongwon_0008,gNB_4G_1,-53,gNB_4G_2,-73,0.352256,0,-1,0,61.7434,28
259.5,ue_n043_0007,gNB_4G_2,-39,gNB_5G,-60,0.4096,7,91.6399,1,61.076,28
259.5,ue_ujeongwon_0009,gNB_4G_2,-44,gNB_4G_1,-48,0.57344,1,49.8399,0,15.0545,15
259.5,car_north_base_012_rider,gNB_4G_2,-43,gNB_4G_1,-52,0.335872,1,5.03993,0,23.8005,18
259.5,ue_ujeongwon_0010,gNB_4G_1,-44,gNB_4G_2,-69,0.679936,0,-1,0,27.4454,28
259.5,car_north_base_008_rider,gNB_4G_2,-48,gNB_5G,-62,0.16384,3,47.2399,1,61.1498,28
259.5,ue_n043_0008,gNB_4G_2,-44,gNB_5G,-57,0.745472,5,59.2399,0,66.0052,28
259.5,ue_n001_0008,gNB_4G_1,-49,gNB_4G_2,-56,0.303104,0,-1,0,21.876,20
259.5,car_north_peak_010_rider,gNB_4G_2,-41,gNB_5G,-55,0.188416,1,18.2399,0,67.9689,28
259.5,car_north_peak_007,gNB_4G_2,-41,gNB_5G,-50,0.270336,1,25.2399,0,69.977,28
259.5,ue_n043_0013,gNB_4G_2,-52,gNB_5G,-65,0.630784,3,10.6399,1,25.5843,20
259.5,ue_n001_0013,gNB_4G_1,-57,gNB_4G_2,-72,0.36864,0,-1,0,67.2902,28
259.5,car_north_base_013,gNB_4G_1,-37,gNB_4G_2,-80,0.303104,0,-1,0,70.9941,28
259.5,ue_n043_0014,gNB_4G_2,-55,gNB_4G_1,-55,0.417792,3,13.4399,1,1.79833,6
259.5,ue_n042_0012,gNB_4G_2,-53,gNB_5G,-68,0.630784,2,26.6399,1,60.1308,28
259.5,ue_ujeongwon_0011,gNB_4G_1,-40,gNB_4G_2,-92,0.311296,0,-1,0,70.5234,28
259.5,ue_n001_0014,gNB_4G_1,-46,gNB_5G,-76,0.548864,0,-1,0,33.6646,28
259.5,car_north_base_014_rider,gNB_4G_1,-37,gNB_5G,-68,0.188416,0,-1,0,77.8586,28
259.5,ue_n001_0015,gNB_4G_1,-47,gNB_4G_2,-72,0.630784,0,-1,0,28.5322,28
259.5,ue_n042_0013,gNB_4G_2,-61,gNB_5G,-67,0.8192,2,19.2399,1,32.0977,28
259.5,ue_n042_0014,gNB_4G_2,-60,gNB_5G,-68,0.688128,2,18.2399,1,51.9675,28
259.5,car_north_base_015_rider,gNB_4G_1,-39,gNB_4G_2,-83,0.36864,0,-1,0,48.5771,28
259.5,ue_ujeongwon_0012,gNB_4G_1,-49,gNB_4G_2,-80,0.262144,0,-1,0,44.0729,28
259.5,ue_n043_0015,gNB_4G_2,-56,gNB_4G_1,-62,0.221184,1,13.0399,0,52.2791,28
260.5,car_north_peak_006,gNB_5G,0,,-140,0,0,-1,0,-20.1977,0
260.5,ue_n001_0006,gNB_4G_1,-43,gNB_4G_2,-71,0.679936,0,-1,0,31.3987,27
260.5,ue_n043_0012,gNB_4G_2,-51,gNB_5G,-67,0.196608,3,12.8399,1,56.2815,28
260.5,car_north_base_011,gNB_4G_2,-45,gNB_4G_1,-50,0.28672,1,16.0399,0,21.2951,24
260.5,ue_n042_0002,gNB_4G_2,-46,gNB_4G_1,-51,0.679936,2,86.0399,1,66.886,28
260.5,ue_ujeongwon_0001,gNB_4G_1,-48,gNB_4G_2,-58,0,0,-1,0,17.3795,21
260.5,ue_n043_0009,gNB_4G_2,-45,gNB_5G,-52,0.73728,5,66.8399,1,66.0189,28
260.5,ue_n043_0010,gNB_4G_2,-54,gNB_5G,-67,0.2048,5,50.8399,1,42.4089,28
260.5,ue_n043_0001,gNB_4G_2,-50,gNB_5G,-53,0,3,169.44,0,63.2297,28
260.5,ue_n001_0009,gNB_4G_1,-48,gNB_4G_2,-51,0.581632,0,-1,0,18.7428,19
260.5,ue_n001_0001,gNB_4G_2,-46,gNB_5G,-63,0,3,84.6399,1,47.387,28
260.5,car_north_base_010,gNB_4G_2,-46,gNB_5G,-51,0.212992,1,32.4399,0,59.0944,28
260.5,ue_ujeongwon_0002,gNB_4G_1,-46,gNB_4G_2,-53,0.835584,0,-1,0,19.0426,26
260.5,ue_n001_0007,gNB_4G_1,-49,gNB_4G_2,-53,0.262144,0,-1,0,64.8145,28
260.5,ue_n001_0012,gNB_4G_1,-38,gNB_5G,-68,0.679936,0,-1,0,55.3849,28
260.5,ue_n042_0011,gNB_4G_2,-49,gNB_5G,-68,0.630784,2,35.6399,1,55.8823,28
260.5,car_north_base_002_rider,gNB_5G,-68,gNB_4G_2,-94,0,7,18.0399,0,37.2275,28
260.5,car_north_base_009,gNB_4G_2,-45,gNB_5G,-53,0.311296,3,37.4399,0,61.8287,28
260.5,car_north_peak_009,gNB_4G_2,-46,gNB_5G,-53,0.507904,1,21.2399,0,26.682,27
260.5,ue_n043_0003,gNB_4G_2,-49,gNB_5G,-53,0.466944,5,141.44,0,63.6212,28
260.5,ue_n042_0009,gNB_4G_2,-42,gNB_5G,-63,0.155648,0,-1,0,70.0702,28
260.5,ue_n042_0004,gNB_4G_2,-45,gNB_4G_1,-48,0.835584,2,32.8399,0,7.83906,11
260.5,ue_n001_0011,gNB_4G_1,-48,gNB_5G,-67,0.172032,0,-1,0,62.9541,28
260.5,ue_n042_0010,gNB_4G_2,-44,gNB_5G,-62,0.090112,0,-1,0,66.9748,28
260.5,ue_n043_0004,gNB_4G_2,-45,gNB_5G,-49,0.745472,9,14.2399,1,58.6544,28
260.5,ue_n001_0010,gNB_4G_1,-45,gNB_4G_2,-59,0.8192,0,-1,0,19.476,24
260.5,ue_n043_0005,gNB_4G_2,-46,gNB_5G,-54,0.475136,5,109.84,1,11.4095,11
260.5,ue_ujeongwon_0004,gNB_4G_2,-46,gNB_4G_1,-51,0.12288,1,67.8399,0,64.9538,28
260.5,ue_ujeongwon_0005,gNB_4G_2,-45,gNB_5G,-60,0.32768,3,23.8399,1,66.8873,28
260.5,ue_n001_0005,gNB_4G_2,-44,gNB_4G_1,-50,0.581632,1,2.83993,0,63.7251,28
260.5,ue_n043_0011,gNB_4G_2,0,,-140,0,0,-1,0,42.9264,28
260.5,car_north_peak_008_rider,gNB_4G_2,-46,gNB_5G,-54,0.344064,1,23.0399,0,67.2561,28
260.5,ue_n043_0006,gNB_4G_2,-37,gNB_5G,-64,0.589824,5,97.6399,1,72.3341,28
260.5,ue_ujeongwon_0007,gNB_4G_1,-49,gNB_4G_2,-71,0.8192,0,-1,0,36.2936,28
260.5,ue_ujeongwon_0008,gNB_4G_1,-51,gNB_5G,-71,0.360448,0,-1,0,33.4879,28
260.5,ue_n043_0007,gNB_4G_2,-38,gNB_5G,-61,0.4096,7,92.6399,1,69.3088,28
260.5,ue_ujeongwon_0009,gNB_4G_2,-44,gNB_4G_1,-48,0.589824,1,50.8399,0,63.9456,28
260.5,car_north_base_012_rider,gNB_4G_2,-43,gNB_4G_1,-50,0.344064,1,6.03993,0,10.0555,12
260.5,ue_ujeongwon_0010,gNB_4G_1,-43,gNB_4G_2,-67,0.688128,0,-1,0,30.151,28
260.5,car_north_base_008_rider,gNB_4G_2,-47,gNB_5G,-63,0.172032,3,48.2399,1,62.4719,28
260.5,ue_n043_0008,gNB_4G_2,-45,gNB_5G,-57,0.745472,5,60.2399,0,64.6783,28
260.5,ue_n001_0008,gNB_4G_1,-51,gNB_4G_2,-55,0.303104,0,-1,0,65.2682,28
260.5,car_north_peak_010_rider,gNB_4G_2,-43,gNB_5G,-52,0.180224,1,19.2399,0,45.2483,28
260.5,car_north_peak_007,gNB_4G_2,-41,gNB_5G,-55,0.262144,1,26.2399,0,65.2763,28
260.5,ue_n043_0013,gNB_4G_2,-50,gNB_5G,-67,0.630784,3,11.6399,1,57.0044,28
260.5,ue_n001_0013,gNB_4G_1,-49,gNB_5G,-71,0.376832,0,-1,0,33.1935,28
260.5,car_north_base_013,gNB_4G_1,-38,gNB_4G_2,-84,0.303104,0,-1,0,56.4479,28
260.5,ue_n043_0014,gNB_4G_2,-57,gNB_4G_1,-57,0.417792,3,14.4399,1,56.7872,28
260.5,ue_n042_0012,gNB_4G_2,-54,gNB_5G,-68,0.630784,2,27.6399,1,56.4668,28
260.5,ue_ujeongwon_0011,gNB_4G_1,-41,gNB_4G_2,-93,0.319488,0,-1,0,69.6963,28
260.5,ue_n001_0014,gNB_4G_1,-50,gNB_4G_2,-77,0.540672,0,-1,0,43.773,28
260.5,car_north_base_014_rider,gNB_4G_1,-36,gNB_5G,-70,0.188416,0,-1,0,59.5703,28
260.5,ue_n001_0015,gNB_4G_1,-44,gNB_4G_2,-68,0.630784,0,-1,0,30.4473,28
260.5,ue_n042_0013,gNB_4G_2,-57,gNB_5G,-67,0.8192,2,20.2399,1,41.242,28
260.5,ue_n042_0014,gNB_4G_2,-61,gNB_5G,-67,0.679936,2,19.2399,1,37.2944,28
260.5,car_north_base_015_rider,gNB_4G_1,-35,gNB_4G_2,-83,0.376832,0,-1,0,57.2145,28
260.5,ue_ujeongwon_0012,gNB_4G_1,-51,gNB_5G,-81,0.262144,0,-1,0,47.9015,28
260.5,ue_n043_0015,gNB_4G_2,-57,gNB_4G_1,-57,0.221184,1,14.0399,0,54.4188,28
261.5,car_north_peak_006,gNB_5G,0,,-140,0,0,-1,0,-20.1977,0
261.5,ue_n001_0006,gNB_4G_1,-46,gNB_4G_2,-73,0.679936,0,-1,0,29.9731,28
261.5,ue_n043_0012,gNB_4G_2,-54,gNB_4G_1,-56,0.196608,3,13.8399,1,52.6068,28
261.5,car_north_base_011,gNB_4G_2,-41,gNB_4G_1,-55,0.278528,1,17.0399,0,44.6092,28
261.5,ue_n042_0002,gNB_4G_2,-46,gNB_4G_1,-52,0.679936,2,87.0399,1,66.886,28
261.5,ue_ujeongwon_0001,gNB_4G_1,-48,gNB_4G_2,-58,0,0,-1,0,17.3795,21
261.5,ue_n043_0009,gNB_4G_2,-45,gNB_5G,-51,0.745472,5,67.8399,1,66.94,28
261.5,ue_n043_0010,gNB_4G_2,-55,gNB_5G,-66,0.196608,5,51.8399,1,57.7215,28
261.5,ue_n043_0001,gNB_4G_2,-50,gNB_5G,-53,0,3,170.44,0,63.2297,28
261.5,ue_n001_0009,gNB_4G_1,-45,gNB_4G_2,-54,0.589824,0,-1,0,18.1966,22
261.5,ue_n001_0001,gNB_4G_2,-46,gNB_5G,-63,0,3,85.6399,1,47.387,28
261.5,car_north_base_010,gNB_4G_2,-47,gNB_5G,-59,0.2048,1,33.4399,0,65.3619,28
261.5,ue_ujeongwon_0002,gNB_4G_1,-46,gNB_4G_2,-50,0.8192,0,-1,0,21.5363,26
261.5,ue_n001_0007,gNB_4G_1,-46,gNB_4G_2,-57,0.262144,0,-1,0,66.3718,28
261.5,ue_n001_0012,gNB_4G_1,-38,gNB_5G,-66,0.688128,0,-1,0,53.4293,28
261.5,ue_n042_0011,gNB_4G_2,-50,gNB_5G,-68,0.630784,2,36.6399,1,37.4467,28
261.5,car_north_base_002_rider,gNB_5G,-68,gNB_4G_2,-94,0,7,19.0399,0,37.2275,28
261.5,car_north_base_009,gNB_4G_2,-49,gNB_5G,-55,0.319488,3,38.4399,0,66.3291,28
261.5,car_north_peak_009,gNB_4G_2,-42,gNB_5G,-54,0.516096,1,22.2399,0,67.9555,28
261.5,ue_n043_0003,gNB_4G_2,-49,gNB_5G,-59,0.458752,5,142.44,0,62.7315,28
261.5,ue_n042_0009,gNB_4G_2,-41,gNB_5G,-64,0.16384,0,-1,0,55.9126,28
261.5,ue_n042_0004,gNB_4G_2,-45,gNB_4G_1,-48,0.811008,2,33.8399,0,67.4028,28
261.5,ue_n001_0011,gNB_4G_1,-50,gNB_5G,-70,0.172032,0,-1,0,31.2331,28
261.5,ue_n042_0010,gNB_4G_2,-44,gNB_5G,-66,0.090112,0,-1,0,54.4355,28
261.5,ue_n043_0004,gNB_4G_2,-50,gNB_5G,-53,0.745472,9,15.2399,1,66.6698,28
261.5,ue_n001_0010,gNB_4G_1,-47,gNB_4G_2,-59,0.8192,0,-1,0,15.8321,18
261.5,ue_n043_0005,gNB_4G_2,-50,gNB_5G,-53,0.483328,5,110.84,1,59.2005,28
261.5,ue_ujeongwon_0004,gNB_4G_2,-46,gNB_4G_1,-51,0.114688,1,68.8399,0,64.9538,28
261.5,ue_ujeongwon_0005,gNB_4G_2,-44,gNB_5G,-60,0.32768,3,24.8399,1,43.1091,28
261.5,ue_n001_0005,gNB_4G_2,-47,gNB_4G_1,-49,0.57344,1,3.83993,0,22.186,22
261.5,ue_n043_0011,gNB_4G_2,0,,-140,0,0,-1,0,42.9264,28
261.5,car_north_peak_008_rider,gNB_4G_2,-45,gNB_5G,-52,0.344064,1,24.0399,0,67.2034,28
261.5,ue_n043_0006,gNB_4G_2,-38,gNB_5G,-63,0.581632,5,98.6399,1,67.7384,28
261.5,ue_ujeongwon_0007,gNB_4G_1,-47,gNB_5G,-73,0.8192,0,-1,0,34.7089,27
261.5,ue_ujeongwon_0008,gNB_4G_1,-49,gNB_5G,-70,0.352256,0,-1,0,60.7634,28
261.5,ue_n043_0007,gNB_4G_2,-41,gNB_5G,-61,0.4096,7,93.6399,1,56.7132,28
261.5,ue_ujeongwon_0009,gNB_4G_2,-44,gNB_4G_1,-49,0.589824,1,51.8399,0,19.0074,23
261.5,car_north_base_012_rider,gNB_4G_2,-44,gNB_4G_1,-51,0.344064,1,7.03993,0,65.8344,28
261.5,ue_ujeongwon_0010,gNB_4G_1,-43,gNB_4G_2,-67,0.679936,0,-1,0,68.0589,28
261.5,car_north_base_008_rider,gNB_4G_2,-49,gNB_5G,-62,0.172032,3,49.2399,1,62.4719,28
261.5,ue_n043_0008,gNB_4G_2,-46,gNB_5G,-57,0.745472,5,61.2399,0,65.513,28
261.5,ue_n001_0008,gNB_4G_1,-50,gNB_4G_2,-60,0.303104,0,-1,0,17.3842,22
261.5,car_north_peak_010_rider,gNB_4G_2,-42,gNB_5G,-55,0.188416,1,20.2399,0,38.3711,28
261.5,car_north_peak_007,gNB_4G_2,-42,gNB_5G,-56,0.262144,1,27.2399,0,66.3095,28
261.5,ue_n043_0013,gNB_4G_2,-54,gNB_5G,-64,0.622592,3,12.6399,1,56.2815,28
261.5,ue_n001_0013,gNB_4G_1,-45,gNB_5G,-71,0.36864,0,-1,0,32.7822,28
261.5,car_north_base_013,gNB_4G_1,-41,gNB_5G,-86,0.303104,0,-1,0,60.6965,28
261.5,ue_n043_0014,gNB_4G_2,-56,gNB_4G_1,-61,0.483328,3,15.4399,1,31.5024,27
261.5,ue_n042_0012,gNB_4G_2,-54,gNB_5G,-66,0.630784,2,28.6399,1,59.0473,28
261.5,ue_ujeongwon_0011,gNB_4G_1,-41,gNB_4G_2,-92,0.311296,0,-1,0,65.0039,28
261.5,ue_n001_0014,gNB_4G_1,-44,gNB_5G,-80,0.548864,0,-1,0,54.403,28
261.5,car_north_base_014_rider,gNB_4G_1,-35,gNB_5G,-69,0.196608,0,-1,0,58.904,28
261.5,ue_n001_0015,gNB_4G_1,-44,gNB_4G_2,-67,0.630784,0,-1,0,59.3057,15
261.5,ue_n042_0013,gNB_4G_2,-58,gNB_5G,-65,0.8192,2,21.2399,1,55.1817,28
261.5,ue_n042_0014,gNB_4G_2,-57,gNB_5G,-67,0.679936,2,20.2399,1,34.1737,28
261.5,car_north_base_015_rider,gNB_4G_1,-40,gNB_4G_2,-87,0.36864,0,-1,0,77.2148,28
261.5,ue_ujeongwon_0012,gNB_4G_1,-48,gNB_4G_2,-90,0.262144,0,-1,0,49.1573,28
261.5,ue_n043_0015,gNB_4G_2,-56,gNB_4G_1,-57,0.237568,1,15.0399,0,54.771,28
262.5,car_north_peak_006,gNB_5G,0,,-140,0,0,-1,0,-20.1977,0
262.5,ue_n001_0006,gNB_5G,-63,gNB_4G_2,-73,0.237568,0,-1,0,29.9731,28
262.5,ue_n043_0012,gNB_4G_2,-53,gNB_4G_1,-56,0.188416,3,14.8399,1,57.9882,28
262.5,car_north_base_011,gNB_4G_2,-44,gNB_5G,-61,0.28672,1,18.0399,0,59.6028,28
262.5,ue_n042_0002,gNB_4G_2,-46,gNB_4G_1,-51,0.688128,2,88.0399,1,14.3924,16
262.5,ue_ujeongwon_0001,gNB_4G_1,-48,gNB_4G_2,-58,0,0,-1,0,17.3795,21
262.5,ue_n043_0009,gNB_4G_2,-44,gNB_5G,-51,0.745472,5,68.8399,1,66.3131,28
262.5,ue_n043_0010,gNB_4G_2,-53,gNB_5G,-68,0.196608,5,52.8399,1,49.5361,28
262.5,ue_n043_0001,gNB_4G_2,-50,gNB_5G,-53,0,3,171.44,0,63.2297,28
262.5,ue_n001_0009,gNB_4G_1,-43,gNB_4G_2,-58,0.581632,0,-1,0,17.946,25
262.5,ue_n001_0001,gNB_4G_2,-46,gNB_5G,-63,0,3,86.6399,1,47.387,28
262.5,car_north_base_010,gNB_4G_2,-46,gNB_5G,-56,0.212992,1,34.4399,0,63.9744,28
262.5,ue_ujeongwon_0002,gNB_4G_1,-46,gNB_4G_2,-52,0.8192,0,-1,0,61.9159,28
262.5,ue_n001_0007,gNB_4G_1,-49,gNB_4G_2,-53,0.270336,0,-1,0,20.2131,26
262.5,ue_n001_0012,gNB_4G_1,-39,gNB_5G,-69,0.679936,0,-1,0,51.7844,28
262.5,ue_n042_0011,gNB_4G_2,-57,gNB_5G,-67,0.630784,2,37.6399,1,48.442,28
262.5,car_north_base_002_rider,gNB_5G,-68,gNB_4G_2,-94,0,7,20.0399,0,37.2275,28
262.5,car_north_base_009,gNB_4G_2,-45,gNB_5G,-53,0.311296,3,39.4399,0,11.3364,14
262.5,car_north_peak_009,gNB_4G_2,-43,gNB_5G,-57,0.507904,1,23.2399,0,14.009,20
262.5,ue_n043_0003,gNB_4G_2,-48,gNB_5G,-57,0.45056,5,143.44,0,14.004,19
262.5,ue_n042_0009,gNB_4G_2,-42,gNB_5G,-62,0.155648,0,-1,0,55.7884,28
262.5,ue_n042_0004,gNB_4G_2,-45,gNB_4G_1,-48,0.827392,2,34.8399,0,11.5748,14
262.5,ue_n001_0011,gNB_4G_1,-48,gNB_5G,-67,0.172032,0,-1,0,36.0222,28
262.5,ue_n042_0010,gNB_4G_2,-43,gNB_5G,-63,0.090112,0,-1,0,70.2283,28
262.5,ue_n043_0004,gNB_4G_2,-46,gNB_5G,-52,0.73728,9,16.2399,1,8.62813,16
262.5,ue_n001_0010,gNB_4G_1,-49,gNB_4G_2,-58,0.8192,0,-1,0,66.8289,28
262.5,ue_n043_0005,gNB_4G_2,-49,gNB_5G,-53,0.483328,5,111.84,1,65.2414,28
262.5,ue_ujeongwon_0004,gNB_4G_2,-46,gNB_4G_1,-51,0.12288,1,69.8399,0,64.9538,28
262.5,ue_ujeongwon_0005,gNB_4G_2,-45,gNB_5G,-55,0.32768,3,25.8399,1,38.6038,28
262.5,ue_n001_0005,gNB_4G_2,-44,gNB_4G_1,-47,0.57344,1,4.83993,0,15.8691,21
262.5,ue_n043_0011,gNB_4G_2,0,,-140,0,0,-1,0,42.9264,28
262.5,car_north_peak_008_rider,gNB_4G_2,-42,gNB_4G_1,-54,0.335872,1,25.0399,0,71.1639,28
262.5,ue_n043_0006,gNB_4G_2,-43,gNB_5G,-64,0.581632,5,99.6399,1,66.3007,28
262.5,ue_ujeongwon_0007,gNB_4G_1,-49,gNB_5G,-71,0.8192,0,-1,0,63.8167,28
262.5,ue_ujeongwon_0008,gNB_4G_1,-56,gNB_5G,-70,0.360448,0,-1,0,34.4806,28
262.5,ue_n043_0007,gNB_4G_2,-41,gNB_5G,-62,0.4096,7,94.6399,1,71.4169,28
262.5,ue_ujeongwon_0009,gNB_4G_2,-44,gNB_4G_1,-48,0.581632,1,52.8399,0,65.195,28
262.5,car_north_base_012_rider,gNB_4G_2,-45,gNB_4G_1,-53,0.294912,1,8.03993,0,62.3059,28
262.5,ue_ujeongwon_0010,gNB_4G_1,-43,gNB_4G_2,-69,0.679936,0,-1,0,67.8993,28
262.5,car_north_base_008_rider,gNB_4G_2,-48,gNB_5G,-62,0.172032,3,50.2399,1,58.6398,28
262.5,ue_n043_0008,gNB_4G_2,-45,gNB_5G,-52,0.745472,5,62.2399,0,68.5717,28
262.5,ue_n001_0008,gNB_4G_1,-47,gNB_4G_2,-55,0.303104,0,-1,0,13.7157,12
262.5,car_north_peak_010_rider,gNB_4G_2,-44,gNB_5G,-58,0.188416,1,21.2399,0,67.2662,28
262.5,car_north_peak_007,gNB_4G_2,-44,gNB_5G,-53,0.262144,1,28.2399,0,34.511,28
262.5,ue_n043_0013,gNB_4G_2,-54,gNB_4G_1,-56,0.57344,3,13.6399,1,52.6066,28
262.5,ue_n001_0013,gNB_4G_1,-44,gNB_5G,-71,0.376832,0,-1,0,64.5594,28
262.5,car_north_base_013,gNB_4G_1,-40,gNB_5G,-88,0.303104,0,-1,0,31.0944,28
262.5,ue_n043_0014,gNB_4G_2,-55,gNB_5G,-65,0.475136,3,16.4399,1,57.8487,28
262.5,ue_n042_0012,gNB_4G_2,-54,gNB_5G,-65,0.630784,2,29.6399,1,57.2406,28
262.5,ue_ujeongwon_0011,gNB_4G_1,-37,gNB_4G_2,-92,0.319488,0,-1,0,48.5138,28
262.5,ue_n001_0014,gNB_4G_1,-44,gNB_5G,-82,0.548864,0,-1,0,60.3225,28
262.5,car_north_base_014_rider,gNB_4G_1,-37,gNB_5G,-71,0.188416,0,-1,0,53.4668,28
262.5,ue_n001_0015,gNB_4G_1,-45,gNB_4G_2,-63,0.622592,0,-1,0,19.6382,22
262.5,ue_n042_0013,gNB_4G_2,-54,gNB_5G,-64,0.8192,2,22.2399,1,36.5088,28
262.5,ue_n042_0014,gNB_4G_2,-53,gNB_5G,-65,0.688128,2,21.2399,1,50.7872,28
262.5,car_north_base_015_rider,gNB_4G_1,-40,gNB_5G,-71,0.376832,0,-1,0,71.4352,28
262.5,ue_ujeongwon_0012,gNB_4G_1,-47,gNB_4G_2,-89,0.270336,0,-1,0,48.6673,28
262.5,ue_n043_0015,gNB_4G_2,-56,gNB_4G_1,-65,0.253952,1,16.0399,0,12.3706,17
263.5,car_north_peak_006,gNB_5G,0,,-140,0,0,-1,0,-20.1977,0
263.5,ue_n001_0006,gNB_4G_1,-76,gNB_5G,-63,0,0,-1,0,29.9731,28
263.5,ue_n043_0012,gNB_4G_2,-53,gNB_4G_1,-56,0.172032,3,15.8399,1,56.4035,28
263.5,car_north_base_011,gNB_4G_2,-46,gNB_5G,-55,0.278528,1,19.0399,0,66.9819,28
263.5,ue_n042_0002,gNB_4G_2,-42,gNB_4G_1,-51,0.679936,2,89.0399,1,9.53848,14
263.5,ue_ujeongwon_0001,gNB_4G_1,-48,gNB_4G_2,-58,0,0,-1,0,17.3795,21
263.5,ue_n043_0009,gNB_4G_2,-45,gNB_5G,-51,0.73728,5,69.8399,1,23.7592,18
263.5,ue_n043_0010,gNB_4G_2,-59,gNB_5G,-70,0.2048,5,53.8399,1,54.4553,28
263.5,ue_n043_0001,gNB_4G_2,-50,gNB_5G,-53,0,3,172.44,0,63.2297,28
263.5,ue_n001_0009,gNB_4G_1,-45,gNB_4G_2,-60,0.557056,0,-1,0,0.477162,5
263.5,ue_n001_0001,gNB_4G_2,-46,gNB_5G,-63,0,3,87.6399,1,47.387,28
263.5,car_north_base_010,gNB_4G_2,-47,gNB_5G,-52,0.212992,1,35.4399,0,60.5156,28
263.5,ue_ujeongwon_0002,gNB_4G_1,-45,gNB_4G_2,-56,0.8192,0,-1,0,13.9483,19
263.5,ue_n001_0007,gNB_4G_1,-50,gNB_4G_2,-55,0.262144,0,-1,0,65.6967,28
263.5,ue_n001_0012,gNB_4G_1,-40,gNB_5G,-70,0.679936,0,-1,0,57.9508,28
263.5,ue_n042_0011,gNB_4G_2,-58,gNB_5G,-66,0.630784,2,38.6399,1,52.9033,28
263.5,car_north_base_002_rider,gNB_5G,-68,gNB_4G_2,-94,0,7,21.0399,0,37.2275,28
263.5,car_north_base_009,gNB_4G_2,-46,gNB_5G,-54,0.319488,3,40.4399,0,65.3945,28
263.5,car_north_peak_009,gNB_4G_2,-42,gNB_5G,-52,0.507904,1,24.2399,0,69.2884,28
263.5,ue_n043_0003,gNB_4G_2,-47,gNB_5G,-57,0.45056,5,144.44,0,13.5007,19
263.5,ue_n042_0009,gNB_4G_2,-50,gNB_5G,-60,0.155648,0,-1,0,60.5356,28
263.5,ue_n042_0004,gNB_4G_2,-45,gNB_4G_1,-48,0.802816,2,35.8399,0,67.4028,28
263.5,ue_n001_0011,gNB_4G_1,-46,gNB_5G,-68,0.16384,0,-1,0,31.6462,28
263.5,ue_n042_0010,gNB_4G_2,-43,gNB_5G,-63,0.090112,0,-1,0,66.7165,28
263.5,ue_n043_0004,gNB_4G_2,-46,gNB_5G,-53,0.753664,9,17.2399,1,62.627,28
263.5,ue_n001_0010,gNB_4G_1,-47,gNB_4G_2,-55,0.8192,0,-1,0,21.6633,28
263.5,ue_n043_0005,gNB_4G_2,-45,gNB_5G,-53,0.483328,5,112.84,1,66.6698,28
263.5,ue_ujeongwon_0004,gNB_4G_2,-46,gNB_4G_1,-51,0.114688,1,70.8399,0,64.9538,28
263.5,ue_ujeongwon_0005,gNB_4G_2,-45,gNB_5G,-57,0.32768,3,26.8399,1,63.4773,28
263.5,ue_n001_0005,gNB_4G_2,-44,gNB_4G_1,-47,0.589824,1,5.83993,0,3.69261,8
263.5,ue_n043_0011,gNB_4G_2,0,,-140,0,0,-1,0,42.9264,28
263.5,car_north_peak_008_rider,gNB_4G_2,-42,gNB_4G_1,-53,0.344064,1,26.0399,0,38.2209,28
263.5,ue_n043_0006,gNB_4G_2,-44,gNB_5G,-63,0.589824,5,100.64,1,69.5927,28
263.5,ue_ujeongwon_0007,gNB_4G_1,-46,gNB_5G,-67,0.8192,0,-1,0,33.0403,28
263.5,ue_ujeongwon_0008,gNB_4G_1,-49,gNB_5G,-68,0.352256,0,-1,0,37.4441,28
263.5,ue_n043_0007,gNB_4G_2,-39,gNB_5G,-62,0.4096,7,95.6399,1,59.288,28
263.5,ue_ujeongwon_0009,gNB_4G_2,-44,gNB_4G_1,-48,0.581632,1,53.8399,0,66.9558,28
263.5,car_north_base_012_rider,gNB_4G_2,-47,gNB_4G_1,-54,0.344064,1,9.03993,0,20.3287,23
263.5,ue_ujeongwon_0010,gNB_4G_1,-43,gNB_4G_2,-84,0.688128,0,-1,0,31.8393,28
263.5,car_north_base_008_rider,gNB_4G_2,-50,gNB_5G,-62,0.172032,3,51.2399,1,48.0834,28
263.5,ue_n043_0008,gNB_4G_2,-43,gNB_5G,-53,0.745472,5,63.2399,0,65.4537,28
263.5,ue_n001_0008,gNB_4G_1,-45,gNB_4G_2,-51,0.303104,0,-1,0,19.8967,25
263.5,car_north_peak_010_rider,gNB_4G_2,-44,gNB_5G,-59,0.188416,1,22.2399,0,67.0029,28
263.5,car_north_peak_007,gNB_4G_2,-43,gNB_5G,-54,0.270336,1,29.2399,0,42.8532,28
263.5,ue_n043_0013,gNB_4G_2,-53,gNB_4G_1,-56,0.679936,3,14.6399,1,57.9882,28
263.5,ue_n001_0013,gNB_4G_1,-47,gNB_5G,-70,0.36864,0,-1,0,31.5904,28
263.5,car_north_base_013,gNB_4G_1,-41,gNB_4G_2,-70,0.303104,0,-1,0,33.0532,28
263.5,ue_n043_0014,gNB_4G_2,-55,gNB_5G,-68,0.483328,3,17.4399,1,58.3318,28
263.5,ue_n042_0012,gNB_4G_2,-53,gNB_5G,-68,0.630784,2,30.6399,1,57.9142,28
263.5,ue_ujeongwon_0011,gNB_4G_1,-40,gNB_4G_2,-90,0.311296,0,-1,0,55.621,28
263.5,ue_n001_0014,gNB_4G_1,-47,gNB_5G,-79,0.540672,0,-1,0,57.3113,28
263.5,car_north_base_014_rider,gNB_4G_1,-36,gNB_5G,-72,0.188416,0,-1,0,52.2202,28
263.5,ue_n001_0015,gNB_4G_1,-46,gNB_4G_2,-63,0.638976,0,-1,0,25.1955,28
263.5,ue_n042_0013,gNB_4G_2,-56,gNB_5G,-66,0.8192,2,23.2399,1,40.521,28
263.5,ue_n042_0014,gNB_4G_2,-54,gNB_5G,-64,0.679936,2,22.2399,1,40.4602,28
263.5,car_north_base_015_rider,gNB_4G_1,-40,gNB_5G,-68,0.36864,0,-1,0,77.8534,28
263.5,ue_ujeongwon_0012,gNB_4G_1,-45,gNB_4G_2,-89,0.262144,0,-1,0,49.7521,28
263.5,ue_n043_0015,gNB_4G_2,-55,gNB_4G_1,-66,0.253952,1,17.0399,0,53.6952,28
264.5,car_north_peak_006,gNB_5G,0,,-140,0,0,-1,0,-20.1977,0
264.5,ue_n001_0006,gNB_4G_1,-76,gNB_5G,-63,0,0,-1,0,29.9731,28
264.5,ue_n043_0012,gNB_4G_2,-54,gNB_4G_1,-56,0.188416,3,16.8399,1,60.4166,28
264.5,car_north_base_011,gNB_4G_2,-44,gNB_5G,-56,0.278528,1,20.0399,0,35.1783,28
264.5,ue_n042_0002,gNB_4G_2,-45,gNB_4G_1,-51,0.663552,2,90.0399,1,66.886,28
264.5,ue_ujeongwon_0001,gNB_4G_1,-48,gNB_4G_2,-58,0,0,-1,0,17.3795,21
264.5,ue_n043_0009,gNB_4G_2,-45,gNB_5G,-55,0.753664,5,70.8399,1,67.1797,28
264.5,ue_n043_0010,gNB_4G_2,-52,gNB_5G,-68,0.196608,5,54.8399,1,52.9478,28
264.5,car_north_base_016,gNB_4G_2,-54,gNB_4G_1,-49,0.262144,1,0.0399283,0,-30.0656,0
264.5,ue_n001_0009,gNB_4G_1,-49,gNB_4G_2,-52,0.53248,0,-1,0,17.3602,24
264.5,ue_n001_0001,gNB_4G_2,-46,gNB_5G,-63,0,3,88.6399,1,47.387,28
264.5,car_north_base_010,gNB_4G_2,-50,gNB_5G,-55,0.2048,1,36.4399,0,17.0657,19
264.5,ue_ujeongwon_0002,gNB_4G_1,-45,gNB_4G_2,-58,0.8192,0,-1,0,58.4984,28
264.5,ue_n001_0007,gNB_4G_1,-46,gNB_4G_2,-58,0.262144,0,-1,0,20.0698,27
264.5,ue_n001_0012,gNB_4G_1,-40,gNB_5G,-68,0.688128,0,-1,0,48.0793,28
264.5,ue_n042_0011,gNB_4G_2,-58,gNB_5G,-67,0.630784,2,39.6399,1,52.2059,28
264.5,ue_ujeongwon_0013,gNB_5G,-68,gNB_4G_1,-72,0.28672,1,0.0399284,0,42.2485,28
264.5,car_north_base_009,gNB_4G_2,-45,gNB_5G,-54,0.311296,3,41.4399,0,65.1238,28
264.5,car_north_peak_009,gNB_4G_2,-42,gNB_5G,-51,0.516096,1,25.2399,0,40.1805,28
264.5,ue_n043_0003,gNB_4G_2,-46,gNB_4G_1,-54,0.458752,5,145.44,0,9.63714,15
264.5,ue_n042_0009,gNB_4G_2,-40,gNB_5G,-60,0.155648,0,-1,0,67.2915,28
264.5,ue_n042_0004,gNB_4G_2,-45,gNB_4G_1,-48,0.811008,2,36.8399,0,10.0507,12
264.5,ue_n001_0011,gNB_4G_1,-44,gNB_5G,-66,0.172032,0,-1,0,31.7798,28
264.5,ue_n042_0010,gNB_4G_2,-42,gNB_5G,-63,0.090112,0,-1,0,68.2775,28
264.5,ue_n043_0004,gNB_4G_2,-46,gNB_5G,-54,0.720896,9,18.2399,1,63.8581,28
264.5,ue_n001_0010,gNB_4G_1,-47,gNB_4G_2,-54,0.8192,0,-1,0,67.9406,28
264.5,ue_n043_0005,gNB_4G_2,-45,gNB_5G,-53,0.483328,5,113.84,1,12.1168,19
264.5,ue_ujeongwon_0004,gNB_4G_2,-46,gNB_4G_1,-51,0.12288,1,71.8399,0,64.9538,28
264.5,ue_ujeongwon_0005,gNB_4G_2,-48,gNB_5G,-58,0.32768,3,27.8399,1,37.3684,28
264.5,ue_n001_0005,gNB_4G_2,-44,gNB_4G_1,-47,0.557056,1,6.83993,0,10.1444,14
264.5,ue_n043_0011,gNB_4G_2,0,,-140,0,0,-1,0,42.9264,28
264.5,car_north_peak_008_rider,gNB_4G_2,-43,gNB_5G,-62,0.335872,1,27.0399,0,19.1513,22
264.5,ue_n043_0006,gNB_4G_2,-41,gNB_5G,-61,0.581632,5,101.64,1,70.4873,28
264.5,ue_ujeongwon_0007,gNB_4G_1,-46,gNB_5G,-64,0.8192,0,-1,0,66.0968,28
264.5,ue_ujeongwon_0008,gNB_4G_1,-47,gNB_5G,-67,0.352256,0,-1,0,34.2133,28
264.5,ue_n043_0007,gNB_4G_2,-41,gNB_5G,-63,0.4096,7,96.6399,1,73.6709,28
264.5,ue_ujeongwon_0009,gNB_4G_2,-44,gNB_4G_1,-48,0.57344,1,54.8399,0,66.9558,28
264.5,car_north_base_012_rider,gNB_4G_2,-42,gNB_4G_1,-50,0.335872,1,10.0399,0,68.0741,28
264.5,ue_ujeongwon_0010,gNB_4G_1,-43,gNB_4G_2,-70,0.679936,0,-1,0,30.7234,28
264.5,car_north_base_008_rider,gNB_4G_2,-53,gNB_5G,-64,0.16384,3,52.2399,1,52.9648,28
264.5,ue_n043_0008,gNB_4G_2,-45,gNB_5G,-51,0.73728,5,64.2399,0,63.3736,21
264.5,ue_n001_0008,gNB_4G_1,-49,gNB_4G_2,-53,0.303104,0,-1,0,63.5653,28
264.5,car_north_peak_010_rider,gNB_4G_2,-44,gNB_5G,-52,0.180224,1,23.2399,0,7.35275,12
264.5,car_north_peak_007,gNB_4G_2,-42,gNB_5G,-54,0.262144,1,30.2399,0,66.0322,28
264.5,ue_n043_0013,gNB_4G_2,-53,gNB_4G_1,-56,0.548864,3,15.6399,1,56.4035,28
264.5,ue_n001_0013,gNB_4G_1,-46,gNB_5G,-69,0.376832,0,-1,0,35.196,28
264.5,car_north_base_013,gNB_4G_1,-40,gNB_4G_2,-72,0.303104,0,-1,0,27.2816,27
264.5,ue_n043_0014,gNB_4G_2,-53,gNB_5G,-67,0.483328,3,18.4399,1,53.8014,28
264.5,ue_n042_0012,gNB_4G_2,-49,gNB_5G,-68,0.630784,2,31.6399,1,48.7904,28
264.5,ue_ujeongwon_0011,gNB_4G_1,-42,gNB_4G_2,-90,0.319488,0,-1,0,55.15,28
264.5,ue_n001_0014,gNB_4G_1,-45,gNB_5G,-80,0.548864,0,-1,0,57.4012,28
264.5,car_north_base_014_rider,gNB_4G_1,-35,gNB_5G,-64,0.188416,0,-1,0,54.7099,28
264.5,ue_n001_0015,gNB_4G_1,-45,gNB_4G_2,-64,0.630784,0,-1,0,19.0143,25
264.5,ue_n042_0013,gNB_4G_2,-56,gNB_5G,-67,0.8192,2,24.2399,1,39.5795,28
264.5,ue_n042_0014,gNB_4G_2,-55,gNB_5G,-66,0.679936,2,23.2399,1,40.5776,28
264.5,car_north_base_015_rider,gNB_4G_1,-37,gNB_5G,-67,0.376832,0,-1,0,60.9277,28
264.5,ue_ujeongwon_0012,gNB_4G_1,-45,gNB_4G_2,-90,0.262144,0,-1,0,50.1744,28
264.5,ue_n043_0015,gNB_4G_2,-57,gNB_5G,-68,0.253952,1,18.0399,0,34.4349,28
265.5,car_north_peak_006,gNB_5G,0,,-140,0,0,-1,0,-20.1977,0
265.5,ue_n001_0006,gNB_4G_1,-76,gNB_5G,-63,0,0,-1,0,29.9731,28
265.5,ue_n043_0012,gNB_4G_2,-50,gNB_4G_1,-62,0.196608,3,17.8399,1,54.4557,28
265.5,car_north_base_011,gNB_4G_2,-42,gNB_5G,-56,0.28672,1,21.0399,0,66.748,28
265.5,ue_n042_0002,gNB_4G_2,-46,gNB_4G_1,-51,0.688128,2,91.0399,1,66.886,28
265.5,ue_ujeongwon_0001,gNB_4G_1,-48,gNB_4G_2,-58,0,0,-1,0,17.3795,21
265.5,ue_n043_0009,gNB_4G_2,-44,gNB_5G,-52,0.745472,5,71.8399,1,49.5335,28
265.5,ue_n043_0010,gNB_4G_2,-57,gNB_5G,-65,0.2048,5,55.8399,1,56.7719,28
265.5,car_north_base_016,gNB_4G_1,-44,gNB_5G,-57,0.540672,2,0.639928,1,39.7609,25
265.5,ue_n001_0009,gNB_4G_1,-49,gNB_4G_2,-54,0.581632,0,-1,0,64.6212,28
265.5,ue_n001_0001,gNB_4G_2,-46,gNB_5G,-63,0,3,89.6399,1,47.387,28
265.5,car_north_base_010,gNB_4G_2,-47,gNB_4G_1,-55,0.212992,1,37.4399,0,63.5522,28
265.5,ue_ujeongwon_0002,gNB_4G_1,-45,gNB_4G_2,-53,0.8192,0,-1,0,15.6846,21
265.5,ue_n001_0007,gNB_4G_1,-46,gNB_4G_2,-50,0.262144,0,-1,0,66.0495,28
265.5,ue_n001_0012,gNB_4G_1,-39,gNB_5G,-70,0.679936,0,-1,0,49.3122,28
265.5,ue_n042_0011,gNB_4G_2,-57,gNB_5G,-69,0.630784,2,40.6399,1,43.7236,28
265.5,ue_ujeongwon_0013,gNB_4G_1,-62,gNB_5G,-67,0.745472,2,0.439928,1,45.2506,28
265.5,car_north_base_009,gNB_4G_2,-46,gNB_5G,-53,0.319488,3,42.4399,0,64.9438,28
265.5,car_north_peak_009,gNB_4G_2,-44,gNB_5G,-57,0.516096,1,26.2399,0,39.2049,28
265.5,ue_n043_0003,gNB_4G_2,-48,gNB_4G_1,-53,0.458752,5,146.44,0,43.6805,28
265.5,ue_n042_0009,gNB_4G_2,-43,gNB_5G,-60,0.16384,0,-1,0,69.8633,28
265.5,ue_n042_0004,gNB_4G_2,-45,gNB_4G_1,-48,0.802816,2,37.8399,0,17.7597,21
265.5,ue_n001_0011,gNB_4G_1,-47,gNB_5G,-71,0.172032,0,-1,0,24.2055,27
265.5,ue_n042_0010,gNB_4G_2,-43,gNB_5G,-66,0.090112,0,-1,0,72.2633,28
265.5,ue_n043_0004,gNB_4G_2,-47,gNB_5G,-53,0.745472,9,19.2399,1,65.0931,28
265.5,ue_n001_0010,gNB_4G_1,-49,gNB_4G_2,-53,0.8192,0,-1,0,19.4909,24
265.5,ue_n043_0005,gNB_4G_2,-46,gNB_5G,-54,0.483328,5,114.84,1,64.3879,28
265.5,ue_ujeongwon_0004,gNB_4G_2,-46,gNB_4G_1,-51,0.114688,1,72.8399,0,63.193,28
265.5,ue_ujeongwon_0005,gNB_4G_2,-47,gNB_5G,-57,0.32768,3,28.8399,1,66.4064,28
265.5,ue_n001_0005,gNB_4G_2,-44,gNB_4G_1,-51,0.581632,1,7.83993,0,61.0081,28
265.5,ue_n043_0011,gNB_4G_2,0,,-140,0,0,-1,0,42.9264,28
265.5,car_north_peak_008_rider,gNB_4G_2,-44,gNB_5G,-53,0.344064,1,28.0399,0,16.8977,20
265.5,ue_n043_0006,gNB_4G_2,-44,gNB_5G,-57,0.589824,5,102.64,1,61.677,28
265.5,ue_ujeongwon_0007,gNB_4G_1,-52,gNB_5G,-63,0.8192,0,-1,0,60.123,28
265.5,ue_ujeongwon_0008,gNB_4G_1,-50,gNB_5G,-69,0.360448,0,-1,0,30.0881,28
265.5,ue_n043_0007,gNB_4G_2,-37,gNB_5G,-64,0.4096,7,97.6399,1,64.1804,28
265.5,ue_ujeongwon_0009,gNB_4G_2,-44,gNB_4G_1,-48,0.57344,1,55.8399,0,66.9558,28
265.5,car_north_base_012_rider,gNB_4G_2,-43,gNB_4G_1,-53,0.335872,1,11.0399,0,13.5152,14
265.5,ue_ujeongwon_0010,gNB_4G_1,-45,gNB_4G_2,-74,0.679936,0,-1,0,25.3425,28
265.5,car_north_base_008_rider,gNB_4G_2,-56,gNB_5G,-64,0.172032,3,53.2399,1,57.9577,28
265.5,ue_n043_0008,gNB_4G_2,-47,gNB_5G,-51,0.745472,5,65.2399,0,68.0853,23
265.5,ue_n001_0008,gNB_4G_1,-46,gNB_4G_2,-57,0.303104,0,-1,0,11.2753,17
265.5,car_north_peak_010_rider,gNB_4G_2,-45,gNB_5G,-52,0.188416,1,24.2399,0,34.9635,28
265.5,car_north_peak_007,gNB_4G_2,-45,gNB_5G,-51,0.262144,1,31.2399,0,24.9874,26
265.5,ue_n043_0013,gNB_4G_2,-54,gNB_4G_1,-56,0.6144,3,16.6399,1,60.1422,28
265.5,ue_n001_0013,gNB_4G_1,-48,gNB_5G,-69,0.36864,0,-1,0,34.3901,27
265.5,car_north_base_013,gNB_4G_1,-43,gNB_4G_2,-68,0.303104,0,-1,0,23.6744,25
265.5,ue_n043_0014,gNB_4G_2,-52,gNB_5G,-64,0.458752,3,19.4399,1,10.6357,14
265.5,ue_n042_0012,gNB_4G_2,-52,gNB_5G,-68,0.630784,2,32.6399,1,51.4826,28
265.5,ue_ujeongwon_0011,gNB_4G_1,-45,gNB_4G_2,-89,0.311296,0,-1,0,59.8301,28
265.5,ue_n001_0014,gNB_4G_1,-46,gNB_5G,-81,0.548864,0,-1,0,51.7549,28
265.5,car_north_base_014_rider,gNB_4G_1,-39,gNB_4G_2,-81,0.196608,0,-1,0,49.3418,28
265.5,ue_n001_0015,gNB_4G_1,-42,gNB_4G_2,-60,0.630784,0,-1,0,19.7061,28
265.5,ue_n042_0013,gNB_4G_2,-57,gNB_5G,-68,0.8192,2,25.2399,1,40.4519,28
265.5,ue_n042_0014,gNB_4G_2,-55,gNB_5G,-66,0.688128,2,24.2399,1,56.5435,28
265.5,car_north_base_015_rider,gNB_4G_1,-37,gNB_5G,-69,0.36864,0,-1,0,74.3315,28
265.5,ue_ujeongwon_0012,gNB_4G_1,-44,gNB_4G_2,-89,0.262144,0,-1,0,51.6504,28
265.5,ue_n043_0015,gNB_4G_2,-55,gNB_5G,-68,0.262144,1,19.0399,0,54.6678,28
266.5,car_north_peak_006,gNB_5G,0,,-140,0,0,-1,0,-20.1977,0
266.5,ue_n001_0006,gNB_4G_1,-76,gNB_5G,-63,0,0,-1,0,29.9731,28
266.5,ue_n043_0012,gNB_4G_2,-56,gNB_4G_1,-64,0.196608,3,18.8399,1,54.3053,28
266.5,car_north_base_011,gNB_4G_2,-44,gNB_5G,-54,0.278528,1,22.0399,0,66.6778,28
266.5,ue_n042_0002,gNB_4G_2,-46,gNB_4G_1,-51,0.679936,2,92.0399,1,66.886,28
266.5,ue_ujeongwon_0001,gNB_4G_1,-48,gNB_4G_2,-58,0,0,-1,0,17.3795,21
266.5,ue_n043_0009,gNB_4G_2,-44,gNB_5G,-52,0.745472,5,72.8399,1,37.2634,28
266.5,ue_n043_0010,gNB_4G_2,-54,gNB_5G,-65,0.196608,5,56.8399,1,52.9648,28
266.5,car_north_base_016,gNB_4G_1,-45,gNB_4G_2,-78,0.688128,2,1.63993,1,35.4491,28
266.5,ue_n001_0009,gNB_4G_1,-45,gNB_4G_2,-55,0.581632,0,-1,0,19.9727,25
266.5,ue_n001_0001,gNB_4G_2,-46,gNB_5G,-63,0,3,90.6399,1,47.387,28
266.5,car_north_base_010,gNB_4G_2,-47,gNB_5G,-54,0.212992,1,38.4399,0,63.3033,28
266.5,ue_ujeongwon_0002,gNB_4G_1,-42,gNB_4G_2,-52,0.8192,0,-1,0,13.5825,19
266.5,ue_n001_0007,gNB_4G_1,-46,gNB_4G_2,-53,0.270336,0,-1,0,22.2023,23
266.5,ue_n001_0012,gNB_4G_1,-39,gNB_5G,-70,0.679936,0,-1,0,54.7816,28
266.5,ue_n042_0011,gNB_4G_2,-56,gNB_5G,-67,0.622592,2,41.6399,1,45.4486,28
266.5,ue_ujeongwon_0013,gNB_4G_1,-61,gNB_5G,-68,0.73728,2,1.43993,1,48.1084,28
266.5,car_north_base_009,gNB_4G_2,-46,gNB_5G,-55,0.311296,3,43.4399,0,24.3788,28
266.5,car_north_peak_009,gNB_4G_2,-44,gNB_5G,-54,0.516096,1,27.2399,0,19.1601,24
266.5,ue_n043_0003,gNB_4G_2,-48,gNB_4G_1,-53,0.458752,5,147.44,0,60.305,28
266.5,ue_n042_0009,gNB_4G_2,-41,gNB_5G,-62,0.155648,0,-1,0,71.4169,28
266.5,ue_n042_0004,gNB_4G_2,-45,gNB_4G_1,-48,0.835584,2,38.8399,0,62.6317,28
266.5,ue_n001_0011,gNB_4G_1,-46,gNB_5G,-67,0.172032,0,-1,0,28.315,25
266.5,ue_n042_0010,gNB_4G_2,-41,gNB_5G,-65,0.08192,0,-1,0,53.6352,28
266.5,ue_n043_0004,gNB_4G_2,-45,gNB_5G,-53,0.73728,9,20.2399,1,64.375,28
266.5,ue_n001_0010,gNB_4G_1,-46,gNB_4G_2,-54,0.811008,0,-1,0,12.6066,16
266.5,ue_n043_0005,gNB_4G_2,-46,gNB_5G,-54,0.475136,5,115.84,1,13.3914,19
266.5,ue_ujeongwon_0004,gNB_4G_2,-46,gNB_4G_1,-51,0.12288,1,73.8399,0,17.0511,21
266.5,ue_ujeongwon_0005,gNB_4G_2,-44,gNB_5G,-56,0.32768,3,29.8399,1,19.3459,21
266.5,ue_n001_0005,gNB_4G_2,-44,gNB_4G_1,-47,0.565248,1,8.83993,0,15.4686,21
266.5,ue_n043_0011,gNB_4G_2,0,,-140,0,0,-1,0,42.9264,28
266.5,car_north_peak_008_rider,gNB_4G_2,-43,gNB_5G,-51,0.344064,1,29.0399,0,64.9115,28
266.5,ue_n043_0006,gNB_4G_2,-46,gNB_5G,-61,0.581632,5,103.64,1,65.8178,28
266.5,ue_ujeongwon_0007,gNB_4G_1,-46,gNB_5G,-66,0.8192,0,-1,0,65.9104,28
266.5,ue_ujeongwon_0008,gNB_4G_1,-51,gNB_5G,-66,0.352256,0,-1,0,36.0226,28
266.5,ue_n043_0007,gNB_4G_2,-38,gNB_5G,-61,0.4096,7,98.6399,1,67.7384,28
266.5,ue_ujeongwon_0009,gNB_4G_2,-44,gNB_4G_1,-48,0.598016,1,56.8399,0,66.9558,28
266.5,car_north_base_012_rider,gNB_4G_2,-45,gNB_4G_1,-51,0.344064,1,12.0399,0,9.2301,14
266.5,ue_ujeongwon_0010,gNB_4G_1,-44,gNB_4G_2,-68,0.688128,0,-1,0,29.8,28
266.5,car_north_base_008_rider,gNB_4G_2,-54,gNB_5G,-64,0.090112,3,54.2399,1,57.9577,28
266.5,ue_n043_0008,gNB_4G_2,-43,gNB_5G,-56,0.745472,5,66.2399,0,65.7313,28
266.5,ue_n001_0008,gNB_4G_1,-49,gNB_4G_2,-56,0.303104,0,-1,0,67.9154,28
266.5,car_north_peak_010_rider,gNB_4G_2,-43,gNB_5G,-57,0.188416,1,25.2399,0,44.7812,28
266.5,car_north_peak_007,gNB_4G_2,-47,gNB_5G,-50,0.262144,1,32.2399,0,65.4438,28
266.5,ue_n043_0013,gNB_4G_2,-52,gNB_4G_1,-63,0.630784,3,17.6399,1,55.771,28
266.5,ue_n001_0013,gNB_4G_1,-51,gNB_4G_2,-73,0.376832,0,-1,0,63.8049,28
266.5,car_north_base_013,gNB_4G_1,-42,gNB_4G_2,-66,0.303104,0,-1,0,21.7481,25
266.5,ue_n043_0014,gNB_4G_2,-55,gNB_4G_1,-59,0.466944,3,20.4399,1,54.8701,28
266.5,ue_n042_0012,gNB_4G_2,-56,gNB_5G,-69,0.630784,2,33.6399,1,51.0274,28
266.5,ue_ujeongwon_0011,gNB_4G_1,-38,gNB_4G_2,-89,0.319488,0,-1,0,72.6555,28
266.5,ue_n001_0014,gNB_4G_1,-53,gNB_5G,-80,0.540672,0,-1,0,62.9057,28
266.5,car_north_base_014_rider,gNB_4G_1,-39,gNB_5G,-82,0.188416,0,-1,0,45.4534,28
266.5,ue_n001_0015,gNB_4G_1,-43,gNB_4G_2,-59,0.622592,0,-1,0,23.4163,22
266.5,ue_n042_0013,gNB_4G_2,-56,gNB_5G,-69,0.8192,2,26.2399,1,33.5681,28
266.5,ue_n042_0014,gNB_4G_2,-57,gNB_5G,-68,0.679936,2,25.2399,1,56.2877,28
266.5,car_north_base_015_rider,gNB_4G_1,-36,gNB_5G,-66,0.36864,0,-1,0,47.5485,28
266.5,ue_ujeongwon_0012,gNB_4G_1,-45,gNB_4G_2,-89,0.270336,0,-1,0,53.3242,28
266.5,ue_n043_0015,gNB_4G_2,-54,gNB_5G,-68,0.253952,1,20.0399,0,12.6811,16
267.5,car_north_peak_006,gNB_5G,0,,-140,0,0,-1,0,-20.1977,0
267.5,ue_n001_0006,gNB_4G_1,-76,gNB_5G,-63,0,0,-1,0,29.9731,28
267.5,ue_n043_0012,gNB_4G_2,-56,gNB_4G_1,-63,0.196608,3,19.8399,1,31.5148,26
267.5,car_north_base_011,gNB_4G_2,-44,gNB_5G,-54,0.28672,1,23.0399,0,66.2261,28
267.5,ue_n042_0002,gNB_4G_2,-46,gNB_4G_1,-51,0.679936,2,93.0399,1,66.886,28
267.5,ue_ujeongwon_0001,gNB_4G_1,-48,gNB_4G_2,-58,0,0,-1,0,17.3795,21
267.5,ue_n043_0009,gNB_4G_2,-44,gNB_5G,-56,0.745472,5,73.8399,1,27.8911,28
267.5,ue_n043_0010,gNB_4G_2,-58,gNB_5G,-64,0.196608,5,57.8399,1,35.4415,28
267.5,car_north_base_016,gNB_4G_1,-46,gNB_4G_2,-78,0.671744,2,2.63993,1,26.6945,27
267.5,ue_n001_0009,gNB_4G_1,-44,gNB_4G_2,-53,0.589824,0,-1,0,12.6867,15
267.5,ue_n001_0001,gNB_4G_2,-46,gNB_5G,-63,0,3,91.6399,1,47.387,28
267.5,car_north_base_010,gNB_4G_2,-46,gNB_5G,-56,0.2048,1,39.4399,0,63.1023,28
267.5,ue_ujeongwon_0002,gNB_4G_1,-40,gNB_4G_2,-53,0.794624,0,-1,0,18.167,20
267.5,ue_n001_0007,gNB_4G_1,-45,gNB_4G_2,-52,0.262144,0,-1,0,17.9243,24
267.5,ue_n001_0012,gNB_4G_1,-39,gNB_5G,-70,0.688128,0,-1,0,54.6062,28
267.5,ue_n042_0011,gNB_4G_2,-53,gNB_5G,-67,0.630784,2,42.6399,1,55.8237,28
267.5,ue_ujeongwon_0013,gNB_4G_1,-58,gNB_5G,-68,0.745472,2,2.43993,1,49.1576,28
267.5,car_north_base_009,gNB_4G_2,-45,gNB_5G,-55,0.319488,3,44.4399,0,64.757,28
267.5,car_north_peak_009,gNB_4G_2,-43,gNB_5G,-54,0.507904,1,28.2399,0,20.5549,24
267.5,ue_n043_0003,gNB_4G_2,-50,gNB_4G_1,-53,0.45056,5,148.44,0,62.6616,28
267.5,ue_n042_0009,gNB_4G_2,-39,gNB_5G,-62,0.155648,0,-1,0,53.9905,28
267.5,ue_n042_0004,gNB_4G_2,-45,gNB_4G_1,-48,0.8192,2,39.8399,0,9.96502,13
267.5,ue_n001_0011,gNB_4G_1,-47,gNB_5G,-65,0.172032,0,-1,0,63.1417,28
267.5,ue_n042_0010,gNB_4G_2,-41,gNB_5G,-68,0.090112,0,-1,0,67.4901,28
267.5,ue_n043_0004,gNB_4G_2,-46,gNB_5G,-54,0.753664,9,21.2399,1,60.7099,28
267.5,ue_n001_0010,gNB_4G_1,-47,gNB_4G_2,-54,0.827392,0,-1,0,62.5301,28
267.5,ue_n043_0005,gNB_4G_2,-47,gNB_5G,-54,0.483328,5,116.84,1,66.3424,28
267.5,ue_ujeongwon_0004,gNB_4G_2,-46,gNB_4G_1,-51,0.114688,1,74.8399,0,60.1827,28
267.5,ue_ujeongwon_0005,gNB_4G_2,-44,gNB_5G,-56,0.32768,3,30.8399,1,61.5983,28
267.5,ue_n001_0005,gNB_4G_2,-44,gNB_4G_1,-47,0.57344,1,9.83993,0,67.0282,28
267.5,ue_n043_0011,gNB_4G_2,0,,-140,0,0,-1,0,42.9264,28
267.5,car_north_peak_008_rider,gNB_4G_2,-45,gNB_5G,-51,0.335872,1,30.0399,0,65.0952,28
267.5,ue_n043_0006,gNB_4G_2,-44,gNB_5G,-62,0.589824,5,104.64,1,66.3646,28
267.5,ue_ujeongwon_0007,gNB_4G_1,-45,gNB_4G_2,-68,0.8192,0,-1,0,65.8209,28
267.5,ue_ujeongwon_0008,gNB_4G_1,-46,gNB_5G,-64,0.360448,0,-1,0,64.4941,28
267.5,ue_n043_0007,gNB_4G_2,-43,gNB_5G,-64,0.4096,7,99.6399,1,54.7868,28
267.5,ue_ujeongwon_0009,gNB_4G_2,-44,gNB_4G_1,-48,0.581632,1,57.8399,0,66.9558,28
267.5,car_north_base_012_rider,gNB_4G_2,-43,gNB_4G_1,-53,0.344064,1,13.0399,0,10.1461,15
267.5,ue_ujeongwon_0010,gNB_4G_1,-46,gNB_4G_2,-70,0.679936,0,-1,0,33.5408,28
267.5,car_north_base_008_rider,gNB_4G_2,-56,gNB_5G,-65,0,3,55.2399,1,57.9577,28
267.5,ue_n043_0008,gNB_4G_2,-45,gNB_5G,-56,0.745472,5,67.2399,0,63.9809,28
267.5,ue_n001_0008,gNB_4G_1,-45,gNB_4G_2,-55,0.303104,0,-1,0,14.6093,16
267.5,car_north_peak_010_rider,gNB_4G_2,-41,gNB_5G,-60,0.180224,1,26.2399,0,68.2864,28
267.5,car_north_peak_007,gNB_4G_2,-45,gNB_5G,-53,0.270336,1,33.2399,0,32.4003,28
267.5,ue_n043_0013,gNB_4G_2,-56,gNB_4G_1,-63,0.622592,3,18.6399,1,15.5726,15
267.5,ue_n001_0013,gNB_4G_1,-50,gNB_5G,-69,0.36864,0,-1,0,31.8387,28
267.5,car_north_base_013,gNB_4G_1,-43,gNB_4G_2,-67,0.303104,0,-1,0,57.9517,28
267.5,ue_n043_0014,gNB_4G_2,-56,gNB_4G_1,-57,0.466944,3,21.4399,1,7.22132,12
267.5,ue_n042_0012,gNB_4G_2,-58,gNB_5G,-66,0.630784,2,34.6399,1,54.4412,28
267.5,ue_ujeongwon_0011,gNB_4G_1,-39,gNB_4G_2,-90,0.311296,0,-1,0,54.7107,28
267.5,ue_n001_0014,gNB_4G_1,-55,gNB_5G,-87,0.548864,0,-1,0,57.8251,28
267.5,car_north_base_014_rider,gNB_4G_1,-39,gNB_4G_2,-68,0.188416,0,-1,0,59.9265,28
267.5,ue_n001_0015,gNB_4G_1,-46,gNB_4G_2,-61,0.630784,0,-1,0,32.0307,25
267.5,ue_n042_0013,gNB_4G_2,-59,gNB_5G,-69,0.8192,2,27.2399,1,42.6578,28
267.5,ue_n042_0014,gNB_4G_2,-56,gNB_5G,-69,0.679936,2,26.2399,1,49.5993,28
267.5,car_north_base_015_rider,gNB_4G_1,-40,gNB_5G,-64,0.376832,0,-1,0,49.0692,28
267.5,ue_ujeongwon_0012,gNB_4G_1,-43,gNB_4G_2,-90,0.262144,0,-1,0,59.0053,28
267.5,ue_n043_0015,gNB_4G_2,-53,gNB_4G_1,-64,0.253952,1,21.0399,0,56.6787,28
268.5,car_north_peak_006,gNB_5G,0,,-140,0,0,-1,0,-20.1977,0
268.5,ue_n001_0006,gNB_4G_1,-76,gNB_5G,-63,0,0,-1,0,29.9731,28
268.5,ue_n043_0012,gNB_4G_2,-55,gNB_5G,-65,0.188416,3,20.8399,1,50.0061,28
268.5,car_north_base_011,gNB_4G_2,-44,gNB_5G,-53,0.278528,1,24.0399,0,65.6153,28
268.5,ue_n042_0002,gNB_4G_2,-46,gNB_4G_1,-51,0.688128,2,94.0399,1,66.886,28
268.5,ue_ujeongwon_0001,gNB_4G_1,-48,gNB_4G_2,-58,0,0,-1,0,17.3795,21
268.5,ue_n043_0009,gNB_4G_2,-45,gNB_5G,-57,0.745472,5,74.8399,1,64.0668,28
268.5,ue_n043_0010,gNB_4G_2,-57,gNB_5G,-64,0.2048,5,58.8399,1,43.6708,28
268.5,car_north_base_016,gNB_4G_1,-52,gNB_4G_2,-75,0.688128,2,3.63993,1,61.3106,19
268.5,ue_n001_0009,gNB_4G_1,-51,gNB_4G_2,-55,0.57344,0,-1,0,22.406,27
268.5,ue_n001_0001,gNB_4G_2,-46,gNB_5G,-63,0,3,92.6399,1,47.387,28
268.5,car_north_base_010,gNB_4G_2,-48,gNB_5G,-57,0.212992,1,40.4399,0,66.6304,28
268.5,ue_ujeongwon_0002,gNB_4G_1,-43,gNB_4G_2,-58,0.8192,0,-1,0,16.7861,21
268.5,ue_n001_0007,gNB_4G_1,-42,gNB_4G_2,-52,0.262144,0,-1,0,59.7442,28
268.5,ue_n001_0012,gNB_4G_1,-38,gNB_5G,-71,0.679936,0,-1,0,58.6983,28
268.5,ue_n042_0011,gNB_4G_2,-55,gNB_5G,-70,0.630784,2,43.6399,1,56.6363,28
268.5,ue_ujeongwon_0013,gNB_4G_1,-58,gNB_5G,-77,0.745472,2,3.43993,1,48.9378,28
268.5,car_north_base_009,gNB_4G_2,-46,gNB_4G_1,-54,0.311296,3,45.4399,0,62.9738,28
268.5,car_north_peak_009,gNB_4G_2,-43,gNB_5G,-56,0.516096,1,29.2399,0,29.8757,28
268.5,ue_n043_0003,gNB_4G_2,-49,gNB_5G,-56,0.458752,5,149.44,0,56.0728,28
268.5,ue_n042_0009,gNB_4G_2,-41,gNB_5G,-63,0.155648,0,-1,0,58.733,28
268.5,ue_n042_0004,gNB_4G_2,-45,gNB_4G_1,-48,0.8192,2,40.8399,0,67.4028,28
268.5,ue_n001_0011,gNB_4G_1,-47,gNB_5G,-66,0.16384,0,-1,0,42.4568,27
268.5,ue_n042_0010,gNB_4G_2,-43,gNB_5G,-68,0.090112,0,-1,0,67.6933,28
268.5,ue_n043_0004,gNB_4G_2,-50,gNB_5G,-54,0.745472,9,22.2399,1,58.8511,28
268.5,ue_n001_0010,gNB_4G_1,-44,gNB_4G_2,-58,0.8192,0,-1,0,17.6168,21
268.5,ue_n043_0005,gNB_4G_2,-46,gNB_5G,-53,0.483328,5,117.84,1,15.718,20
268.5,ue_ujeongwon_0004,gNB_4G_2,-46,gNB_4G_1,-51,0.12288,1,75.8399,0,64.9538,28
268.5,ue_ujeongwon_0005,gNB_4G_2,-45,gNB_4G_1,-49,0.294912,3,31.8399,1,62.5341,28
268.5,ue_n001_0005,gNB_4G_2,-44,gNB_4G_1,-47,0.581632,1,10.8399,0,64.018,28
268.5,ue_n043_0011,gNB_4G_2,0,,-140,0,0,-1,0,42.9264,28
268.5,car_north_peak_008_rider,gNB_4G_2,-45,gNB_5G,-53,0.344064,1,31.0399,0,33.4692,28
268.5,ue_n043_0006,gNB_4G_2,-42,gNB_5G,-63,0.581632,5,105.64,1,50.7451,28
268.5,ue_ujeongwon_0007,gNB_4G_1,-46,gNB_5G,-73,0.8192,0,-1,0,36.6731,28
268.5,ue_ujeongwon_0008,gNB_4G_1,-44,gNB_5G,-67,0.352256,0,-1,0,38.4186,28
268.5,ue_n043_0007,gNB_4G_2,-42,gNB_5G,-64,0.4096,7,100.64,1,68.7498,28
268.5,ue_ujeongwon_0009,gNB_4G_2,-44,gNB_4G_1,-48,0.581632,1,58.8399,0,8.76411,10
268.5,car_north_base_012_rider,gNB_4G_2,-44,gNB_4G_1,-51,0.344064,1,14.0399,0,69.269,28
268.5,ue_ujeongwon_0010,gNB_4G_1,-45,gNB_4G_2,-71,0.679936,0,-1,0,67.0885,28
268.5,car_north_base_008_rider,gNB_4G_2,-57,gNB_5G,-64,0,3,56.2399,1,57.9577,28
268.5,ue_n043_0008,gNB_4G_2,-46,gNB_5G,-53,0.745472,5,68.2399,0,17.2761,16
268.5,ue_n001_0008,gNB_4G_1,-45,gNB_4G_2,-54,0.303104,0,-1,0,17.5319,23
268.5,car_north_peak_010_rider,gNB_4G_2,-42,gNB_5G,-56,0.188416,1,27.2399,0,63.2994,28
268.5,car_north_peak_007,gNB_4G_2,-45,gNB_5G,-54,0.262144,1,34.2399,0,63.9496,28
268.5,ue_n043_0013,gNB_4G_2,-56,gNB_5G,-68,0.630784,3,19.6399,1,54.7391,28
268.5,ue_n001_0013,gNB_4G_1,-50,gNB_5G,-73,0.376832,0,-1,0,65.4115,28
268.5,car_north_base_013,gNB_4G_1,-46,gNB_5G,-61,0.311296,0,-1,0,25.0756,25
268.5,ue_n043_0014,gNB_4G_2,-54,gNB_4G_1,-58,0.483328,3,22.4399,1,56.6805,28
268.5,ue_n042_0012,gNB_4G_2,-57,gNB_5G,-67,0.630784,2,35.6399,1,37.4632,28
268.5,ue_ujeongwon_0011,gNB_4G_1,-38,gNB_4G_2,-90,0.319488,0,-1,0,48.9581,28
268.5,ue_n001_0014,gNB_4G_1,-47,gNB_5G,-78,0.548864,0,-1,0,62.0566,28
268.5,car_north_base_014_rider,gNB_4G_1,-41,gNB_4G_2,-90,0.188416,0,-1,0,70.4268,28
268.5,ue_n001_0015,gNB_4G_1,-43,gNB_4G_2,-63,0.630784,0,-1,0,28.3865,26
268.5,ue_n042_0013,gNB_4G_2,-55,gNB_5G,-69,0.8192,2,28.2399,1,53.595,28
268.5,ue_n042_0014,gNB_4G_2,-59,gNB_5G,-69,0.688128,2,27.2399,1,39.875,28
268.5,car_north_base_015_rider,gNB_4G_1,-39,gNB_5G,-65,0.36864,0,-1,0,60.9004,28
268.5,ue_ujeongwon_0012,gNB_4G_1,-35,gNB_4G_2,-90,0.262144,0,-1,0,58.6343,28
268.5,ue_n043_0015,gNB_4G_2,-54,gNB_4G_1,-61,0.262144,1,22.0399,0,49.8764,28
